material_id,formula,source_name,lambda_db,w_log_db,w_2_db,lambda,w_log,w_2,w_ratio,w_1,w_3,skew_a2f,kurt_a2f,frac_low,frac_high,n_peaks,peak_w,spectral_entropy,w_max,Tc_ME,Tc_AD,Tc_AD_nc,Tc_McM,Tc_ME_mu13,Tc_AD_mu13,capped,ad_error,ad_error_nc,ad_error_mu13,is_sc
0,Cs,Cs_mp_1,0.2004926698,2.0044189371,2.5015423079772208,0.2006497889049664,2.001151892519241,2.5005713198775052,1.2495659770880998,2.2606601261683306,2.7096071521136675,0.4863023251156766,2.136794510872181,0.3119059307025676,0.22115084492575743,5,4.2500409625,1.3240682338519179,4.7500369779,0.0,1.3845969999872222e-05,1.3770239988898051e-05,1.1396060680467352e-05,0.0,2.15953351237345e-09,False,,,,False
1,AuInPdY,Y1In1Pd1Au1_mp_1215995,2.3876743068,2.187429917,4.962727836936054,2.3888949155129646,2.1850088406331554,4.961465128115078,2.2706842351618963,3.2574721184215973,6.804321764674558,2.7399350381986722,11.319369984374642,0.8696887440240443,0.02592682474256814,13,20.7501951913,2.180268676462102,21.5502105851,5.7540574216318925,5.428915609969158,4.072902760752188,3.3706781468293974,5.285232277155311,4.9320506132174815,False,0.058165834010429865,0.34554929023628567,0.06916172116333395,True
2,Pd2SnY,Y1Sn1Pd2_mp_5538,2.1421948378,3.3776582062,5.795878355279724,2.1423727819045024,3.376926138137613,5.79563801717673,1.7162466041892894,4.382372303311898,7.3773418768925465,2.3506363069070817,9.563756642731086,0.8307202687860608,0.023793011227193645,13,1.8500219925,2.2828356551399924,22.9502375243,7.673626398513729,7.481052313240942,5.897930480916882,4.8810459152415575,7.077338809652252,6.805576808495151,False,0.02541584089863305,0.2631877831457537,0.039155567739598086,True
3,Hg3Tl,Tl1Hg3_mp_11474,0.8754686439,3.744005318,4.591384136042202,0.875500296971661,3.7436926930370555,4.591303698067322,1.2264104119995611,4.154189714992715,5.022123512676268,0.9813568733101645,3.2496184515649613,0.39560622801260364,0.10705503763047713,11,6.1500503114,1.602398577587697,9.7500923721,2.5184428061150705,2.554893387742562,2.422183301768575,2.0045654911188207,2.109293606529211,2.1082963350084394,False,-0.014369719432082676,0.03897145218952146,0.000472910621080566,True
4,AuLiSb,Li1Sb1Au1_mp_12564,1.15905622,3.9590864148,11.039219673083782,1.159089293057419,3.958777167052202,11.039062651981144,2.7885031630110895,6.721743178517173,15.092362847583216,2.364691299337314,7.986159755053527,0.7842638217714114,0.0625888610027979,5,35.3503400712,1.9330368440129653,37.45038048,3.9650615335168853,4.327514657860719,3.937319482585354,3.258471295932707,3.4746852958416126,3.769337320581265,False,-0.08747202106698271,0.007021216730169297,-0.0813952964071776,True
7,AgSe,Ag1Se1_mp_379,1.306372288,4.2338506348,8.127375762464782,1.3064095672395675,4.233537664504912,8.127261730299676,1.9197329454372796,5.665914111481603,10.585861467357553,2.160096177030266,5.907675216283251,0.8572089416107975,0.11931536641836028,7,3.3500236445,1.307597155563808,23.2502432969,5.119661555796757,5.457863191877939,4.858570710343799,4.02088610511211,4.594695581000472,4.822903333009482,False,-0.06396902187473176,0.05234403234624752,-0.048473594409879694,True
8,BiPb,Bi1Pb1_mp_1227326,2.1179792803,4.2819962085,5.175393041798855,2.1180397900869075,4.281651812044577,5.175320616349706,1.2087205694286438,4.738881109893361,5.5619079017417645,0.4578455552253988,2.0095290807663453,0.3498749865208426,0.22088055856849442,6,7.7500674933,1.7897333618711397,9.8500942963,9.166975864092183,8.942512469733186,7.423743947479474,6.143788094465771,8.439759145828232,8.20452503717272,False,0.02479085947892713,0.21092394100772277,0.028267935109050003,True
9,HgLa,La1Hg1_mp_734,1.0409253121,4.3600183113,6.723621723334827,1.0409530168754888,4.359685598261017,6.723532975182458,1.5422059283046299,5.577116559522058,7.610039346234662,0.5911847041271346,1.7685945110174697,0.48418764066226355,0.2968294651868203,3,11.7501036452,1.9793886369165499,12.0501094179,3.847405404188967,4.04783292239534,3.741804808291971,3.096666048241631,3.262756776169275,3.4667881788457926,False,-0.0507826568985543,0.027830936033526873,-0.060656093564106624,True
10,BiNa,Na1Bi1_mp_22924,1.4582344168,4.5123587613,5.635114658407582,1.4582352598088368,4.512350408163565,5.635113152969234,1.2488199371162336,4.967403033957497,6.586260834389357,3.059751302306776,16.066502020127118,0.8666806587579986,0.022512777295866634,7,3.5500274929,1.8004527780661697,21.8502163578,6.5525783758333125,6.520243792815354,5.808916799348317,4.807379420150332,6.002456728967882,5.846081888416221,False,0.004946850579007661,0.1204645011618386,0.026397166063622184,True
11,AgCdSb,Cd1Ag1Sb1_mp_542065,0.8471303397,4.6498611784,7.458162621195652,0.8471650680545993,4.649294716873554,7.458011439227777,1.6041167302560164,5.9197668489548425,8.868272500133939,1.3342282217317813,3.5928942956629206,0.7151573961542103,0.10189654115622135,6,3.2500353259,1.9309585488572063,19.4501701764,2.831313624808594,2.9975762865778584,2.8299419007164945,2.3420208833515814,2.3604675023210766,2.4475989784047294,False,-0.057063275328076535,0.00048460067303401016,-0.036247841596332694,True
12,La2Pd2Sb4,La2Sb4Pd2_mp_1078519,1.2700839184,4.8384421429,8.351028990070624,1.2701316667102276,4.83796046970867,8.350875389264477,1.7261148456153768,6.488484589929014,9.985488908575446,1.270061136725949,3.5906967734396367,0.6858325051971828,0.11023686603327951,23,2.1500141594,2.3285621429034613,21.8502163578,5.835296636940068,6.002825441450771,5.377990341040567,4.4507506270680555,5.140795899334732,5.289880514041686,False,-0.02830516332645572,0.08161034013642125,-0.028587746768946654,True
13,LiPb,Li1Pb1_mp_2314,1.4424422745,4.9244316651,8.816122818053296,1.4424423673872497,4.924412588700346,8.81612031885557,1.790288721762513,6.167685306854628,12.271936527410453,3.5172628511967097,14.276070864077049,0.943513878449212,0.05648612155078813,6,5.9500600686,2.0134907956273653,33.9503131321,6.969480470167927,7.1736249170411215,6.2717097071878305,5.1903804473278585,6.37231799172215,6.399758361895686,False,-0.028870410087411716,0.10549168595188384,-0.004296938357497247,True
14,PtSc,Sc1Pt1_mp_892,1.0778779057,4.936709735,9.497809150246177,1.0778800927958725,4.936677846015293,9.497799328262209,1.9239252842736108,6.535878790796108,12.787490559839133,2.6908305353372883,9.038235243470199,0.9047295153162938,0.07193756964298874,7,28.7502130723,2.105929594354408,34.4503227532,4.6282104197868446,4.854816941772982,4.453927700883656,3.6860091317657844,4.102914145063055,4.180546672225195,False,-0.04780112096324845,0.03838393867416637,-0.01874453249081829,True
15,Ba,Ba_mp_122,0.286137401,4.9678083664,5.600917116821138,0.2861422085153925,4.967550396065658,5.600868427036886,1.1274910127681486,5.29229191231411,5.89134771262543,0.4673676180439149,2.517789531410216,0.11983106069249523,0.24893986236139984,6,6.9500657052,1.911825658507149,10.0500845391,0.02169751087277038,0.017216777321748835,0.017062783906409078,0.014120924612200618,0.0,0.002088806639332184,False,0.23131321355921527,0.2402978356329839,,False
16,Bi2In2,In2Bi2_mp_23313,0.8924460785,5.0289824545,6.8191552867419,0.8924752152771198,5.028475115235771,6.819037417425922,1.3560845507149728,5.921347433188729,7.616064489609491,0.8010585172328892,2.460711513934839,0.49124024177902287,0.18157989139720204,16,12.550119039,2.332195453526297,14.1500681924,3.450267033569263,3.571184678869739,3.3675381010876806,2.7869280836587693,2.88641636094743,2.9598063342937952,False,-0.03444575448201992,0.02426968548998291,-0.02510811943361165,True
17,AlAu2Sc,Sc1Al1Au2_mp_10873,1.0914233355,5.1314333369,10.058480050643835,1.0914325743976523,5.131301238527061,10.058437472666094,1.9602118459046787,6.9402145794699495,13.30932743708116,2.3832007899437118,7.343219850526424,0.8911059512985646,0.10426954189595052,15,3.3500236445,1.9854907539901916,33.2502996625,4.854802452144825,5.143878769077705,4.710701567398487,3.8985116419849546,4.288603011177279,4.43848028268582,False,-0.0578390078685527,0.030131561672422306,-0.034350997691045666,True
18,CdTe,Cd1Te1_mp_2388,1.1885273807,5.2542627296,6.447284960547346,1.1885328171058949,5.254189509787139,6.44727161350348,1.2270725297391634,5.764691473523168,7.22492819388157,1.7206957570433132,4.69730381905897,0.7024621520609298,0.1258480506357874,5,4.3500428867,1.6803515242233311,15.8501009042,5.811745957188714,5.869151445416743,5.394155045675672,4.464128313662624,5.1781173686945685,5.144597727131381,False,-0.009829030837265496,0.07456506629812157,0.006494368790500134,True
19,Au4Bi2,Bi2Au4_mp_570113,0.661510309,5.4661493984,6.732479543474306,0.6615228063456199,5.465885745233828,6.732423525676279,1.231716841418951,6.0939209552405815,7.397765224280854,1.2302275907681421,6.52890005708689,0.6977181386831991,0.011593925182444488,5,6.5500580083,2.1103886282142414,23.4502471454,2.0235021737192627,1.9790803715561898,1.911329789245927,1.5817901704104222,1.601068903195226,1.4689783090873783,False,0.022197481568512877,0.057030535027929666,0.08610433937189062,True
20,CaHg2,Ca1Hg2_mp_11287,0.483510199,5.4832735648,8.868757591743051,0.48351499622819083,5.483117639939987,8.868714930755642,1.617458444836998,7.0419858225904175,10.521471044054008,1.2860681516012384,3.4340264302743932,0.7355741199908243,0.06455166290235194,8,5.0500427506,2.28237130390817,25.7502914026,0.6738931166179283,0.690962643595171,0.6748199916547627,0.5584717172315277,0.44423547513205786,0.4010001941854845,False,-0.02501424328747154,-0.0013744586258787233,0.10239285968368395,True
21,Pb,Pb_mp_20483,1.0468833183,5.6490791054,6.222195235582053,1.0468922315884936,5.64893184972875,6.222170248777535,1.1014773083297704,5.94707754164389,6.474428659551222,0.21801120719650452,2.176952509200133,0.04530565574637875,0.3442527279070339,5,5.4500504475,1.8302863274428232,9.9500826148,5.192443400765545,5.201888969420347,4.888712988823357,4.045831439026226,4.478973272598838,4.47439892067493,False,-0.0018174464541609525,0.06027530014322785,0.0010218166347098847,True
22,Cd2Te2,Cd2Te2_mp_1066480,0.6306701574,5.8776273282,7.188621128888348,0.6306747534265844,5.877499281020395,7.188597162929205,1.2230707005175832,6.4665257971508066,7.961223759230535,1.3858678028679918,3.636486303205874,0.5731845712043682,0.15837858199653093,6,4.7500369779,1.888760582012118,16.2501086011,1.8597662562986998,1.863491191388909,1.8044482042537777,1.493336444899678,1.4095004991187796,1.3476653299424937,False,-0.002000901836797532,0.03019597013821061,0.04486167557287178,True
23,AuY,Y1Au1_mp_11261,0.617504027,5.9051680804,8.906626975409939,0.6175045358667516,5.905150361643385,8.906623363876461,1.5082805379061974,7.2678598777448915,10.462791800629239,1.3449024667228444,3.478045592883677,0.7568954214796602,0.1461210512194937,10,16.1501066769,2.399254542913696,22.5502298274,1.6901152878911194,1.7664204689774723,1.7067568954848722,1.4124884652288598,1.2720064208908264,1.2607905866619458,False,-0.044158420700974824,-0.00979827313867243,0.008856538844527535,True
24,NaPb3,Na1Pb3_mp_20555,0.9247022533,5.9209653931,6.576569515507305,0.9247078661779644,5.920862910461141,6.5765522190786205,1.1107421871665006,6.233793327736713,7.0043468940055975,2.0952504637344123,13.78663298149538,0.41789150664194263,0.014290400713057524,7,6.1500503114,2.3733747869986614,18.1501451614,4.535001238651928,4.443402173461102,4.216732117848478,3.4897093389090847,3.9020728068627686,3.7220907280482987,False,0.02040501839422216,0.07276490829433327,0.04722236680675001,True
25,Au2InSc,Sc1In1Au2_mp_30395,0.6213100566,5.9490564813,9.863375233235326,0.6213193892729025,5.9487953794324495,9.863304342238287,1.6580338897417757,7.6302724771618475,12.098656368593621,1.771552107067605,5.136023913190394,0.7733439265075859,0.08759216254794083,10,25.1502798572,2.837170528484738,25.2502817815,1.7127577344941627,1.8133356632010706,1.7502495952130956,1.4484824236246308,1.2959508242055242,1.2989039597340943,False,-0.05706327532807677,-0.02165362187700885,-0.0022761480309628243,True
26,Au2InY,Y1In1Au2_mp_22493,0.6843443456,5.9638589539,8.355895111739974,0.6843520855012412,5.963674680938045,8.35585382550309,1.4011250231692336,7.025746889970851,9.747712023226542,1.6013017450403904,4.897186330827784,0.5912860851398741,0.07031093696118398,6,7.4500617206,2.2647318146309097,20.6501932671,2.2986128367326337,2.36728044107975,2.2757941078359605,1.883415813381484,1.8048835216932058,1.785889911036582,False,-0.02943597653297757,0.009976776638703048,0.010579218187377325,True
27,Bi3Sr,Sr1Bi3_mp_23159,0.8257150571,5.973770529,7.0957746177707754,0.825722432789206,5.97360960074951,7.095743343813472,1.1878485234326608,6.521545271174366,7.6769501796665285,1.0109871092829164,3.7274713330485607,0.32796640586621667,0.09933670180418219,9,7.6500655691,2.621089862690594,14.9500835862,3.6012406287681977,3.6290945496432983,3.460764542950767,2.864081001062704,2.977361976686817,2.9452294230147045,False,-0.007704776605795246,0.03978887436587136,0.010850949115048154,True
28,Cd2K2Sb2,K2Cd2Sb2_mp_1018652,0.6248561194,5.9872542158,7.668883989336388,0.6248646594046158,5.9869994239584345,7.668833126774746,1.2809142917378686,6.724160541083785,8.719603297916315,1.6885591664927568,4.807176652311966,0.6973430157897125,0.11084217601534406,8,5.9500464629,2.0373303510543903,19.0501624795,1.847460649848066,1.8499729727633478,1.7904496985636436,1.4817514746733604,1.4038924008802653,1.330424298808316,False,-0.0013589551880287126,0.03134525793040088,0.053750752099683136,True
29,Ba2Hg,Ba2Hg1_mp_8094,0.3610737046,6.0706590365,6.945609709291186,0.3610789523937806,6.070385337202198,6.945559768542898,1.14417114939594,6.537813157058327,7.293329107662933,0.05236134905182872,1.8121746283415519,0.08161282463277081,0.4035815550866572,10,9.7492488184,2.002264853152343,10.9492583034,0.1637301915661074,0.15804839796259376,0.15601039825966379,0.12911205373213555,0.06495376783654133,0.05369336691391994,False,0.03531859732229705,0.04829723912415449,0.19038628004474464,True
30,TeZn,Zn1Te1_mp_948,1.1830847509,6.0710747601,7.767311816922248,1.1830937352845712,6.07092313256554,7.767281711886522,1.279423498252087,6.838818422278261,8.718416369975598,1.2939057578776056,3.367506655383335,0.6661212485631471,0.13375790345567198,5,4.2500409625,2.019826110561702,18.4501509341,6.6551617242354535,6.759018096661884,6.197035219813189,5.128580871569536,5.901875676888661,5.9174965096549315,False,-0.015484874817530575,0.0713217653852926,-0.0026432608457934307,True
31,La4,La_mp_26,1.500508388,6.0722906933,6.845223528461288,1.5005545980496393,6.071639533925746,6.845111657388228,1.127390982145868,6.470369069297785,7.191017898795894,0.3684972589079152,2.3674550381439787,0.18259802829198002,0.17602532773452048,13,5.9500600686,2.024231464549253,13.0501150544,9.02896417335445,8.942048812430405,8.034650661659052,6.649366064821284,8.17057137987269,8.056126588402316,False,0.009672914785614124,0.11667413020077234,0.014105973915200257,True
32,IrMnSb,Mn1Sb1Ir1_mp_10154,1.2318158427,6.1489372857,10.879974923174226,1.2318273798711705,6.148752420289956,10.879926650989072,1.7694527128929365,8.368327340228872,12.998616208316786,1.179889105461205,3.1248758013686526,0.6390881504629095,0.13398499182304416,10,22.3502259789,2.602206427404366,27.8501957543,7.020362561152,7.326101189593437,6.5940877991839475,5.457176109669475,6.1600463598045225,6.432005070280398,False,-0.04262861306273457,0.06264140401970478,-0.04320201670681606,True
33,CoMnSb,Mn1Co1Sb1_mp_5318,1.3421932489,6.1521836682,11.96557568713265,1.342206214104559,6.152019374223358,11.965520651575547,1.9449744748383688,8.694840277504074,14.878552974099717,1.5729481976734745,4.30002176134235,0.7538356618623965,0.0995815687985418,10,4.7500369779,2.507455764846288,33.8503112078,7.888761449914892,8.211137817156462,7.27259607837502,6.018700202793119,6.996756114351145,7.275747087731727,False,-0.04005235770188842,0.08132582284910683,-0.03909987084563207,True
34,CaTl3,Ca1Tl3_mp_526,0.7832437364,6.2010223669,8.095014248832426,0.7832508566574237,6.200870412749207,8.094981234203075,1.3054588622848027,7.038461511680771,9.270711770297945,1.7281810341964936,5.252308094688541,0.4669530848053898,0.10698284628322913,9,17.6501355403,2.9411515486828286,18.0501432372,3.3140801969229416,3.382782645986168,3.2275814976416277,2.6711019290827265,2.7067736638161435,2.6966103527028986,False,-0.02051852069375062,0.026447023713184744,0.0037618363113208378,True
35,InLa3,La3In1_mp_20909,1.5420691716,6.276285443,7.194424436812162,1.542077490090322,6.276175406561828,7.194403463678662,1.14630375947696,6.744173129376858,7.614626491416945,0.495749176818768,2.6002233231776213,0.23637919850510647,0.20492310428178984,10,6.6500599325,2.0856945100986675,13.2501189029,9.612579244750084,9.545144523158555,8.519490372219812,7.050612721837087,8.705414352856305,8.615364235345146,False,0.007039980419500766,0.12071605513991855,0.010398023205982333,True
37,BaPtSb,Ba1Sb1Pt1_mp_8606,0.765716856,6.4165360745,8.406651152206805,0.7657225471067514,6.416392415316107,8.406621017164612,1.310178753577754,7.241530047072444,9.824933446257468,2.2169224508482874,7.892805544704967,0.7292179709696903,0.052426922371505376,8,4.9500408264,1.8479970796683944,23.5502490696,3.3165207151035148,3.33049603262322,3.1825324746708548,2.6338199790379484,2.727918463909366,2.633602882176159,False,-0.004204995607118006,0.04123900050180648,0.03518602505180275,True
38,MnPtSn,Mn1Sn1Pt1_mp_21418,0.7759563041,6.4240934922,11.204858674637535,0.7759573138746831,6.423980381057528,11.204845783047414,1.7442216691830636,8.698195827689315,13.226161822748132,1.0037807025170686,2.5450815245294947,0.6308853790284891,0.15777777826115366,8,3.2500353259,2.246442504055876,26.850176512,3.1431356714114447,3.4491521371971645,3.2782930140931534,2.7130700806288166,2.5368207100232136,2.7380734539778544,False,-0.09290752040776655,-0.0421019412986045,-0.0763429460634378,True
39,GaLa3,La3Ga1_mp_20487,1.7281409137,6.4834252853,7.545567365990446,1.7281498942144002,6.48329241956384,7.545543755203467,1.1638444276297335,7.0171858297892316,8.044293434110346,0.6110317209231497,2.527076691437329,0.2484839869431341,0.2540475469434014,11,4.050037114,2.0972444672774717,13.8500624197,11.22817878629792,11.117069162557154,9.707564577702401,8.033846547064057,10.239409812202227,10.11150397728449,False,0.009944892062078381,0.1455211466739606,0.012570199101177716,True
40,AuCdSb,Cd1Sb1Au1_mp_16246,0.5105201084,6.4943790852,9.412734395344426,0.5105276858606158,6.494073575194159,9.412665974043865,1.4494239809659757,7.970077008509241,10.571047933617164,0.6006980368683456,1.8115550290074227,0.5616214156766849,0.22541257023197392,9,4.050037114,2.213159877285525,18.4501509341,0.9485893604363171,1.0189099425623143,0.9936318362247133,0.8223160023928661,0.6190899041101476,0.6268276910062668,False,-0.07151265375530161,-0.04639075464394864,-0.012421184855405377,True
41,LiTl,Li1Tl1_mp_934,1.1019093986,6.5084909573,12.262085404815936,1.101913131681949,6.508427688448542,12.262065138388703,1.8840287893421606,8.516686407143636,16.186286322965604,2.380851458206772,6.770458807580792,0.8852045128335936,0.11479548716640647,6,5.3500485233,1.526666232499895,35.8503496924,6.233368136436842,6.618011796936913,6.053849357958222,5.01008222727577,5.52009041854614,5.719508714009893,False,-0.05987817348857297,0.029222491331923593,-0.03548867221765943,True
42,Au2Sn2,Sn2Au2_mp_1775,0.5979251433,6.556099093,8.857333158400445,0.5979296620297107,6.555895056644676,8.857282323648326,1.351040894815895,7.670100221086904,9.939576375835193,0.9119688100673824,2.64691327120969,0.6143334467705791,0.1013277724924087,10,12.850111206,2.397618906726257,21.950218282,1.733110566932351,1.7768429847547604,1.7219428151203051,1.4250561228581835,1.2814558086560286,1.2429732535496414,False,-0.02492037595323491,0.006464612537019952,0.030490487513061052,True
43,PbSe2Ta,Ta1Pb1Se2_mp_567736,1.0380963815,6.5883010429,9.685971311685782,1.038106350921666,6.5881569685457855,9.685987661686257,1.4702120347057033,7.8644520368124535,11.883936047483589,2.4214112904675886,9.081612860887548,0.8951744165555098,0.05994419413407746,6,7.8500694175,2.3246565588432686,34.8503304501,6.007343066488905,6.082426733904195,5.631797793189972,4.6607981736744595,5.285878637276969,5.208078514208577,False,-0.012421184855405377,0.0645538503423563,0.014827876158881145,True
44,AgAsMg,Mg1Ag1As1_mp_3477,0.3114290949,6.5934154192,12.064035315705935,0.3114306711356417,6.593231585940716,12.063924925762816,1.8297438469304954,9.094166066611551,14.577856084843754,1.268065135383846,3.325049353754939,0.6937846790445282,0.08162389786630349,8,17.8501393887,2.177810342498004,32.7502900414,0.06282050197191763,0.05328489875273857,0.05265697897046434,0.04357818949279807,0.021885345676688997,0.010472240174266135,False,0.16462851915419838,0.1764827008768078,0.7370893024164443,True
45,BaHg,Ba1Hg1_mp_2197,0.329850182,6.6118558908,7.59898782823081,0.32985220875595633,6.6117226644413964,7.598964749301711,1.1493169231325773,7.132965278144162,7.990717325092277,0.021977634886565664,1.4146915781463811,0.03623361684205963,0.48002207652966156,3,10.1500864633,1.831872984784547,10.7500980086,0.09068403899656377,0.08755258072596941,0.08656625894342582,0.07164104188421445,0.027403979897053447,0.022052397182383287,False,0.03514183038903767,0.04647124579740914,0.21726694282522455,True
46,Hg2Pt,Hg2Pt1_mp_11470,0.2985325259,6.6654197123,8.571625575257006,0.2985360599366949,6.665163190040387,8.571575545823077,1.2860263584590699,7.611051317219097,9.491608412001263,0.9676039872192504,3.656077096677372,0.4969275759560528,0.0726866722220307,10,4.050037114,2.448684713978482,20.9501990397,0.046772040177139027,0.03596363367102712,0.03559438104292166,0.02945741879414206,0.013156402088722907,0.0056700992166886606,False,0.2627773401976554,0.2730978027499057,0.8417018748830825,False
47,Hg2La,La1Hg2_mp_11463,0.723922854,6.7459244283,8.2556597635077,0.7239294708614219,6.745747930961951,8.255632102320085,1.2238275409651755,7.524180678267776,8.899996223635851,0.47084804179940587,2.3102288244477482,0.4058089273347247,0.15437263410092233,9,3.9470555406,2.2391988420367146,16.8471268916,3.0063860268820166,3.0695703905423195,2.949712691473845,2.441141537771458,2.3780676410972523,2.375638933081559,False,-0.02079891199722648,0.0190309289875361,0.0010218166347098847,True
48,InSb,In1Sb1_mp_10149,1.2928218754,6.7971890953,8.764312327267895,1.292828099217312,6.797086172987685,8.764292554636752,1.2894190733474804,7.8211426298003435,9.563517173818537,0.4725951171104242,1.9690252602711698,0.38581679407057146,0.2657122434530492,6,7.5500636448,2.5497734564550543,16.9501220707,8.497086056633808,8.517230262730049,7.709797528074654,6.380522092199714,7.524591127327287,7.540353891046057,False,-0.002367913600585744,0.09723136157422126,-0.002092642150613748,True
49,HgSr,Sr1Hg1_mp_542,0.561125459,6.7999818648,8.004229169720217,0.561133199481014,6.799955137390038,8.004291370214299,1.177109438002338,7.351227353414614,8.696097946046336,1.234263863449645,3.0521854779304394,0.10383130086850612,0.22744644919511595,3,6.1500503114,-11.65444346724402,14.2500701166,1.4848855370860998,1.4977522749215002,1.4591257196246485,1.207552319689364,1.03639044700145,1.001709082437682,False,-0.008627810992822846,0.017500255700854044,0.03403632856292072,True
50,AuTe3,Te3Au1_mp_1217358,0.5622004968,6.8812099919,8.722318587245022,0.5622743542517689,6.878214553396916,8.721746121024653,1.2680247255034056,7.856208623247634,9.494457215743134,0.6035960027303979,3.1316118894190947,0.4573889294346501,0.05425851227407351,10,8.2500771144,2.652785307904802,22.6502317516,1.524155770847663,1.5274887617676574,1.4859300286516632,1.2297351961255143,1.0925274955568174,1.0229285227346465,False,-0.00218439088148711,0.025399805741182037,0.06582420094980063,True
51,Pb3Y,Y1Pb3_mp_20291,0.7515738583,7.0061620774,8.261129682071333,0.7515778694856085,7.006036554200283,8.261109498443066,1.179141649423787,7.651415835230225,8.811702769840776,0.4484611023660898,2.237275290340901,0.2610008851615078,0.2256433675390721,10,8.4500809629,2.2072811762587703,15.5500951316,3.422512372227019,3.4752757290136493,3.3359881581811406,2.7608177860809446,2.7323085646158023,2.7307668413929704,False,-0.015298929206085886,0.025605958357345242,0.0005644158826965108,True
52,HgY,Y1Hg1_mp_2399,0.5671480994,7.0195096839,9.379920986436932,0.5671493646139167,7.019465889121576,9.379911925173129,1.3362714590165126,8.112626174236263,10.57078608611987,1.0322757205151976,2.46671584533802,0.5860909343092368,0.22858257781872812,7,15.6500970558,2.1175762142837744,19.1501644037,1.553912723348686,1.6057841378353408,1.5602900596540974,1.2912745321275287,1.1027181715168286,1.082289819066492,False,-0.0328361088876637,-0.0040956518662580346,0.018699197241396424,True
53,Ag2InLi,Li1In1Ag2_mp_567787,0.4089624981,7.0735265629,13.938960531994486,0.40896458647466305,7.073409272854173,13.938925436549253,1.9706092067997634,10.113346915300905,17.614004914641434,1.8566118730538996,5.840326612831011,0.7883845785488822,0.07972035378703804,8,37.7503862526,2.5341621582168132,38.7504054949,0.3834478907094924,0.3973568351022626,0.39012410670282166,0.3228613296850938,0.2156535894580307,0.17992913427103813,False,-0.0356309725823466,-0.017261177443711834,0.18111029291099573,True
54,MgTl,Mg1Tl1_mp_11498,0.5550626829,7.0754055584,10.743123972104204,0.5550692972846629,7.075122751202274,10.743060131384988,1.5184273841127947,8.76004365624234,12.513447412215278,1.1259945389010557,2.53634311326863,0.6977454163437872,0.2369166907977274,8,20.8501971155,2.1629584493124927,22.0502202062,1.4135458727106163,1.506923827799316,1.4637560987161717,1.2113843575582113,0.9890332093922597,0.9986177209042342,False,-0.06396902187473164,-0.03490445151789559,-0.009644133839774133,True
55,PtSbSr,Sr1Sb1Pt1_mp_8605,0.640883299,7.1087828875,9.1021594496471,0.6408856607163981,7.108695652006741,9.102143460218322,1.280423850703025,7.943487627184265,10.502732863236066,2.126565846867404,7.464835072127109,0.740231147397071,0.048299289136803626,2,5.3500485233,1.6031464733823824,25.050277933,2.3803230535398026,2.361263174703466,2.2823066877118343,1.88880553465807,1.8436189802048006,1.7229228897101232,False,0.00803949588919252,0.04204957857901842,0.06770827395827952,True
56,HgMg,Mg1Hg1_mp_1408,0.551607576,7.1339764272,10.719169993637566,0.5516085929990526,7.13391709027402,10.71915600221425,1.502562458544429,8.558955981368065,13.009411555388334,1.8809033743260903,4.805666214475525,0.847360034698067,0.15263996530193302,5,5.5500523717,1.9976569175678573,27.1501822847,1.468831987945749,1.486914737052049,1.44484871081066,1.1957368641191668,1.0550509719219932,0.9804435502726729,False,-0.012235807999175057,0.01646290125024199,0.07333928777091973,True
57,SrTl,Sr1Tl1_mp_2434,0.2327866849,7.1911435566,8.773440630374152,0.23278777220500718,7.190996865907053,8.773412225547716,1.2200550756937456,7.986709973920002,9.466376171534764,0.4789569287395661,1.5756187818647405,0.1560418054235811,0.37159777292442586,4,5.9500600686,2.279694924633352,14.1500681924,0.0,0.0013824147132249721,0.001372993351843931,0.0011362703601467017,0.0,1.652512498509143e-05,False,,,,False
58,Au2HfIn,Hf1In1Au2_mp_574025,0.4215590423,7.2311834934,8.926850868301766,0.42156146937302574,7.231047463639098,8.926826857428921,1.2345136582655487,8.03894042338733,9.824108289097413,1.1178338355834847,3.4989712212035338,0.40596420653088783,0.13773812972038654,13,6.1500503114,2.2886838501125037,18.850158631,0.4956399144440309,0.47730122304352435,0.4690969859638905,0.3882181952804611,0.27383198050160973,0.22833035617783978,False,0.03770189770158915,0.05504014396360412,0.18172119757796146,True
59,Bi4Cs2,Cs2Bi4_mp_23163,0.1031391647,7.2754747491,7.755679093509478,0.10313942450955073,7.2754135180075705,7.755671655422898,1.0660111121143323,7.532346286451637,7.952845485231418,-0.23908242543704367,2.3444890945287153,0.01687418311889032,0.5113102079658066,10,9.9500826148,1.609856280771587,10.6500960844,0.0,0.0,0.0,0.0,0.0,0.0,False,,,,False
60,Pd2ScSn,Sc1Sn1Pd2_mp_4897,0.7921670436,7.3105827778,9.809318833843664,0.7921687584313142,7.310523897615271,9.809312905827145,1.3418071048269182,8.36406833208472,11.553013753969951,2.2125888642279885,8.264444573569177,0.767568310337899,0.03935065184132822,13,7.2500714779,2.437822873311317,29.1502207692,4.06061565909512,4.08975868438823,3.8959829378076063,3.2242617416338812,3.3754655922081724,3.2723556315876206,False,-0.0071513646533456045,0.04138859593077754,0.03102316586192515,True
61,AlLa3,La3Al1_mp_10889,1.3713239012,7.3777535373,8.776931441825212,1.3713289844091698,7.3776617724855,8.77691542377226,1.1896608565745292,7.999729762975631,9.751655488915596,2.176432027928494,9.426776175610788,0.5363392823078563,0.040435717545456204,11,8.9500769783,2.2419480803173446,23.0502394485,9.912566331893244,9.869045911537494,8.92320802464968,7.384723882468702,8.964230300716562,8.80528480624351,False,0.004400095405385201,0.10514775272611226,0.017890159951589536,True
62,CaIn,Ca1In1_mp_20263,0.5663736844,7.4241954776,10.531834578182474,0.5663740652662572,7.424183096668913,10.531831080773198,1.4185845019768744,8.742347290331553,12.375330770748851,1.592159195207195,3.98074712562214,0.6902152967808194,0.16000394976386856,5,22.8502356,2.2023440241886147,24.150260615,1.6522325770146247,1.691859723554795,1.6428535891222362,1.3596029703080577,1.1889338671606078,1.1389684395526685,False,-0.02370090173938497,0.00569272713873844,0.042934020435023895,True
63,Pt2Sb2,Sb2Pt2_mp_2845,0.7814850682,7.4700692373,9.699840249406172,0.7814899208223105,7.469896143199786,9.69980686331254,1.2985196416877565,8.509896400248051,10.904406541144484,1.2606639149838559,3.797439841090935,0.6629569542452751,0.08608434294666945,15,11.1501057055,2.560520975181877,25.050277933,3.9963575070558752,4.0545752083352244,3.869762692073914,3.2025622279232393,3.281201810535023,3.229702795921108,False,-0.014462601564723215,0.03219013773063342,0.015819641582481822,True
64,BaCd,Ba1Cd1_mp_527,0.3021873092,7.5032887759,8.369322391191536,0.30218855953812807,7.503190690754616,8.369305996218786,1.115432932623103,7.9703162924334805,8.699799515226681,-0.22516160776543936,1.5744116970634228,0.021580741931573662,0.4812509509738468,4,10.8500999329,1.6208528149226091,11.4500978725,0.049074410313452804,0.04559056127101445,0.0451508580961382,0.03736622738990747,0.010553836453233635,0.0076889858833131776,False,0.07363701863859391,0.08332843892892096,0.31670053858596914,False
65,Au2InZr,Zr1In1Au2_mp_581707,0.4309328897,7.5279081367,10.203952023544604,0.4309359245775033,7.527760722883436,10.203917853264342,1.3555050736729355,8.75726899927404,11.612026813986517,1.2078514908001972,3.089351484452308,0.5628170292772868,0.18680517838456845,13,6.0500483871,2.488939611023709,21.6502125093,0.5620139733240306,0.5569068411897075,0.5465495803558327,0.4523168940875856,0.3200288773925224,0.2762785850936104,False,0.009128738217124765,0.02790168621656913,0.14700151064312317,True
66,Sr,Sr_mp_76,0.1219911253,7.5626622749,8.365026741744463,0.12199183965609212,7.562512125386028,8.36500248518916,1.1061142576035432,7.991401370706012,8.69441179168494,0.0253676672391715,2.2054343137292487,0.05943714972297707,0.354727522789533,6,12.1501113421,2.2234082201135505,13.5501246756,0.0,5.5236013351089e-34,5.510308692286687e-34,4.560255469478638e-34,0.0,0.0,False,,,,False
67,Au2Cd2,Cd2Au2_mp_1404,0.3468493689,7.6141746213,9.54502051741116,0.34685172159396077,7.614001158063447,9.544988652023596,1.2536100867170448,8.557266876222458,10.486034769747928,0.8911985914953042,2.6589747121337237,0.34846089531520924,0.19728067618326958,17,7.8500694175,2.5102800428342533,19.2501663279,0.1638896294085394,0.1489856121749714,0.14707651795623666,0.12171849761895448,0.0647305548457601,0.044824404505195835,False,0.09534347115357103,0.10824022818811724,0.36748060969314345,True
68,GaNi2Zr,Zr1Ga1Ni2_mp_22580,1.1416561861,7.67262465,10.729554126961661,1.141660442803319,7.672524134583961,10.729535962671543,1.3984362609311423,9.028791144905671,12.516189051669024,1.6144833288101084,5.1242316958364995,0.6909556340011532,0.07692902257584117,10,5.1500446748,2.5922502157748157,28.9502169208,7.980936763399974,8.16316813207093,7.4826028765150365,6.192498932288306,7.0489207401404474,7.103440862728836,False,-0.022576551635773552,0.06447508386966493,-0.007704776605795246,True
69,CaPb3,Ca1Pb3_mp_20549,0.4809589754,7.6999356306,9.141634557490253,0.4809597574510732,7.6998664307737394,9.141624507495486,1.187244556731469,8.34583729353834,10.048264964042803,1.6336089424113218,4.871029447020894,0.22249032012041825,0.12395973732661675,11,8.5500828871,3.51087355482978,19.2501663279,0.9731949738975866,0.9462383841869387,0.9268159256928054,0.7670200764354251,0.6179463098847781,0.546071159955352,False,0.0280899173364723,0.048829470447148283,0.12365227963325164,True
70,Bi2Pt2,Bi2Pt2_mp_1066078,0.5585727587,7.7291955889,9.189225292939552,0.5585754359949993,7.729079442786264,9.189205291539142,1.1889132929168749,8.448818527072685,9.925163223585258,0.9243241492745812,3.715421849547951,0.5035177711881416,0.05177677925396635,17,10.0450912457,2.505948811600402,22.0451860958,1.7002893431304038,1.6766248234512595,1.6333525635616806,1.35174005260277,1.2135860887663972,1.1173114074061867,False,0.014015699480858736,0.040163748432539226,0.082654415887326,True
71,Bi4Rb2,Rb2Bi4_mp_23253,0.0474483125,7.7682229007,8.471925665472993,0.04744869722967953,7.768144160298535,8.471909599452855,1.090596341240824,8.142076233957535,8.764735756871836,-0.023835388863681632,2.1872329563533643,0.03951585169570716,0.4405250690303992,10,6.2500522356,1.825234232651883,12.4501171148,0.0,0.0,0.0,0.0,0.0,0.0,False,,,,False
72,CaHg,Ca1Hg1_mp_11286,0.3654564931,7.7858118306,11.31807779251848,0.36545759039156717,7.7857611955947865,11.31806269708936,1.4536873675875344,9.362040986630255,13.115076324700073,1.1629601439247081,2.528858848133448,0.7461034664853983,0.25237757788444576,5,6.8500637809,1.867485131324938,23.0502394485,0.23100163331319287,0.22033712290873564,0.21710009552421072,0.1796690445717606,0.10370057239865138,0.0773622702021448,False,0.047266030797791056,0.06206626423155936,0.2930084383184244,True
73,LaTl3,La1Tl3_mp_2001,0.4731618765,7.8559212126,9.027339416843702,0.47316735855001824,7.855892845371309,9.027389172043662,1.1491232568634893,8.431247594867603,9.612879364844012,0.7655827153762105,2.441621804044938,0.11489490409902944,0.2175621970777471,6,6.450056084,2.305438872774623,15.0500855104,0.8988779588924126,0.8995230636285965,0.8819550073507585,0.7298937991868347,0.5424601832671476,0.5091031157181125,False,-0.0007174203704007165,0.019006230558531543,0.06346410688095581,True
74,HgSc,Sc1Hg1_mp_11471,0.4711673552,7.8687171462,12.211781777062674,0.47116795959273683,7.868682032810969,12.211770484541947,1.5519461116386573,9.78542787755228,14.410599131561188,1.253470352705072,2.8073460992418564,0.765098073965045,0.2297563211965647,9,6.5500580083,2.2055138155096965,26.850176512,0.8559746191893043,0.8870657765491271,0.8673218321718439,0.7177835852456639,0.5383473724945249,0.49915301496563746,False,-0.03567841053746361,-0.01316938472338392,0.07559133362198915,True
75,IrSr2,Sr2Ir1_mp_1062620,0.2774477352,7.8745000099,9.55748125738157,0.2774490473635145,7.874387479169175,9.557460838237915,1.213740225956765,8.695374930800796,10.392072512438782,0.8709078285851313,2.8026336689585714,0.41384042735267706,0.1485155432010271,6,5.1500446748,2.1977525718537194,19.3501682521,0.026098021785947154,0.019274701989765514,0.01910278537928107,0.01580920169319813,0.0,0.0018725240914561126,False,0.30306605945637966,0.3120253620180981,,False
76,LiSe2Zr,Li1Zr1Se2_JVASP_35970,1.0531747363,7.9020503672,11.721929408181914,1.0531865960549343,7.901742774413543,11.721863626218369,1.4834529496675941,9.542077266249118,14.112903611113634,1.9497070975219772,6.5205563749666045,0.8453702476431395,0.03287811597066258,9,8.8500750541,2.694205945102138,40.8503098466,7.352195303401674,7.46484687752695,6.897939919341168,5.708639933247863,6.4662932507721305,6.4081141141461995,False,-0.015205969364670405,0.06377614475319665,0.009038013325176805,True
77,HgLi,Li1Hg1_mp_2012,0.6125316239,7.9676025593,16.17092268691555,0.612533124716365,7.967532228668205,16.1709039259989,2.029600064598912,11.144868842735299,20.704843368977063,1.8036674524205991,4.319088371876154,0.8364075978575726,0.16359240214242737,7,6.9500657052,1.8138330164799519,40.3503002255,2.1520931841981668,2.3295000234472054,2.2491361061699164,1.8613540188992412,1.6322872475153192,1.6540685765800869,False,-0.07921271977065829,-0.044105247104809724,-0.013255806233066506,True
78,LaPb3,La1Pb3_mp_21432,0.573187584,7.9735772315,8.858330472137512,0.5731888193114737,7.973504155411292,8.858322793319294,1.1109698597582736,8.431704283734879,9.256325271740412,0.35213147654103916,2.5805568199755857,0.11837621561737117,0.2097325894300488,8,8.2500771144,2.2417518423745495,14.9500835862,1.8733733533922505,1.8821326683312312,1.8345398790683138,1.5182398999186046,1.3153288420365037,1.2794649339008848,False,-0.00466479391703039,0.0209470350675916,0.027644734210463665,True
79,Bi4K2,K2Bi4_mp_23279,0.0396160376,8.0662408662,9.177774709579658,0.039616198349570364,8.066146245251241,9.177761106457002,1.1378123861639873,8.646711097176437,9.651539113898814,0.2418874207949785,1.9614070700155868,0.0855488710300731,0.3753468182143476,8,13.1501169787,1.8871242776828983,14.0500662682,0.0,0.0,0.0,0.0,0.0,0.0,False,,,,False
80,La3Sn,La3Sn1_mp_1681,0.9248027288,8.1441160066,8.870228757963348,0.9248069564934444,8.144070581980994,8.87023173813352,1.0891643986680541,8.520202027358124,9.194394676142585,0.21038506982748784,2.3483962834017724,0.020024813251442442,0.3647987333875976,11,7.7500674933,1.9759707959526336,14.1500681924,6.093264926194625,6.10490911625095,5.801114225637586,4.800922117769037,5.127061739083363,5.115275749121855,False,-0.0019091699384944597,0.0491340437698141,0.0023014268329247605,True
81,Ag2InY,Y1In1Ag2_mp_569823,0.4044540052,8.1784333628,10.71424945241616,0.4044553814401515,8.178321664631948,10.714227487763447,1.310076556917332,9.407911328277104,11.941411830335914,0.9516039254406512,2.9049130940388546,0.4644102494907316,0.17481656247434602,4,9.4500865994,2.738755540234324,21.7502144336,0.4392369614667915,0.4313518372446975,0.42418688375696517,0.3510512141436954,0.2279126416835674,0.1912677724398693,False,0.018114958196113033,0.034864921297554495,0.17528800884356793,True
82,Cd,Cd1_mp_1096861,0.5696922932,8.2019978231,9.685816389427377,0.5696970022487013,8.201785601482086,9.68578304342031,1.1809358978696127,8.99969927990653,10.263227872206096,0.13104599996630528,1.882299925801176,0.15384403051496875,0.3291084187664815,7,13.9500643439,2.450725900318471,15.75009898,1.8441224957770386,1.9002879272196733,1.8500137773767493,1.5310458847255857,1.2786973091099445,1.2856221230969627,False,-0.0300018630249636,-0.0031895339849370057,-0.005400911238291302,True
83,InPd2Y,Y1In1Pd2_mp_568880,0.5189944321,8.2304063327,10.476546784069644,0.5189970638922068,8.23027557011377,10.476514840419773,1.272923944182704,9.293723936759768,11.676743998006899,1.2148807171951823,3.881126950923511,0.46964100102911804,0.12613567563782424,13,10.3500903117,2.921467982895221,22.6502317516,1.3649194141654095,1.3734489816632263,1.340343180867071,1.1092495289934379,0.91925625730505,0.8587814582649393,False,-0.006229691444119542,0.018169703354517768,0.06805045163737633,True
84,MnNiSb,Mn1Ni1Sb1_mp_22541,0.9668961477,8.2465960853,13.960830259203785,0.9668976538236389,8.246544902055078,13.960819636583004,1.6929295604882841,10.76719042896993,16.892267994547552,1.4548374064257763,3.8974265131593304,0.6724958431740587,0.10860047897964581,10,30.7502515568,2.3122701892273225,34.7503285259,6.359336384761644,6.79069736385282,6.321285888140256,5.231409010874695,5.434536062791944,5.72978579789142,False,-0.06562961095130147,0.006001379113169195,-0.052903991563088774,True
86,AuMg,Mg1Au1_mp_437,0.3950275557,8.2928843433,13.72695357672998,0.39502810197640587,8.292842026294702,13.726944166165397,1.6552762156375826,10.430537672622755,17.04171900513868,1.8612089213460439,4.6676773212009515,0.8441573913162561,0.15584260868374386,6,7.7500674933,2.086449177533924,35.0503342985,0.4083548740037037,0.3824555552449013,0.3759411696273249,0.31112372658813087,0.22127681860356987,0.16165333731666692,False,0.06552413450426527,0.0827039181904272,0.3139603412870547,True
87,FeGa2Se4,Ga2Fe1Se4_mp_1078053,0.5319871901,8.3124413527,12.699052917855724,0.5319892742782961,8.312335578754489,12.69903037024889,1.5277331202443705,10.046648168784944,15.718746854513576,2.2436236891165255,7.221209166449877,0.8574994867005641,0.09320487858122097,14,7.0383803297,2.7253782329258978,37.638683423,1.5349721490331227,1.5233729803745701,1.4824824633452287,1.226882038630534,1.0938624864751874,0.9740793792192115,False,0.0075852945187797755,0.03479421421187277,0.11597747866756229,True
88,Au2La2,La2Au2_mp_1002136,0.396509546,8.3263443513,9.825142693808573,0.3965117977036947,8.326128394771143,9.825097457506004,1.180031941817787,9.135846075841718,10.396917506079845,0.0670448610790293,1.8551220193430562,0.16860859420716748,0.3868140338057221,18,14.7481749392,2.472271355478507,15.6480562002,0.39077093438760024,0.3917153164065246,0.3857580568685284,0.3192480470636097,0.1852809749043902,0.16693117914949293,False,-0.0024137995434349835,0.012911165485884973,0.10429182958185508,True
89,Ga2Y,Y1Ga2_JVASP_20237,0.7873488259,8.3407967046,12.21909282359783,0.7873591396702235,8.34041560920535,12.219013191024304,1.4650364878146038,10.172534463474609,14.32101373035574,1.5668301821409878,5.8209254015881235,0.7029789038593914,0.03856396218481397,13,9.0500789025,2.9521752155814482,35.3503400712,4.482980552134346,4.613857648203849,4.3889918653042415,3.6322691299069585,3.687155291349615,3.682715982227971,False,-0.028776180103361203,0.021188569751135488,0.0012047183712623028,True
90,S2Ta,Ta1S2_mp_1690,1.3050737164,8.3417306888,15.185392875839597,1.3050798245146031,8.341599553425786,15.185364404532029,1.8204379516510834,10.988900109695015,19.414969006710205,2.0590314655144315,5.726190504949946,0.860424015272803,0.11596055509028855,12,6.9500657052,2.65727813389835,47.4504368455,10.222608507820045,10.733435941626393,9.562284719445923,7.913614940231109,9.176078862017224,9.485079167539327,False,-0.048761935808090434,0.06677510190721074,-0.03311997578753573,True
91,AuTe2,Te2Au1_mp_567525,0.8382082534,8.3909442236,9.538303903849991,0.8382093618519171,8.390902099163819,9.53829747410137,1.1367427913444363,8.936882510354323,10.16744668235436,1.0640579324804198,3.2766604529023273,0.13725486439451587,0.16236488467754306,11,16.5491619745,2.199504442377776,17.9491889137,5.220595313210861,5.243076154265376,5.0048501319548455,4.1419449367902175,4.320501455563907,4.276196985453994,False,-0.004296938357497247,0.042203971414859896,0.010307413401939768,True
92,Ca2Ga2,Ca2Ga2_JVASP_15694,0.5166466431,8.4067470062,12.257398652862685,0.5166480392489643,8.40668552483551,12.257386026885346,1.4580521646341924,10.303919326772112,13.916792463198332,0.8169285330074092,2.3435444379055035,0.5893901831002839,0.1582794740186476,20,17.8501393887,2.711098939202355,27.5501899816,1.3103769509679442,1.3809011860398976,1.3459351136487918,1.113877335433483,0.8780474374941811,0.859464353555758,False,-0.052421474746058475,-0.026774178609936358,0.021391270715647746,True
93,CaTl,Ca1Tl1_mp_2861,0.2893103628,8.437008224,11.83309301090801,0.2893116454577046,8.436880221989663,11.833067040603108,1.4025405990429631,10.06845951608939,13.336533625055916,0.7659723111808119,1.730281700795147,0.6644309874087277,0.31524152765023694,3,6.6500599325,2.980568655687569,20.6501932671,0.03806067512852383,0.03295909626351662,0.03262702329608886,0.027001674451935614,0.0,0.004298809031883422,False,0.14391431476663494,0.1540407197843152,,False
94,CdSr,Sr1Cd1_mp_30496,0.3515579708,8.4378064518,9.901224358507386,0.3515595462928989,8.437738696691037,9.901230524035514,1.1734459764579346,9.197560033144228,10.504261619581303,0.20584297196476614,1.4518528792333163,0.07844284554245526,0.4054004294642689,3,13.8500624197,1.8642815728601774,14.2500701166,0.1843037003929635,0.18209201153219043,0.17979820257547466,0.1487985124762549,0.0669025306905309,0.05717353759825048,False,0.012072825374864435,0.024749817381324573,0.15714563244028756,True
95,CdSe2Tl,Tl1Cd1Se2_mp_998946,0.5790462638,8.4970314154,10.099306315831797,0.5790495261613764,8.4968658053668,10.099278706935134,1.1885887029728321,9.324888569008817,10.806912742919534,0.5229615313725284,2.516476659116738,0.24829273198724341,0.18210817637695298,15,10.450092236,2.565047650612649,19.1501644037,2.0465543115440505,2.076367882364748,2.0197797419926835,1.671541855442221,1.4569246581897692,1.421504181975684,False,-0.014462601564723215,0.013169088493863309,0.024612221592333516,True
96,Bi2Cu2,Cu2Bi2_mp_569792,0.5155306967,8.4984070084,10.059882412548369,0.5155336105486557,8.49831866945228,10.059868272379633,1.183748064018879,9.240547199588041,10.933877781459826,1.2681317417167195,4.536955374430958,0.5415883242881847,0.0696901265822375,7,9.9500826148,2.4165700637228493,25.3502837057,1.4295732955590466,1.3810013929299048,1.3495555690872185,1.1168735744170082,0.9754769289094226,0.8581630446742455,False,0.034567121964056396,0.057600674863382335,0.12813239906231463,True
97,InLiSn,Li1In1Sn1_mp_568466,0.2700571186,8.5074072608,14.199499500859176,0.27005891342189503,8.507067985192464,14.199448562441416,1.6691354279943689,11.408118855400698,16.432560637583737,0.8376788956766088,2.632878241635658,0.5091689667029955,0.10806967151572694,7,4.5500467352,3.128947268002375,31.6502688749,0.01904054254102429,0.015055996572979822,0.014915448868106989,0.012343819752916126,0.0,0.0011732766639559462,False,0.2347941685341852,0.24417301116583362,,False
98,AlPd2Sc,Sc1Al1Pd2_JVASP_17428,0.6322305556,8.5476328557,13.055535277919477,0.6322338523403994,8.547493717712278,13.055504789707594,1.5274073571594127,10.498260092553032,15.789746002661845,1.8879945109426688,5.918459484691807,0.8277956846402877,0.09239160920646908,13,12.5501054333,2.7731506531526673,38.6504035707,2.667564572286533,2.738732502144192,2.6424487059666397,2.1868541014896326,2.0541788048892533,1.9821060698364537,False,-0.026329311970146128,0.009459883545973631,0.03571620871394741,True
99,AlNi2Ta,Ta1Al1Ni2_JVASP_15657,0.955209213,8.5748105427,11.56773455051161,0.9552105658952158,8.574772488241807,11.567725676143437,1.349041702506478,9.862116249108034,13.598515456612027,2.145110288689893,9.327440604029443,0.778483410271686,0.01600052560124878,4,9.0500789025,2.45018588866543,39.8502906043,6.82641347464239,6.87794347719523,6.445040176693479,5.333826353125638,5.930597071285452,5.794177159226634,False,-0.007520271923465761,0.057488551991132626,0.023271419293854123,True
100,AuIn2,In2Au1_mp_22154,0.437613968,8.5964610878,10.905928938366506,0.43761642993366734,8.596303528538526,10.905901388829353,1.2686733725284693,9.824258576594762,11.777079770780292,0.22999883113251407,1.6697506471496715,0.3498035182773734,0.31826826492257665,8,16.7501182223,2.5434362311828806,18.7501567068,0.6629102114562772,0.6863375980347016,0.6736501254163867,0.5575035520687338,0.3662802041334352,0.3488524844948236,False,-0.0347300787399534,-0.016071321029291603,0.048749473237400594,True
101,InPd,In1Pd1_mp_21215,0.5637942762,8.6570159955,10.347392651721496,0.5637954680968051,8.656946130557628,10.347381172054016,1.1952692111054526,9.45462238504033,11.284871951157909,1.2179973335118088,3.8040387710695907,0.32973051991124686,0.14273767340493154,6,7.8500694175,2.453611250348914,21.8502163578,1.9427788699149546,1.9379588124438192,1.8870269581726913,1.5616774826256756,1.3796332437168002,1.3007760759070655,False,0.0024840946975886904,0.02911680278695138,0.058856630612700855,True
102,AgGaSc2,Sc2Ga1Ag1_JVASP_41866,0.3516293937,8.6599471298,14.226452495784043,0.35163148167048036,8.659787975344397,14.226414186817582,1.6428132221391716,11.304328244205042,16.65863382289362,1.0062122117186036,2.4550852978657924,0.6380624523595667,0.21785696456600293,7,27.1501822847,2.554695529957693,29.950236163,0.18918206534198645,0.18745442749096497,0.1848013731580194,0.15293906744111951,0.07915797596259586,0.058876170245649666,False,0.009174097576658826,0.023428270374603394,0.29600912254313744,True
103,BiLi,Li1Bi1_mp_22902,0.4777047443,8.6833957803,12.842535188579395,0.477706311264153,8.683285221594888,12.842513515110847,1.4789924766230378,10.39190402383646,15.4728591091989,1.8783234504315365,5.131932131908279,0.85092702726174,0.1443463860114868,8,9.3500846752,2.336385336949805,32.7502900414,1.0514202239888941,1.0389438927572061,1.0155822872196998,0.8404818928714758,0.6841777589972579,0.594522250542228,False,0.011937135050129997,0.034679714521961,0.14045962268284926,True
104,InNbSe2,Nb1In1Se2_mp_1018116,0.342919061,8.6926890906,13.950495579731209,0.3429215669282715,8.692468483828273,13.950438004974146,1.604887959148538,11.063235645182932,16.673775704064642,1.4412115087249355,3.957432470911456,0.7013324256783112,0.10050099476876616,9,5.8494186763,3.3388563374293945,37.8497078917,0.1763487419517536,0.1563557437165177,0.15423592659675356,0.1276435254593823,0.07556617633004145,0.04529768158171371,False,0.12032970333819139,0.1339801018410298,0.5117529280614346,True
105,TlY,Y1Tl1_mp_11575,0.3038716979,8.8090223044,11.080755451985212,0.3038726654672722,8.808921603411797,11.080737992256031,1.257899489985736,9.954494349924994,12.07114708013449,0.5638514448823795,1.9062215241572948,0.36617712572870076,0.27676149598719696,6,7.8500694175,2.5968421442772667,20.6501932671,0.06563554615962616,0.05651528212525306,0.05592459894664851,0.04628242671446773,0.017318886266218005,0.009817018292695613,False,0.14960632971293758,0.16011307530605443,0.5676801576527318,True
106,Se2V,V1Se2_mp_694,1.24957449,8.8215219271,13.7736687854943,1.24959280990693,8.821060672713381,13.77356774582734,1.5614412208311628,11.165837531583385,16.256905319150558,1.3839765319078587,4.438548135990716,0.7903298295587995,0.03866987432608014,13,21.6502125093,3.1177179205841696,44.9503887399,10.635466444484667,10.682246914217036,9.621638878389327,7.962735623494615,9.4594835736115,9.400814549703592,False,-0.004388889562122814,0.10017969532171056,0.006221451300859992,True
107,BaZn,Ba1Zn1_mp_902,0.4016154071,8.8305823628,9.55016957746301,0.401616303507326,8.830517094527606,9.550160828002575,1.081495084123776,9.219948637386002,9.829121190128046,-0.3626508057265485,1.861954803929573,0.0185766808324473,0.48535348288855884,2,7.9500713417,1.7805950030798403,13.3501208271,0.45016778002777735,0.44666458186071795,0.4402120518184718,0.36431342219459734,0.21201806110576465,0.19540439405731275,False,0.007812420991346206,0.022363811011749304,0.08160023808345089,True
108,CaCd,Ca1Cd1_mp_1073,0.3290177386,8.8770567126,11.92866247633405,0.3290180010412611,8.87702809833571,11.928657368775623,1.3437669946107347,10.293377112079103,13.44234032046437,0.9869539384227987,2.250920997111305,0.5069239216833444,0.2614120365444679,7,5.5500523717,2.4627412072647794,22.6502317516,0.12731270741498535,0.1152553540881379,0.11385415219820466,0.0942241259571349,0.043966680177737055,0.028740428025536384,False,0.09949618607184423,0.11172806054190713,0.4251273047927933,True
109,LaMg,La1Mg1_mp_1104,0.488286942,8.9849677058,12.20454534163809,0.48828818110632727,8.984883868252737,12.204529701021118,1.3583402835227179,10.429776448347411,13.975962227445688,1.3292811758424685,3.2398687243715174,0.5062325244317759,0.18530305683684928,4,22.1502221305,4.490101223565364,25.2502817815,1.1607128071352317,1.1783879065018592,1.1517363523952802,0.95316111922368,0.7446024199037635,0.6917128182745268,False,-0.015113018163983468,0.007763629993861517,0.07367954438439558,True
110,In2LiPt,Li1In2Pt1_mp_20265,0.4167645363,9.0017897644,14.178211739323828,0.4167661124140763,9.00167062601282,14.178187439451422,1.575061788917229,11.234386532330614,17.39618706251679,2.048283257235125,7.180645887006853,0.6945514066008476,0.06359379573212726,15,38.8504074191,2.6488754280753173,40.4503021497,0.5823450022139763,0.5601315339413686,0.5498275220503535,0.4550296734209821,0.3365352597641206,0.2625741080992119,False,0.03889142122479619,0.057458426638843506,0.248169568684884,True
111,Ga2Pt,Ga2Pt1_mp_22095,0.6633812738,9.0293456932,12.969973085993663,0.6633840289861225,9.029210934546699,12.969946028313746,1.436442909832728,10.955597798301298,14.673651042051041,0.7786897348373691,2.0243248983026527,0.5923411679190322,0.27264807098835947,10,24.3502644634,2.6629702820278793,25.6502894784,3.0958899007729936,3.3036268100147996,3.1807890515183703,2.6323771460841687,2.352969033380736,2.4542690482666187,False,-0.06494550498593021,-0.027053902092050625,-0.042151027725078366,True
112,LaTe,La1Te1_mp_1560,0.3614549157,9.0741300035,10.452422936195225,0.36145522430842814,9.074101344488925,10.452418430983727,1.1518957122218951,9.729307203804856,11.194532667350646,1.0034644942829822,2.9095378485394985,0.1583015374087352,0.18087049836178365,4,7.0500676294,2.2897712575743414,19.5501721006,0.260720215414236,0.23796111689303337,0.23487274513186107,0.1943774442470574,0.10992828311250388,0.08107792340484667,False,0.091340574831836,0.10440400335980118,0.3044174718878308,True
113,Ag2CdMg,Mg1Cd1Ag2_mp_30727,0.2851337064,9.0855160298,13.678315557900396,0.2851343336116378,9.085441912004834,13.678300512166624,1.5055184596021824,11.325935884533072,15.789951691398562,1.0760093909547694,3.0793904904131493,0.5016842470608953,0.13789374213764838,8,27.5501899816,3.1965698168886982,28.150201527,0.036712668134551596,0.03032978795464367,0.03002599974623728,0.024849103238265335,0.0,0.0035918224003825385,False,0.19099154587579228,0.20105821173863783,,False
114,InTe,In1Te1_mp_2597,0.5441404324,9.198028722,10.106010382183465,0.5441412432508208,9.197979939386347,10.106003384000102,1.0987198766030724,9.686465827514276,10.46105974995698,-0.22420928905582194,1.9007861777946689,0.04881108307896611,0.4189319886523985,6,12.4501171148,2.2554477877406267,15.5500951316,1.8005509235303032,1.8193451228739568,1.777256936723687,1.470833326943741,1.2084492099518647,1.1873424299996311,False,-0.010383927039675347,0.013021557814982657,0.017620335335951802,True
115,Bi4La2Li2,Li2La2Bi4_mp_1095149,0.2686622817,9.2640889307,14.11043012172556,0.26868333715156856,9.26146373699205,14.109875826925423,1.5235038680298332,11.260593588725625,17.558103718057893,2.5106803919298355,9.161010831712773,0.9195569434835673,0.06791241386130742,17,14.3500720408,4.9161944979483625,43.8503675734,0.026383132692660287,0.015376396059922671,0.015235849660489433,0.012608979029370566,0.0,0.0011458608651810558,False,0.5398912825876441,0.5490737116229457,,False
116,GaHfNi2,Hf1Ga1Ni2_mp_3498,0.7541295358,9.3089689984,12.409487362207997,0.7541315179203557,9.308880517214748,12.40947022829222,1.333078688177768,10.799632241817543,13.897672619989528,0.9377746899045925,2.675412697537416,0.5379554370797427,0.15630135344814003,15,6.2500522356,2.7019055637895466,26.3503029479,4.503864194705128,4.670557840786671,4.465887294264365,3.69590672628775,3.617022493919401,3.672101779336388,False,-0.03634277830526453,0.008467821524785101,-0.015113018163983806,True
117,Pd2Sb2,Sb2Pd2_mp_1769,0.4968536705,9.3290011598,11.698568589199278,0.4968552088197149,9.328925360817083,11.698555796226655,1.2540089392677942,10.489163497042174,12.834541096796782,0.8326748130230373,2.7761298966633703,0.516849366015372,0.08625559071634673,16,6.8500637809,2.641814495958925,27.5501899816,1.32536984166205,1.3126114569864467,1.2832768718346357,1.0620222387596985,0.8715511642774281,0.7854615314028731,False,0.009672914785613903,0.0322746835817902,0.10400308842254695,True
118,HgPt,Hg1Pt1_mp_623,0.1417597903,9.3304943638,10.672929671547546,0.14176007223694664,9.330429025627337,10.672918991221511,1.143882983505564,10.003561631155847,11.316808447725725,0.639572657521768,2.5614606433860634,0.16886702078692836,0.20341069578008264,10,10.6500960844,2.5076453186586987,19.3501682521,0.0,2.069238067151441e-14,2.0628685484271536e-14,1.7072015573190237e-14,0.0,0.0,False,,,,False
119,Hg2Rh,Hg2Rh1_mp_11870,0.1196775353,9.3378419858,12.796813459955569,0.11967794835320346,9.337729492396285,12.796791715291455,1.3704393263599985,11.028252197443395,14.380047441501125,0.8711332413183186,2.4427186367529563,0.4764787982584026,0.20011754249184452,12,23.2502432969,2.713092307498348,25.950295251,0.0,5.013181861265228e-40,5.0005656765416424e-40,4.138399180586187e-40,0.0,0.0,False,,,,False
120,LaSn3,La1Sn3_mp_633,0.6491006052,9.4189747327,10.778962791711455,0.6491000443725257,9.41889937608966,10.778944598113334,1.144395344691357,10.121418145444238,11.377792719874614,0.3680674446952459,2.2535241362476093,0.17561797694269787,0.29105003238561333,12,9.7500923721,2.6083357290786995,18.4501509341,3.1850325726974784,3.232331862494418,3.131020952630386,2.5911897539010096,2.3902528191551777,2.376292968191528,False,-0.014741299736409733,0.017103381563444795,0.005857445412079169,True
121,AsIn,In1As1_mp_21391,1.4340431917,9.4827708645,11.196987168064453,1.4340462363960134,9.482704605069014,11.196977108541802,1.1807788573901603,10.356348765452006,11.956362337264734,0.4608051120494667,2.0523862836261273,0.25557910369931836,0.2454595136643788,7,14.2500701166,2.5822506575517936,20.9501990397,13.389505039825732,13.356285518653543,12.007171271197038,9.936969327887203,12.030267807416836,11.97090282605593,False,0.0024840946975886904,0.10896711688189772,0.004946850579007882,True
122,BaGa2,Ba1Ga2_mp_1219,0.5906215638,9.5196521572,12.26791381081152,0.5906224663833998,9.519581176137667,12.267890897958472,1.2887006971178392,10.72095668970194,13.953847516072383,1.607533680844002,4.365212938390087,0.48047317649818516,0.13708907991069574,11,6.6500599325,2.3429314049463406,26.850176512,2.454795134362243,2.4813365300464856,2.4078596402902464,1.9927114264471004,1.7981477034787003,1.721824752636287,False,-0.010754028976139975,0.019305072607827732,0.04337245027865865,True
123,Pd2Te2,Te2Pd2_mp_564,0.62256898,9.5521326805,11.36465424357468,0.6225712284558265,9.552020620089154,11.364635586417183,1.189762463715359,10.497968775302363,12.137544065118222,0.4172775300405396,2.5209521817797342,0.3602190142311079,0.09525151961065309,12,9.6500904479,2.6576138936847378,24.2502625392,2.893852376035282,2.9154280382445803,2.82668860287797,2.3393284989334924,2.1592553956340703,2.0927396383897188,False,-0.007428032346472107,0.0234826949964342,0.03128939866929566,True
124,NbS2,Nb1S2_JVASP_578,1.566503715,9.6046241251,15.468115495980756,1.5665064079033526,9.604564613925067,15.46810616104405,1.610495299143263,12.023100967485698,19.04701879684778,1.9052590922209962,5.5791020465829755,0.8493930690468303,0.05662272638376897,14,5.8500581444,2.8929999400301556,51.3505118903,15.01778342842993,15.34201266956998,13.225367488311086,10.945131714464347,13.662454977318486,13.782114756623274,False,-0.02135993057230507,0.12709829601977585,-0.008720161308418838,True
125,AuGa2,Ga2Au1_mp_2776,0.6166121169,9.6097659539,13.56039001577757,0.6166167929709107,9.6095014218276,13.560338668725498,1.411138629723674,11.762290003903791,14.879045974481322,0.19537343030403287,1.477418390805246,0.43932406977434607,0.3826643921562028,8,20.9501990397,2.7242532201973644,23.2502432969,2.6261332891061206,2.8601909699509536,2.765833875075708,2.2889659655798966,1.8928442527054998,2.039984886206115,False,-0.0853758632540447,-0.05182963975471551,-0.07486180564389125,True
126,Zn2,Zn2_mp_79,0.2971324714,9.6473099461,13.050183617302094,0.2971327581534412,9.647282059333286,13.050177342446062,1.3527309829010998,11.176547069901781,14.905258881049846,1.2862317544133215,3.2861283137357575,0.6176341457459442,0.15770213467530314,4,6.5500580083,2.4330388556162026,29.2502226934,0.0639380610957054,0.04966628072217131,0.04915031678316806,0.040676124234345974,0.017417583251450503,0.007622053525421075,False,0.25258857281112623,0.2630315275590307,0.8264344027522941,True
127,InNi2Ti,Ti1In1Ni2_JVASP_18219,0.5883711418,9.6625036934,13.887313595368255,0.5883723294156,9.662430624070664,13.887299557353824,1.4372470134748843,11.740781753993282,15.771317040945092,0.8990589562745472,2.7352999982073083,0.5465970396732823,0.13718795413271984,14,16.9501220707,2.9404006007160004,30.4502457842,2.3559924718681007,2.492168874769556,2.4152258937500877,1.9988076362069689,1.705264777806828,1.7243405051356762,False,-0.05619129490853155,-0.024830750032794655,-0.011124267938764202,True
128,I2Ni,Ni1I2_mp_27638,0.6656802434,9.6822366172,12.019752117327544,0.6656810278687353,9.682195268968943,12.01974495051253,1.2414276531930049,10.847706920341412,13.070611920224882,0.6076337329453656,1.9172302420162375,0.29482559049276424,0.29298457859680554,8,18.0501432372,2.5057926162744346,21.3502067366,3.444354440698028,3.565740662279219,3.441842554631084,2.848421424522276,2.615726921893028,2.655065121244969,False,-0.03463529500477139,0.0007295423526386342,-0.01492714167837263,True
129,AgY,Y1Ag1_mp_2474,0.3520631893,9.7011177008,11.87630211055192,0.3520632732302844,9.701099741884311,11.876300628745927,1.224222092828324,10.80135851177124,12.8055116213805,0.41339272510179326,1.5765183454650358,0.2840753388469084,0.35303672342583087,7,18.850158631,2.5004552854457627,20.1501836459,0.2209068187020505,0.2115952831110433,0.20885486451121152,0.17284540511272675,0.08521587537187628,0.06672609931623116,False,0.04306556957247072,0.05610139521058206,0.24459157665126735,True
130,AgMgSb,Mg1Ag1Sb1_mp_1008903,0.1981534453,9.7185813864,13.566982398695004,0.1981541089828971,9.71850033104469,13.566960310619834,1.3959931932380203,11.560914856862441,15.374229525301583,0.9514544179486389,2.5771852141547567,0.5937636064365057,0.1541795722004789,7,15.4500932073,2.4413447962405286,29.7502323146,0.0,4.712018070320135e-05,4.685835878661107e-05,3.8779331409609156e-05,0.0,4.0234751822815935e-09,False,,,,False
131,In2La2Pd4,La2In2Pd4_mp_20743,0.3521918643,9.7246172233,11.352755476050737,0.3521926733344679,9.724518009847184,11.352741131596487,1.1674348404826378,10.55776988953373,12.104340362945022,0.6181632919118574,3.111726706930385,0.27798107750539347,0.14788027144206578,14,10.1500864633,2.780818103089269,21.7502144336,0.23338683833189713,0.2125874219841999,0.20991118499665257,0.17371960137654005,0.09328891469027252,0.06711951424053333,False,0.09334402588873623,0.10601281455455318,0.3292264622317382,True
132,CdY,Y1Cd1_mp_915,0.4171333694,9.7429270857,11.99075406373177,0.4171332103230537,9.742901496713422,11.990750913842295,1.230716631784396,10.896015426846791,12.911821669833412,0.31886248203484263,1.4660496297099326,0.283255259181313,0.37573417536035464,6,18.4501509341,2.4498151255221803,19.8501778733,0.5987021012954654,0.6081581739773954,0.5978919396250482,0.49480712244831576,0.3101931475511268,0.2856214083501088,False,-0.01567085501117585,0.0013541130350075187,0.08252797321134954,True
133,InS2Ta,Ta1In1S2_mp_22332,0.4969182771,9.7957898977,18.76050156358566,0.4969354619490466,9.794540057060326,18.760166831670368,1.9153698614104122,14.043697128856731,22.92256144845296,1.4322257787728827,3.873860517267415,0.7694943207503946,0.156415727973556,13,11.7501036452,3.436573746810308,50.1504887996,1.2572642362667663,1.3824495857986594,1.3481975602352614,1.115749705022285,0.8295763461438297,0.8269894802464525,False,-0.09491886843715232,-0.0698304404456821,0.003123169582394593,True
134,PtSn2,Sn2Pt1_mp_19962,0.3853437595,9.7965251837,11.860848178549459,0.3853445261128727,9.796455057485208,11.860836695582178,1.2107274137413238,10.822236637766682,12.82425930787138,0.6709209404591836,2.2141702625445636,0.35020069088832173,0.2210231934387432,9,6.9500657052,2.6061349403536784,22.6502317516,0.4071290497810119,0.388842714833548,0.3830899778481906,0.317039981667468,0.19344024268141563,0.15573313036668043,False,0.04595528100699416,0.06086032011709119,0.2168248018733141,True
135,IrTe2,Te2Ir1_mp_2285,0.7458756359,9.8449156742,12.467449010150393,0.7458785402045616,9.844775819252467,12.467424828989884,1.266400074302206,11.179436758315166,13.584012959260273,0.5230671314405084,1.835258954067964,0.30465517323039676,0.33993746965864324,10,19.4501701764,2.6521388009103664,22.1502221305,4.6339542459050325,4.810029387833318,4.608846849585004,3.8142180824151755,3.668960523277717,3.7668446861894065,False,-0.03729264143809009,0.005432867767366311,-0.026329311970145784,True
136,Be2RhTi,Ti1Be2Rh1_JVASP_74488,1.3633106529,9.9258976272,19.92324410769742,1.36331408515453,9.925802983817654,19.92321870603822,2.0072148055446664,14.260146457231023,24.968883347462125,1.6281827829460742,4.47034216098805,0.7577724996933841,0.10123576387464632,10,25.4502856299,2.965848847528913,55.8504624234,12.969159171008446,13.513312485988354,11.93110999763111,9.874022067005056,11.50625385552961,11.99131514154391,False,-0.04110114216160109,0.08342489313641453,-0.04129194847786926,True
137,Pt2Sn2,Sn2Pt2_mp_19856,0.3784265578,9.9596058103,12.257643201382555,0.3784271865310746,9.959518034430106,12.257632304452375,1.2307455302633798,11.098664412738358,13.331351619475212,0.7162979208128412,2.3672746369035527,0.4840733477935831,0.16046653421838308,18,21.1502028882,2.682710255059653,25.6502894784,0.3777691123055269,0.3533249114322108,0.34819334442199007,0.28816000917681933,0.1779344423077064,0.13563217189771384,False,0.06689513240545462,0.08152528207773373,0.27146857756186427,True
138,In2LiPd,Li1In2Pd1_mp_20801,0.3687151121,9.9682827846,14.900632703271361,0.368716060194234,9.968197450632662,14.900619569607942,1.4948158524550723,12.087833260408072,18.086132706266906,2.1122050797903986,7.48412271588618,0.6919001330383507,0.06585770566621528,12,40.150296377,2.673640934502143,41.5503233162,0.3346582384904785,0.2993171154531212,0.2948270921840179,0.24399483491091142,0.16386389305165192,0.10760505105243545,False,0.11160622930746483,0.12672077116328428,0.4205685733404305,True
139,Mg2Sn,Mg2Sn1_mp_2343,0.233153046,9.975397527,14.35882335565836,0.2331530764524819,9.97534144012721,14.358848708366436,1.4394343085446633,11.847265965676254,16.87173015436585,1.4990302172584187,3.5657981915674455,0.771941071706382,0.18459497150420273,4,8.5500828871,2.208599138041454,33.5503054352,0.0,0.001973092463769138,0.0019588363978110435,0.0016211059843953463,0.0,2.425797881830694e-05,False,,,,False
140,Cu2La,La1Cu2_mp_2051,0.438473206,10.0009158757,12.082045874076957,0.4384746239894427,10.000816216497897,12.082029993873093,1.208104391913723,11.025597920546112,13.143717944070369,1.0189672401645509,3.8934924288600787,0.3602989122028205,0.09933956123845189,17,14.850081662,2.7971198405332833,25.4502856299,0.8307343781123783,0.8057871413301684,0.7912632743245508,0.6548385718548007,0.4792825382483695,0.41083867981590433,False,0.030490487513061482,0.048679352783415515,0.15408964280828716,True
141,AsBaPd,Ba1As1Pd1_mp_9744,0.5743463309,10.0267066419,12.157814027838228,0.5743479234928515,10.026670945086952,12.157801704610568,1.2125461951624,10.954465975558287,13.541144331193921,1.7345563119418725,5.1102653761583126,0.40455539155436543,0.10669262585043428,10,25.950295251,3.1388589127506847,26.3503029479,2.4012445314139557,2.387220485289134,2.3220138610056544,1.921666643590887,1.7324514563483389,1.6245931094945376,False,0.005857445412079169,0.033552305023429645,0.06428004199496933,True
142,Ca2Rh,Ca2Rh1_mp_1063314,0.1967842441,10.10994497,13.77065633538213,0.19678464790882225,10.109857070652328,13.77064143520221,1.3621005063639018,11.872517773080402,15.484622915427744,0.9000711079762616,2.418463299953891,0.5385100717740505,0.1983333499373427,8,22.2502240547,2.841405758474615,27.8501957543,0.0,3.998647905996961e-05,3.9768101446696525e-05,3.291153223174885e-05,0.0,2.384777808920423e-09,False,,,,False
143,RhTe2,Te2Rh1_mp_228,0.6860438082,10.1205639609,13.201271973351659,0.6860461291760709,10.120435427412886,13.201249400954266,1.304415160359255,11.64728961467896,14.598693568111996,0.7585269275103343,2.2787898336755807,0.4534206574074898,0.22269797063725766,10,23.9502567665,2.7235171348063996,25.050277933,3.875289546050278,4.03750179943645,3.8861063605091877,3.2160880224903625,2.9872092648111384,3.0502757261286484,False,-0.04100575265437455,-0.0027873391828877577,-0.02089239323872544,True
144,In3La,La1In3_mp_20729,0.4136923159,10.1487159096,11.560997778038018,0.4136941203264539,10.148662120073645,11.560978025769163,1.139162767366352,10.869198130683296,12.198857561639175,0.41380715026284776,2.125668762675833,0.12025265497616464,0.2776751186206064,10,6.0500483871,2.545627343268865,18.4501509341,0.6123450980471112,0.6054075210164207,0.5958343037502455,0.49310425137951347,0.31162321676733307,0.2801830036227732,False,0.011394189557567522,0.027333394715953196,0.10635184541713369,True
145,Au2La2Sb4,La2Sb4Au2_mp_644143,0.2586259651,10.170613375,12.009266278320254,0.2586395517302235,10.168638396019569,12.008950305186245,1.1809791869368715,11.207054754010889,12.655729094920696,-0.08051109530494194,2.3527905621833236,0.1956325191663504,0.3459904818521726,20,9.4500865994,2.5615323782188,19.9501797975,0.013231258763984254,0.010225516207033868,0.010144875248017073,0.008395758825945163,0.0,0.000527084451507196,False,0.2576959328208695,0.2656134419620776,,False
146,HfTe2,Hf1Te2_mp_32887,0.4072452836,10.2206422601,11.32176071158987,0.4072439031891977,10.220594886070938,11.321754507992962,1.1077392885831656,10.752982535868249,11.927878655036727,1.0940360143545445,4.120343387662772,0.1670969677513614,0.10122158320283664,4,12.550119039,2.1916136742178804,23.3502452212,0.6056899378588019,0.55919554508015,0.5507611939940732,0.4558023674433708,0.31837282495805475,0.251347774495869,False,0.07986897713854918,0.09506689095505926,0.23638556568242597,True
147,MnPtSb,Mn1Sb1Pt1_mp_567480,0.2846584238,10.2255539139,15.556014316077238,0.2846591347401931,10.225468419390069,15.55599690738277,1.5212991981750854,12.948313560420319,17.60015555435122,0.6143032405514828,1.9739011564784852,0.5141182525911623,0.20600397209485619,9,29.6502303904,2.4275709314770992,30.7502515568,0.03889886943968625,0.03351488624841289,0.033179399262026725,0.027458813182366947,0.0,0.003923823772449261,False,0.1489754812007955,0.15903600778067215,,False
148,Br2Cu,Cu1Br2_mp_2360071,0.3141048591,10.300194394,14.508273296543598,0.3141059907901095,10.30005008444663,14.508245383391214,1.4085606637291095,12.515416738058002,16.20840465474204,0.6978423705905686,2.9035306533948244,0.4274655803295686,0.08490565793555718,8,17.4355735886,2.9236137745794517,31.2357030747,0.09989604986970163,0.08989876310365767,0.08886686357369927,0.07354499054375112,0.031000948927178883,0.01839754952270714,False,0.10544596122599977,0.11699080919682034,0.5218003369386052,True
149,Ag3In,In1Ag3_mp_30343,0.3973195752,10.3515610742,11.538928367738489,0.3973198770398514,10.351523830735204,11.538923304385316,1.1147076984090543,10.944519462811066,12.12359962268876,0.6588608438967021,2.7231451908781623,0.09853790569242733,0.21334470062289473,5,9.1500808267,2.17186898566343,19.8501778733,0.5158067197928442,0.4924668452018274,0.4852721615778663,0.4016045475127169,0.25131660701048075,0.21077918040745927,False,0.04630498230736692,0.06102222982652779,0.17590247964993663,True
150,In2IrLi,Li1In2Ir1_mp_31208,0.3679785576,10.4309439864,15.287101103888206,0.36797904332715226,10.430875489772527,15.287089914638889,1.465561536960908,12.500445815032062,18.473352517608447,2.123728547529871,7.603338481219015,0.6685575281907776,0.06194300703997895,11,41.3503194677,2.9517415226249932,42.5503425584,0.3487835673161377,0.3090656841400579,0.304466051759002,0.2519719049040017,0.17025700767400692,0.11052741159089191,False,0.12089775453217219,0.13589198641419384,0.4320455463736213,True
151,Li2PtSb,Li2Sb1Pt1_mp_3158,0.4708260707,10.4314732789,18.55004785258518,0.4708270264888164,10.431391094670968,18.550025030202438,1.7782887116253359,13.925184322336822,22.98917876794628,1.7250406344289604,4.891616990169778,0.7763866781541267,0.13524542726433092,13,15.3500912831,4.149478682858189,49.6504791785,1.1274587532136242,1.1727503666472197,1.1461786263503497,0.948561621807186,0.7263249885433996,0.6592584026865951,False,-0.039385521655331414,-0.01646726635192832,0.09688198630510111,True
152,AgZn,Zn1Ag1_mp_1912,0.3702013981,10.4484421323,13.467168732862895,0.3702017125325079,10.448396959877844,13.46716180781115,1.2889213397543617,12.037503166507095,14.626850286833921,0.31027609273071954,1.6229345333802445,0.3684070547085685,0.34106735219214757,7,12.3501151906,2.716525318869564,23.6502509938,0.32249653656192867,0.32191691321355215,0.317291646996694,0.26258619061795363,0.1388831755121307,0.1169662767343862,False,0.0017989180855511025,0.016271023847336384,0.1717474555901515,True
153,Ni4ScSn,Sc1Ni4Sn1_JVASP_16659,0.637866474,10.4783504639,15.028148364655575,0.6378701081913472,10.478227830795305,15.028109293232522,1.43422242156877,12.565674854440186,17.450494109770453,1.3721081466419622,4.103273184586628,0.687365211911728,0.05871980883663479,4,17.1501259192,2.865796633377423,44.0503714218,3.363452911668573,3.4408961773795537,3.3205558300086135,2.748046204145059,2.593747372938491,2.5031856485030546,False,-0.022763855552533636,0.012835910991550748,0.03553951205747189,True
154,Au2Y,Y1Au2_mp_1018113,0.1884410815,10.483285963,13.40878836122787,0.18844145833833895,10.483213480708915,13.408775563164477,1.2790711157260268,11.906819421305945,14.775049553922738,0.7641850238017516,1.9887338943911472,0.310655779229486,0.2799674127863416,11,21.3459889684,2.437451974514084,24.5460505436,0.0,1.0351284746814111e-05,1.0299477896679988e-05,8.523705845528264e-06,0.0,3.959684863053002e-11,False,,,,False
155,AuBiCa,Ca1Bi1Au1_mp_568398,0.1794496586,10.5315048823,12.585027438702706,0.17945013678683908,10.531430554679488,12.585015660852646,1.1949958360842703,11.495610900253812,13.748483905319429,1.3017041715595832,3.8662086658604444,0.14612584717023586,0.1500268044736994,6,11.3500959483,3.4544278664121215,24.0502586907,0.0,1.6330096671690958e-06,1.6256371107138615e-06,1.3453548502459544e-06,0.0,6.0709798595184e-14,False,,,,False
156,MnNiSb,Mn1Ni1Sb1_mp_600124,0.6110435132,10.5431341331,14.681876033630715,0.6110441725872855,10.543080718206554,14.681865427929568,1.392559330649519,12.48529534963101,16.77769676736566,1.1743802816780173,3.516097567972369,0.5330501047211222,0.09285598847322492,6,6.6500599325,2.3831972374673644,34.350320829,2.9439549387626496,3.053784182509204,2.9549530398069606,2.4454783777712774,2.192186025598084,2.165977225249831,False,-0.03662764252191518,-0.003728864334819266,0.012027597312351543,True
157,Li3Tl,Li3Tl1_mp_7396,0.5517598603,10.5822440887,21.319704165743016,0.5517614655780168,10.582132382639168,21.319677115170077,2.0146862980231384,15.943084136860312,25.11605558847584,0.7788810412970765,1.9313392896527553,0.6137685224800933,0.22765071428743255,6,35.7503477681,2.308080135593099,46.4504176032,1.8650332357968433,2.20991019718817,2.1452540241843776,1.7753826407043125,1.2852309676763705,1.4572095308536734,False,-0.16967300620797607,-0.13997909782174806,-0.1255848830782984,True
158,MgNi2Sb,Mg1Ni2Sb1_JVASP_18741,0.4435408141,10.6211560225,13.055473124119247,0.44354096130117215,10.62112919659429,13.055468142568621,1.2291977529804377,11.684375318591659,14.733751179214627,2.096717459844588,8.77185422377273,0.6772754742328722,0.027146506039782865,14,16.7501182223,2.8545735803886316,36.5503631619,0.9816702124755269,0.9051669228954784,0.8883821008177312,0.7352127730905361,0.6014666049025637,0.4695156325951641,False,0.08113604756007559,0.09985347528441377,0.24766941982063248,True
159,Ga2LiRu,Li1Ga2Ru1_JVASP_17757,0.743958952,10.6768837786,15.053282175794752,0.743958085949433,10.676871011599465,15.053294292856982,1.4098975511180125,12.48232085878897,18.278798791768697,2.5373549388612315,11.495692015436257,0.7687482161154692,0.02334663310634423,10,7.1500695536,2.589608948730131,53.0504085451,5.18054080010591,5.198547242734401,4.969570169906735,4.112747726819367,4.269057062124252,4.065047927691609,False,-0.0034697577705202548,0.04157610094649711,0.04896744105168311,True
160,GaNi2Ti,Ti1Ga1Ni2_JVASP_18706,0.736507515,10.7364138693,14.458173172019347,0.736509065935749,10.736324849289007,14.45815565967362,1.3466578054063896,12.558625841848421,16.338479147654702,1.2165790687944416,4.318668053297918,0.4801180883012094,0.09770317678894615,13,26.1502990995,3.0755668145501565,34.4503227532,4.9605541641511905,5.101528092613769,4.884763763497984,4.042563114619021,3.97054672233455,3.974124501655804,False,-0.02802265971480876,0.015396536384405576,-0.0009006740398048241,True
161,GaIrSc2,Sc2Ga1Ir1_JVASP_39117,0.4114772891,10.7618532766,15.537506801279283,0.4114772402196639,10.761826583077982,15.53750623838694,1.4437610677371713,12.864335487348022,18.21476580151617,1.487764076435113,3.980743738155956,0.737664749970649,0.12751749493611764,16,32.0502765718,2.7772332001812092,39.250415116,0.6531040094955674,0.6247803051702966,0.6137406955383087,0.5079233342386004,0.3644332091753054,0.28620125580003375,False,0.044336319851193406,0.06216387709057366,0.2416480401308562,True
162,Ag2MgZn,Mg1Zn1Ag2_mp_11236,0.3058577854,10.8019524243,14.95774835342539,0.30585809427342375,10.80190290113907,14.95773963531152,1.3847319099428506,12.777983247942402,17.09276185724664,1.2550116858776974,3.854160474088867,0.48113477297874346,0.10730234480551722,9,31.3502631022,2.77840367652764,32.0502765718,0.08786312995741309,0.07377008922938691,0.07296208251577425,0.06038241311650283,0.02561804407565695,0.01325562260407919,False,0.174826907828661,0.18584037367390568,0.6588751400031126,True
163,BiCuMg,Mg1Cu1Bi1_mp_30449,0.1823815545,10.8034577263,14.327914530415793,0.18238189528056797,10.80340503057272,14.32791043200674,1.3262402355053773,12.454452627951156,16.10912098980828,1.05170719585359,2.7193167220223033,0.5432624317734893,0.16108868012259728,8,25.4502856299,2.387960935658104,30.1502400115,0.0,3.2154199241641186e-06,3.1999446908768923e-06,2.648230089001566e-06,0.0,7.054605144270793e-13,False,,,,False
164,Tl3Y,Y1Tl3_mp_2393,0.8786771177,10.8062637573,12.218445137119534,0.8786787140185315,10.806194712927391,12.218434569421735,1.1306879890665757,11.615521239960161,12.659288407046365,-0.7189241846815846,1.9413852499862778,0.08773003000799831,0.6172783159237147,1,14.3500720408,-10.756735719939165,16.4501124496,7.2636244493489315,7.395542621413636,7.037729798607442,5.824328109192366,5.960181931249192,6.113447217165371,False,-0.01799853056013324,0.03159329333163248,-0.025389800760002437,True
165,Co4TaZr,Zr1Ta1Co4_JVASP_102161,0.9270334083,10.8876540235,16.3442855590815,0.9270360065409415,10.887538136932996,16.34426457199919,1.5011901098702691,13.47288910416536,18.973397601969186,1.1665675764845496,3.4794327180907514,0.6390071176033654,0.07082270092938575,20,18.4501509341,3.2047091829286223,42.5503425584,7.969001417110804,8.310495629931317,7.786978942771847,6.4443963664318735,6.766496655174979,6.948979468675819,False,-0.0419600574362921,0.023106219803890465,-0.02661133754233371,True
166,Pt3Zn,Zn1Pt3_mp_30856,0.4243049443,11.0345881507,12.840234794913215,0.4243053212844422,11.034527312591779,12.84022548424949,1.163640736073686,11.953663674546561,13.674891479494386,0.5910221240273601,2.833253121040421,0.2859710459009224,0.143861729945909,5,12.2501132663,2.4570886240445136,25.4502856299,0.78152811529337,0.7529102645106547,0.7403334021924423,0.6126897121592626,0.42909547683271865,0.36421708547738707,False,0.037305075215653315,0.054150497040315035,0.1639293723437363,True
167,NaS2Ti,Na1Ti1S2_mp_7942,1.0396314404,11.1059743412,15.967709780560266,1.0396318799132787,11.105947776675878,15.967704164912117,1.437761502755005,13.085033869305933,19.119852676341168,1.9070632800551621,5.365919266990987,0.8354473079158,0.06572570725031732,7,8.2500771144,2.6783510468642198,51.1505080419,10.029448705377781,10.269995005634884,9.514238948585854,7.873852922967604,8.815948897586708,8.797290094438406,False,-0.02370090173938497,0.05273612272956976,0.0021187255946158857,True
168,In2Pt,In2Pt1_mp_22682,0.3154665515,11.1207420881,13.007295017116357,0.3154671021902521,11.120676688084624,13.007284847360488,1.1696486834562227,12.128342786982444,13.741205267047086,0.06490028499087552,1.7801523554718353,0.1636422418786743,0.37472064901651486,8,12.3501151906,2.608247062791598,21.050200964,0.11037373361728735,0.1007893909032235,0.09971658714055846,0.08252407211632423,0.030591092121857916,0.021044862836938197,False,0.09083908427999451,0.10154015175535429,0.374052374856378,True
169,SbSn,Sn1Sb1_mp_10635,0.5951918098,11.1431406945,11.978373092983038,0.5951919331533759,11.14312230445415,11.978371153570754,1.0749564463438346,11.615786648702532,12.258842936126776,-0.9249010129602313,2.767996753966576,0.032450533980839094,0.6764088869859199,4,14.5500758893,2.213313089889831,16.3501105254,2.912964695968448,2.9625545758777787,2.886134112914206,2.388524783101412,2.047353856333899,2.0681502277956505,False,-0.016880570100232098,0.00925342898533818,-0.010106440449746484,True
170,AlBaSi,Ba1Al1Si1_JVASP_17183,0.7882192011,11.1648475956,15.204297431640832,0.7882196265243774,11.164824208329614,15.204293638264602,1.3618032272215541,12.677267624651282,18.67168284712634,3.0309069182412727,12.530392642765637,0.8654012846037131,0.04585268180380367,5,7.3500597964,2.256223566241217,51.5505157388,6.214418424632246,6.181499975361598,5.888668957206815,4.87338120596426,5.208586448876179,4.9372972722789426,False,0.005311188020227638,0.05384215587016197,0.05349043335237116,True
171,SeY,Y1Se1_mp_2637,0.6580350777,11.1674125105,13.105797556863909,0.658035240138098,11.167395350208158,13.105795103475648,1.1735767108156834,12.047557763514913,14.261711389824864,1.3842538718156912,3.9051585373778144,0.3635607064543006,0.13758687438809086,4,8.2500771144,2.301623226735934,26.3503029479,3.9676590295019674,3.9810840106781127,3.8508245822464224,3.186889309445315,3.0369950930797547,2.9476254079361817,False,-0.0033778910384613023,0.02988895309150612,0.02986867060329456,True
172,Se2Ti,Ti1Se2_mp_2194,0.8829599466,11.1689052184,13.573683910961682,0.8829598683344391,11.168901757264525,13.573684167678639,1.2153105527004915,12.154292114787964,15.359480222177092,2.249603915931953,8.013234570520689,0.765376785286806,0.048223080888873615,4,8.2500771144,2.2407119750237356,39.7504247372,7.7863026810429385,7.742237516952616,7.3379739197054965,6.072806002514895,6.653206637168298,6.40393247130086,False,0.005675392768020256,0.059303351685567794,0.03818668921401081,True
173,Pt,Pt1_mp_126,0.4709263214,11.1776577784,12.826135517773855,0.47092716082683567,11.177569337093948,12.826122307154858,1.1474876084722654,12.039003118833179,13.557641123879996,0.46480312477698105,2.944753512413601,0.19571900149305413,0.14332413241938977,4,13.4501227513,2.7991188752106524,24.5502683119,1.2728842315574576,1.253583905617996,1.2293047690870813,1.017355670968619,0.7780111587495786,0.7053514366319307,False,0.015278800561531558,0.034836592810099015,0.09804469665825036,True
174,Ga2LiRh,Li1Ga2Rh1_mp_4913,0.6838957672,11.2499567331,15.875102982894315,0.6838966271849928,11.249900094976555,15.87509209005963,1.4111318283749357,13.226037067396003,19.11329544033065,2.3786501648733784,10.391689436404839,0.7242899486094416,0.031331929076166616,14,7.8500694175,2.8395103892716542,51.650517663,4.432029184638841,4.458493325010992,4.2858801628828305,3.546935307213377,3.539741083603312,3.362376931790568,False,-0.005953355048858167,0.033531597874493856,0.05140544019858337,True
175,I2La2,La2I2_mp_22860,0.2215088075,11.2930615577,12.071015504264752,0.2215091257073769,11.293025330375624,12.071011337148839,1.0688908404978614,11.707540893523282,12.396564831377717,-0.1271136164504164,2.5146709209724953,0.020458032858765185,0.4918414819616089,9,10.7500980086,2.3250124785572224,17.950141313,0.0,0.0008350046685607834,0.0008301387432112471,0.0006870113736920666,0.0,3.548348412968315e-06,False,,,,False
176,PdSc,Sc1Pd1_mp_2781,0.3793004146,11.3691364357,15.658977100906048,0.3793007168022473,11.369116749702076,15.65898512513658,1.3773264423154874,13.368045755118098,17.74690554818879,0.9840128634494226,2.340309603088752,0.6483397954042699,0.22787654457971362,8,8.5500828871,2.6523832256745075,32.4502842687,0.4252733068926142,0.409538182039474,0.40326318586904314,0.3337350503743805,0.20252387477607214,0.15805988492979403,False,0.03770189770158915,0.05314262181770669,0.24788379996508805,True
177,Y2,Y_mp_112,0.5960836717,11.3759943816,12.316068368891106,0.596083811208783,11.375963663053641,12.316065664787217,1.08263932881456,11.862516208804374,12.73651110586599,0.18053375592150855,2.150962446296658,0.02257210697113825,0.4000297251103298,7,14.5500758893,2.4407985585978555,19.1501644037,3.024199163512998,3.039178022479993,2.9599544951801353,2.4496175132525253,2.158893713940972,2.1236698803241456,False,-0.0049407744161599175,0.021472422130769737,0.01645025329672259,True
178,CuY,Y1Cu1_mp_712,0.419009915,11.3860219197,13.366264855691735,0.4190101362439363,11.386008263787534,13.36626139005133,1.1739198743217025,12.3863978529785,14.23820333966789,0.38202344325478965,1.6031503830485363,0.10089299784217068,0.36274614890462314,8,17.7501374645,2.550338777021821,21.7502144336,0.7285173296469618,0.7275071497362866,0.7155099723440417,0.592146184008862,0.37922081211379394,0.34441940107388785,False,0.0013875866608866732,0.018015876987305605,0.09625854920702696,True
179,Hf2,Hf_mp_103,0.4849678935,11.3907318303,12.464220910855198,0.48496867257989007,11.390693804201662,12.464214948578809,1.0942454571100102,11.952609317284036,12.92454670935492,0.07770099833205901,1.9795503784816066,0.030123072363949854,0.44728583263434535,6,14.3500720408,2.493705160924595,18.9501605552,1.4432458607995056,1.4475973114580327,1.4195226276199138,1.174777346995791,0.8797085629581166,0.8437004138852844,False,-0.003010508481938886,0.016574009622545932,0.04179320243263217,True
180,Pd4Sn4,Sn4Pd4_mp_2369,0.2624532025,11.406721377,13.56267663940271,0.26245386752269634,11.406629145648697,13.562662873952515,1.1890158521657805,12.511454462591363,14.526477563215408,0.5440138741193603,2.415827238489439,0.2148313502980758,0.24710896178253366,15,10.140494442,2.7591638890412984,24.5406082621,0.019151982244387022,0.013978353398611768,0.013865176419195439,0.011474628760713467,0.0,0.0008366539205031189,False,0.31489627450300783,0.3230258186716965,,False
181,AlHfNi2,Hf1Al1Ni2_mp_5748,0.5927215974,11.4109402823,14.867280604014306,0.5927223347540382,11.410882715245885,14.867270794387077,1.3029027784610538,13.0206138469437,16.803332062043168,1.4214334498849914,5.101890757432427,0.5663737608061024,0.044950331734812686,12,21.7502144336,2.8514909177059176,37.8503881769,2.9877781335225757,3.0081118977238037,2.9180195363914554,2.414912719772239,2.2109072109354537,2.0923021324726845,False,-0.0067825934256145835,0.023624866802326033,0.05513797541941114,True
182,BiNiZr,Zr1Ni1Bi1_mp_31452,0.5476130325,11.4279726893,13.887382308250176,0.5476131506349194,11.427951678701685,13.887380329007357,1.2152116774250383,12.663841558159456,14.980144797484884,0.520995730072989,1.9864925896297556,0.3580601484948192,0.23963855148345153,7,6.9500657052,2.4582594123365524,24.7502721603,2.2574326865567858,2.3163523547602987,2.2574290918663644,1.868217179475612,1.5431813623740318,1.5190977658962759,False,-0.025765499328939973,1.5923811614100846e-06,0.01572952172300781,True
183,Sb2,Sb2_mp_104,0.2243787685,11.4438920922,13.003057975111085,0.22437882652424346,11.443876490158214,13.003056090330356,1.1362457556679368,12.277404678201789,13.597844177833721,-0.15336442428911434,1.4747845812060691,0.12214784244381163,0.5009135630405335,6,16.2501086011,2.424538156164114,20.0501817217,0.0,0.001098041248989817,0.0010912355020009585,0.0009030914499318278,0.0,6.28015902309963e-06,False,,,,False
184,CoZr,Zr1Co1_mp_2283,1.087316541,11.4622943056,12.954174310090165,1.0873179938805722,11.462274015514156,12.954169662379945,1.130157039069779,12.136852753753372,13.890160991704636,1.5661041279382235,4.954792932850785,0.4196751685724172,0.10084678289293945,5,8.8500750541,2.393524753052553,29.950236163,11.25410798573795,11.202655360258248,10.467881765718255,8.66307456473235,9.901712438139125,9.697365786659379,False,0.004582380347634716,0.07242152651165742,0.020853435489416546,True
185,AgSc,Sc1Ag1_mp_11237,0.3326249002,11.5051098386,15.669138156334572,0.332625245730745,11.505094591687685,15.669139967576292,1.3619305641256603,13.603282587462335,17.35227980407973,0.5095940076925526,1.554885160647011,0.4910877873390557,0.35058676132405847,7,23.0502394485,2.8207473153969707,28.2502034512,0.17052951112413642,0.16316974305074175,0.16114229698247545,0.1333591423303245,0.05877572507642454,0.0424220916146317,False,0.04411734014973682,0.05662056069395105,0.3260596756302597,True
186,AuLi2Sn,Li2Sn1Au1_JVASP_18617,0.4051259319,11.5287432166,20.59720542792638,0.40512740725599894,11.52863597376369,20.59717490781793,1.7866098777593447,15.893365438856051,24.512764614643537,1.1252573865111306,2.9084230232089787,0.6849523680453142,0.19870898813021198,11,14.1500681924,3.9554977792578985,46.0504099063,0.5708021612214647,0.6145066191016001,0.6035294421781271,0.4994726418025879,0.30231157620968974,0.27329560320134394,False,-0.07377702857423403,-0.0557521531631422,0.10090418983826795,True
187,NiTe2,Ni1Te2_mp_2578,0.4295380922,11.6173273772,14.063930159023828,0.42953844818950015,11.617243692910055,14.06391765840078,1.2106070966716413,12.792254133438654,15.388123345909941,1.2016515012146163,3.939473715691859,0.26616976326764447,0.11800237749332076,8,27.4501880574,3.3490935776123787,27.9501976785,0.8690589493264032,0.8445357627345477,0.8297684707898165,0.6867049413432965,0.48577671876847306,0.4168634678697218,False,0.028623875611421268,0.04626424776231869,0.15299033892330485,True
188,Hf2Zn,Hf2Zn1_mp_1014231,0.4821379026,11.6214678035,13.599641406434214,0.4821384046896371,11.621422287344906,13.599634630225733,1.1702211910012936,12.655142937986193,14.41833758922609,0.23652296441975051,1.839088633701438,0.18651603814815504,0.3509499046647229,9,20.1486870185,2.692918683836355,22.7487370484,1.4217395488445765,1.4427190293587808,1.413309112178157,1.1696351273198542,0.8707956023187844,0.8350056418693957,False,-0.014648391715283074,0.005947313449253652,0.04196879762762841,True
189,MnPtSn,Mn1Sn1Pt1_mp_583030,0.6621408458,11.6315816171,16.121148405659568,0.662141469782212,11.631535418735789,16.12114034337443,1.3859855782588169,13.726157468393527,18.355304513819508,1.0829516420086283,2.68225369255628,0.5138146527518781,0.20032097699785273,8,28.2502034512,2.737601524399163,32.0502765718,4.028788773292705,4.232142931163716,4.077382943820841,3.3743858845413857,3.0749910013095763,3.141379094041004,False,-0.049242689639342925,-0.011989569019582074,-0.02135993057230541,True
190,Cu2ZnZr,Zr1Zn1Cu2_mp_11366,0.3312188036,11.6352789895,15.209095916927476,0.33121900077949534,11.63525352851957,15.209091608599243,1.3071560126575426,13.334866314791721,16.96554742175435,0.9502906422800733,2.5640005790324714,0.5102234906166566,0.21220584567371278,13,26.9501784363,2.6932476934797567,29.5502284661,0.17681081860644354,0.15945772290680743,0.15751959433023646,0.13036104358364398,0.06220562034385354,0.04079971512064437,False,0.1033015125995109,0.11553048057080842,0.42177025584033434,True
191,HgNi,Ni1Hg1_mp_1057320,0.1427867925,11.6576512598,14.445395294155158,0.14278707467510904,11.657601297535322,14.4453858091805,1.2391387765366944,13.111052110502932,15.555833671456098,0.28801577860967575,1.5397315392578321,0.23186672982380718,0.3756097344933489,8,21.5502105851,2.6947181984982063,24.0502586907,0.0,6.965040776743067e-14,6.942627098901532e-14,5.745622426677129e-14,0.0,0.0,False,,,,False
192,LaSe,La1Se1_JVASP_20103,0.3485570235,11.6635310271,13.224166550524082,0.3485571454790687,11.66351275333147,13.224164035395633,1.1338062824699524,12.397942112414157,14.086719676852919,1.0498398584507234,2.766954108965204,0.058571749567699075,0.20568922288822444,4,21.2502048124,2.227072164683292,23.3502452212,0.26129036786436666,0.23642687287180558,0.23355751138849434,0.19328897494220224,0.10005144480361357,0.07227064948692377,False,0.09999335498140824,0.11220396125205469,0.3252664095360413,True
193,CaNi,Ca1Ni1_mp_1059707,0.1465048043,11.663730981,15.430051504606197,0.1465048935243362,11.663709246288962,15.430048715693724,1.3229109531003695,13.490162771179133,17.16166480786799,0.7830091252580158,2.0788139750741075,0.44489078663445564,0.27215881287104166,9,22.9502375243,2.7822911013827776,29.1502207692,0.0,1.6437412879280304e-12,1.638122200407575e-12,1.355687338268338e-12,0.0,6.245922314314147e-109,False,,,,False
194,Al4La4,La4Al4_mp_12684,0.4089729302,11.7289178495,14.738683309339406,0.40897295930861866,11.728870980377726,14.738675002745483,1.2566149825846944,13.044070643899207,16.678809800170033,1.7890985919652302,5.716733703871944,0.7746409632229191,0.0915247511776744,18,10.7401250276,2.8029460536606896,40.3403680616,0.728697408325581,0.657858379623728,0.6469623545055354,0.5354171209700982,0.4079373765770557,0.2979979034638286,False,0.1022688884723953,0.11897045997930712,0.31402722271745065,True
195,CuHf2,Hf2Cu1_mp_30581,0.3215929937,11.739225916,13.608270731757214,0.3215933313280188,11.739181425459398,13.608263841179298,1.1592174401246003,12.717786402898295,14.373041478760658,0.15703213502756974,1.665545264548149,0.12464470389680989,0.40577543485137013,10,19.9480028849,2.6800317367978126,21.1480259756,0.13556855805395135,0.12581597684127893,0.12444465196281491,0.10298867748646748,0.039469635799036625,0.028593496326999295,False,0.07465713774094404,0.0856164213513153,0.32235237153419194,True
196,Cu2Se4,Cu2Se4_mp_2000,0.4917988963,11.7466902162,14.435647624169828,0.4917997366044422,11.746615554860512,14.435640122629374,1.22891909207467,13.031501916414726,15.892419953954835,1.2238787491598173,4.209991012290885,0.4141064287103633,0.10372341808054761,10,30.2407179429,3.072821307835733,31.8407487305,1.6064804164681132,1.5849800613271248,1.550531755161082,1.2831986939264126,1.0417872160196606,0.9380307342043619,False,0.013473881668889303,0.03544776937197473,0.10491028003963626,True
197,InNi,In1Ni1_mp_20997,0.3065418159,11.7527693039,13.539195380054903,0.30654199698951606,11.752741362091134,13.539191638397524,1.1520028579943609,12.630680071610957,14.436715262285016,0.8017816636627054,2.8056547137569163,0.15914464526535843,0.1875237021611155,8,10.5500941602,2.6654987555678185,25.4502856299,0.09880643885677684,0.08190047021296326,0.08107447313079953,0.0670961156944548,0.026854703115741865,0.014888584726865009,False,0.18765804109689488,0.19779461961405703,0.5898461745997867,True
198,MgSr,Sr1Mg1_mp_2564,0.2776387609,11.8279051247,14.155851726378035,0.27763915653742666,11.827840893442355,14.155841769935243,1.1968238241844789,13.103979447941722,14.96100114885625,-0.18633633782774017,1.3521192906439625,0.20274600273748777,0.5034903152877942,2,17.4501316918,3.328428732369451,21.4502086609,0.033357222404674355,0.029182226178886404,0.028923602942329575,0.023936774848824477,0.0,0.002850015486813126,False,0.13371448133151256,0.1426163401745246,,False
199,InNi2Zr,Zr1In1Ni2_JVASP_17814,0.5329974337,11.8332052814,13.844496759023059,0.532998258351604,11.833175762596538,13.844489487876299,1.1699724372925584,12.805870545138848,14.89003739162099,0.9469207700525714,3.1091091025651205,0.23701548245065218,0.18308705488676663,11,10.0500845391,2.776695458142907,26.5501707394,2.177767223912516,2.176538404317793,2.124868413193498,1.7585117902291016,1.4774839057398061,1.3949603856131265,False,0.0005644158826967327,0.024590265469889624,0.05747455987831796,True
200,CdPt2Zn,Zn1Cd1Pt2_mp_30493,0.1349900453,11.8858503113,13.975954381733649,0.13499016882316223,11.88578316650484,13.975938227508754,1.1758533730359604,12.909194865046572,15.054549470468155,0.9765268662659012,3.3829318968370075,0.21011342155233778,0.1693530413406189,20,12.9501131302,2.828171265476153,26.9501784363,0.0,6.378444451778201e-18,6.360001879336926e-18,5.2634498311753865e-18,0.0,0.0,False,,,,False
201,Te2Ti2,Ti2Te2_JVASP_19,0.3382889889,11.8874037449,15.963623875235848,0.33828935618766065,11.887355982655942,15.963615545273866,1.3429071669566661,13.881848514037205,17.789246118520403,0.7492397916990008,2.064137388573258,0.4911610998744016,0.298618153746952,10,30.5502477084,2.821282587638583,31.0502573295,0.20704018060365742,0.19257146290152274,0.19012685563269696,0.15734636328223198,0.0766506411125947,0.053240804815531256,False,0.07244556293610369,0.08522137302641915,0.3644328592811607,True
202,MnPtSb,Mn1Sb1Pt1_mp_672356,0.8070390028,11.9418635822,16.404557008389467,0.8070396559310912,11.941825789242454,16.404554827432705,1.3737057563015538,14.073051596095414,18.498344048360288,0.9060305360242217,2.241861892918987,0.4722045731993206,0.23192887743060536,8,27.5501899816,2.708688438891067,31.3502631022,6.622510574346517,6.953439816081731,6.61060631938692,5.470846609147796,5.388833621078753,5.5973151627073,False,-0.048761935808090434,0.0017991616436774619,-0.037958082872113844,True
203,IrSn2,Sn2Ir1_mp_2083,0.4848392093,11.9454375154,13.98939108307792,0.48484010070367944,11.945370456550686,13.98938077951865,1.1711131798216483,13.024225473979286,14.817271795011617,0.18879669745777317,1.8568362736731823,0.1370406157555698,0.37118269336365595,7,21.7502144336,2.765350911323519,22.5502298274,1.485875485284521,1.5182390714480485,1.4870070585240032,1.2306265311922786,0.9100766862184919,0.8843960572964469,False,-0.021547006728435788,-0.00076126337146173,0.028623875611421268,True
205,YZn,Y1Zn1_mp_2516,0.574960795,12.0077168615,13.893426716641939,0.5749609568057388,12.007701526632449,13.89342461823236,1.1570428018565817,12.98696810456904,14.668056777032714,0.13421711703475803,1.4439004410834007,0.10396553603094337,0.4152212281608507,7,19.5501721006,2.594658758924185,21.7502144336,2.7901770192235524,2.865963060229687,2.7903525088272265,2.3092572486846006,1.9444575069843744,1.9522921755967693,False,-0.026799398788166853,-6.289353110659541e-05,-0.004021135462882383,True
206,AsZr,Zr1As1_mp_10054,0.8591691522,12.0140695728,14.57527868748313,0.8591682309359172,12.014062145949563,14.575283369318766,1.213185281735262,13.140180161265333,16.17250726943965,1.5672712211710456,4.313797853661721,0.45403836080443166,0.1345712686217499,6,13.4501227513,2.3693871780505544,30.4502457842,7.807552701443521,7.904403841036297,7.508561816877504,6.213982193277934,6.529927081853108,6.489427572011909,False,-0.012328492131717925,0.03904761523315309,0.006221451300860213,True
207,Ga2LiPt,Li1Ga2Pt1_mp_20363,0.4846223601,12.0868529355,17.58421575647319,0.4846232389102818,12.086764859459858,17.58419970630306,1.454830958553857,14.676984903409519,20.59524869580824,1.5902760829985643,5.933081862959764,0.5655504854298821,0.05574257000245191,12,20.5501913428,3.209332246623849,46.6504214517,1.5192892292236617,1.5369960162146605,1.5018109337467989,1.2428780141352818,0.9914155943271012,0.8944454562825525,False,-0.011587259489722751,0.01157094405541651,0.10292989074111628,True
208,AuPbY,Y1Pb1Au1_mp_621592,0.069727234,12.1184349082,13.870467709926007,0.06972700081180172,12.118405337861754,13.870476780892485,1.1445793727955857,13.032853912669,14.609335820500204,0.2180959825038813,1.8384712459027788,0.11405912345255566,0.32420323867613154,6,9.8500942963,2.4848804078862625,21.050200964,0.0,0.0,0.0,0.0,0.0,0.0,False,,,,False
209,In2LiRh,Li1In2Rh1_mp_13396,0.3347538398,12.1213276137,16.478562295440096,0.3347543443088389,12.12128426527543,16.478552347301367,1.3594724772282145,13.960958144246272,19.50628994941754,2.2229198710462996,8.058206426094845,0.640839958316142,0.06342887317944483,10,42.9503502553,2.7452683851750033,44.0503714218,0.22180743168964503,0.18086363215065665,0.17859517727126997,0.14780290532794754,0.08970243477170214,0.04814849598019814,False,0.2040662468453187,0.2166879155028533,0.6222080105702895,True
210,CaPd,Ca1Pd1_mp_213,0.1372898306,12.1232418384,16.965164678732123,0.1372899727511218,12.123190790988764,16.965156427738584,1.3993969673684326,14.621099430707641,18.769649280208935,0.37554677607056,1.360695724121615,0.5025289326107586,0.37147333633005303,8,24.4502663876,2.722332274609961,29.5502284661,0.0,1.662765763086278e-16,1.6575592038673447e-16,1.3717731342350436e-16,0.0,0.0,False,,,,False
211,CoTe2,Co1Te2_mp_1009641,0.5023695219,12.1368094189,16.01241002285727,0.5023698743678293,12.136693545045434,16.01237958533082,1.3193362365046746,14.04994179217696,17.79264261149208,0.8223676675678695,2.377365596161027,0.42604578752943617,0.20564609567273162,14,25.649064965,2.9647732646941245,30.549023195,1.7235298155966947,1.785963317178354,1.7442776965995583,1.4435401627030826,1.1129706484145627,1.081083822414691,False,-0.03558353687748289,-0.01196613624063854,0.029068623150403403,True
212,PbPd3,Pd3Pb1_mp_20849,0.0745352195,12.1606498582,13.283759024737689,0.07453525300787123,12.160615549074363,13.283754649679834,1.0923587376044432,12.736259920710795,13.818315690175742,0.525514770404719,3.3747462079866377,0.11540110713889593,0.14705881549409636,8,12.3501151906,2.2760192591935993,23.3502452212,0.0,0.0,0.0,0.0,0.0,0.0,False,,,,False
213,K6N2,K6N2_mp_11801,0.2072451052,12.1863377451,18.70164445754437,0.20725548232413976,12.183954970966587,18.701178104086697,1.5349021026957292,15.605315993966684,21.309724269805788,0.8261850868270519,2.396951772187368,0.5367283179249107,0.22382484033690533,6,34.2503189047,3.0259429508666678,36.9503708588,0.0,0.000198605822615351,0.00019739881067039122,0.0001633645329685996,0.0,1.170185858156423e-07,False,,,,False
214,CLa3Pb,La3Pb1C1_mp_10611,0.8993340198,12.2158532315,19.961003938309315,0.8993347862963186,12.21576910656163,19.96099276035251,1.6340348762511054,15.896173295445866,23.34705043778155,0.9994064400428022,2.465226125927835,0.632170889532422,0.2128294795014755,9,41.5503233162,3.186836791293802,41.8503290889,8.207191340737712,8.83558918614516,8.29209542860157,6.86242380298061,6.844879753123643,7.331394569119439,False,-0.07377702857423392,-0.010291940312104631,-0.06866486132332383,True
215,CdSc,Sc1Cd1_mp_1211,0.2727540241,12.2828660138,16.349509348307674,0.27275408516023886,12.282845225597,16.34950361609549,1.3310843958225347,14.36666079706756,17.93390535247982,0.3738157575274703,1.3604179895903048,0.39770132997606794,0.38978281152911387,7,25.5502875541,2.9669294640417676,27.2501842089,0.029208382199706805,0.024546067601559102,0.024324271075636162,0.02013043123500924,0.0,0.0020808339914299813,False,0.17390406746580783,0.1829810681487686,,False
216,AlCu2Hf,Hf1Al1Cu2_JVASP_16363,0.3284796674,12.2936239951,16.851388997150945,0.32847942819295667,12.293599487458044,16.851392957126762,1.3707452381475895,14.44687257508267,19.142066345835012,1.1289860807211685,3.355965834663092,0.5601410407612143,0.10144642348730647,7,7.0500676294,2.4378676724204165,36.2503573893,0.17821587906134484,0.15749980918825576,0.15557671493182237,0.12875314339185298,0.06378366918964729,0.03902283928316584,False,0.12357137239335798,0.13585666557682993,0.49135009140592906,True
217,Ni2ScSn,Sc1Ni2Sn1_JVASP_15403,0.4523244416,12.3077619472,14.358905727161106,0.45232470160844174,12.307740159723375,14.35890218806507,1.166656266846943,13.238778284006568,15.645548727536491,1.6391488837909869,5.763503804279587,0.37178222068377986,0.07803721630271195,14,12.2501132663,2.6852644303276767,32.0502765718,1.2125333742485005,1.1504768602561095,1.1292477726147792,0.9345498807846448,0.7325652394020525,0.6138602402466842,False,0.05253535108481767,0.07116014549997188,0.1767851204660538,True
219,PtTe2,Te2Pt1_mp_399,0.2881540452,12.3524794313,14.108708582620169,0.28815471797692305,12.352415346020155,14.108698005575123,1.1421813151806643,13.302234544376848,14.78841742850368,-0.017418630392506906,2.0379397053591912,0.1074484895362549,0.3939078008565825,10,19.4501701764,2.712517397127909,21.7502144336,0.05316951063602815,0.04618925038497801,0.045767938069414156,0.03787691426434275,0.0099771722920283,0.005870783351214934,False,0.14073802834821417,0.14990131988921382,0.5303116378158239,True
220,MgPtSb,Mg1Sb1Pt1_mp_10184,0.3646253722,12.3788676546,15.958779281524011,0.3646257887871243,12.3788105615755,15.958769952928865,1.2892005959333244,14.098574540146684,17.7755564734817,1.0747065295939415,3.36161806685564,0.4686848131119842,0.11900335072308586,10,30.3502438599,2.5264602342165414,32.150278496,0.36711563328600977,0.3447778817321363,0.3399392945168534,0.2813290713242924,0.16093464188825635,0.12032276958552486,False,0.06277648687850229,0.07690981937142066,0.2908204531261043,True
221,In3Y,Y1In3_mp_20131,0.3125947765,12.4276219479,14.111078286495331,0.3125952921792953,12.427568074001183,14.11107007764774,1.1354651202569948,13.324973934826353,14.787503580648437,0.05509767522554454,1.8872180541238506,0.09910330236545825,0.3689729163757622,5,18.4501509341,2.756913469413865,20.8501971155,0.11216077161595919,0.10373953269481062,0.10267217438011135,0.08497007534905766,0.028839501222157133,0.020760386117039654,False,0.07805003853029398,0.0883921634367568,0.32869936040103276,True
222,Cd2Li2,Li2Cd2_mp_1437,0.3886832023,12.4317759317,20.68314121715558,0.3886839110724173,12.431684320168396,20.683121696971398,1.6637425118184814,16.556996805763376,23.96472698178633,0.8358126515979543,2.228807609270276,0.5678416252323814,0.22516097665662518,10,41.2503175435,4.26070722040344,42.6503444827,0.48711959382808767,0.520797900439126,0.5121459472632641,0.4238449218730462,0.23821077790764417,0.21258485675901964,False,-0.0668523939944816,-0.05009997219124925,0.11381466862097149,True
223,CoHf,Hf1Co1_mp_2027,0.7920451338,12.4349972996,13.47253238558735,0.7920453814526978,12.434981697776056,13.472530430041907,1.0834378978178483,12.950304711624321,13.990130984975002,0.5893576818452302,2.4300642554810516,0.019835279501343717,0.2795969209174758,6,10.450092236,2.5237371667525696,22.4502279031,6.893980649253091,6.897664399466429,6.624815548219474,5.482605970940254,5.582643912257352,5.527400272449394,False,-0.0005342002767511725,0.03982613148737684,0.009944892062078381,True
224,AuGeLi2,Li2Ge1Au1_mp_2935,0.5422031695,12.5110647335,20.51264960383714,0.5422040106202501,12.510989521478091,20.51263199866272,1.639569113494013,16.232614791636042,24.510944156444797,1.4145304443286812,4.11635573738892,0.7202998128209622,0.12386530139501284,4,16.5501143738,3.9544524116835644,51.0505061176,2.2989474591592947,2.456328491505348,2.3874438001791245,1.9758155587689303,1.607610721518247,1.5966232173825123,False,-0.06621636021432525,-0.03777186216402558,0.006858142951389309,True
225,ScSe,Sc1Se1_mp_1782,0.8319605874,12.5578539389,14.973449146265532,0.8319611335607646,12.55784219682431,14.973446080368376,1.192358197028064,13.670821171064775,16.34934783829707,1.2502295071045515,3.6300250096775692,0.43679345118665297,0.13600261332173702,4,8.8500750541,2.611991971610967,30.7502515568,7.664551814086338,7.747421418800991,7.382839831480685,6.109936412259878,6.347481812800322,6.301806791045158,False,-0.010754028976140313,0.03744767326167172,0.007221784828758441,True
226,As2Ni2,Ni2As2_JVASP_14508,0.5810058985,12.5976928193,15.999443297258814,0.581006368463878,12.597652018105231,15.999433138975832,1.2700329486781816,14.240491205203938,17.67577646084676,0.9338869867126595,2.9788115981959407,0.5467260187353872,0.08688686216541813,16,21.4502086609,2.944030674598336,38.4503997222,3.0918591927697165,3.1160607756371377,3.0268246513580896,2.504958332158419,2.251833250610728,2.1378861625117653,False,-0.007797041714272202,0.02125849031239239,0.051927096178302386,True
227,Ga2Sr,Sr1Ga2_mp_182,0.3945624721,12.6096321806,15.694451662791536,0.3945617715865749,12.609627974005761,15.694463188650573,1.2446412551586832,14.02135161697987,17.38381686909237,1.1565026024810918,2.7990090584600664,0.34367951140322506,0.20393625369548046,8,12.850111206,2.37854924705219,29.2502226934,0.5989369987596131,0.5767000448218563,0.5677103069827788,0.4698292195719548,0.2960524794952052,0.24321936639670272,False,0.03783413687837259,0.053545149523426094,0.19657295571398709,True
228,CoI2,Co1I2_mp_569610,0.482338344,12.6581548671,15.486967711844045,0.48234036001961117,12.657951912667112,15.486935567523423,1.2234945806695061,14.17251470612547,16.583125420900195,0.2305536197537148,1.7234377265079228,0.1918585691923215,0.3399307757153508,5,21.5502105851,2.8345772987744713,25.6502894784,1.5218717587474764,1.575207094165463,1.5420696968226115,1.2761956111635404,0.9279757808378377,0.9120138681971197,False,-0.03444575448201992,-0.013184475585980963,0.01735043789534023,True
229,Ca2GaLi,Li1Ca2Ga1_JVASP_40528,0.3514988648,12.661470508,16.61276265621405,0.35149909938242413,12.661437810343992,16.612757325005074,1.3120751034636033,14.475417096691256,18.78383352791787,1.308822547702631,3.734772106189127,0.4840396111895214,0.11986148380601896,11,14.0500662682,2.577389532162066,36.150355465,0.30366153245306676,0.27311451418829336,0.26946685067337184,0.2230070488331353,0.12723408800214822,0.08569445440381471,False,0.10602252792465447,0.11946832133328757,0.3952404883391474,True
230,CuZn,Zn1Cu1_mp_987,0.2534851102,12.7258676405,16.517707957861465,0.2534854593212349,12.725813975914987,16.517702288846376,1.297968233710469,14.750333735953545,17.966158950134,0.3517397841515691,1.8997359289066829,0.34397058225737026,0.2818443976238369,8,27.7501938301,3.129770485381246,29.5502284661,0.013062412864550479,0.009641791326383814,0.00956479562013286,0.007915692927006505,0.0,0.00039757261945065495,False,0.3036319454477328,0.3116496238541642,,False
231,AlLa3N,La3Al1N1_mp_4505,0.378509865,12.7374530594,18.496359881790255,0.37851025996227583,12.737398448717315,18.496351070862815,1.4521294238640576,15.311419394728112,21.77451800796577,1.6005808988680923,4.742552207946158,0.6549338736721211,0.11283632095084176,10,21.6502125093,3.8037533099125045,45.6504022094,0.4857850337198264,0.4529551826802285,0.44592499802600305,0.36904137767669215,0.24044537016638098,0.1739351381873807,False,0.06997302249239506,0.08561543658273837,0.32381045198692565,True
232,Cu2GaSc,Sc1Ga1Cu2_JVASP_16499,0.3324215311,12.7465585245,17.06629804458483,0.33242177815069585,12.746528993596613,17.0662923407709,1.3388972283626686,14.786115127322676,19.241638767876058,1.0818899981963452,3.046089322612956,0.48398436831052266,0.1313897317605265,13,33.4503035109,2.6934053790478223,34.8503304501,0.20057351271186402,0.17987828738689476,0.1776589032260677,0.14702805784226294,0.07257501671530177,0.046659436268384244,False,0.10890038549733545,0.12131538861080016,0.4417455553971446,True
233,NiSbV,V1Ni1Sb1_mp_505599,0.7546390614,12.7670492532,15.697014272169724,0.7546394761054935,12.76701814906354,15.697005837917997,1.2294966337985014,14.189012051992094,17.145555107789082,0.876624628473584,2.7614215620617553,0.3596003813276593,0.16795753381768838,10,7.4500617206,2.8160327777285374,31.6502688749,6.270968821693531,6.400968969683159,6.134014812987747,5.0764260521277915,5.034304959426684,5.036072379848079,False,-0.02051852069375062,0.022081379137116157,-0.00035101374655516253,True
234,CoSbV,V1Co1Sb1_mp_4076,0.7236876945,12.8408175121,17.165033976817522,0.7236875456996046,12.840789541422318,17.165024723492195,1.3367577334805303,14.9397654070447,19.1125933778215,0.7372765018422724,1.9298820393404337,0.5461914256485014,0.30540392128409205,9,29.7502323146,2.555780292850757,32.150278496,5.575337859022008,5.851689465717499,5.610517588288973,4.64318696961846,4.382043230513103,4.526179847671465,False,-0.04837749908324156,-0.006290058980760561,-0.032363176382080874,True
235,MnRhSb,Mn1Sb1Rh1_mp_568983,0.8067825475,12.8590655509,17.30335353100953,0.806782930901861,12.859036530831514,17.303349122350298,1.3456178525399523,14.982188512199038,19.43638112007939,0.9422203278729127,2.5103798568480316,0.4702530747766965,0.18645719008797812,9,16.9501220707,2.6154309038001635,33.1502977383,7.161016301024544,7.478596470351132,7.11377386225333,5.887261127382064,5.831093920225884,6.020047120400818,False,-0.04339322434295709,0.006619027069535762,-0.03189046743592796,True
236,LiMgPtSn,Li1Mg1Sn1Pt1_mp_11806,0.3238623647,12.904019388,19.804228189422076,0.3238627087403594,12.903960743178411,19.804216900173504,1.5347393946965364,16.053450061627743,23.391483826388534,1.4005296376959946,3.9229670300462205,0.6271726817109331,0.10504796695793223,18,14.7500797377,3.1404486936056575,46.1504118306,0.16789868425660814,0.1470021932806214,0.14519519544258416,0.12016154105593171,0.060358322225235954,0.034399288692718306,False,0.1329132206385542,0.14528171497748643,0.5622629507490989,True
237,AlSiSr,Sr1Al1Si1_JVASP_15255,0.6428777656,12.9114161738,17.721566381812867,0.6428780665167034,12.91138589383044,17.721559477232674,1.372552847769868,14.783518623747764,21.45607167166491,2.5834322232622644,9.364641400879469,0.8118665938660938,0.06203241559713491,13,50.750500345,2.677349945762466,53.5504181662,4.366515728781009,4.331551877717282,4.1808287684152425,3.459996222136753,3.4127541250328566,3.165229112780081,False,0.00803949588919208,0.04345587817399274,0.07529418413238555,True
238,MgRh2Zn,Mg1Zn1Rh2_JVASP_38856,0.3237456615,12.9147213973,15.598595111941973,0.32374506178187007,12.914686022231601,15.598555809488238,1.2078153338483466,14.115305344411263,17.39852735407496,2.0096726610620554,8.35939461195935,0.5991564544475405,0.03386519345341715,10,13.2501189029,2.7173703186342704,41.0503136951,0.1881752708503744,0.14652647866605836,0.14487190107775613,0.11989398709883264,0.06905488119578196,0.03424319532420374,False,0.2501676664000779,0.26152390915954976,0.7014136997956802,True
239,Pd3Sn,Sn1Pd3_mp_718,0.1036590016,12.9252065309,14.693337038848595,0.10365908137606583,12.925172622083016,14.693332305793085,1.136799695865502,13.822916428507659,15.513504210863976,0.5105506488081022,2.514263065041587,0.20535964785289265,0.1914398043817952,6,24.150260615,2.6033240751996716,26.0502971753,0.0,0.0,0.0,0.0,0.0,0.0,False,,,,False
240,GaNi2Sc,Sc1Ga1Ni2_JVASP_16521,0.4218503261,12.9286907927,15.949994120268508,0.4218505996814696,12.928645652524487,15.949987691473964,1.2336936226850275,14.37953454320136,17.577432664992543,1.2253976096315933,4.417739626967954,0.4216140385045828,0.07367803032419523,16,16.1501066769,2.9185669413484754,34.9503323743,0.8940984216093224,0.8564484581111207,0.8417171859017563,0.6965935331600741,0.49715076739589253,0.4101885017255094,False,0.043021721782757906,0.06037178630588585,0.19227652066805279,True
241,Au2Sc,Sc1Au2_mp_1018148,0.1506102855,12.9665389895,18.034296350731292,0.15061051369711348,12.966474523185177,18.03428184502111,1.3908392611094291,15.482455971385182,20.162624640173494,0.648436874622839,1.7056332498638085,0.47419394261525183,0.3141051164471846,11,27.7491053737,2.760520204159322,33.3490770733,0.0,3.222292518363919e-11,3.210647813199313e-11,2.657087845406328e-11,0.0,5.653584002486234e-60,False,,,,False
242,Zr2,Zr_mp_131,0.7345911206,13.0198603912,14.817417910243337,0.7345916703840122,13.019812437135142,14.817411467036314,1.1380664305711543,13.956735700710855,15.579128691530006,0.20800336674462583,1.7765907382014976,0.07762229043136015,0.3714883536340366,8,21.6502125093,2.7584044383584096,24.5502683119,6.027164283216225,6.117807457056586,5.888569129209162,4.873298589690341,4.7476741478015585,4.765489469457092,False,-0.014927141678372969,0.023263596076885266,-0.0037454086145321244,True
243,NSr,Sr1N1_mp_1058586,1.049955412,13.0663513558,19.032394303623494,1.0499555646132934,13.06634406711873,19.032393847844443,1.4565967152004817,16.053960909233673,21.491914206498745,0.7081918525438438,1.9828528232196792,0.6095479673605795,0.1973559637967505,7,28.5502092239,3.1896581044565027,43.1503541038,11.863059393521542,12.277647306884193,11.355925510459294,9.398007319000794,10.223641048696862,10.53501689912416,False,-0.03435099769104544,0.04368964018380895,-0.030001863024963486,True
244,Li2PdSb,Li2Sb1Pd1_mp_10180,0.3793475888,13.0805755776,20.25098161437366,0.37934789279392805,13.0805262771308,20.250973052965403,1.548177238737785,16.26984593318901,24.14927763724437,1.528781493925797,4.211629752029114,0.6436873133344752,0.1592991980533215,13,16.7501182223,3.680484819709504,48.9504657089,0.4943175113829081,0.4717850526605636,0.4643282059073068,0.38427161868190907,0.24522457984054097,0.18212046217793496,False,0.046654561359489526,0.06258640381832685,0.29750609485652874,True
245,Ta,Ta_mp_50,0.9053635789,13.0965093467,14.152397747576204,0.9053642583779327,13.096468284412902,14.152392361110607,1.0806266280165349,13.676409246471277,14.553605245750475,-0.394235303391579,2.46867568623531,0.04568180605146375,0.4674878928053639,5,18.3501490099,2.569856286803247,21.1502028882,9.418938879764152,9.445602644553617,8.994389666736565,7.443632827644052,7.867988623224308,7.873635303816342,False,-0.00282686780501286,0.046121424185486364,-0.0007174203704010498,True
246,InLi2Pd,Li2In1Pd1_mp_21029,0.3563583398,13.1155075506,22.042668399821743,0.3563589372032715,13.115419769325277,22.04264956426921,1.680666722983827,17.38397910142642,25.96265620016701,1.071725472505085,2.735015482913182,0.6085031443138462,0.21719183455932556,14,47.4504368455,4.649295049561759,48.4504560878,0.3124006115715142,0.31223862254004503,0.30771250568272895,0.25465862539260326,0.1352818762518511,0.10209388579043427,False,0.0005186642985403729,0.015120451663987993,0.28146773503310335,True
247,Pb2S4Ta2,Ta2Pb2S4_mp_20985,0.3756710693,13.1176472125,21.01635119186249,0.37568471039230666,13.115789443784136,21.01596758725854,1.6023410315738542,16.884011175119685,24.68990715080954,1.1764354090378049,3.027937634317081,0.7433323439726147,0.20741262597917057,20,37.7503862526,3.4649742176976313,48.4504560878,0.4473997614625135,0.44488803397577287,0.43792152233200043,0.36241781158510383,0.2141228012615066,0.16773549968293205,False,0.0056298744279143125,0.021412794326981673,0.24416135603706446,True
248,AuMgSn,Mg1Sn1Au1_mp_5549,0.3096442437,13.1181213186,16.793582964787472,0.309645004366373,13.11805208499155,16.793582278742416,1.280188717801789,15.036062052858052,18.291586443374747,0.47138288085064617,2.0770417546400695,0.3232390703245764,0.21798910657644385,7,27.1501822847,3.4502521009513063,28.4502072996,0.10900551905296947,0.10048083853740586,0.09939087808645757,0.082254519795689,0.02915872448866451,0.019207805645797653,False,0.08143146645918618,0.09233817476331319,0.41743742389935556,True
249,Pd2Ta2,Ta2Pd2_mp_999133,0.360652314,13.1983652594,15.335895691543419,0.3606526337579945,13.198325068117823,15.335889809040395,1.1619572733578234,14.3190498713611,16.223455729907133,0.23413092938431723,1.967221447408002,0.1718001857224563,0.2918135389145308,11,16.8501201465,2.9164519282781285,26.0502971753,0.3584330718709833,0.3409031114581714,0.33646671445653153,0.2784552119640261,0.1452540329624703,0.11542545717611374,False,0.05014364697973645,0.06324272599678976,0.2298592318170959,True
250,BeHfZn2,Hf1Be1Zn2_JVASP_68174,0.4947590744,13.2556719996,21.52941278534322,0.4947593384586658,13.25564637179143,21.52940643890062,1.6241687379889747,16.825798052740446,26.219242462268745,1.7144328015393044,4.8718814449812395,0.7363489476994781,0.1290537096769037,4,23.2502432969,5.336816066635365,56.9504835899,1.7883552175520654,1.8372755958911469,1.7927378309248303,1.483645101455032,1.1945544429282857,1.0939802402390706,False,-0.026987495407684706,-0.0024476412656349628,0.08795062285320242,True
251,Cu2GeLi,Li1Cu2Ge1_mp_567097,0.3162553871,13.2770113242,18.682558212321993,0.3162555680482898,13.276987016768663,18.68255356948464,1.407138046146224,15.681239687091136,22.12257929030533,2.023091075181664,7.890919998016975,0.7260801031090123,0.044986777325699785,8,23.8502548423,3.034898432929183,52.8505407537,0.15784774814108263,0.12313958220852762,0.12171132106044828,0.10072661053278478,0.056596277800458186,0.026000264005235158,False,0.2483124224267045,0.25997892909434434,0.777836527786416,True
252,ZnZr,Zr1Zn1_mp_570276,0.2119176851,13.2920418676,15.464524175347265,0.21191813993018355,13.292012064047395,15.46451736627092,1.1634444275069369,14.362861248966713,16.55187405657433,0.8272202439758835,3.008959053697374,0.2856331191888007,0.15332766515270213,12,13.6500585713,2.9850416797356623,31.8502727233,0.0,0.000371593996829646,0.0003694551810085563,0.00030575601186915005,0.0,4.6652040858043125e-07,False,,,,False
253,GaIr,Ga1Ir1_mp_11388,0.2550115892,13.3145417506,15.250079690788505,0.25501177520881113,13.314519051846643,15.25007796707046,1.145372048940466,14.18410038043842,16.476593151984982,1.617196761354067,4.770109897329594,0.18666864752725565,0.1328678238146467,5,15.1500874346,2.523667381602745,32.0502765718,0.01795265173842467,0.010988353484845703,0.010905082651373967,0.009024895987343972,0.0,0.0004854218361842565,False,0.4909018953873709,0.49850885434053466,,False
254,InMgNi2,Mg1In1Ni2_JVASP_17553,0.2134854261,13.3485408997,16.659821666113356,0.21348562745718608,13.348487411481619,16.659813765378644,1.2480675339326317,14.975716184518706,18.35509311576256,1.1102994688734031,4.290294398201541,0.3866826899226477,0.06203968574371162,14,35.1503362228,3.1887580278907763,36.3503593135,0.0,0.0004428295205343336,0.0004401640755147517,0.0003642737176673807,0.0,6.977398876546492e-07,False,,,,False
255,CuSc,Sc1Cu1_mp_1169,0.361830932,13.3569159082,17.593183476747463,0.36183111525775535,13.356909552414455,17.59318381656243,1.3171597627074,15.476837641136632,19.38174994261871,0.5534201711008612,1.675919591372198,0.43571035062175684,0.32150136547882174,7,29.950236163,2.9373272780195228,31.5502669506,0.3599740035054575,0.3531308010318484,0.34818853265728844,0.28815602702672155,0.15014399348640728,0.12064537465822936,False,0.019193286891286642,0.03328772277318789,0.21873933572926652,True
256,AlPd,Al1Pd1_mp_829,0.4710924247,13.3742486859,18.137840675549004,0.4710935495992485,13.374227269570602,18.137827400033633,1.3561775969891958,15.40163898841347,21.01580423525277,1.579123753834697,3.8729756193920126,0.6695901070810517,0.17656978168932635,5,10.3500903117,2.5501921465448802,41.5503233162,1.5271297631387937,1.5053316711598705,1.4731554728428853,1.2191631499389395,0.9669388369032621,0.8470359912754759,False,0.014376748331681065,0.035983321416363324,0.13239205669397477,True
257,AsGe,Ge1As1_mp_7591,0.5427341484,13.3937470196,16.600636512950338,0.5427345485758953,13.393704902105528,16.600629984906107,1.2394352500850188,15.064473667333091,17.869075033955205,0.2612619832667148,1.529017932581381,0.3378446897743255,0.37136773535125783,8,22.6465582115,2.8218211164132097,28.3466678924,2.527512987738075,2.6315528026753907,2.56466311518384,2.1224798194624888,1.7048849615301285,1.7128564768106955,False,-0.040338280758765194,-0.014591320417146095,-0.004664793917030056,True
258,AuGaLi2,Li2Ga1Au1_mp_30381,0.4460299569,13.4408717641,22.01463872447377,0.4460304943990229,13.440800836496617,22.014619863468543,1.637894953676489,17.459573092242422,26.1214954724339,1.2787611168269644,3.486924929617384,0.687367510704348,0.16096052761033228,10,16.3501105254,3.4592950588757754,52.0505253599,1.1234952172733692,1.1789566963833205,1.1546596263628874,0.9555803804382518,0.6718026297478473,0.6163261306524102,False,-0.04818533612846497,-0.027361049107071475,0.08618833534013352,True
259,F3RbRh,Rb1Rh1F3_JVASP_138926,0.5876295426,13.4659363735,20.757996833408566,0.587630191245334,13.465879558590998,20.75798536352262,1.5415246566853025,16.666800292984234,24.70829001864052,1.4773798249876373,3.773650813108931,0.7705008270102176,0.16182776405882948,2,41.2503175435,5.898083310109243,55.650458575,3.336419161084434,3.4615474241428186,3.3527380811308354,2.7746797912806915,2.469604689898825,2.3926794044795385,False,-0.03681759709168499,-0.004879225238885998,0.031644265524019555,True
260,Os2TaZn,Ta1Zn1Os2_JVASP_37415,0.3556923541,13.4726428795,15.667950171506163,0.35569242338667173,13.472616859234453,15.667948147471645,1.1629476523510323,14.618651754587605,16.59262054959324,0.28129099244724165,2.180023397871012,0.2399818237057656,0.2710812747382282,13,13.3501208271,2.8257937338510324,27.6501919058,0.3373917587458636,0.3159931731953142,0.31196492341102766,0.25817786765050565,0.13424259402276928,0.10278673990415237,False,0.06552413450426527,0.07835398752084738,0.26699221085931735,True
261,Pd3Y,Y1Pd3_mp_559,0.1942655298,13.4772441025,14.764510402824063,0.19426576557922276,13.477210752279376,14.764503854101216,1.0955162848962736,14.14122957390086,15.354316876919116,0.3617138525815945,2.7636101693688193,0.030654713296929145,0.31954478220360766,8,16.3501105254,2.500565555282299,23.9502567665,0.0,3.603303224591635e-05,3.585790357686052e-05,2.9675506408436296e-05,0.0,1.046562815900954e-09,False,,,,False
262,Ca,Ca_mp_45,0.108641335,13.4818219158,14.797524327781995,0.10864141792718679,13.48176132006592,14.797516587551472,1.0975952055705966,14.214050674573421,15.270648538399806,-0.4681979178695817,2.2023827796493136,0.04388482098538526,0.5480301860374583,6,19.4501701764,2.645556557693319,21.3502067366,0.0,2.2502026312209557e-261,2.2456811321830025e-261,1.8584947300824848e-261,0.0,0.0,False,,,,False
263,AgMg,Mg1Ag1_mp_2696,0.2244683457,13.5041354623,18.9527484561501,0.2244684949349705,13.504113133887037,18.952744203649456,1.4034793707473983,16.193024533348616,21.194336769422083,0.5890232208506234,1.4828893271791133,0.5158285211597633,0.3546335449309359,7,28.6502111481,2.4808555090340856,32.5502861929,0.0,0.0013067784428953102,0.001297937413792764,0.0010741551010698736,0.0,7.539745043847285e-06,False,,,,False
264,HfRuSb,Hf1Sb1Ru1_mp_31456,0.6465299745,13.5092243855,15.916009592413545,0.6465304645902423,13.509183189323155,15.916002486040528,1.1781617188091416,14.78575549934051,16.85294670294859,0.07309480014611858,1.5811577109789727,0.18826456616303444,0.3559505784113579,11,15.9501028285,2.7212577757845446,25.8502933268,4.454118792004262,4.589342491200241,4.442631100456767,3.6766602210676695,3.3134837164147153,3.3661308744083147,False,-0.02990752636881353,0.0025824482132629743,-0.01576385808034428,True
265,PPtY,Y1P1Pt1_mp_16304,0.42557209,13.5279636252,18.806540878173212,0.4255730174210931,13.52785316996319,18.806521136205966,1.390207366972563,16.002065939079415,21.762924345325988,1.57962898129932,5.337683615174948,0.554202613514861,0.08611966023148734,10,22.0502202062,3.1748068773677556,46.7504233759,0.964484074426733,0.9389389073163651,0.9216554729900417,0.7627493569572757,0.5533326649523121,0.4563361630170732,False,0.026842904808669923,0.0454218402927807,0.1927296472491619,True
266,MgNi2Sn,Mg1Ni2Sn1_mp_30774,0.2753044299,13.5339494417,16.060204986341237,0.2753047415791787,13.533926744860107,16.060199821743915,1.1866622396078235,14.701516181761209,17.612595081607637,1.6380664288872984,6.364641729304283,0.36722968526124267,0.04811752196271108,8,12.7501092818,2.776882545674769,36.9503708588,0.0447415222493922,0.030231157230866126,0.029967954269707345,0.024801065602516423,0.0,0.002764135710676839,False,0.39202889089840476,0.4007733601027918,,False
267,InNi2Sc,Sc1In1Ni2_JVASP_18039,0.3170267575,13.5476176019,16.182267644820364,0.3170270473795357,13.547583512004389,16.182261802096555,1.1944758847773556,14.851504642017806,17.486753441526748,0.8720021018919195,3.2238173524040756,0.2692140677359095,0.16588527681725415,10,28.9502169208,2.889525551461386,31.1502592537,0.1495910618687048,0.12827907242001774,0.12688556452971267,0.10500874305907255,0.04583020788038314,0.02738846388649684,False,0.15369717299071953,0.16461970332972428,0.5148215357152104,True
268,Cu2InSc,Sc1In1Cu2_JVASP_17953,0.2562736386,13.6724299273,17.298590985875123,0.2562737554297344,13.672404994317729,17.29858731675603,1.2652190542882067,15.449192546512085,19.004258378458807,0.7834621368996147,2.323801952835432,0.3320246683863794,0.2036349176681618,6,29.7502323146,2.7281027504000726,31.1502592537,0.017009506758717957,0.012104054844285745,0.012006732839290398,0.009936606487688607,0.0,0.0005649627274124395,False,0.3402319012879147,0.3483048464634451,,False
269,Nb2S4,Nb2S4_mp_10033,1.5178521449,13.6734032109,19.4905734675304,1.5178601519047275,13.673112119179056,19.49052272501589,1.4254635342071718,16.370655277362008,22.4124718068469,1.1628514189345753,3.0572549692921838,0.7023710106879896,0.1245330274052529,18,33.7503092836,3.1223674378555186,50.2504907238,20.718868221492976,20.925453432226785,18.29009393788475,15.136629465835652,18.72070087417141,18.7823188942254,False,-0.009921492157679247,0.12468519497069924,-0.003286032745123689,True
270,Cl2Cu,Cu1Cl2_mp_30999,0.3448967849,13.8004234346,18.535629755322585,0.34489782147309966,13.800256681467898,18.535601599064094,1.343134553718497,16.286733194402196,20.522148735723324,0.716615973644213,2.873787431426778,0.3702176401862993,0.22738821757264963,3,27.3379409996,2.8751931335007352,40.4380570161,0.27811318372393534,0.25903054983417406,0.25564104250714753,0.21156500069557035,0.10988871746030898,0.0765027936971914,False,0.07108215875967136,0.08425388372895858,0.3621409351846399,True
271,AlGaSr,Sr1Al1Ga1_JVASP_110999,0.4162726697,13.8117471185,19.014934794092774,0.4162725993997474,13.811729367663297,19.014934266058116,1.3767236353889774,16.173089495890892,21.785665852587204,1.2575801414828958,3.1961051000811067,0.5888496027297813,0.16349029139328375,8,36.2503573893,3.7906770513628105,38.6504035707,0.8605741850480506,0.8534508086998023,0.8383268702622356,0.6937877546997813,0.4674828657690787,0.3992826416140016,False,0.00831191772094662,0.026191739089103116,0.15769315621258598,True
272,Pt3Sc,Sc1Pt3_JVASP_14738,0.247045188,13.8254965524,15.378568847171703,0.247045802214055,13.825465399176371,15.378558812922616,1.1123357058084111,14.540037691634584,16.39280469544264,1.885133284448104,7.785494201645794,0.18533116843422065,0.05799557822295457,5,14.4500739651,2.504771777726658,32.8502919656,0.012568194466796963,0.0071350664677034045,0.007084542815600544,0.005863069916359071,0.0,0.00021387735747804775,False,0.566147807392142,0.5732540314394824,,False
273,AlIrSc2,Sc2Al1Ir1_JVASP_39109,0.2491502493,13.8608919545,19.638237551300268,0.249150411323804,13.860855791347207,19.638228328662784,1.4168121091716548,16.567638490924534,22.546345864930377,1.1840332414122177,3.3726406936695232,0.628121433821871,0.11590799732966096,15,15.3500912831,3.080587270659881,47.2504329971,0.014041935254020702,0.008145696158608048,0.008080621741916368,0.006687411096758374,0.0,0.000272433124039331,False,0.5445585186325514,0.5525794098746455,,False
274,Ag2O,Ag2O1_mp_7711,0.4115913227,13.8679139312,20.83803608775309,0.41159189877822505,13.867826652694577,20.838021258897697,1.5026162195969461,17.403325073821975,23.580502612818563,0.6530225228655329,1.9130792296305852,0.560328237780249,0.27297299275782966,9,32.0502765718,3.259303829693803,42.8503483311,0.7686113636359084,0.8064764778053267,0.7920715866106787,0.6555075199536651,0.4066179870025216,0.36960964792639545,False,-0.048089268496778664,-0.03006631199274325,0.09542669467813493,True
275,TaV,Ta1V1_mp_1217812,1.3331147661,13.8775394391,17.049726016086005,1.3331169927157185,13.87744282549328,17.049711892995877,1.2285917591153785,15.613742749011733,18.214418692942868,0.12272297582318215,2.099852108516367,0.29380255762473473,0.19661381909686462,15,20.5501913428,3.156371576149832,32.0502765718,18.183182621190838,17.996723646641435,16.28490946241632,13.477166451654885,16.159367522965866,15.999460802602938,False,0.010307413401939988,0.11025825595590186,0.009944892062078381,True
276,Te2Zr2,Zr2Te2_JVASP_359,0.2185643879,13.8897804088,16.671390319898336,0.21856452668448498,13.889693730576251,16.671368483481697,1.2002689769020587,15.371633142132147,17.75074190227433,0.1502219357220973,1.6908785632613998,0.2086909026048177,0.3805084560875926,7,22.8502356,2.9347131088647975,27.0501803605,0.0,0.0007757625920191355,0.0007710041203156527,0.0006380723754336435,0.0,2.3601201895696084e-06,False,,,,False
277,AlY,Y1Al1_mp_11229,0.241392059,13.9094593806,18.119384927430623,0.24139207542190663,13.90944862006159,18.119383830465,1.302667296554906,15.874197589265833,20.25920851337699,1.0203114797769588,2.4856199951421476,0.44534849981567365,0.22937914372114748,9,28.2502034512,2.8990292420161827,35.1503362228,0.0,0.004977509780985911,0.004940630122357864,0.004088797342640991,0.0,0.00010785038865305107,False,,,,False
278,S4Sn2Ta2,Ta2Sn2S4_mp_4538,0.3306566658,13.9108747742,20.660072342968693,0.33066028372760814,13.91023641873336,20.65994570030515,1.4852332540144135,16.98779073152765,24.209634704071075,1.3788893622287421,3.607105012896936,0.7206866586785909,0.1801450560994246,14,46.8504253002,3.5471625212174374,49.1504695573,0.21516470213044964,0.18814423225197668,0.18577071359537423,0.15374128021686143,0.08167425523767821,0.0478252679704832,False,0.13419492975927816,0.14689060059672412,0.5351847203802378,True
279,BeIrNb2,Be1Nb2Ir1_JVASP_70927,0.9322290036,13.9393557549,19.31816098465638,0.9322310260786902,13.939230181974812,19.318139116862586,1.3858827829562197,16.23050594233824,23.340139884731048,2.6912791233387923,11.862958880298121,0.8233395818544738,0.03844786691566852,16,58.6505163018,3.3657581417789575,63.4506086646,10.706228925856198,10.723737469392955,10.063865702411025,8.328716443374642,9.235809994530989,8.982385453759486,False,-0.0016340247212279985,0.06187435917794761,0.02782283124413445,True
280,CuPd,Cu1Pd1_mp_1018029,0.1302109384,13.9555609465,16.809403365217932,0.13021099831922636,13.955538580890456,16.809400783227062,1.2044967441274137,15.376423751648836,18.1508548119028,0.692136645798898,2.358804698358372,0.22357161160852745,0.2191297440872362,8,17.8501393887,2.980809773387917,30.7502515568,0.0,1.181395680572181e-21,1.178132731045157e-21,9.750063981063367e-22,0.0,0.0,False,,,,False
281,MgY,Y1Mg1_mp_615,0.3574742839,13.9650009819,17.30255583816738,0.3574744348717677,13.964971855176856,17.30255439302598,1.238996724981717,15.627893072833237,18.77034911556642,0.5151134924424425,1.5141857543209611,0.1804323361238277,0.34281384671818316,6,24.9502760088,2.407209025993655,28.5502092239,0.34921978501759676,0.3394107642134543,0.3348807167442534,0.27714266213317523,0.13851477499412118,0.11202616613208022,False,0.028490412769502677,0.04192708148927005,0.21224452840750832,True
282,CdRh2Sc,Sc1Cd1Rh2_JVASP_40613,0.2325748693,13.9839055813,16.92248930782348,0.23257609722292322,13.983917890262246,16.92254526694954,1.2101433517951088,15.49314107093037,18.176779116888785,0.4215537616205466,1.9865362553137114,0.3253768538204123,0.26370034592026487,16,26.5501707394,2.895909955622959,30.6502496326,0.0,0.002644636133824241,0.002626707731474275,0.0021738270881166417,0.0,3.109768426365833e-05,False,,,,False
283,CoTi,Ti1Co1_mp_823,1.0120848565,14.0937574262,16.361239089240765,1.012085030346337,14.093745947031561,16.361237861756496,1.160886390548463,15.088860755610707,17.87321147081458,1.828592020192998,5.902769343700219,0.4359130912891581,0.09894885917373945,9,10.9501018571,2.7235142082209114,38.350397798,12.36931764988687,12.354425078152648,11.600330099750128,9.600273186000106,10.760822982803827,10.550097913097936,False,0.0012047183712620812,0.06418546860986077,0.019776896458097968,True
284,AsSn,Sn1As1_mp_2182,0.3263250467,14.0986735271,15.103891090430968,0.3263251150838209,14.098663720820657,15.10388984102787,1.0712993897941343,14.661012989308835,15.450392171919383,-0.8958039434901626,2.4987315628576874,0.014282652275342169,0.6894823920408115,4,17.2501278434,2.3070554622058808,20.4501894186,0.18006000783055914,0.17079274985792167,0.16900329227324268,0.1398647936054422,0.051274358220565544,0.041236947039355286,False,0.0528393398540501,0.06337197652885537,0.2178561601652609,True
286,RhZn,Zn1Rh1_JVASP_15701,0.2248307106,14.1162221378,16.20481181092826,0.22483138972976974,14.116203655985062,16.20480398790668,1.147957650854384,15.100601335592803,17.38623585381726,1.2113913566840941,3.8694963231044337,0.2058533551273202,0.11901284245376542,5,13.8500624197,2.7014934902628234,32.7502900414,0.0,0.0014096427339356195,0.0014008245782110174,0.001159303099209118,0.0,8.42923392065679e-06,False,,,,False
287,BeNbRu2,Be1Nb1Ru2_JVASP_67604,0.5669899568,14.1392827222,19.097360059720298,0.5669903655357376,14.139244087921691,19.097353106118867,1.3506629482712298,16.31827119578541,22.484516599053375,2.2566970801966337,10.330729455095735,0.8054104588170419,0.03014775980302479,12,47.7504426182,3.2317699751538487,67.650553425,3.321071051861669,3.231957478205698,3.139987148738099,2.5986100541280814,2.4695330286413295,2.177801474332748,False,0.02719935280816681,0.05606862973148737,0.12571320562387037,True
288,Sb2Ti2,Ti2Sb2_JVASP_20613,0.3122921475,14.1397047547,19.41825892896683,0.312292375988915,14.139675113129496,19.418255770763018,1.3733169691241391,16.905562671306114,21.355142224152388,0.31919377859708226,1.3878601427872124,0.399109902586522,0.3690659264175764,7,29.6502303904,2.8400727617966393,31.9502746475,0.12087869297161577,0.11711865793299542,0.11579672555926952,0.09583177287663684,0.03301818591796525,0.023325713956534263,False,0.03159991405339187,0.04295121724644843,0.34750214276225727,True
289,Pd2Ta,Ta1Pd2_mp_30835,0.3882625721,14.1460169852,16.058525504301446,0.3882630917985713,14.145983046629583,16.05852020578935,1.1352000177616108,15.14862717195877,16.870578842743313,0.23052003257583997,2.208948176781991,0.15186249420324455,0.26849883685340065,19,23.7483481195,2.982927160734297,27.5484212401,0.611022794442396,0.58740505283151,0.5789945101354599,0.4791678704569323,0.28559425493099644,0.23930733252132377,False,0.039419644499443816,0.053841269358699526,0.17682347848704089,True
291,GaOsSc2,Sc2Ga1Os1_JVASP_41850,0.3388976359,14.2133661538,19.56106166772908,0.3388980238884865,14.213311816281799,19.561051239320754,1.3762486528236826,16.83987145186672,21.935617056236005,0.7863125287709253,2.1260641718049293,0.5203648883796138,0.24434757265482787,6,32.6502881171,3.0880674644522808,39.6504228129,0.25104704346369944,0.23350296679587002,0.2305048743962708,0.1907626546727758,0.09457764186139722,0.06496562486404209,False,0.07244556293610388,0.08536833645972365,0.3755628224037623,True
292,PtRhZn2,Zn2Pt1Rh1_JVASP_38821,0.1091647254,14.2305963526,16.966319165408272,0.10916478449650147,14.230557289344217,16.966313367849807,1.1922451821724587,15.60903206234209,18.222220507847243,0.6029141493547587,2.2792127466087706,0.254112171935968,0.21988055234010612,8,27.8501957543,2.7858739522437803,30.6502496326,0.0,1.2652626929534103e-207,1.2626090012999469e-207,1.0449177941792664e-207,0.0,0.0,False,,,,False
293,MgPdSb,Mg1Sb1Pd1_mp_10183,0.321664668,14.2329091959,16.943444913440715,0.32166493836948395,14.232868053222585,16.943438380287983,1.1904444218079908,15.592860319756669,18.234364506163228,0.7414945370940202,2.8859999030175922,0.23585845222774496,0.13477695393021757,6,16.3501105254,2.635450689045946,29.950236163,0.17140001678739322,0.15286145963990264,0.15116670358251696,0.12510347882691059,0.05291287987267533,0.034771563606365824,False,0.11446808546970257,0.12561687901312074,0.4198468700895067,True
294,CdZr2,Zr2Cd1_mp_1018104,0.557689198,14.2603373918,16.393139933039066,0.5576901670460871,14.260241824386963,16.393125581188173,1.149568554521543,15.456859767569753,17.139059482274504,-0.25231900343671876,2.1523538679366143,0.15736247873841205,0.3448396699230011,12,17.5495893879,3.008703021596134,27.1496380565,3.0115717664153783,3.074577715386386,2.997541888265306,2.480724321323012,2.062790591103643,2.0466450301813452,False,-0.020705439493653204,0.004669541782471748,0.007857840096143239,True
295,InRh,In1Rh1_mp_899,0.1796603112,14.3473329322,15.538479867493473,0.17966035655829804,14.347323430653203,15.53847851718744,1.0830228085601892,14.924500071607282,16.17651849919068,0.882044724762534,2.9685588410100348,0.02267910012297809,0.19463780989561053,5,14.7500797377,2.403123717024625,26.2503010237,0.0,2.334656764867753e-06,2.3246567820057498e-06,1.9238538885564828e-06,0.0,9.963587756953917e-14,False,,,,False
296,LiPd,Li1Pd1_mp_2743,0.1507433937,14.379404779,23.62347747053765,0.15074353038481209,14.379364686803232,23.623466660130447,1.6428727676551007,18.13490519413832,29.01910823640193,1.7303434313417962,4.194246655119004,0.8348201675189527,0.16517983248104737,10,12.4501171148,3.09981757831764,56.4504739688,0.0,3.887092168078035e-11,3.8726639871890704e-11,3.204963299742679e-11,0.0,4.605943849045229e-59,False,,,,False
297,Ag2F,Ag2F1_mp_1391,0.3282714039,14.3990259923,18.94005081477344,0.3282719989634788,14.39892005191382,18.940033693932964,1.3153787662995995,16.72092127108428,20.824365031785163,0.5481997340811429,1.807583175434575,0.3585294352617299,0.29688192451051426,11,30.6502496326,3.0781230888377547,33.2502996625,0.19357433027345594,0.1834840513277583,0.18127921348928633,0.15002417668078866,0.06342975217430247,0.04534967095582875,False,0.05353382451649058,0.06562311586975975,0.3355301076892341,True
298,AgLi2Sn,Li2Ag1Sn1_mp_567347,0.3329584068,14.4243469554,22.30222381667577,0.3329587925477831,14.424290697691136,22.30221601534101,1.546156860171355,18.27143893120134,25.732319066020096,0.944009893604746,2.470929147708503,0.5376502720007054,0.24112953934573103,10,30.3502438599,5.062495847223177,45.2503945125,0.21462793051245452,0.2063047235855708,0.2036516719046108,0.16853931467967792,0.07797768243352987,0.05383390986815074,False,0.03955165673276914,0.052494929473387644,0.3705190995392995,True
299,ScZr,Zr1Sc1_JVASP_100313,0.7083048477,14.4265647368,16.307031727533985,0.7083049898384801,14.426551505057741,16.307029850134736,1.1303484304213467,15.362187240418445,17.21004464355751,0.5676895063935613,2.1969784262015275,0.06726561476414686,0.2906091287458602,11,11.1501057055,2.829403471737733,27.0501803605,6.129865335342005,6.209934219860162,5.990977359617083,4.958050228648621,4.770542115615986,4.763927165480811,False,-0.012977521700798546,0.022918217544480108,0.0013875866608866732,True
300,RhY,Y1Rh1_mp_191,0.1648745333,14.442054253,16.40340269318229,0.16487466825985864,14.442018299358047,16.403397127357565,1.1358105762881288,15.449186548922198,17.27025490493158,0.32819171954755044,1.8288881781023514,0.06371649059579419,0.35241486357812807,10,11.3500959483,2.811577064924598,26.1502990995,0.0,3.310069407160043e-08,3.2972740242718135e-08,2.728778502845638e-08,0.0,5.921280780219597e-23,False,,,,False
301,Ir3Sc,Sc1Ir3_mp_12593,0.6475305957,14.4584312583,16.198793987683157,0.647534762827034,14.458401693825834,16.198774123350482,1.1203710110134675,15.234223238669568,17.389205329344943,2.018640760613936,7.450196860545235,0.1668044993059115,0.07045744816969175,9,15.5500951316,2.839722583992206,33.3503015867,4.987406833259112,4.925551835085959,4.774894538355173,3.9516368593284183,3.804628521872343,3.6168226230352323,False,0.01247978591284573,0.043544214512760415,0.050622445639541776,True
302,NbRh,Nb1Rh1_JVASP_20529,0.7780704634,14.4850737071,16.889414569170242,0.7780710453053488,14.485026740429008,16.889406669959925,1.1659907139018306,15.732374746170004,17.937430418468225,0.4143446689497359,2.3426161751326067,0.1896411250084974,0.2548068774349131,17,28.4502072996,3.0885541560124743,29.3502246177,7.6332629975887585,7.7588759024424485,7.4347932360711155,6.1529323333002335,6.133531270138918,6.175273920695377,False,-0.016322058209579424,0.026344637574387545,-0.00678259342561436,True
303,RuSbTi,Ti1Sb1Ru1_mp_31458,0.7818780312,14.5347457831,18.004731574522292,0.7818787738681966,14.534680122736779,18.00472060887071,1.2387421296396957,16.440044031325744,19.201298161463534,-0.055892298722117095,1.5357752025183986,0.32642555832708997,0.44706441395678365,11,22.4502279031,2.9137078678133226,29.950236163,7.609184717574109,7.886317739960729,7.53754491110646,6.2379682022950025,6.0765679266826815,6.284762181694567,False,-0.035773293199309504,0.009459512704256563,-0.0336879514429604,True
304,MgRh,Mg1Rh1_JVASP_20106,0.2391172823,14.5373455908,17.696517196649175,0.23911745359055347,14.537328638515495,17.696514638096026,1.2173154420689452,15.84403517681853,20.00005357664521,2.183427706038432,6.85858296863305,0.5261972987567557,0.09967303096945006,7,12.9501131302,2.4893635637429727,41.5503233162,0.0,0.004448209013323256,0.004416641966732681,0.0036551519724684262,0.0,8.343707043767423e-05,False,,,,False
305,Nb,Nb_mp_75,1.2325109483,14.5529426209,16.821579033476613,1.2325133508631316,14.552826504674082,16.821562032574967,1.1558965557084193,15.844403038912732,17.589947180157996,-0.2909672711581197,2.3228169721402017,0.15880251932868852,0.3126775189257366,7,16.1501066769,2.9921872102641567,27.7501938301,17.139708311794493,16.979335256923346,15.61721508889896,12.924591797709487,15.086040614787752,14.970681209108431,False,0.009400863517386419,0.09302405789113237,0.007676151298272523,True
306,Be2MgPd,Mg1Be2Pd1_JVASP_72942,0.775725403,14.5607247375,26.585245645615164,0.7757254194868505,14.560717550028258,26.585244577187805,1.8258196744662636,20.414161302554536,31.541156387806684,1.034237665126106,2.5700195469699145,0.6699012574395142,0.22904007629898185,12,12.1501113421,3.500515409182965,59.3505297713,7.077271360849743,7.8146001584541285,7.425923021404575,6.145591465989993,5.662775544443441,6.202576494056665,False,-0.0991053668093018,-0.0480885572000187,-0.09105061839035529,True
307,GaGeRu2,Ga1Ge1Ru2_JVASP_39819,0.5439799387,14.6668903342,16.773568795393544,0.5439804451446454,14.666887511441711,16.77357779146005,1.1436358108272733,15.69960034482847,17.834701099017824,0.7798196405080879,2.88284166548929,0.25014707047602136,0.13850928972719098,9,19.1501644037,2.889011935256355,32.6502881171,2.920170542687575,2.9007396238813627,2.831052840820747,2.3429402820585494,2.0118420151844143,1.8922754755102222,False,0.0066762724123998664,0.030993348576425758,0.061270667679446875,True
308,GaNi,Ga1Ni1_mp_1941,0.3576611726,14.6770652719,16.850148547469843,0.3576612152072439,14.677055693471981,16.850148046865254,1.1480605101444028,15.733181441541845,17.970661734830948,0.8710356510947274,2.886417393887218,0.13334023261344197,0.20698720357248507,3,16.1501066769,2.7622775156069803,30.7502515568,0.3907409794054365,0.35779797158466786,0.35323954262781126,0.2923361732092231,0.15977423218627237,0.11828924627835002,False,0.08807638177351863,0.10089846589218819,0.30062890520586116,True
309,IrLi,Li1Ir1_JVASP_8021,0.2722973973,14.683793685,17.595190675070842,0.2722975869385249,14.683763281954683,17.595185986420358,1.1982749686549095,15.880166042504293,20.140324328023265,3.286959233451653,17.849863509260096,0.7850677026117867,0.02249000864505822,3,21.950218282,2.709788685056635,62.2505855739,0.053397433986154846,0.028740589961536174,0.028493243337625797,0.023580615175966175,0.0,0.002402909398343386,False,0.6194522841363876,0.6280957088229533,,True
310,GaLi2Pt,Li2Ga1Pt1_mp_3726,0.3934361864,14.6869348852,24.256949959143668,0.3934366567146478,14.686858959100064,24.25692984286398,1.6516077338534148,19.13819546474418,28.800505912587244,1.246297698425215,3.2468923402643375,0.6619685860641129,0.19062978175694165,12,54.8504431812,3.3933648372897696,55.9504643477,0.6512992663339376,0.6614630432590144,0.6502713265089256,0.5381555805591108,0.33577598488400995,0.277209127325571,False,-0.015484874817530575,0.001579537897345203,0.19167203232382643,True
311,GeMnSc2,Sc2Mn1Ge1_JVASP_37107,0.3621777801,14.6883743323,19.319323011073653,0.3621780607784221,14.688334232064046,19.319316197333517,1.3152829920740927,17.00329831746406,21.352637148488576,0.6848445505454235,2.1788116256907375,0.4266540949870018,0.21772611191377686,8,29.1502207692,3.141621062851073,39.250415116,0.41105013605328894,0.39087875034661984,0.3854032133446715,0.31895438345765914,0.17762307849071085,0.13389972016158122,False,0.05031778210903647,0.06442509895494976,0.28257260578356275,True
312,BiMgNi,Mg1Ni1Bi1_mp_29733,0.2595695046,14.7165445072,17.629119485986813,0.259569663396271,14.716509402335902,17.629114204652875,1.1979141060348635,16.225497085289565,18.871828322164003,0.41651512893037157,2.2529186730518482,0.26668554029624225,0.2204117844556407,6,28.4502072996,2.5059591786795483,29.4502265419,0.020478498268221325,0.01554483486038446,0.015420605091000524,0.012761880075310778,0.0,0.000831961592042629,False,0.2756470506083028,0.2836708627089628,,False
313,CuGa2,Ga2Cu1_mp_11359,0.3268158829,14.7680309006,17.31138618385021,0.32681603934816017,14.768007241013516,17.311382642314136,1.172221976858001,16.061383414928226,18.462586027744276,0.5193011749422576,2.4044934719302593,0.24838386081441088,0.25527807427748267,20,24.7502721603,3.0968265092110983,32.150278496,0.2052618944074786,0.1812846141971931,0.17924449649855742,0.14834027296432337,0.0675797961186978,0.04402844677941565,False,0.12421844709913882,0.13553592141014037,0.42847312166371737,True
314,BiPdY,Y1Bi1Pd1_mp_1008624,0.048999506,14.7874878265,16.14599187091335,0.048999530166216894,14.787469156096302,16.145988926149652,1.0918696604343066,15.536310605941836,16.64268649857952,-0.4797872072564011,2.2354541145170184,0.02343850847806538,0.6209682684344683,1,20.1501836459,2.2709174684860693,22.2502240547,0.0,0.0,0.0,0.0,0.0,0.0,False,,,,False
315,CuRh2Sn,Cu1Sn1Rh2_JVASP_18688,0.1100227871,14.8048852724,17.186682866417243,0.11002288695351678,14.804853006217217,17.186679331131135,1.1608814571758115,16.025611624985117,18.247651922107142,0.4444072684469573,2.2328079810016765,0.1881566212243689,0.23555290362256878,13,27.4501880574,2.95935421479152,30.4502457842,0.0,3.5779846658411294e-155,3.5704673524121317e-155,2.9548695330307298e-155,0.0,0.0,False,,,,False
316,AlCu2Sc,Sc1Al1Cu2_JVASP_17418,0.3386276026,14.8120298921,19.97744874990548,0.3386277745308029,14.81200898208678,19.97744460224985,1.3487329521883222,17.248797528255313,22.461923419767473,0.922837185257454,2.2233147785910687,0.5006661814659402,0.2685796885178512,3,10.3500903117,2.56204093351277,38.1503939495,0.2610520661116622,0.24182037944102858,0.23874092147653944,0.19757869363575675,0.09688784846163838,0.06709258280623344,False,0.07652465759555954,0.08934092103695881,0.36748060969314345,True
317,LiRhZn2,Li1Zn2Rh1_JVASP_39836,0.2537600704,14.840480779,21.267686086191887,0.25376007339345963,14.840444974182866,21.26768372853676,1.4330893558471474,17.69566264953445,25.068677071879893,1.7201866068738092,5.438520460383932,0.5693829761467482,0.08863764691170588,10,50.6504984207,2.8638675071514736,51.8505215114,0.019466996627604358,0.011423612920725995,0.011329416816290423,0.009376069089343797,0.0,0.0004769750968763489,False,0.5330380290370744,0.5413179498805484,,False
318,IrLiMg2,Li1Mg2Ir1_JVASP_106147,0.2124713173,14.8434544475,23.184370577613272,0.21247153391884838,14.843391160871535,23.18435863090315,1.5619313928759844,18.834513274924582,26.903329419725214,0.9969685037695886,2.6287727448707097,0.6263538413559437,0.15037663048767605,5,12.3501151906,2.796905591233374,50.750500345,0.0,0.00044128183214485825,0.0004384854274984994,0.000362884491722896,0.0,6.010707362439764e-07,False,,,,False
319,ClLi2,Li2Cl1_JVASP_136912,0.5185866997,14.8575585501,19.28808642862998,0.5185868148684155,14.85753116779611,19.288080938334637,1.2982022868066938,17.130087179794895,21.09001948283768,0.4523920012945789,1.9207671645799296,0.5377240795560784,0.04209674295492579,15,23.8499827282,2.900093275680555,48.8501916706,2.4568085286855332,2.472617039113213,2.4124680943846606,1.9965253194907537,1.6729833238353202,1.5448217647678915,False,-0.006413958139971415,0.018212832581488467,0.07969991304876795,True
320,Ag2Zr2,Zr2Ag2_mp_11239,0.2690500725,14.9189488623,17.40605844152834,0.2690495976299813,14.91889158426135,17.406026418505935,1.166710430208393,16.239616654709156,18.391855757950577,0.10774174514077173,1.7797133226303818,0.15525848880357598,0.3776646230446565,9,25.4502856299,2.9705410417299043,27.5501899816,0.031062825647667807,0.025174779155688037,0.024965290328699225,0.02066092992719936,0.0,0.0018990678952283148,False,0.21016912122879583,0.2185253141149062,,False
321,CuMgSb,Mg1Cu1Sb1_mp_3522,0.1363582626,14.9222258092,18.14607451330728,0.13635831656636505,14.922203633164411,18.14607099074154,1.21604499153276,16.47365904336182,19.763214909262036,0.8788121176248318,2.476424378756096,0.3466565550506987,0.19224861402829474,8,29.1502207692,2.733892263917272,34.2503189047,0.0,5.848584099803384e-17,5.83117658567553e-17,4.825801312283197e-17,0.0,0.0,False,,,,False
322,S2Zr2,Zr2S2_mp_7859,0.9503663001,14.9238829823,18.894818858065296,0.9503671523254434,14.923850819380576,18.894813908503508,1.2660816659977676,16.736401326570657,21.15890675932456,1.3691382053798546,3.8180632843156155,0.5428816366688898,0.16606185532498552,15,12.4501171148,3.090486829794594,42.35033871,11.645704296035193,11.83514315668216,11.124473474326827,9.206460806339443,9.964050143693848,9.963898106674401,False,-0.01613595687686694,0.0457898832781496,1.5258672648140357e-05,True
323,NiRhZn2,Zn2Ni1Rh1_JVASP_41045,0.0988047316,14.9425055712,18.000901742907214,0.09880475603032396,14.942479835573097,18.000898370126368,1.20467944867305,16.482688128621582,19.38040275651995,0.5609949470629215,2.1429969430763105,0.31361147706258885,0.21082727887177694,16,29.950236163,2.9984213882491,33.5503054352,0.0,0.0,0.0,0.0,0.0,0.0,False,,,,False
324,RuSbZr,Zr1Sb1Ru1_mp_31457,0.7035261478,15.0548636637,16.988614343759764,0.7035265388702164,15.054836541356861,16.98861030323271,1.1284486720638658,16.092894785145056,17.73918630772722,-0.10036659822923788,1.7935706966992748,0.0855638458074929,0.4825839312433318,6,18.4501509341,2.8243998038407594,26.2503010237,6.255560292520715,6.372734751995735,6.150661780729504,5.09020285301752,4.821238475638957,4.874268156973214,False,-0.018557979828015648,0.01691103239852798,-0.01093913132284095,True
325,Ni2Se4,Ni2Se4_mp_1071078,0.5378002969,15.0552640689,17.32405523735999,0.5378007949568714,15.055217763868594,17.324049110737292,1.1507006662044919,16.25877771688634,18.24651553990946,0.14941779605714023,1.940338203727285,0.12218583333376881,0.34622352648490595,19,16.8431812375,3.003934132236888,27.743254921,2.799466892014273,2.8593716352889893,2.7914937941977382,2.3102017607153695,1.8668075813724967,1.8471623156557597,False,-0.02117288940711702,0.0028521406852662474,0.010579218187377325,True
326,AlMgY2,Y2Mg1Al1_JVASP_41679,0.1934374545,15.1044875203,18.350111136709774,0.19343732728553703,15.104458327350363,18.35011627850145,1.2148807908770896,16.68847195737038,19.927062874933135,0.7880201105569118,2.219842494675384,0.24590642328678994,0.2543710211321485,11,28.150201527,2.605832522712289,31.8502727233,0.0,3.534381355557139e-05,3.516330390845949e-05,2.910066530355268e-05,0.0,7.952810023555564e-10,False,,,,False
327,IrY,Y1Ir1_mp_30746,0.1268443821,15.1238476452,17.94059619928223,0.12684424228898067,15.12380444973972,17.940585425992616,1.1862481748963218,16.614880926276356,19.031349341219016,0.07417507146813407,1.4178307771055263,0.10732455370856357,0.4355992342805892,5,12.4501171148,2.68298445299696,27.1501822847,0.0,2.2420553470587516e-25,2.236143095991819e-25,1.850601182889781e-25,0.0,0.0,False,,,,False
328,Ba2N,Ba2N1_mp_1892,0.380879061,15.1532229569,21.289660684689178,0.380879530367496,15.153177627794749,21.28964841263778,1.4049626379081834,18.520415977786797,23.40211881762996,0.2924512235625085,1.8250840223383085,0.42270519343976437,0.23960570774407156,6,23.2502432969,3.0369918467066075,41.2503175435,0.5413137236592552,0.5602845395981008,0.5515869567265442,0.45648575729093316,0.2491020725714829,0.21837917261550513,False,-0.03444575448201969,-0.018800492756028898,0.13162986663106843,True
329,LaS,La1S1_mp_2350,0.3270928036,15.1669908542,18.717672700864817,0.32709220596706773,15.166980490812579,18.717680317917424,1.2341072324353346,16.77025943316908,20.70223526082315,1.182095335715713,2.6020406494185897,0.14346702039546094,0.22913380478286927,4,32.0502765718,2.224423022301345,33.2502996625,0.21071117178491322,0.18755320467887315,0.1853762101029789,0.15341479456798252,0.06961269205662121,0.04570180905015554,False,0.11642577819348773,0.1281010133376942,0.42080902539144277,True
330,InP,In1P1_JVASP_17716,1.0933637807,15.2043793593,17.538485960563985,1.0933679362608615,15.204367742203972,17.53850164237075,1.1535173273721693,16.401139648077898,18.59086611122443,0.47609626414311135,2.491121014671029,0.20496334814400488,0.1749999674184942,3,13.7500604955,2.9363425226035127,32.9502938898,14.968328253140575,15.007945785808804,13.992253318134763,11.57979584949084,13.048543903973275,12.999549629703612,False,-0.002643260845793542,0.06743267700839896,0.0037618363113206166,True
331,CaMg,Ca1Mg1_JVASP_100152,0.2834023547,15.2247522184,17.30636765057879,0.2834023764382103,15.224722262443182,17.306365130874894,1.1367278057719827,16.349381167928854,18.097009798333136,-0.12674329961881137,1.657575360917815,0.10532905192077244,0.4320239293439022,7,14.4500739651,3.4340712588951594,25.8502933268,0.05470171580610426,0.047459908481635886,0.0470392418551526,0.038929027742195255,0.00919849073465626,0.005389283946430114,False,0.14200975382694322,0.1509128900707718,0.5346268924493623,True
332,GaRu,Ga1Ru1_JVASP_18196,0.5210674914,15.2451473038,16.406148490017394,0.5210676100903754,15.24514014242147,16.40614744654512,1.076155895798754,15.77651165151839,17.15104477989393,1.7466443833967653,6.320260686369435,0.049506470811947985,0.08703100391556047,4,14.850081662,2.392909237954904,33.1502977383,2.6728658874171884,2.574537233024778,2.5199286169821415,2.085458165778324,1.799674603054509,1.6168379067786243,False,0.03748146020574821,0.05892068831279121,0.10713354008861584,True
333,NbTe,Nb1Te1_JVASP_37750,0.3259624653,15.2487815061,18.137422533532707,0.3259624924886223,15.248758593987484,18.137415839235782,1.189435567980418,16.717900859632817,19.38055417926678,0.3606235230587115,1.5892853373255513,0.15291953600409802,0.3392767364892084,7,10.450092236,2.8333131372923885,29.8502342388,0.19868922835961234,0.18318183092926052,0.1811100175208728,0.14988415243106715,0.061961023826768394,0.044022958125662336,False,0.08126266634625197,0.09263725929962872,0.3417942659838155,True
334,GaHfZn2,Hf1Zn2Ga1_JVASP_105494,0.2152672636,15.2591938942,16.9510620488393,0.21526726889351036,15.259163441189813,16.951051675455503,1.1108768669256595,16.126214557613945,17.72244321616362,0.369953385898273,2.2790322241786467,0.034101015367887295,0.31881864473842736,13,19.9501797975,2.7405193704931357,27.9501976785,0.0,0.0006108880927974668,0.0006073846350686666,0.0005026631462637241,0.0,1.2282676182584376e-06,False,,,,False
335,AlCdSc2,Sc2Al1Cd1_JVASP_39121,0.1741134494,15.2642663183,20.89357769329609,0.17411390212788153,15.264162413692828,20.893566184344717,1.3687987337976693,18.41251192843636,22.730757655644254,0.1201210090765924,1.765284919325558,0.3861774942658866,0.3260661719147148,9,26.6501726636,4.190715259563363,35.9503516166,0.0,6.250135391967171e-07,6.221911120895049e-07,5.149167824189006e-07,0.0,3.476324904495902e-16,False,,,,False
336,Al3V,Al3V1_JVASP_36199,0.946477308,15.2877695385,19.374110679961547,0.9464776645051333,15.287741477389352,19.374106633606893,1.2672968510267717,17.07252332574194,21.944568120417166,1.6857994315894738,4.929331967391342,0.5600284310366161,0.10747719364781273,8,17.2501278434,2.9592799073527782,45.6504022094,11.875304452076662,12.038236516748848,11.319239530442223,9.367646507952186,10.182088904616013,10.125386984703502,False,-0.013626972782849783,0.04795709643281788,0.005584354015795429,True
337,MnPdTe,Mn1Te1Pd1_mp_622980,0.1808807028,15.3456710628,18.815244425380182,0.1808807913602576,15.345631347942394,18.81524010196761,1.2260974915502865,17.236726760154887,20.059674786264452,0.018543671848800458,1.7372086870569463,0.29387549969895055,0.37964814851382583,10,28.4502072996,2.785971040643073,29.7502323146,0.0,3.291898183927275e-06,3.2766846078811045e-06,2.711738985832638e-06,0.0,3.024838095699554e-13,False,,,,False
338,NiSbZn,Zn1Ni1Sb1_mp_11621,0.3006111289,15.4109253199,17.73307797088819,0.30061130396994545,15.410886614482404,17.733071808066178,1.1506847238368165,16.62248485952837,18.73767807579213,0.35308876728309724,2.3229974778554126,0.12728801525506933,0.27676900871197974,10,27.8501957543,2.7819139322927375,28.5502092239,0.10156423995119229,0.0889949998588263,0.08812458662033974,0.07293069237545358,0.023574778264163748,0.014586448907857208,False,0.13211131741202684,0.14193993391602622,0.48008448221171,True
339,Pd3Sc,Sc1Pd3_mp_2677,0.2137740547,15.4147016921,17.09049728021979,0.21377412842389046,15.414681135980715,17.090495637296254,1.1087154827616823,16.261009004092738,17.897566492271356,0.5751786587981775,2.809847357494145,0.027109333722510252,0.24558380763837018,5,27.3501861332,2.462089854949679,27.4501880574,0.0,0.0005272391247262738,0.0005242511394199748,0.0004338630119337723,0.0,8.651219785241615e-07,False,,,,False
340,AuCu3,Cu3Au1_mp_2258,0.1278696157,15.4363491908,17.312786170683218,0.1278695630569078,15.436343114635559,17.312787517676917,1.1215601641597521,16.375318563927685,18.202972646835597,0.5014046314778229,2.1351752796645735,0.1105184736739613,0.300672503449276,11,13.0501150544,2.8381387609136546,30.1502400115,0.0,4.261496484404581e-24,4.250400675571918e-24,3.5175729728871044e-24,0.0,0.0,False,,,,False
342,Cu3Pt,Cu3Pt1_mp_12086,0.1150983659,15.4811279409,18.259495087498998,0.11509840528527712,15.481113196010963,18.259492655901038,1.1794689713014943,16.875117173681172,19.521391553045543,0.5052530468616128,1.925018594992725,0.26762923195248145,0.2860934370420395,11,28.8502149965,2.9313482162707185,32.3502823444,0.0,8.349065577873116e-62,8.330147638049367e-62,6.8939152866615435e-62,0.0,0.0,False,,,,False
343,LiRu2Si,Li1Si1Ru2_JVASP_39772,0.6982981142,15.4850852834,19.77921149909672,0.698298795226609,15.485073650688257,19.77921275471199,1.2773082776931366,17.20007218473463,23.24439064113595,2.736772782986643,11.655308101745955,0.8772078948830502,0.017740189356634604,14,21.050200964,2.7313577103320767,64.950637528,6.580253633369148,6.4583514611666475,6.2125800072343695,5.141445523228444,5.317923391152615,4.919685314472942,False,0.018699197241396206,0.05749702093118919,0.07783831915647496,True
344,InZr3,Zr3In1_JVASP_17797,0.438088184,15.4928700135,16.82652381650173,0.43808837211033475,15.492852411618871,16.826521672091996,1.0860828738982202,16.203780194099373,17.36957016352905,-0.14979861294785313,2.088341339553817,0.016093286691588948,0.5133727656034848,10,20.7501951913,2.5308362111458083,24.3502644634,1.2425312815787304,1.2410352826265896,1.2205230664479119,1.0100880549913756,0.670290539362129,0.6320871517854943,False,0.0012047183712620812,0.017871145141395036,0.05868397619447662,True
345,CuPt,Cu1Pt1_mp_644311,0.156747415,15.4999088133,17.403791533315378,0.15674747655408547,15.499893293733573,17.40378888813248,1.1228328194471267,16.50021342037769,18.21076015251485,0.18001987947997156,2.407194145511277,0.13857006518158746,0.2538380839135018,12,20.7501951913,2.9147016212296455,30.7502515568,0.0,1.169382417720933e-09,1.1652242002881497e-09,9.643234761005377e-10,0.0,1.4412929539271386e-35,False,,,,False
346,CrPt3,Cr1Pt3_mp_2515,0.4538059371,15.5084022409,17.707109635866605,0.4538061825782098,15.508370442771803,17.707103033076766,1.1417771517915833,16.684654638112928,18.562348772553435,-0.04251739417254263,1.733214644459106,0.15999136266749184,0.43677335131612854,9,26.0502971753,2.7107952425060193,28.2502034512,1.4594848012626782,1.4714520242996614,1.44462076174277,1.195548216614706,0.8338853656017201,0.7887411970510244,False,-0.00816618730025304,0.010236659099622899,0.055657688434039475,True
347,HfRu2Ta,Hf1Ta1Ru2_JVASP_101565,0.7419455334,15.5105026362,16.595981324299565,0.7419456535278712,15.510484609148701,16.595979426634255,1.0699845842885711,16.086885582452666,17.060809277256684,-0.0025436852203751803,2.921844953037871,0.03509351142026237,0.35235315409076545,14,14.6500778135,2.608611600014825,25.7502914026,7.424000580975289,7.438870148685827,7.175497215902907,5.938342523505853,5.856383243964407,5.820590731986402,False,-0.002000901836797532,0.03404601611192294,0.006130462249813239,True
348,TeV,V1Te1_JVASP_122995,0.8101026468,15.5129813012,16.416611129849546,0.8101027288582412,15.512974512472686,16.41661050095368,1.058250336694259,15.985193412560893,16.80889104026755,-0.11157151763325956,2.089962354668914,0.00554251259195169,0.5388140597450806,10,18.850158631,2.562364866017721,22.6502317516,8.97119756285015,9.009829185180404,8.65322583823264,7.161290348882185,7.244837853237532,7.2760354539847505,False,-0.004296938357496578,0.03608699402508331,-0.004296938357496912,True
349,AsLiRh2,Li1As1Rh2_JVASP_41862,0.3416814323,15.5582697484,18.53207052435318,0.34168178807215904,15.558243215755232,18.532072947631036,1.1911417433598366,16.830901318521256,20.87574992256581,2.7693447314646074,14.081813312716402,0.7294576348930405,0.021902082720953585,9,14.850081662,3.025178854597789,55.9504643477,0.34949979038337076,0.2719124633477918,0.26860286302643027,0.22229202457359748,0.15062588427397905,0.07783556702027607,False,0.25102277334054385,0.2632690188090485,0.6602006885639387,True
350,CoZn3,Zn3Co1_JVASP_37614,0.2955503972,15.6185175404,17.378499067790635,0.29555034714617634,15.618508616532086,17.378502829743635,1.1126864450648384,16.490712077729697,18.258613915513884,0.696810906415046,2.846304811021092,0.10173899356261742,0.14143107878115183,11,12.4501171148,2.8364224937456126,33.4503035109,0.09682794720924148,0.07610232596547119,0.07539406679075432,0.06239508975786564,0.02313262597391507,0.011323044453771046,False,0.24085683446003328,0.2502070813129352,0.7144040195853606,True
351,ScZn,Sc1Zn1_JVASP_16618,0.3460458396,15.7130883343,19.321347186505914,0.346045842744369,15.713079695832464,19.321345977214087,1.2296345688578563,17.58774162339358,20.742749913613807,0.21163912286811615,1.3679315840671549,0.2744976493842336,0.4173634546912362,7,28.5502092239,2.875485453702643,30.9502554053,0.31012815862714194,0.30217000689525103,0.29835033187607657,0.24691061948364956,0.1124245952076335,0.09023045791524772,False,0.025995831248386225,0.038717220633945976,0.21991569112420936,True
352,AlOs,Al1Os1_JVASP_19875,0.3679054204,15.7480111913,20.209628108005848,0.3679055101968433,15.747996795603397,20.209626541903123,1.2833141131667836,17.584585431982838,23.273364255965273,1.9578849955155955,5.412600905771638,0.6152894825833,0.12725360458740548,8,15.2500893589,2.6400267223640315,45.9504079821,0.5259431129496053,0.46567332068233835,0.45906026634274116,0.37991194455951,0.24493625722577914,0.16646764999324534,False,0.12170869689158427,0.13601155593990932,0.3861970058967443,True
353,MgOs2Ta,Mg1Ta1Os2_JVASP_39970,0.3308670449,15.7651409944,17.677851502377205,0.3308671417637787,15.765125880568588,17.677849320305768,1.1213262395890362,16.615693876583837,19.087811320861327,2.5090149630178744,12.451054240126178,0.30511037629994703,0.03275486863055905,13,17.8501393887,3.427321096435597,43.5503618007,0.2707367988465802,0.2139877327561566,0.21160890568046825,0.17512461159762893,0.10201202211291907,0.05454134480805593,False,0.23522843716027694,0.24640734053440433,0.6261316357974772,True
354,Ag2Sc,Sc1Ag2_mp_1018128,0.1332194453,15.832575282,20.03720974534878,0.13321959530787586,15.832515405937897,20.037200771383645,1.265572794823797,18.125354982284502,21.502181907356125,0.031093293410912937,1.4006181371771627,0.263985400191707,0.426584693393755,6,27.2490957526,2.861748035466438,31.4491765701,0.0,4.785786580005076e-19,4.771855724933022e-19,3.9491219792549153e-19,0.0,0.0,False,,,,False
355,F2NaY,Na1Y1F2_JVASP_138900,0.3469954535,15.8420059771,20.00803655306787,0.34699558679578907,15.841978997769502,20.00803277064169,1.2629755899473643,17.826406507382252,22.183584157608095,1.1170849770913922,3.4774987087448954,0.4812589610209003,0.1575241651471145,12,9.250082751,3.0914754294799316,45.5504002852,0.35398618507447865,0.3109513795812807,0.3069497270543036,0.25402736032080303,0.1453322198788539,0.09367861714120475,False,0.12962132295291612,0.14257390850457727,0.4391523356027814,True
356,SY,Y1S1_mp_1534,0.532965922,15.8440222674,19.413760985499433,0.5329659118605906,15.844010776751233,19.413760472848097,1.2253059371390322,17.383027090673508,21.66620026789191,1.5809511659093067,3.831362173860562,0.23993536636829657,0.1694763090647543,5,36.4503612377,2.1013456111063755,37.1503747073,2.909397644892084,2.9160274069103584,2.8444679420230328,2.354042434777682,1.9809245515124032,1.868505180096387,False,-0.0022761480309629353,0.02257002989190921,0.05842493866136823,True
357,GaIrLi2,Li2Ga1Ir1_mp_31441,0.2743391236,15.8970361308,25.861850768500695,0.27433964317953463,15.896990922515375,25.861854379080004,1.62683960160354,20.552744030817465,30.553727081693722,1.2013700150919124,3.1126681699852994,0.5476523399458352,0.20678271467789283,12,22.2502240547,3.6114096047876236,59.0505239987,0.0455493555965146,0.03408296684751987,0.03375774646925436,0.027937445353865678,0.0,0.0030293183084946725,False,0.2899987228812808,0.2995865604416219,,False
358,AgAl3Hf2,Hf2Al3Ag1_JVASP_99406,0.2941394724,15.9031674627,20.2534461981091,0.29414118383442406,15.903210028716975,20.25354318946307,1.2735506324126102,17.833317091102323,22.91853457486342,1.621602977906271,5.291599826246798,0.738740239252524,0.0413558714151363,11,27.9440751117,3.411875598188707,58.8443975834,0.10807977095780333,0.07385015294739553,0.07311229583135384,0.06050672758456868,0.031575179317377355,0.01067799987483303,False,0.38083149442836445,0.3908730162203609,1.0841858089578864,True
359,AgTi,Ti1Ag1_mp_1961,0.5737785852,15.9354997126,18.513292346692417,0.5737803303508169,15.935473478262988,18.51330870615714,1.1617670934855173,17.301323264419548,19.569890737303258,0.22028703635256697,2.0786949885473422,0.13927952192285226,0.3359364772983387,9,28.6502111481,3.0505887380220447,29.1502207692,3.6756895846230515,3.778370208106914,3.678653771022543,3.0444031208462423,2.5577224270417487,2.5699179299134993,False,-0.02755199764148264,-0.0008061050230209812,-0.004756778954195435,True
360,Ag2AlLi,Li1Al1Ag2_JVASP_16683,0.2529015575,15.946991881,22.939979341346408,0.25290153097680634,15.94697596996729,22.93997969258195,1.4385159754291021,19.297573139828142,26.125122840990304,0.9108146068333828,2.469737598719086,0.6353535028330077,0.10165784618764438,6,30.1502400115,2.1913316934696923,46.5504195275,0.017453196046679748,0.011688732996599125,0.011592775833233083,0.00959402137922738,0.0,0.00046912652909756534,False,0.4008974003296092,0.409140655303696,,False
361,Pt3Ti,Ti1Pt3_JVASP_16738,0.1577476552,15.9566782378,17.967247027633366,0.15774775399852653,15.956655108986471,17.967243203317548,1.126003105324922,16.99594871338556,18.86610141616817,0.37390036525079196,2.6198989047041255,0.159976019869567,0.22373828537094553,11,9.0500789025,2.7794228427477874,31.9502746475,0.0,1.9429958672263464e-09,1.9360085899715933e-09,1.6022140054937323e-09,0.0,2.5463178378412743e-33,False,,,,False
362,NiSc,Sc1Ni1_JVASP_16590,0.2576279437,15.9906907211,19.25546337951907,0.25762805249377085,15.990667235674303,19.255458365590528,1.2041685366719816,17.58196730451089,20.828209603671233,0.720844480482632,2.038235362770625,0.21471676260129982,0.2885351178996866,9,12.1501113421,2.939469676299887,34.7503285259,0.021676455056264553,0.015234516113668429,0.015113842136639487,0.012508007285494751,0.0,0.0007531378812278416,False,0.35266300059575173,0.3606156293362002,,False
363,MgPd,Mg1Pd1_mp_506,0.1575653214,16.0091730756,21.47302729821764,0.15756536647516112,16.009147310431334,21.47302387462157,1.341297163318002,18.57312720803997,24.114641888650496,0.915229947753541,2.0391945021890336,0.5080870715042402,0.2776544998690435,7,13.2501189029,2.5917926183992184,39.7504247372,0.0,1.7894078661008978e-09,1.7825305884138632e-09,1.4751977283425075e-09,0.0,1.0485703941050288e-33,False,,,,False
364,GaRh,Ga1Rh1_mp_2444,0.2094363204,16.0318912751,17.878044654379853,0.20943646479133515,16.031858713075135,17.878041392106972,1.1151571200865276,16.964109632003954,18.77946445545932,0.6699844617646872,2.9481116046748435,0.07768574007001113,0.18609989157926102,5,27.9501976785,2.855293525230081,30.8502534811,0.0,0.0003382487968030825,0.00033638389017640215,0.00027838666773219494,0.0,2.885147929105488e-07,False,,,,False
365,BeScTc2,Sc1Be1Tc2_JVASP_67731,0.8007426949,16.0487850067,20.580212626236396,0.8007431166337852,16.048749380702883,20.580199962639657,1.282355370779571,18.172846197925217,23.2000180351809,1.5530205004144664,6.151775804077768,0.49533068008517855,0.040845140275748835,12,21.2502048124,3.0191931119953406,53.7504220147,9.074699221179308,9.174513493038074,8.744014927196114,7.2364261466450595,7.504800978134657,7.369081954707354,False,-0.010939131322840837,0.03712077792129153,0.018249812890384326,True
366,TaZn3,Ta1Zn3_JVASP_101611,0.158513054,16.0530881849,17.643604745360285,0.15851302077139298,16.053070353214373,17.643602226783695,1.0990796052451637,16.853131227551003,18.412910466928246,0.5419917687942233,2.483880138869151,0.025051686334653944,0.31281509214481074,10,19.9501797975,2.710929806301615,28.6502111481,0.0,2.784269954158372e-09,2.7743202068365692e-09,2.2959891366923334e-09,0.0,8.744269206609689e-32,False,,,,False
367,AlCu2Ti,Ti1Al1Cu2_JVASP_15444,0.2892100693,16.0578709825,20.84837676608661,0.2892108755074093,16.057847867872244,20.848358593236956,1.2983283167696047,18.35689897985997,23.139796930101,0.8547601853026958,2.3028098200016265,0.4517799037771308,0.2879413271803095,12,10.8500999329,2.8489212536745896,41.0503136951,0.07805672345411194,0.0624819893038973,0.06186904279701147,0.051201966452699144,0.017756094557281228,0.008131592498504462,False,0.2225574420857481,0.2324158479354498,0.7809720286755367,True
368,Te2Ti,Ti1Te2_mp_1907,0.3141126686,16.1004561781,18.559732327226598,0.31411299560617045,16.100394123859832,18.559723227623117,1.1527496212107444,17.376534318388565,19.67874796010337,0.5677026976292355,3.0046741651584643,0.19809090888861486,0.1603286939548662,3,16.1501066769,2.6941701181072655,36.0503535408,0.16648777492626368,0.14040951790764936,0.13893885448771287,0.11498387957603826,0.04944439986399517,0.02874315382386094,False,0.17035860219954635,0.18088794228223734,0.5424491921818392,True
369,MnPt3,Mn1Pt3_mp_1180,0.3967140792,16.1048340071,18.2792197073781,0.39671405268788695,16.104801529470027,18.279210547629624,1.1350161946535426,17.277948036650333,19.10233603698619,-0.15490207031837344,1.6507199748278198,0.05278620854424704,0.4955314079976634,12,23.9502567665,2.7476208397270336,26.9501784363,0.7584925981132513,0.7595936937080735,0.7483568418313881,0.6193298001363211,0.35403055316764864,0.32407389351614685,False,-0.001450636625658095,0.013453114667101206,0.08841166159560813,True
370,Li3Sn,Li3Sn1_JVASP_109989,0.3954402539,16.113833399,26.057056684953885,0.3954403739701423,16.11376331610495,26.057032598082987,1.6170668568800564,21.224062838451264,29.593057201552625,0.5227984531177251,1.5292705806535485,0.5612163727055115,0.3007586049878148,13,45.2503945125,2.7698117294411033,47.8504445424,0.6791450493877778,0.7476516429537116,0.7349377913009553,0.6082243790076871,0.33154239037236877,0.31670644106118356,False,-0.09610242469979655,-0.07895113112703009,0.04578038448698908,True
371,STa,Ta1S1_JVASP_4699,0.8939314541,16.1893028716,22.490881727266718,0.8939314638567704,16.18929167179329,22.490879523944418,1.3892441979490942,18.94525714787943,25.970889630702466,1.3292072311618968,3.0261930598064772,0.6932134667608859,0.21597671316580375,11,10.8500999329,2.671798325163972,48.4504560878,11.097214954878435,11.540807707172874,10.873220517310923,8.998527324671107,9.350626944896018,9.5677167084686,False,-0.03919507871622117,0.02039123887676185,-0.022951194558623652,True
372,Ge2Sr,Sr1Ge2_mp_7390,0.1780979698,16.278160879,19.49622101231159,0.17809798690787415,16.27811973324285,19.4962117019562,1.1976943296553733,18.056677692587684,20.606212792649085,-0.1657912587935757,1.599769755555665,0.19964514828389093,0.43257369046392663,8,23.9502567665,2.9438371555600176,28.4502072996,0.0,1.8353512266831388e-06,1.8271529653252323e-06,1.5121265919932957e-06,0.0,2.6883560790014555e-14,False,,,,False
373,MgNbOs2,Mg1Nb1Os2_JVASP_103278,0.338213859,16.3653246418,18.65935715370977,0.33821411994478723,16.36531008265138,18.65935471509869,1.1401772786987514,17.417679597031448,20.126748782319996,1.7618712254620128,7.354986419041423,0.32944636923994663,0.02994836105650584,14,23.3502452212,2.832441494223562,44.2503752703,0.3226744700782697,0.26437458207542985,0.2612975247587924,0.2162462273865869,0.1264914506052079,0.07305026178060368,False,0.1992770134457686,0.21098428275572353,0.5490269999636624,True
374,Re2,Re_mp_8,0.6757247107,16.3721343107,17.367299250896785,0.6757248593909101,16.372123493525155,17.367298038296045,1.060784695715523,16.88153033821127,17.83540408563163,0.2932165354495787,2.597148655137895,0.0129443623977492,0.4049038185964844,12,17.8501393887,2.629736017631528,25.950295251,6.225768320104965,6.240527869356526,6.049824504731622,5.006751314260652,4.721811326856637,4.68613049317599,False,-0.002367913600585633,0.02866759551135486,0.0075852945187797755,True
375,H2Ta,Ta1H2_mp_24723,0.7628374783,16.4153524854,50.20040080850351,0.7628387240118891,16.415358464921454,50.20065869986222,3.0581518403717918,27.177066251813713,71.71525823790263,2.706536579728007,8.451549606399718,0.9021811554158026,0.09781884458419746,8,16.8501201465,3.298272989320443,174.6509796622,7.846030775173711,8.473501192785202,8.075688571110588,6.683328472643245,6.589210082056406,6.6870630710260395,False,-0.07693601703517138,-0.028850367254793223,-0.014741299736409169,True
376,Ir2P,P1Ir2_mp_2082,0.2519434533,16.4289078228,23.509590956169355,0.2519435218503474,16.428889888444274,23.50958667076273,1.4309905800329736,19.7121818465828,27.259488875709668,1.3745420943536293,3.8626048610769175,0.5381028212102856,0.14934254798329882,13,49.9504849512,3.270967251130422,54.7504412569,0.01881503475214811,0.011393610636427949,0.011300750305343518,0.00935234508028429,0.0,0.00043713797345693955,False,0.5016035432991274,0.5097871488715405,,False
377,FePt3,Fe1Pt3_mp_649,0.3790641884,16.4356058409,18.491460896027117,0.3790643776653092,16.435573232558873,18.491455340505816,1.1250873382301165,17.56604651982837,19.231821241796485,-0.34020417489839566,1.7843572470036508,0.09582423534853707,0.5171528222159911,5,21.950218282,2.591791235224936,27.5501899816,0.5960564379024113,0.5887704751439015,0.580699785091686,0.4805791324896712,0.25665439313664573,0.22696743008316533,False,0.012298935008851613,0.02610145475623066,0.12292387871077817,True
378,MnSc2Si,Sc2Mn1Si1_JVASP_79498,0.3821942373,16.4400563672,20.964703060706583,0.38219424802700186,16.44002957826873,20.964700659617428,1.2752228066140243,18.62621330728403,23.219935168389735,0.9921970554206315,3.2047591402600326,0.4752449570731474,0.11986844219961246,15,13.0501150544,3.2386971663558457,46.5504195275,0.6636297503544244,0.6206618714658649,0.6113379613028511,0.5059348645264976,0.3226991953154076,0.24390384352298006,False,0.06693794581747603,0.08207445466125522,0.27994654175568906,True
379,GaZr3,Zr3Ga1_JVASP_99643,0.5555811385,16.4503712775,17.48221221296092,0.5555838145124707,16.450396459479887,17.482264272427383,1.062726014870776,16.983964925658,17.959499441027603,0.2604570791543921,3.1684370357957548,0.015088128338994441,0.24785653555473244,2,15.4500932073,2.267789081983006,28.3502053754,3.5222895743830724,3.494403026790734,3.4140726258424956,2.825439414490341,2.418418199191187,2.320038865581404,False,0.007948672117521156,0.03120532833538195,0.041529751813463286,True
380,Be2ScTa,Sc1Ta1Be2_JVASP_70911,0.223099531,16.5048417317,27.867795683575334,0.22309984227506108,16.50474622850095,27.86777535668976,1.6884703933567151,21.689116617892296,33.41954160909271,1.3435943243767385,3.4140777578276627,0.7093370351971597,0.16885235975267932,8,55.3504528023,3.5828948538500933,67.650553425,0.0,0.00141347257943368,0.0014037095418140899,0.0011616906552944194,0.0,7.103571704723162e-06,False,,,,False
381,HTa2,Ta2H1_mp_24082,0.3634753169,16.5220428541,36.26422574070071,0.36347379767370047,16.5217876369372,36.26211544359203,2.194805806759194,21.537695532500276,56.854198129597506,4.784645079946313,24.853925944676273,0.9620546421223204,0.037945357877679595,16,180.1504052094,3.2051286838609947,181.4511105095,0.6354583087903825,0.4509322360145364,0.4441374610189111,0.3675620367053057,0.36522736198122696,0.15597656914556413,False,0.34302940921158054,0.3582123732793617,0.8508142710086074,True
382,S2V,V1S2_JVASP_572,0.7909979588,16.5762226971,22.14498972472329,0.7909984476162712,16.576179981085904,22.14498266409241,1.335952112571216,19.21843226108303,24.965513437985923,1.1133593559436021,3.2242003734393387,0.6511834397448388,0.09306094565554195,16,33.6503073594,3.5260833584043416,56.4504739688,9.034001176952575,9.242874110260933,8.806916576447902,7.288482683956884,7.424605664832617,7.392008459558988,False,-0.02285752066859109,0.025457980148510386,0.004400095405385201,True
383,GeLiNi2,Li1Ni2Ge1_JVASP_17402,0.2952995824,16.5963051667,20.755586293790884,0.2952998003399574,16.59626498489121,20.755580675808904,1.2506175753824262,18.445829096832824,23.69457058792409,2.3400665676315113,10.747558937777473,0.6470046915725288,0.032269943820504,13,14.2500701166,3.046547572197532,59.4505316956,0.11635311752367075,0.08022596908963141,0.07942609432411123,0.06573194013029894,0.034002431522289864,0.01187533761215035,False,0.3717824171789984,0.3818027256063348,1.0519682574070888,True
384,Sc2TcZn,Sc2Zn1Tc1_JVASP_41840,0.3868190169,16.6370991825,20.092354616271336,0.38681933099410126,16.637067825348613,20.092351157766068,1.2076858355504752,18.412569562868356,21.556724166668825,0.388708731536157,1.7615841781167134,0.2286393756669744,0.35121045959373065,15,14.5500758893,3.079625265150288,34.1503169805,0.6859184837165295,0.6758837713519446,0.6658406322778693,0.5510405232644435,0.31825278326233186,0.2730404566670182,False,0.014737666873277511,0.02970844123198117,0.1532260057961795,True
385,AlNi2Sc,Sc1Al1Ni2_JVASP_16372,0.3093927676,16.6457450117,20.796269954753907,0.3093927958576626,16.64572151056952,20.796264995573324,1.2493459645091587,18.581652128690802,23.039249158705935,1.169262558985458,3.1832661460979934,0.38548636706250383,0.18541717651624828,2,39.3504170403,2.956982704474314,42.1503348615,0.1528338106353036,0.12653002291302748,0.12517444665828373,0.10359264551030378,0.04490060876402294,0.02409128811860596,False,0.18887151075737726,0.19964278838496882,0.6226010665858316,True
386,Rh2ScZn,Sc1Zn1Rh2_JVASP_40504,0.2288381925,16.667595311,19.317717966423984,0.2288382705439404,16.667575475321254,19.31771504871543,1.1589997043852054,17.982819549210554,20.603792210391127,0.6976162232918327,2.490821594715047,0.1934475154326173,0.19834465563270798,13,15.1500874346,2.9106492190110815,34.8503304501,0.0,0.0023394344129102733,0.002324313917387233,0.0019235701385273655,0.0,2.0229177156293205e-05,False,,,,False
387,LiPt,Li1Pt1_mp_11807,0.2115883653,16.6728120561,20.750217145343324,0.21158856419096653,16.672763879606478,20.750210872919038,1.244557352503501,18.41948395203423,23.793205495717913,2.4941819203861177,10.09728532144657,0.8180849267897814,0.053868626856645264,3,19.2501663279,2.7578060972710423,59.3505297713,0.0,0.0004494443491999631,0.00044677941156035287,0.0003697484785327059,0.0,5.370500956177327e-07,False,,,,False
388,BeHfMn2,Hf1Mn2Be1_JVASP_71182,0.7172059677,16.6826034447,24.084703943858226,0.7172061419722031,16.682581694106577,24.084705796156953,1.443703752679078,20.217342014892395,27.85058210275541,1.3141449583119988,4.788854228162004,0.6504729019595867,0.04966417862852434,10,34.6503266016,3.4676448305736853,69.0505803642,7.201724844397891,7.449879869973958,7.1368795289993425,5.906383058482214,5.767490166767292,5.739029707554718,False,-0.033877348372139696,0.009044918988659154,0.00494685057900744,True
389,OsSc2Zn,Sc2Zn1Os1_JVASP_40343,0.2908889752,16.7030992712,21.383866348230857,0.2908890847187651,16.70306531785157,21.38386248327872,1.280235817579214,19.113462539990962,23.26390815799922,0.38094989549384867,1.5537026151053093,0.32153538419269123,0.38542418010345686,16,31.7502707991,3.0973583607900537,36.6503650862,0.07936086135975456,0.0690959906747911,0.06841595297629546,0.05662009901486521,0.016872537410333573,0.009330043993360437,False,0.1385086097274766,0.14839928866320745,0.5924475647636132,True
390,BRh3Sc,Sc1B1Rh3_JVASP_56344,0.2475998391,16.7249565678,23.9940325441348,0.2475977069434166,16.724881565572055,23.99402461894824,1.4346304650873953,19.226711102260534,31.0580583196479,3.7077979107906405,17.060720392090207,0.9406861058480839,0.04080356940806392,9,16.5501143738,2.7881782004030633,85.8507675771,0.022034206468275377,0.008939392798539614,0.008868457440941674,0.007339413054572418,0.0,0.00027588666207036834,False,0.9021284180616507,0.9100952115635427,,False
391,BRh3Y,Y1B1Rh3_JVASP_18546,0.2122920356,16.7270106535,24.26684497851338,0.21229213670886873,16.726978798346384,24.266839539930398,1.4507604650236898,19.404973845871453,31.02266791731306,3.293198879173901,13.452135136715219,0.9248609966118453,0.05401413774064996,11,16.2501086011,2.899714921589942,78.8507689383,0.0,0.0004875467838347927,0.00048450146830900315,0.00040096673239365776,0.0,6.468665300022092e-07,False,,,,False
392,InMgSc2,Mg1Sc2In1_JVASP_38893,0.1462776326,16.7280733469,20.951654301190633,0.14627775257250458,16.728014354954283,20.951645721402084,1.2524885068141338,19.022002630687368,22.503774681398554,0.1649173145897116,1.8838616933039685,0.2875808680374605,0.30111668374801154,5,31.9502746475,3.05701209911091,34.350320829,0.0,1.976665159109479e-12,1.970037041984464e-12,1.6303754830216252e-12,0.0,6.987206024956182e-114,False,,,,False
393,IrNiSc2,Sc2Ni1Ir1_JVASP_41868,0.1799976973,16.7721253091,20.840707259188687,0.17999776995048428,16.772087557271348,20.840702782262298,1.2425825175964484,18.81397181910429,22.66341447804924,0.617512544670862,2.061315635731887,0.31705454060225846,0.22859383541866762,15,15.6500970558,3.0351399558193437,39.5504208887,0.0,2.9493020960002984e-06,2.9357022544596298e-06,2.4295466933459004e-06,0.0,1.5647308717723631e-13,False,,,,False
394,NiSbTi,Ti1Ni1Sb1_mp_20952,0.4368916043,16.7882590534,19.30898987393178,0.4368922341929845,16.78824503234366,19.30898387345752,1.1501490379880381,18.06274258277567,20.44515412062016,0.40645840359891117,1.8516969995400372,0.08610844706673562,0.3315984097758581,11,12.1501113421,3.019230120798002,31.9502746475,1.3350244999729446,1.3279527302151763,1.3049630329232615,1.079969406557182,0.7362402192696993,0.6734063587397106,False,0.005311188020227638,0.02277493061191142,0.08920750093392307,True
395,Co2Sb2,Co2Sb2_JVASP_14996,0.2636276847,16.7908519906,19.896857540850515,0.26362751501115284,16.79082974636839,19.896852883595212,1.1849833024421326,18.36878722949455,21.277978992457065,0.47771807797898075,2.078334075951524,0.25755189907663417,0.30675257606557604,4,32.5502861929,3.470442139414768,34.9503323743,0.029358724540383106,0.021824561836190418,0.021646970870805478,0.01791473451377005,0.0,0.0013644312867743915,False,0.2965537354276165,0.304724229646618,,False
396,SbY,Y1Sb1_mp_215,0.0870613421,16.8076204736,18.105415233697347,0.08706135607638028,16.80760977614765,18.105413862377638,1.0772152675790791,17.55857942427116,18.504881016769996,-1.2079588021351946,3.0976351021381903,0.028668742325375033,0.7587324590282646,3,20.1501836459,2.2238126351664738,22.9502375243,0.0,0.0,0.0,0.0,0.0,0.0,False,,,,False
397,MgSc,Mg1Sc1_JVASP_100208,0.3022715714,16.8095700578,20.317813924647503,0.30227168713672903,16.80955365419804,20.317811427273533,1.2087061825225405,18.573754537663838,21.859565481724992,0.46221988823086957,1.5895840713942793,0.16645784067468777,0.324558779625282,3,29.7502323146,2.771415174195625,33.1502977383,0.11558404294324705,0.10246342168499945,0.10142236219975562,0.08393574802738395,0.02789194283524233,0.01730466492777228,False,0.12049203660875141,0.1307043085299189,0.47736174569379447,True
398,LiRh,Li1Rh1_mp_600561,0.2406548354,16.8623990259,19.328445268942353,0.24065474885359248,16.862376955980636,19.328439375751124,1.1462464293265513,17.920638818417743,21.26804693139564,2.7538282818798097,13.875922185840741,0.791652372337608,0.022947596500340298,5,15.2500893589,2.801067121383587,62.750595195,0.014117856177836171,0.005736779653215968,0.0056969825389082554,0.00471474417013097,0.0,0.00011874327849207284,False,0.9005423749060159,0.907503736241804,,False
399,LiRh2Sn,Li1Sn1Rh2_JVASP_41105,0.1149285816,16.8695666997,22.576196646477015,0.11492860219287097,16.869537569918528,22.576192708027882,1.3382816579563726,19.41878901268274,25.993804812179132,1.6480600460001944,5.13239788790381,0.5457149454552342,0.09257272139700454,5,50.3504926481,6.671296288597841,51.0505061176,0.0,4.7605006531115667e-63,4.7493118524448533e-63,3.9304649813336714e-63,0.0,0.0,False,,,,False
400,MnPdSb,Mn1Sb1Pd1_mp_4142,0.5506502955,16.9090175984,21.16749004596908,0.5506505516742264,16.908987963233564,21.167485254084955,1.251848147275931,19.18297139472178,22.718703713432888,0.08186133471492252,1.3039712272339408,0.29176679606129724,0.41254461667041603,1,28.8502149965,2.2585090492517175,31.9502746475,3.2909409448981726,3.4957146338532934,3.4043045988645204,2.8173555300947752,2.2068344282872205,2.3027226438491133,False,-0.06036430261403983,-0.033867163959988775,-0.04253307774643978,True
401,CuMgSn,Mg1Cu1Sn1_mp_11361,0.2709928317,16.9176150566,19.575331590149375,0.27099299535979027,16.91758972832541,19.575327114658634,1.1570990566039872,18.27717541012973,20.764879648083603,0.4456155122199976,2.131163292052493,0.1004834675347844,0.23503616025592147,7,29.1502207692,3.5143170940773185,31.3502631022,0.038973696544647066,0.031215537944246065,0.030954211671282143,0.02561727862450936,0.0,0.0025062998168757654,False,0.22197098913178823,0.2303779012942661,,False
402,Os2TaTi,Ta1Ti1Os2_JVASP_40237,0.7075460223,16.9258306705,19.33150217728048,0.707546705925141,16.925815055563795,19.33149690088576,1.1421309306183856,18.077571916531305,20.610889648531202,0.9462521381693764,2.7105069157322084,0.07631939951046308,0.19201120959789508,10,15.2500893589,2.7129836685273623,33.9503131321,7.196939342020055,7.269371279358635,7.010795014880176,5.802037253693938,5.6232235498088485,5.573641140372248,False,-0.010013962027978973,0.026204738105225004,0.008856538844527535,True
403,Al2Pt,Al2Pt1_mp_1502,0.3972108615,16.9656644272,24.487785213273167,0.3972110845426985,16.965606685941204,24.487772811189547,1.4433773730875004,20.94291722971434,27.07090390366613,0.2615417991874798,1.2455300561398315,0.4954478152868079,0.4360764021264428,6,38.4503997222,2.8734439672579337,40.9503117708,0.7462244377880803,0.8075790536994838,0.794080052061928,0.6571696982581472,0.35800731831887234,0.3453090338407797,False,-0.07901453972343747,-0.06215786750190678,0.03611366207361223,True
404,HfIr3,Hf1Ir3_JVASP_20590,0.2931763592,17.0112102008,17.61377153139554,0.2931763767522028,17.011201736019576,17.613770813727594,1.0354218994671103,17.334802639478557,17.86510874439791,-0.46584599570067214,3.8282442403546857,0.0067242551324211836,0.6795206165442876,8,17.6501355403,2.1827636481655963,23.9502567665,0.08647539329970547,0.07626293701272334,0.0756043099494975,0.06256908409613586,0.016081473154403947,0.010812494097248614,False,0.125672836108232,0.13434661147031093,0.3969655472957089,True
405,Ni3Sb,Ni3Sb1_JVASP_38647,0.250093765,17.0451138009,18.51300652321767,0.2500937981966044,17.045100202638288,18.513005266903615,1.0861188873526317,17.7846493297451,19.237497719747864,0.6158360776899066,3.1868872279406197,0.060946153583141656,0.17592979439361023,11,17.950141313,2.901694565361181,33.2502996625,0.016185916178166594,0.010590656975362678,0.010515571722603064,0.008702542115257709,0.0,0.0003714653180983153,False,0.4241692973748005,0.4312843126236162,,False
406,Fe2Se2,Fe2Se2_mp_20311,0.1954594586,17.0548043366,23.624654700232128,0.1954598519179293,17.05465269968796,23.62463042911969,1.3852308132637576,20.46519150918749,26.278498962031748,0.6223575114422217,2.1696167957171673,0.41633382558653365,0.22238065884225247,12,43.3503579522,3.457237343172743,44.9503887399,0.0,5.506663090992447e-05,5.476772858091649e-05,4.532501675662055e-05,0.0,2.272265907800976e-09,False,,,,False
407,F2NaSc,Na1Sc1F2_JVASP_138878,0.5282167499,17.097350278,20.75485609891574,0.5282171144681898,17.097320113121693,20.75485578578386,1.2139245009429938,18.790450001438025,22.89576848538914,1.4440049210306833,4.737913828416399,0.48257253783407095,0.1021306948649823,13,18.6501547826,3.105671020978683,50.0504868754,3.108986142359491,3.0448244216816596,2.9715762914530917,2.4592355515473856,2.1481736012012336,1.9355033219451454,False,0.020853435489416546,0.045204123914441736,0.10425058594883507,True
408,NbRu3,Nb1Ru3_JVASP_16588,0.8838684457,17.1529678721,18.39214315895513,0.8838690401857026,17.152941045831255,18.392128070827745,1.0722434142159927,17.803207150381716,18.926275800716958,-0.0185392637209848,2.194169032675662,0.013311520644023505,0.5345099379880379,11,25.050277933,2.624170866519115,26.5501707394,11.79289306367355,11.83062194530454,11.290342928000038,9.343732078344859,9.768090550637972,9.801141886651001,False,-0.003194182888957223,0.04354931509600404,-0.0033778910384613023,True
409,GaSc2Tc,Sc2Ga1Tc1_JVASP_41857,0.3140105194,17.1828964695,21.06026600844823,0.31401058095159595,17.182869618089708,21.06025997764271,1.225654413129631,19.170121570475693,22.692488733057832,0.40331576160156424,1.720439777145295,0.2852758250277981,0.3462437295128087,10,30.8502534811,3.0738928252068396,36.6503650862,0.16639377300214858,0.14947067146593576,0.14784779490906824,0.12235679578681508,0.047360503221330646,0.03054938916449926,False,0.10725690972476334,0.11817377401651623,0.4384439251673938,True
410,PZr,Zr1P1_mp_930,0.6820405833,17.2304221951,22.343084665318706,0.6820406350209399,17.230415919374693,22.34308391310751,1.2967234231405809,19.440794914878552,25.390121538159157,1.4584859312351128,3.38492403965537,0.4433420713334203,0.18756022491553692,7,43.250356028,2.514252179819753,45.1503925883,6.597999865937094,6.770209635567385,6.519435138090815,5.395394597040674,5.130696492219265,5.100731562234824,False,-0.025765499328939748,0.011978815564305202,0.0058574454120789475,True
411,MgO2Ta,Mg1Ta1O2_JVASP_118722,0.9917617845,17.2318552001,28.07546113022723,0.9917623105050106,17.231818179148416,28.075453969203636,1.629279840195662,22.254574892666028,33.16707725184352,1.177443814376168,3.1025130414639457,0.6903112378692378,0.11113879417538014,24,45.3503964368,3.3945059281168537,70.750613076,13.980563603077272,14.804411386373543,13.74876639231856,11.378289428125704,11.985575463160618,12.559146084353072,False,-0.05725715205539854,0.01671894778300406,-0.046745289798134394,True
412,AlRuSc2,Sc2Al1Ru1_JVASP_41902,0.3136489756,17.2337512838,22.077061433623815,0.3136493072855431,17.23371013674091,22.077050428450537,1.2810387463453972,19.622375583091664,24.349459891354268,0.8263889376557846,2.6193829196031233,0.4380359737441735,0.1793918042080123,15,14.2500701166,3.282970350122069,44.550381043,0.17259896661966728,0.1484052201047824,0.14676239942311994,0.12145853745361651,0.05251416350526461,0.03016802436431471,False,0.15102428546872626,0.16215584283916165,0.5543003466889977,True
413,FeI2,Fe1I2_mp_571122,0.0927855597,17.2361382643,21.14144856403411,0.09278580585718631,17.235985988466425,21.141423343922998,1.2265862456647345,19.39731377709523,22.515384015376156,0.002104249615308751,1.6609466753319526,0.17953180156068632,0.43772286718216613,8,30.4502457842,3.354911170899017,31.6502688749,0.0,0.0,0.0,0.0,0.0,0.0,False,,,,False
414,BeIrOs2,Be1Ir1Os2_JVASP_71053,0.5279984114,17.3845769134,21.226914003768893,0.5279982955559548,17.384570023705145,21.22691480680313,1.2210204093548858,18.836169974537405,24.794246933628397,3.3570769018038744,15.059424385945718,0.7403489182316189,0.04251673211272964,15,17.950141313,2.81854206879499,63.2506048161,3.2860496894624616,3.091553890360354,3.016938754155417,2.4967768999906896,2.3313544273487095,1.96443220683139,False,0.06101229941711467,0.08544348134163209,0.17124614768019705,True
415,BeTiZn2,Ti1Be1Zn2_JVASP_67780,0.356295799,17.3944380374,26.412938124006576,0.356295810118911,17.39441862530647,26.412937415729196,1.5184719871753591,21.77948405072292,30.31918401808268,0.8841163760680337,2.3255581385276503,0.5163970095118335,0.2000346183817649,8,48.3504541635,3.0608127446172593,51.0505061176,0.41287778805718445,0.41349611415562265,0.4075993189458529,0.3373235743000162,0.1718425986100307,0.13513819408787286,False,-0.0014964804967223736,0.012867006017076462,0.24028101870515978,True
416,CuTi2,Ti2Cu1_mp_742,0.3086939782,17.4224191329,22.166272151085757,0.3086940353987553,17.422396109102507,22.16626949733124,1.2722859334916767,19.863092204570666,24.1080835470671,0.4267864390897921,1.7801726166462735,0.33275754971492183,0.3009487483265837,17,37.0492843267,3.2728091558471473,38.4493112659,0.14326715559789804,0.1296988107700277,0.1283024409121732,0.10618133041007435,0.038501708375940955,0.024419789022585032,False,0.09949618607184423,0.11032081179288082,0.45530878459887697,True
417,Co4Hf2,Hf2Co4_JVASP_14504,0.4334076299,17.4251586958,21.38853442145347,0.43340799982297157,17.4251146129322,21.388524869141445,1.2274538988264538,19.510855474604877,23.030747722565284,0.4362045761188539,2.409185334377442,0.2927235652870594,0.16427540466047563,15,32.9502938898,3.4510957497896593,40.7503079224,1.3261974711526507,1.3255704465578741,1.3018700531455902,1.0774096991549713,0.7388028894161432,0.663744720972437,False,0.0004729106210801221,0.01851406987999513,0.10713354008861584,True
418,LiPd,Li1Pd1_mp_2744,0.1370629857,17.4497896482,22.684835829203173,0.13706314162764108,17.449707527759493,22.684821350331017,1.3000115511531272,19.88726973846854,25.753732010657934,1.6235776085999147,5.526657423743386,0.5505382178911934,0.08647244384555598,2,22.1502221305,3.1946192382070318,58.0505047564,0.0,1.7766770099962965e-16,1.7712280083677912e-16,1.4658438689940344e-16,0.0,0.0,False,,,,False
419,Al6Fe2,Al6Fe2_JVASP_37941,0.4709002414,17.4507646697,21.473154901241223,0.4709004217056096,17.4507348642487,21.473150793767747,1.230501234521634,19.224527628390714,24.10457309546332,1.8533601382929525,6.115502548125083,0.6455729341333498,0.09024483165060825,2,15.9501028285,2.874079389597406,55.8504624234,2.065682843746621,1.9586016992111945,1.9187507275084297,1.5879316365587004,1.3232730523738094,1.1017496825222006,False,0.053230046821563064,0.0737865351791332,0.18320871604891906,True
420,HfOs2Sc,Hf1Sc1Os2_JVASP_41242,0.2379779701,17.4643443738,20.042582025487633,0.23797800637412006,17.46433144069011,20.042580427581637,1.1476294123051554,18.66355187444968,21.53971319659918,1.2921626070793364,3.7041577865916056,0.1085803352763893,0.15827673118335692,10,16.5501143738,2.8679595782664227,36.5503631619,0.0,0.004930077565844621,0.004896433740711978,0.00405222102679612,0.0,8.574979307447856e-05,False,,,,False
421,BeHf2Tc,Hf2Be1Tc1_JVASP_74422,0.3673276889,17.4852821392,23.70116321817349,0.36732768621265255,17.485256335322447,23.701161845539755,1.355494102632078,20.34465755254437,27.030246059423824,1.2823938356918108,3.4038531749821264,0.532670673031491,0.15941254825937268,12,21.7502144336,2.9768842605946437,50.0504868754,0.5459403086714434,0.5118414933634476,0.5044251957398683,0.4174553344054083,0.24713210950040732,0.18219918472099508,False,0.06449465115674295,0.0790900902447397,0.30482253974223433,True
422,Ru2VZn,V1Zn1Ru2_JVASP_41590,0.5969027188,17.485767315,19.844340443526963,0.5969027981024028,17.48575596746212,19.84433965800027,1.1348860006354347,18.72994121636021,20.82355359284375,0.15403940067537258,2.2434517274917916,0.18358880106828304,0.3426647059311832,12,23.5502490696,2.9406891530556933,34.2503189047,4.64179755400475,4.697636464000111,4.568774252642655,3.7810545539111624,3.338263399346376,3.284684785520068,False,-0.01195780713249271,0.015856742219170387,0.016180039826438,True
423,Al2IrLi,Li1Al2Ir1_JVASP_16583,0.450123897,17.5158796657,26.04610585438445,0.450124523099674,17.51583282949656,26.046094413443637,1.4870029114220686,21.694151769370038,29.81970775729546,0.9297669839250029,2.864601476227447,0.5824802675642922,0.07773315825281443,13,36.0503535408,2.972776348410501,58.3505105291,1.5422239304319194,1.6038717727722087,1.5709767069588427,1.3001186540349043,0.920361142015671,0.8495681198239223,False,-0.0391950787162214,-0.01847204690490334,0.0800380126504956,True
424,AlSc2Zn,Sc2Al1Zn1_JVASP_41903,0.2151678895,17.5191859766,22.06635029399742,0.21516775147134237,17.519155865947024,22.06635379440623,1.259555766456639,19.901796568037152,23.919864298718547,0.4382713624346356,2.205181756567328,0.36125952240344766,0.2827790497087038,5,12.9501131302,2.9970902312706063,40.0502944528,0.0,0.0006944081074409402,0.0006901613857793583,0.0005711680434036069,0.0,1.3777459493146262e-06,False,,,,False
425,Ga4Zr2,Zr2Ga4_mp_30683,0.2836204501,17.5487591953,19.974502751555544,0.2836206894017295,17.548731280512985,19.97449716591852,1.1382302712731849,18.826895155766366,20.98506399549956,0.17843597083070695,2.023921675941893,0.1100926265759611,0.32804885576056125,20,17.8423841375,3.119651844629045,32.6425328659,0.06658543371474458,0.05517579132016868,0.05468572008594758,0.045257147657335926,0.012034722260089174,0.006299343667896262,False,0.18796154658761577,0.19688322404499348,0.647350545014681,True
426,AgRuSc2,Sc2Ag1Ru1_JVASP_41894,0.2062339683,17.553252976,21.202903647977084,0.20623434530007556,17.553197443498878,21.202885932688165,1.2079215767347853,19.52036412807066,22.570566629663936,0.0838041248046314,1.694076391730504,0.20804247687139277,0.36970350704434446,13,29.8502342388,3.136506633092073,35.1503362228,0.0,0.0002524035910231434,0.0002509839620839454,0.00020771086517292034,0.0,1.2375825309556864e-07,False,,,,False
427,MnZn3,Mn1Zn3_mp_11504,0.2244504258,17.577458678,19.736167089283065,0.22445036424550943,17.577437269958516,19.736160172870136,1.1228121522925916,18.68042101197054,20.726719469700594,0.4356843883249608,2.3600292594930004,0.09468122104372804,0.2571740030764996,12,15.4500932073,3.0386211019153526,33.6503073594,0.0,0.001697184352380042,0.0016867379959644227,0.001395921100108488,0.0,9.775934301849236e-06,False,,,,False
428,Ge2Y2,Y2Ge2_JVASP_16226,0.2707431,17.5781835364,19.1916548362537,0.27074311189560957,17.578156425967723,19.191649790084025,1.091789680613647,18.462305965781972,19.80006772564602,-0.3585590047454861,2.1815874482416686,0.036728529745587976,0.5149512547709938,15,23.3502452212,2.723509220499209,27.0501803605,0.03795789454586165,0.03205681155873183,0.03179944358671452,0.026316780899349947,0.0,0.0025538063777951854,False,0.16896781721218498,0.17702871477142168,,False
429,GaLi2Rh,Li2Ga1Rh1_JVASP_15118,0.3118534501,17.5848530321,25.757886993406505,0.31185366786496416,17.58481881204115,25.75787990757231,1.464779374919387,21.33204940114083,29.960449973817116,1.2791092590770414,3.3732466732391133,0.5386106897366033,0.19102811876514866,11,22.2502240547,3.4883237147981365,58.2505086049,0.17086597582782326,0.1438353875539771,0.14218611888883884,0.1176712708045563,0.054699930788296575,0.02845452330567218,False,0.17220997840334068,0.18374258631907112,0.6535553047843392,True
430,CuOsSc2,Sc2Cu1Os1_JVASP_40525,0.2540583438,17.6080215401,21.96349649370063,0.254058565447111,17.607986650791116,21.963489592454113,1.2473595095250318,19.886070343175163,23.67468507335592,0.26985107966081356,1.5710421177595584,0.29331092918204815,0.352949528528049,13,32.4502842687,3.133410884332784,38.0503920253,0.018799007887764282,0.013779659325032658,0.01367102065111531,0.011313948125060945,0.0,0.0005832478953406303,False,0.3106105536575087,0.3185257849890163,,False
431,Co2ScSn,Sc1Co2Sn1_mp_3791,0.1724960786,17.6359389393,19.951543133454617,0.17249617384676263,17.635893392247862,19.951536471537914,1.1313028508273888,18.8747037969369,20.926975934970482,0.2704354745977584,3.0862456057410714,0.14166922516960292,0.19593308855769664,12,22.4502279031,2.9781097108907546,34.6503266016,0.0,4.6198870395387777e-07,4.600790545339291e-07,3.8075507961428615e-07,0.0,5.1547412558313176e-17,False,,,,False
432,Be2NiPt,Be2Ni1Pt1_JVASP_67276,0.3878473559,17.6653782057,27.639848874760514,0.3878476494897044,17.665362470313113,27.639855575742327,1.5646356321412305,22.000693113567166,33.21831485109046,1.6077320114671423,4.394343851719207,0.7662345351620659,0.1363273444322471,25,27.4501880574,4.257649664613122,69.3505861369,0.7669052450314505,0.7303838248351494,0.7184047407543102,0.5945418544173601,0.3973388298165894,0.2967250569846624,False,0.048793070601220234,0.06533013799953283,0.2919834163045975,True
433,Mg2Rh,Mg2Rh1_mp_12693,0.1531463665,17.6741842974,24.111264265670517,0.15314666181745262,17.674133774495008,24.111272567153275,1.364212406378156,21.068608701846806,26.501728538428235,0.3551865987879168,1.5243048848877931,0.3933875077740275,0.3625839431673854,11,38.6491790573,3.2662553301920645,41.5492348599,0.0,2.0076601100190603e-10,2.0002468215850355e-10,1.6553766799324431e-10,0.0,1.0521496822060889e-46,False,,,,False
434,Sc2,Sc_mp_67,0.4508216387,17.721160988,19.12561277382244,0.4508217002361939,17.721143003534383,19.125608177682672,1.0792536448618566,18.459972076708542,19.726258528374338,-0.001133316202659107,2.1299528692048098,0.025586216154169054,0.43179938034503396,11,26.2503010237,2.859663691653401,29.3502246177,1.6466263720732077,1.6288555028631981,1.600930593265687,1.3249080771853958,0.930564134949974,0.865275054952136,False,0.010850949115047935,0.02814349087045717,0.0727435599725289,True
435,CTa,Ta1C1_JVASP_36405,1.6857027235,17.7217461142,31.23931667461054,1.6857032363590259,17.72172687360037,31.23931290926771,1.7627691213210244,23.69575699047842,37.75178199424891,1.3086527089611713,3.0573487113971596,0.7760079687500245,0.14711780684831233,14,11.8501055694,3.444092928528531,84.4507406379,30.184652760152392,30.79888217610965,26.000849186701227,21.517944154511362,27.232269654504496,27.76826288804603,False,-0.02014478787721657,0.14920440994516043,-0.019491091355884126,True
436,AlLiY2,Li1Y2Al1_JVASP_41907,0.2728081973,17.7447973979,22.75536022871095,0.27280707979316476,17.74478384402664,22.755388621152637,1.282370572736658,20.30157237584323,24.84792605196395,0.49668906023005466,1.8811409797315823,0.3013443629653979,0.4347217583181583,8,38.8504074191,5.383780169666301,39.1504131918,0.043722641284349176,0.03554037283204886,0.03522363971065464,0.029150598381231425,0.0,0.0030177763690630664,False,0.2071967619612544,0.2161486352413337,,False
437,Co4Zr2,Zr2Co4_JVASP_93356,0.4613055792,17.7488029565,20.988937390063366,0.4613056461177889,17.7487786458505,20.98893793227308,1.1825567466401468,19.42570418259743,22.40220121999782,0.4589932704817702,2.4632965325312908,0.21339450728332668,0.20414358987174697,13,20.1501836459,3.2674627871131356,38.9504093434,1.8213146896482089,1.816464206917944,1.7815814292256689,1.4744122172902088,1.0848434623822807,0.9953422440561277,False,0.0026667292007978125,0.022057184007082037,0.08610433937189062,True
438,HfTc,Hf1Tc1_JVASP_16545,0.3691257767,17.7503427816,19.156279920736175,0.3691259472357086,17.750309834213862,19.15627571173833,1.079207962602121,18.54228976447411,19.650932850737135,-0.6673806636173546,2.7273777303780946,0.03216728455885146,0.6748962101625846,5,17.8501393887,2.621437036613255,25.4502856299,0.5407343556118074,0.5356505143652379,0.5288480873293724,0.43766738261741167,0.21318368061568568,0.1932179799307072,False,0.009446210535449862,0.022226912399684644,0.09833516313562024,True
439,Ni2Ti2,Ti2Ni2_mp_1048,0.4513929422,17.7556514027,22.063632882442548,0.45139418449628943,17.755438201665914,22.06360267434946,1.2426391522277007,20.177483477156336,23.532052480250712,-0.009210581919137706,1.8766910385555224,0.28256839641390974,0.33844677890094693,29,26.5500346823,3.4169560678887407,37.950117987,1.58773504167579,1.6450934165667668,1.6135504961798643,1.3353521347695427,0.9053320278621084,0.8751137889640134,False,-0.03548867221765943,-0.01612852949837278,0.03394783559805367,True
440,Rh3Sb,Sb1Rh3_JVASP_39222,0.2028422277,17.7663892774,19.347006143768084,0.2028422013674727,17.766373667577888,19.347001720227265,1.088967398875207,18.602807465114793,20.00637861234152,-0.04168650474668323,2.1592304068219708,0.017299953483559075,0.43167861244794875,9,10.5500941602,2.6582617077053676,29.3502246177,0.0,0.00016542553907623542,0.00016457042252846955,0.00013619621174769893,0.0,4.170882250090349e-08,False,,,,False
441,Co2GeZn,Zn1Co2Ge1_JVASP_7935,0.1758760375,17.7965390744,20.306751341356893,0.1758761614610117,17.796495356334102,20.306745881564904,1.141053082360812,19.133359352736477,21.353330507724113,0.23991873083777782,2.591749791559504,0.16059690960553327,0.20209311641363387,7,18.6501547826,3.0910839692881096,36.5503631619,0.0,1.156848319132737e-06,1.151899106737462e-06,9.532958124723824e-07,0.0,3.045445743820702e-15,False,,,,False
442,RuSc,Sc1Ru1_JVASP_8729,0.4561504178,17.9076978918,19.97833841845212,0.4561505482954824,17.907679341742657,19.978335406254963,1.115629503130851,18.907811189369127,21.092221498314995,0.9776580127350759,3.097935990927956,0.06263200448347962,0.21744094386825674,5,16.2501086011,2.7515642970966807,36.3503593135,1.7909306021545752,1.7394654011530528,1.7081282005279588,1.413623338367966,1.0564506908424434,0.9390800178367542,False,0.029157548927080452,0.047337222822061424,0.1177694721963444,True
443,LiMgP,Li1Mg1P1_mp_10178,0.1630615424,17.9086449883,27.348004594851158,0.16306161986322418,17.908615734466387,27.347998773900663,1.5270861343720454,22.661881644774606,31.65188951562571,1.1537972169582313,4.00486863752651,0.3761875752872034,0.09827218077815263,12,30.4502457842,2.9080112705450287,63.0506009677,0.0,2.0877611784799175e-08,2.0790682892667792e-08,1.7206082393931964e-08,0.0,7.367233197568372e-25,False,,,,False
444,AsRh2,As1Rh2_JVASP_14488,0.1634081904,17.9439535904,20.820685964636226,0.1634082304749619,17.94393465191899,20.8206827617971,1.1603186907265326,19.377428268207915,22.194343185407323,0.6430190571135832,2.322074766793038,0.10417882832164242,0.2659900069674121,8,33.5503054352,2.905298438309382,34.1503169805,0.0,2.387831413935998e-08,2.378626999068919e-08,1.968518895781175e-08,0.0,1.886254531206709e-24,False,,,,False
445,Rh3Sc,Sc1Rh3_JVASP_18919,0.3887722493,17.9512024698,19.264769624996816,0.3887722961495151,17.951190854219796,19.264767993592578,1.0731749302895968,18.62016021099598,19.90119380519919,0.5141646286832962,3.468600449745315,0.017928499659153448,0.1948244754979496,10,19.9501797975,2.6982597584813948,31.1502592537,0.7913585136870017,0.7507921819562422,0.7405404133881951,0.6128610317695409,0.3663396052178587,0.3068013439256471,False,0.05262221444880103,0.06637089812589388,0.17736033634764592,True
446,GaSc2Zn,Sc2Zn1Ga1_JVASP_40342,0.1896741612,18.0181835365,21.538637806263424,0.18967415831287146,18.018164967987705,21.538635230607202,1.19538450607341,19.90951645334526,22.852829136150405,0.017864890970014646,1.5808791602667729,0.22376192965616734,0.43037962639391303,7,29.7502323146,3.049182419837008,35.5503439197,0.0,2.2223212403191427e-05,2.211390866758693e-05,1.8301165793865043e-05,0.0,1.3714531360070297e-10,False,,,,False
447,AlIr2Mg,Mg1Al1Ir2_JVASP_39845,0.1415705255,18.0683372175,24.10812658236637,0.1415705633682552,18.068323095520654,24.108123778324426,1.334275663041531,20.770301018021136,27.416009776354606,1.2613596148462323,2.956187223087679,0.5758081300581844,0.2291279557485311,8,45.450398361,2.63054607802832,49.3504734058,0.0,3.316864735766428e-14,3.306090421307665e-14,2.7360748314270333e-14,0.0,0.0,False,,,,False
448,AlCo2Hf,Hf1Al1Co2_mp_5221,0.1800765283,18.0785103814,21.91166114021938,0.1800763836579537,18.078445149456446,21.91164411226622,1.2120314513289339,20.120851304982658,23.460150638007747,0.34069024077286325,2.5450976135901255,0.3201713236129929,0.15207818595194095,11,13.3501208271,3.2763351012269455,40.2502983012,0.0,3.236261910599743e-06,3.221480150556266e-06,2.6660525383913925e-06,0.0,1.8051843059394382e-13,False,,,,False
449,Li2Zn2,Li2Zn2_JVASP_20517,0.415217763,18.1079448821,25.063567168944648,0.41521777290843287,18.10792497700036,25.06356544144607,1.384121343184289,21.337895271604484,28.587298740744355,1.1353909013329233,2.9160713604016313,0.6301895097540332,0.1844736841082519,14,51.2505099661,5.338827772474641,52.9505426779,1.1140514812219007,1.1038277349584762,1.0843074216717716,0.8973578662111212,0.6060259796261454,0.5140764529340529,False,0.00921945487881405,0.027061891244388635,0.1645508603094639,True
450,Ti2Zn,Ti2Zn1_mp_1014229,0.5135101748,18.1085916551,22.27186290029193,0.5135103940220057,18.108566952233996,22.271862286542973,1.2299074987706504,20.342246067701307,23.816185113918582,0.09772792601103464,1.5867748161377198,0.2518674944224818,0.3995979945007009,19,32.2486477357,3.2993859296623578,35.7487150836,2.769630573059917,2.900501913358391,2.833104856866078,2.344638502233996,1.7769093707686823,1.7952907195359031,False,-0.046169851410107134,-0.022659288644855776,-0.010291422954012157,True
451,MgNiSb,Mg1Ni1Sb1_JVASP_17322,0.2309330671,18.1197268495,20.234168053826675,0.23093308656211864,18.119710416404153,20.234166745153033,1.11669371530544,19.194702914268873,21.24318025435222,0.5882928274902695,3.0855173142240626,0.07880875122526469,0.16122301771081918,5,32.2502804202,2.810052847374495,33.9503131321,0.0,0.0030117649797206086,0.002992472273557804,0.002476528778116803,0.0,3.106485325714116e-05,False,,,,False
452,Mn2Sb2,Mn2Sb2_mp_786,0.3971359588,18.1805529098,21.91914688680652,0.39713595688137737,18.180531812442375,21.91914651810848,1.205638357790363,20.09908007106243,23.484793241777133,0.3318276702860158,1.537971697993365,0.20233759233275297,0.3771010781991012,19,34.5503246774,3.042253778515155,36.2503573893,0.866141880712286,0.8633621959079558,0.8500164158711596,0.7034618614106148,0.41701646217349814,0.36910930100486716,False,0.0032144326634999955,0.018793067596296346,0.12203288978919569,True
453,Ga2Sc2,Sc2Ga2_JVASP_16526,0.3601532767,18.2127769961,20.620439366107114,0.3601534948986024,18.2127606611825,20.620440670548014,1.1321974221347502,19.511745775660337,21.53676837086566,-0.1459544741274641,1.7425415287947825,0.08666903266569247,0.4736386066341046,22,25.3502837057,3.017035848601276,31.4502650264,0.48041505449744915,0.4658432369358274,0.45990678751155567,0.3806125138026667,0.187450673705661,0.15711832189049724,False,0.03080125103192542,0.043626594031376115,0.17651657311378754,True
454,LiOsSc2,Li1Sc2Os1_JVASP_42110,0.321997601,18.2214585269,24.76779250682022,0.3219976690846468,18.22141157170348,24.767784663617505,1.359268164606965,21.449090802538386,27.872879025006352,1.0091106829243779,3.2517755334689733,0.39102093604160937,0.12372625755433861,10,49.1504695573,3.037789368515519,49.8504830269,0.2195812519053083,0.1975736850577501,0.19524205862957877,0.16157963472792725,0.07218465477897099,0.0451333149098863,False,0.10561072849260877,0.11748221709265777,0.4696068220125326,True
455,CoGa2Ru,Ga2Co1Ru1_JVASP_80007,0.1333626405,18.2241882025,20.347833102465728,0.1333626139591057,18.22417923549734,20.347834493401972,1.1165295419048638,19.312779016934286,21.3108496536885,0.3672840367838641,2.372504690624713,0.10145179162283792,0.22990696382723952,9,18.2501470856,2.8627407827693814,34.7503285259,0.0,7.047599393076093e-19,7.028076752320349e-19,5.816339381230633e-19,0.0,0.0,False,,,,False
456,IrOs,Ir1Os1_mp_1223655,0.4388624144,18.2410676615,19.24811826727745,0.4388623914536013,18.241055237201643,19.2481116320749,1.055208231200321,18.765008946400307,19.696416283430732,-0.0032195851711565027,2.3653756189653548,0.008371245712261157,0.5537732069371128,9,19.5501721006,2.6651955004392303,27.2501842089,1.4886875847445653,1.473154899871953,1.4494707013823227,1.199561959764681,0.8031203330775087,0.7524093912851144,False,0.010488624800632593,0.026696459941592254,0.06522397799183142,True
457,Ni3Sn,Ni3Sn1_JVASP_16591,0.0875965164,18.2963407993,19.851539624469936,0.0875965366035697,18.2963291291863,19.851538764252314,1.0850011837940292,19.096251549358318,20.572506502947334,0.36253499104754494,2.8820391520596558,0.06279001691088121,0.2268492879558447,14,19.0501624795,3.0125470975022686,34.6503266016,0.0,0.0,0.0,0.0,0.0,0.0,False,,,,False
458,Co2HfZn,Hf1Zn1Co2_JVASP_39989,0.1020775297,18.3129016928,21.106058900048108,0.1020784136297743,18.31294041177241,21.1061076095416,1.1525242334089403,19.795310217070526,22.197256848991046,-0.009605511514907406,1.4950410973693407,0.05587989354031074,0.47587203444464443,8,30.1502400115,2.6941617101005932,30.3502438599,0.0,0.0,0.0,0.0,0.0,0.0,False,,,,False
459,HfOs,Hf1Os1_mp_11452,0.0287740038,18.3148492788,19.1774491648707,0.028774006979853165,18.31484496695774,19.177448302506296,1.0470985878998593,18.768336876400017,19.54628787481104,-0.2850320871799373,2.19080261629431,0.004597061283043873,0.5147962728146976,6,21.6502125093,2.5883142302444657,27.2501842089,0.0,0.0,0.0,0.0,0.0,0.0,False,,,,False
460,AlSc2Tc,Sc2Al1Tc1_JVASP_41900,0.3529887129,18.3303677676,22.56105481294924,0.3529865776144845,18.330372511969724,22.56108866248939,1.2308036101152342,20.432314256182863,24.526378207115126,0.7006868412631733,2.334987155438677,0.3384559558417941,0.25055889503131956,14,13.5501246756,3.215959189110767,41.450321392,0.4347008616068635,0.40741005729295837,0.4020966323007543,0.3327696267316587,0.1732192152482383,0.12950732968089515,False,0.06483793004560184,0.07796568147491167,0.2908204531261043,True
461,BSc3Tl,Sc3Tl1B1_JVASP_15896,0.4838825376,18.3339592289,29.189153368480902,0.4838830754466045,18.33389475105635,29.189137592600716,1.5920860236703889,23.23672993721643,34.73320394723764,1.3789538323051505,3.388158417456641,0.7614605482309421,0.1725933000338034,11,18.5501528583,3.9878406890153513,63.5506105888,2.1986342694770946,2.317635159229397,2.263572568215521,1.873301435764569,1.406156851140599,1.3462360363512234,False,-0.05271095689668051,-0.029107966563951558,0.04354776840846348,True
462,BaO2Sc,Ba1Sc1O2_JVASP_133938,0.3216340625,18.3478928167,25.419636424612765,0.32163401665368196,18.34788982626293,25.419640226153845,1.3854258155490178,21.2460199089927,30.428299005522273,2.2695098270928304,8.009306406593817,0.7589106183669614,0.06556811339908822,6,18.4501509341,2.9092830857885823,73.850672727,0.258036449928719,0.19704820301245082,0.19471236276944023,0.16114126574022639,0.09830106536984598,0.04479763726689911,False,0.26965246958639055,0.28157744686928443,0.7858794665858758,True
463,NbRu2Y,Y1Nb1Ru2_JVASP_37463,0.1837811823,18.3543838434,19.91374553508455,0.18378120372375722,18.35436910812313,19.913744062559967,1.0849593328569764,19.204470886120173,20.526073615334177,-0.22790417111276506,3.026982924633864,0.09350945055238313,0.18838054388146136,10,19.4501701764,2.643079374746372,33.6503073594,0.0,7.324315099511641e-06,7.291805423054306e-06,6.034597591493219e-06,0.0,3.389981002595972e-12,False,,,,False
464,HfRh3,Hf1Rh3_JVASP_19597,0.38789336,18.3614484467,19.647564033803274,0.38789330012552664,18.361436768119233,19.647562908408734,1.0700449619782797,19.049076855646636,20.172953850853897,-0.23721782770675326,2.266196358810827,0.01540736376371007,0.48514388152705296,5,14.7500797377,2.31950085925168,29.2502226934,0.7831921546943549,0.7575199765345166,0.7472411721623541,0.6184064873067758,0.3530555317940427,0.30800361188006686,False,0.033328165478782396,0.04699008685038598,0.13651384863676297,True
465,Ir,Ir1_mp_101,0.376050163,18.3821089076,18.887935698868734,0.37605019802943374,18.382106017102377,18.887935166929392,1.0275174753837455,18.645146675779873,19.1160903053012,-0.21987606100906076,3.028212926415435,0.002100002931708835,0.7349883031746153,3,23.3502452212,2.3492905595145066,25.2502817815,0.6474298835872212,0.6253218700834471,0.6175659864243525,0.5110890922132572,0.26715539895245843,0.23648355159312115,False,0.03474399050697307,0.04722457641476872,0.12195185141748235,True
466,ReTc2Ti,Ti1Re1Tc2_JVASP_39667,0.751490745,18.3846618281,20.86020348801756,0.7514904438937934,18.38465484198543,20.860207349104662,1.1346531946558909,19.61737473816363,22.058474019454717,0.6246598760091153,2.4632372196262136,0.07637152843012017,0.24758051968716155,13,22.3502259789,2.885017128347335,35.6503458439,9.001907521928793,9.103448983213106,8.751763617034976,7.2428388554772205,7.167503810140916,7.154948587247644,False,-0.011216849101649398,0.028181265467265914,0.0017532229482671213,True
468,Ga3Sc,Sc1Ga3_mp_932,0.4313808444,18.4313693242,20.86127771069404,0.43138099137541563,18.4313433108454,20.86127422177099,1.1318368862184758,19.68548318450511,21.950862578461127,0.40355260725038855,2.245500565334935,0.10638106728614016,0.25405727912085074,3,17.7501374645,3.4734244811296646,32.4502842687,1.3701135196019556,1.3680886081793269,1.345154794716105,1.113231554247811,0.7346315201375078,0.6800786985116,False,0.0014790082669230043,0.01838450199074665,0.07716051577822299,True
469,AlRe2,Al1Re2_mp_10909,0.34282769,18.441453742,22.306197413788393,0.3428277520433209,18.441434255432423,22.30619510875612,1.2095694293509318,20.279849670543356,24.381824584165333,1.1273535279803175,3.512837355396079,0.30943377402597494,0.12070624447871592,18,25.950023137,3.0902973175990027,43.6502276679,0.36984530895360057,0.3306258650604715,0.3265439044030149,0.2702432312300813,0.14113813270120149,0.09572014099579787,False,0.11209741525850751,0.12452042479062983,0.3883103393259895,True
470,AlLi2Pt,Li2Al1Pt1_JVASP_18765,0.343999916,18.4890294786,29.175364150615156,0.3440002274737074,18.488966443796382,29.175349990317343,1.5779870702348844,23.99190418850671,33.21713550325804,0.6568888695889668,2.0691964146968127,0.48612398840230103,0.24369987495645856,12,24.5502683119,3.315624688704621,58.750518226,0.335396984898085,0.3405201673474965,0.3358929201020143,0.27798034767063257,0.12962009814575565,0.09969466191062155,False,-0.015159492684336504,-0.0014775592198294817,0.2624957161638767,True
471,Ir3Os,Ir3Os1_mp_1184761,0.4391723807,18.5159091673,19.000628691690704,0.4391723881560238,18.515903086169583,19.000628296396044,1.0261788586800569,18.77931777583724,19.19566976677749,-0.8567537938002437,4.568041813515499,0.00462526697100166,0.8519101659367225,10,19.2501663279,2.286616702410472,24.3502644634,1.5066244924933976,1.4997363601021811,1.4763839825093772,1.2218350200077603,0.7980734684300114,0.7668882102466126,False,0.004582380347634716,0.020275869979780772,0.03985961752152959,True
472,TiZn3,Ti1Zn3_JVASP_18033,0.3381181807,18.5410300955,21.435556874427125,0.33811825670377016,18.541010656876228,21.43555446898213,1.1561157514912712,20.00568530075878,22.742854771473795,0.43909797908389303,1.7941227588447035,0.047188701608387146,0.33305888536336054,7,30.2502419357,4.99007949208684,33.050295814,0.3163485613792698,0.2988988108553938,0.29538727251214547,0.24445843242384455,0.10666651427325387,0.08250515389731808,False,0.0567395571430132,0.06855736445855797,0.25684651556438004,True
473,Be2PdPt,Be2Pd1Pt1_JVASP_68512,0.3125694694,18.5856233535,29.847245112344957,0.3125695896264119,18.585586765586225,29.847237792508214,1.6059346508109438,23.999461569378578,34.58107605446259,0.869719593499096,2.0054214308981786,0.6751842277301211,0.2835021770456788,12,46.7504233759,3.367077046361146,63.5506105888,0.17135075848111583,0.15525138676959585,0.15343345375841783,0.1269794100069665,0.054046122921691,0.031048095299754046,False,0.09866702154574532,0.11044572778891724,0.5543003466889979,True
474,BeScZn2,Sc1Be1Zn2_JVASP_67710,0.3851915189,18.6026585488,27.279238776789576,0.3851916840123353,18.60263010721614,27.279233850575736,1.466418119016077,22.9374742013271,30.87063593843723,0.7294783179696038,2.067172233445048,0.44040566917582025,0.21932215186099538,10,49.2504714816,2.991120970967301,49.7504811027,0.7081368418494338,0.7374967194915456,0.7257003836556015,0.6005796278529116,0.3326234662957158,0.29503304397525965,False,-0.040624285591018564,-0.024499880487645356,0.11992375483394903,True
475,LiS2Ti,Li1Ti1S2_JVASP_16170,0.4962777244,18.6949388176,23.3371065004833,0.4962779066594183,18.694917982448988,23.337098050520453,1.2483124062073767,20.860553585596527,25.754222025003244,1.0081478680249394,2.4686505196646467,0.6680713418382117,0.168336972128654,9,15.4500932073,2.926709706480432,53.1504104693,2.6525033184485114,2.6179493904887225,2.5597018809542837,2.1183739704449245,1.7417161174847278,1.5646389795550442,False,0.013112506632959615,0.03561304361160043,0.10721578820380936,True
476,TeZr,Zr1Te1_mp_1539,0.0533101473,18.6975979758,21.171987899269165,0.053310115758278875,18.697547592932377,21.1719701803794,1.1323394191215936,20.098849205552156,21.978799257949966,-0.5849537086523038,1.8695366941743456,0.057822380577924826,0.6022121942943072,4,27.7501938301,2.756857269274321,27.8501957543,0.0,0.0,0.0,0.0,0.0,0.0,False,,,,False
477,Mn2Se2,Mn2Se2_mp_10204,0.7667855403,18.7432763617,20.913248942371435,0.7667858581443372,18.743256190921738,20.913245751325537,1.1157744171183464,19.903480366878537,21.79461799834824,0.02585573044925893,2.3218941106025737,0.09389437245693467,0.32640140338100343,19,27.9501976785,3.0995103269190896,34.0503150563,9.602708144811436,9.703839158995917,9.324575848905894,7.716890357715224,7.670934109767263,7.685593215479161,False,-0.010476439683135814,0.02939167798600506,-0.001909169938494571,True
478,NbZn3,Nb1Zn3_mp_953,0.1451439382,18.7463332991,20.552733072282624,0.14514395814464642,18.74632046295158,20.552731631427047,1.0963608390268098,19.664700544370824,21.399141014771015,0.4117458223741049,2.2937849376397006,0.019254855574319465,0.31069667302575926,9,28.3502053754,3.3290610953018738,31.3502631022,0.0,8.91386094439871e-13,8.886045181507289e-13,7.353968426074999e-13,0.0,1.373304281824541e-148,False,,,,False
479,CuRuSc2,Sc2Cu1Ru1_JVASP_41865,0.2415038555,18.7596549765,22.01718651216363,0.24150397950189745,18.75962258967168,22.017177038450214,1.1736471207353616,20.46712956919105,23.352403891704302,0.22021456054415167,1.7711850114343504,0.16429903977246202,0.3535138216538745,11,14.2500701166,3.178088784143773,36.6503650862,0.010027516624104171,0.00676173594626049,0.006713920397743308,0.005556347915373772,0.0,0.00014753179663920806,False,0.3940533226397043,0.4011499341842338,,False
480,AlFe2Mn,Mn1Al1Fe2_mp_31185,0.8081051712,18.7638011401,20.861535250318948,0.8081052261285796,18.7637861219857,20.861532718048046,1.1117976181579046,19.7862660179947,22.0328673904147,1.2290370129626826,6.35194519257715,0.40041637408495306,0.011711548614725674,11,20.3501874944,3.0384452323242437,51.8505215114,11.057897811497359,10.871606099315784,10.414696589977884,8.61905924687825,9.1799828399377,8.768044238113493,False,0.016990461289932084,0.059926964469821924,0.04591155974460841,True
481,Al3Cu,Al3Cu1_JVASP_106483,0.447905587,18.7814173085,25.414634127433352,0.4479060048892934,18.781332612166445,25.41461944231185,1.3531850996477426,22.34500175272262,27.799936523539017,0.2818918987973075,1.6767347259145549,0.4230923825335147,0.28582559825208276,8,26.9501784363,3.47890406346178,47.0504291486,1.5910635259616592,1.6789620680689687,1.6458195782585983,1.3620575820071157,0.9104037642546677,0.8832208946189496,False,-0.05377310898083084,-0.03383580712905469,0.03031286499005863,True
482,Nb2S2,Nb2S2_JVASP_18923,1.0197117068,18.8055967064,23.96042764835803,1.0197104398916936,18.805579200897235,23.960414617437163,1.2741120260892569,21.17101924597248,26.707821792837645,1.1088037417351055,2.6296352178536404,0.49844193134157,0.22745005066981033,10,38.6504035707,2.8413949117435164,49.2504714816,16.390001769735704,16.77680837143927,15.654712630919033,12.955624246277821,14.142739279959368,14.332790471978246,False,-0.023325977891399074,0.045899502499335006,-0.013348584955879421,True
483,W,W_mp_91,0.3786323683,18.8163249005,19.534296289388056,0.37863234391113887,18.81631430722031,19.534293591796988,1.038157275269428,19.198924497208072,19.844877014244595,-0.20470684114923388,3.939207476145178,0.010963617629315131,0.5392029512143908,5,19.5501721006,2.5354808605981143,27.8501957543,0.6980657653843028,0.6685533618820333,0.6600778785904138,0.5462713477989631,0.2973780768970886,0.25706972046018567,False,0.04319710140701814,0.0559554921487213,0.14565698148706602,True
484,LiRuSc2,Li1Sc2Ru1_JVASP_39744,0.3228115843,18.820779037,24.559234014677656,0.32281170210160226,18.82074557364549,24.55922908453302,1.3049020289038429,21.522791808305186,27.638151222204456,1.273054464691782,3.8135623366779194,0.370814213671505,0.1233930794858339,8,49.1504695573,3.0901477471910725,50.0504868754,0.23940021218291627,0.20846840693090088,0.2060359108398886,0.17051247793645952,0.08001315197148887,0.048132452706009465,False,0.1383491751883033,0.15008620137242698,0.5082343787636228,True
485,CAlCo3,Al1Co3C1_JVASP_15854,0.2184760287,18.8256321192,28.28382796483001,0.2184760156086293,18.825626057453846,28.283828327171882,1.5024110348762156,22.26290260547061,36.40086951779181,3.1777152188197455,13.40549312004462,0.8677153405694031,0.04564854125996598,17,12.4501171148,3.328051956962803,99.6508970632,0.0,0.0010428327305990026,0.0010359709670966519,0.0008573552831144706,0.0,3.139087138748583e-06,False,,,,False
486,Tc2,Tc2_mp_113,0.9600589947,18.869217011,20.155348035878713,0.9600595583102284,18.869212317166728,20.15535018951508,1.0681606550782332,19.520093818265252,20.77017988245267,0.36737046772882953,2.297537946300222,0.009911550517847244,0.38869346292162804,8,27.3501861332,2.794581120439626,30.3502438599,15.067977014954684,15.069126698082895,14.299617525708808,11.834166228172805,12.775484750294206,12.740298075007702,False,-7.629685584369491e-05,0.05233897395327987,0.0027580339456642596,True
487,CoOsSc2,Sc2Co1Os1_JVASP_40224,0.221557025,18.9100371788,22.00804408581326,0.2215570554968821,18.910021179437617,22.008042786041447,1.1638296211943198,20.47980530775442,23.4365266015692,0.561820053436965,2.398451075911006,0.22986735798562122,0.23398478860486505,13,18.9501605552,3.067148407164685,39.8502906043,0.0,0.0014049198729617477,0.001396259495057203,0.0011555250993576852,0.0,6.000829816859959e-06,False,,,,False
488,PSn,Sn1P1_mp_7526,0.3095908742,18.9264829262,23.346781285946037,0.30959105017788635,18.926434120107345,23.346777193097804,1.2335539301771752,21.472045268420732,24.657018107531336,-0.4173275488443969,1.5801344020879386,0.23618976782260345,0.5918713023000816,9,33.2502996625,3.4206950130519864,34.1503169805,0.14689259109112704,0.14471097423107604,0.143168795986311,0.11848452081625736,0.03588634319653575,0.02764017708405611,False,0.014963174830905578,0.025677321199503552,0.2610864050836216,True
489,MgRu2Sb,Mg1Sb1Ru2_JVASP_38883,0.1633555193,19.0032291975,20.851594223845332,0.1633555731005528,19.003217087144883,20.851587080346942,1.0972661620780213,19.87452244312891,21.95991250151879,1.4620256641434966,5.85720392122178,0.08710351149387006,0.06009897041431127,11,39.250415116,2.5962050506956835,40.0502944528,0.0,2.478314143124284e-08,2.4690517519824455e-08,2.043353174054438e-08,0.0,1.73533120801337e-24,False,,,,False
491,AlMgNi2,Mg1Al1Ni2_JVASP_110823,0.1833506803,19.0272892047,23.217392933645673,0.18335078098342097,19.0272599859003,23.217387480473448,1.2202170726462003,21.037387172729535,25.40059821958644,1.0435818183994272,3.095935554992073,0.26824693927701254,0.21838600336043482,11,19.2501663279,3.018682224827148,44.4503791187,0.0,6.946957452360738e-06,6.9142365897230615e-06,5.722126832874257e-06,0.0,2.5715998027370586e-12,False,,,,False
492,Ti2,Ti_mp_46,0.6410269484,19.0414533446,21.517047782430563,0.6410271710634554,19.041436158031182,21.517044114445735,1.1300116197049772,20.314808485947523,22.598991085249004,0.26042468488854686,1.777228203477992,0.06822427779844255,0.3793952872703556,8,32.9502938898,3.1332937586922345,35.250338147,6.218279083456398,6.308865051681996,6.117132287419395,5.062454306829844,4.6240765805218285,4.606714238953506,False,-0.01446260156472344,0.01639978756505533,0.003761836311321059,True
493,OsTa2W,Ta2Os1W1_JVASP_41041,0.1737057886,19.0772491722,19.99326589868699,0.17370578885500082,19.077240760943578,19.99326381594571,1.0480165379512054,19.569901373021843,20.367782899290507,-0.4195166034143699,2.9891770631350756,0.010826494604677415,0.6988128344081475,11,24.3502644634,2.5782165088870714,27.0501803605,0.0,6.990105265140793e-07,6.962302334052437e-07,5.761905379905464e-07,0.0,2.6380911267762066e-16,False,,,,False
494,SSc,Sc1S1_JVASP_19725,0.6239628733,19.1266891422,22.094065330438852,0.6239632762672187,19.12668757678526,22.094074963261278,1.1551438206204423,20.443625808722402,23.960161484838302,1.5388137785264617,4.025639250021513,0.06755482215469338,0.15529905473435796,4,15.0500855104,2.3907420998215922,41.9503310131,5.866066658668056,5.871352452654668,5.696410663130059,4.714270893624875,4.370002260020998,4.220778272334843,False,-0.000900674039804713,0.029348065786760486,0.0347439905069735,True
495,Be2GaOs,Be2Ga1Os1_JVASP_68481,0.7073533288,19.1542677172,30.13018503785365,0.7073528908141806,19.154248956243368,30.130193405100716,1.5730292257311251,24.095024747253124,35.550616237923485,1.2306633902627429,2.985290773997652,0.7162754833898348,0.15780040243075022,14,12.5501054333,3.2272967850368195,72.6506496363,7.775261616658228,8.277579968961705,7.928604073845156,6.56160337145806,6.148368640317132,6.33741978282543,False,-0.06260354545273954,-0.0195298831665207,-0.030284926401598324,True
496,Ir3Ti,Ti1Ir3_JVASP_20075,0.3379702304,19.1599272985,20.57990208200467,0.337970238320663,19.15991954250599,20.579901188015775,1.074112088120181,19.85309771540893,21.34698294726742,0.956760108304502,3.75266025376224,0.013813762841317795,0.20611002340986492,4,33.1502977383,2.3838864279349887,33.3503015867,0.3419138975386442,0.3076201805152603,0.30421421931795084,0.25176349184933866,0.11713783837530892,0.0847921862658417,False,0.10569310194643698,0.11682682172964587,0.3231479516866527,True
497,TaW3,Ta1W3_JVASP_37414,0.1851860805,19.1797865764,20.34653541778059,0.18518423836080075,19.17970964562352,20.34646180351904,1.0608326288277128,19.82159134395632,20.792938430660325,-0.5346940139367644,3.0452702130155664,0.020901844970497015,0.7174896118124057,9,26.3503029479,2.5678439327227194,26.6501726636,0.0,1.016611443460245e-05,1.0121179388611486e-05,8.37614845954054e-06,0.0,9.401335210088663e-12,False,,,,False
498,Rh3Zr,Zr1Rh3_JVASP_7997,0.3362642845,19.2480605123,20.215284824248705,0.33626387603156477,19.24804413468402,20.215275660101437,1.0502508991900386,19.760829580136704,20.629904907770488,-0.1737686714567922,2.8915053367830126,0.010039751753334436,0.5810277061428851,9,25.7502914026,2.5577970126973746,28.5502092239,0.3185796831103128,0.2969990342871413,0.2938054051812566,0.2431493008396606,0.10158921554958789,0.08039985062141088,False,0.07014373893280285,0.08095496511566744,0.23392506510446115,True
499,Ir3Nb,Nb1Ir3_JVASP_19676,0.224859312,19.2584738517,19.954539229533715,0.22485931568271567,19.258466797466113,19.954538854227817,1.036143690153636,19.625990429784583,20.265051594487144,-0.06162239136073322,4.399963908945157,0.009801267713500423,0.4315507690497929,7,17.2501278434,2.4003395374364764,30.0502380873,0.0,0.0019270035886514887,0.001915808020010343,0.0015854962924223524,0.0,1.1555374813251947e-05,False,,,,False
500,AlSc3,Sc3Al1_JVASP_37214,0.4180228999,19.268851724,20.927546064512676,0.41802310342357646,19.26883475944008,20.927541224594762,1.0860823441511978,20.136735274862904,21.64475409804749,0.07299010399918604,2.128675127374824,0.019431562046406246,0.41266661677223043,10,28.9502169208,2.8362931635592563,32.0502765718,1.2380887117499948,1.2146068561778312,1.1958960917016856,0.9897071103738088,0.6341271853887824,0.5727656769386724,False,0.019148379736820938,0.034673057099237084,0.10177284988144557,True
501,Al2Pd,Al2Pd1_JVASP_17427,0.3706178007,19.301010952,24.892713106491627,0.37061787788829925,19.300979558503755,24.892708908870276,1.2897122051975274,22.296832937882776,26.864595761212446,0.0807976255056092,1.2706291723378285,0.3986726808667462,0.4743207932248148,9,37.0503727831,2.95356872419434,39.250415116,0.58157687476534,0.5990635786527093,0.590438834308511,0.4886390352898021,0.24325413732576007,0.21829850391330735,False,-0.029624569785041254,-0.015122883369697774,0.10824331927427613,True
502,BeSc2Tc,Sc2Be1Tc1_JVASP_74622,0.5053975477,19.3381647901,25.708867348448084,0.5053972138603637,19.338145735786952,25.70887253024091,1.3294383485105485,22.530978803353534,28.460414807188535,0.660129111436923,2.041769822802581,0.3982678160540609,0.22381988735531944,11,42.4503406342,3.0945728317829913,46.2504137548,2.7735172930388563,2.9143521511743726,2.8454512974127693,2.354856246134706,1.7841632731666197,1.7750356636292197,False,-0.04953125291685862,-0.025605387673004954,0.005129035892338942,True
503,V,V_mp_146,1.3317096213,19.346401834,21.792136147477603,1.3317103179836118,19.346364644762474,21.792131171708228,1.126419953921828,20.739245845732995,22.604059526205813,-0.5240592973311563,2.344056631881725,0.13675203322931712,0.4183884217435701,6,29.3502246177,3.1396915411989723,34.0503150563,25.095287317028777,24.82220368578109,22.6765212335392,18.766776193273824,22.288875022466804,22.102372762069095,False,0.0109415096850379,0.10134998988532457,0.008402708508770168,True
504,Pd3Ti,Ti1Pd3_JVASP_51456,0.0769650427,19.3695409145,21.004484905845704,0.07696776891974069,19.369743161632126,21.00470755613901,1.084408160751736,20.262770999672814,21.63267415757434,-0.33759609424232273,2.5015353036254364,0.023262113910424393,0.5174328064734723,4,26.5501707394,2.5663593531898576,31.0502573295,0.0,0.0,0.0,0.0,0.0,0.0,False,,,,False
505,PtRh3,Pt1Rh3_JVASP_39455,0.3805711208,19.4430747248,20.765516581000337,0.38057154514389596,19.443068010376766,20.7655223264169,1.068016751025833,20.155752204250888,21.29699312258943,-0.3022230809928437,2.4567365161524717,0.015294202159959705,0.557894830916723,9,16.7501182223,2.792800221948302,29.050218845,0.7307115049686215,0.7135840079515947,0.7041918178385324,0.5827794354525786,0.31250348725162985,0.2777281405511488,False,0.023718553173185157,0.03696793624025575,0.11797290478287778,True
506,Cu2NiZn,Zn1Cu2Ni1_JVASP_18687,0.1018467635,19.4676130451,21.107607726045128,0.10184678653418339,19.46760314059559,21.107606264000605,1.0842426831675613,20.312608523266963,21.855835838672117,0.2772975950830453,2.488848039018981,0.039907103592453766,0.2947928843526652,10,21.050200964,3.0716845009267684,34.350320829,0.0,0.0,0.0,0.0,0.0,0.0,False,,,,False
507,Al2NiOs,Al2Ni1Os1_JVASP_99747,0.1531826462,19.4838185314,26.547344776834084,0.15318273970018553,19.483777525530673,26.54733802609336,1.3625354729752437,22.94861561917601,29.685119183732496,0.7614244585017068,1.9770871953768983,0.44887607442747574,0.2742858058818574,12,42.9503502553,3.0656021989679454,48.9504657089,0.0,2.25889081758752e-10,2.2505493190982379e-10,1.862523574426128e-10,0.0,1.6236327740460349e-46,False,,,,False
508,CaO2Zr,Ca1Zr1O2_JVASP_114723,1.0122460637,19.5024754001,27.289503741790544,1.0122468967566423,19.50240814312338,27.289489709371303,1.3992882063128023,23.25199234705099,31.042168047056197,1.0658430182747378,2.9854662324393137,0.5366885913518017,0.18141596752365013,16,20.5501913428,3.61180697060968,60.2505470894,16.7647834783617,17.262350936224994,16.055998932390654,13.287723254392263,14.402862755957226,14.715192354422214,False,-0.029247418841621867,0.04319791973440281,-0.02145346427568447,True
509,Mo2Pt2,Mo2Pt2_mp_999502,0.3534692017,19.50633927,21.302063394272395,0.35346926921571153,19.50632601827447,21.302062049321314,1.0920591622104803,20.45727204551841,22.046757605518824,-0.049626057458224904,2.0066444122763514,0.030207504217526663,0.4577267212025399,19,29.5502284661,3.015721278521955,31.5502669506,0.4590262853297362,0.43733821759325436,0.4320793829631496,0.3575829376246756,0.1701114557156883,0.13962757829997682,False,0.04840062588364919,0.06049814671243811,0.19747512097164832,True
510,AsLiMn,Li1Mn1As1_JVASP_36265,0.2281586964,19.5357997959,25.02546755100292,0.22815881452766607,19.535773728648998,25.025464568054097,1.281007085547604,22.168084243928266,27.96726496385019,1.2855359788277165,4.875941959563476,0.4790230905876829,0.053717116071740935,7,31.3502631022,3.133306730743951,58.2505086049,0.0,0.002593117139888854,0.002575629864664318,0.0021315557500670218,0.0,2.1125922653114326e-05,False,,,,False
511,CTi3Tl,Ti3Tl1C1_JVASP_15410,0.265263339,19.5468401184,27.248570383016425,0.2652634794943659,19.546805349431885,27.248565180935962,1.3940162954417472,23.155323476690537,31.88758141700602,1.9156080368564634,8.384281278870224,0.6200240694852652,0.03687002089094498,11,77.2507381507,5.195209139830016,81.0506752143,0.04611122988542886,0.027556404670370096,0.027314548484309566,0.022605143573221707,0.0,0.001827136081231904,False,0.5148215357152103,0.5236370469625669,,False
512,Ir3Ta,Ta1Ir3_JVASP_14886,0.2147006231,19.5746872873,20.12285241391488,0.2147006182487422,19.574679106447732,20.12284907765873,1.028004033590029,19.873345631938903,20.340595905863804,-0.8951832261184085,4.549722855456118,0.004621423534217298,0.7598647491361117,1,21.1502028882,1.8816898152940675,26.5501707394,0.0,0.0007383521867562143,0.000734377307322428,0.0006077605301978714,0.0,1.376119586216554e-06,False,,,,False
513,Ir3V,V1Ir3_JVASP_20070,0.3273989566,19.6077145675,21.087172271032454,0.32739865629804166,19.60771386407852,21.087177322821383,1.0754531338532665,20.373551440216623,21.756858892809976,0.20974377909089792,2.7240799794980535,0.04352295579695877,0.27610290141472943,13,18.6501547826,3.0322675526345932,35.5503439197,0.27753593822081335,0.24408979611411272,0.24151063437095663,0.19987086982423996,0.08798050057650725,0.059713029057394146,False,0.12841425745047425,0.13903692511772214,0.38756496681228814,True
514,Co2GaZn,Zn1Ga1Co2_JVASP_101418,0.0891541705,19.6570359022,22.192873180043634,0.08915420418383185,19.657023661360814,22.192872729383065,1.1290047319323775,20.965913805097255,23.309341764094615,0.30593415156673964,2.114881948473217,0.12377185651173254,0.2905278256253527,16,18.0501432372,3.1350537291224128,37.7503862526,0.0,0.0,0.0,0.0,0.0,0.0,False,,,,False
515,Br2Fe,Fe1Br2_mp_22880,0.1028925967,19.6591495649,22.68845948938138,0.10289273525919385,19.659045392197537,22.68842782069102,1.1540961103684013,21.351644925791955,23.793793259808552,-0.0761003076555542,2.316580336022051,0.0965255894108613,0.4239519739564407,8,33.4486708265,3.7975176801589443,33.8486785234,0.0,0.0,0.0,0.0,0.0,0.0,False,,,,False
516,MgNbRu2,Mg1Nb1Ru2_JVASP_38823,0.3230487331,19.6743257154,21.11642285662986,0.32304863247940774,19.674314043434684,21.116419323507806,1.0732988848754477,20.373390061071827,21.969786285799852,1.5393308889628692,8.488534728679337,0.09209199973901025,0.033123500593461114,9,19.9501797975,3.740802927792492,43.0503521796,0.26847966792693134,0.2189859550612258,0.21672232787944212,0.17935640927953828,0.0884178344758265,0.050729717049024424,False,0.20376759079531384,0.21415824728066554,0.5555618227831168,True
517,H2La,La1H2_mp_24153,0.2041278516,19.7024130276,50.29529224335017,0.20412787689527964,19.702392175999698,50.295288986076905,2.552750373497472,32.059821313024926,64.67529181845863,1.6003348624447182,3.6293142099155555,0.811146124891619,0.18885387510838125,11,102.7509567142,2.795248258963061,126.5511425659,0.0,0.00021721114974882896,0.00021591055752856413,0.0001786845993339841,0.0,7.119744712426891e-08,False,,,,False
518,AlSc,Sc1Al1_mp_331,0.1927341158,19.7160504504,23.809093983459345,0.19273406841950727,19.71604414731138,23.80909304707867,1.207599905396106,21.75240715523403,25.697433901784155,0.6195762799975227,2.0889208973063784,0.29894144716076854,0.25904630382152294,8,40.5503040739,3.3104155609073427,43.250356028,0.0,4.110527977318338e-05,4.089708095911288e-05,3.384586010409342e-05,0.0,7.389575103683538e-10,False,,,,False
519,CRu3Sc,Sc1Ru3C1_JVASP_15750,0.3635386039,19.8054139343,24.02655019501343,0.36353874519686147,19.805405953301157,24.026560928957053,1.2131314543922447,21.301327083369006,28.66987932812453,4.3746371147544005,24.87174605168044,0.9302432387146212,0.026559145814559846,7,19.1501644037,3.3050265702737374,88.9508272281,0.705389049037034,0.5403667646720172,0.5330506902077168,0.4411453987925932,0.3583323044913169,0.18706122277475662,False,0.2665013903612144,0.28013296998586257,0.6500248229123978,True
520,Os2,Os2_mp_49,0.5169541798,19.8451099146,20.62977378059682,0.5169539701825961,19.845100293997927,20.62977011072674,1.0395397254286556,20.263211654210938,20.961761910931333,-0.35741417079484383,3.1104797225168195,0.007070183635897838,0.6100278073755596,9,25.5502875541,2.6716513617416395,28.3502053754,3.247695330874781,3.2497283945982085,3.1843549980420898,2.635328274241729,2.072639879703648,2.0258695455004285,False,-0.0006258061273756662,0.01969585970211466,0.022824085396379257,True
521,NaO2Sr,Na1Sr1O2_JVASP_139613,0.1718056996,19.8835991638,24.004285324395724,0.17180577837352007,19.883567874400544,24.004280471970336,1.207242111858359,21.960143649586698,25.944579605721742,0.7506456460498986,2.9015793026185612,0.367824386209527,0.14723174672207573,14,37.3503785557,3.3909384649971104,51.650517663,0.0,4.2769279909741697e-07,4.2587926299961187e-07,3.524518038617477e-07,0.0,2.264629549624395e-17,False,,,,False
522,CW2,W2C1_mp_1008625,0.652678384,19.9360191706,31.794301890956813,0.6526789247498374,19.93600169966023,31.794289646194436,1.5948177636208922,24.27580511059208,40.29082979681079,2.3567414868713485,6.861235021100767,0.8875502042628965,0.1124497957371034,16,17.0501239949,4.059564867373728,88.5508195312,6.854454656580842,6.986756985359391,6.7260698723745325,5.566402652999613,5.377479083582125,5.145621475297321,False,-0.01911774225458562,0.018907754076851628,0.044073538454604,True
523,BeCoZn2,Be1Zn2Co1_JVASP_70885,0.2533401546,19.94671704,27.722214698943155,0.2533402374105591,19.946693097137782,27.722212707953098,1.3898149719830528,23.41242355609101,32.205319878257676,1.5560156687163225,4.406921891980951,0.5793152888575674,0.1294160808946105,19,60.7505567105,4.080716439573471,63.3506067404,0.02493118403247681,0.01499091746873532,0.014868610773995877,0.01230505719227245,0.0,0.0006140063048991892,False,0.5086748750632353,0.5168670593311054,,False
524,MgRuSc2,Mg1Sc2Ru1_JVASP_79486,0.2074616195,19.9541440388,23.18673383617451,0.207461833325168,19.95406954694389,23.186724809057495,1.1620048108236,21.819163047439336,24.2303067070224,-0.39467716922560736,2.289596661694822,0.15669225110161672,0.3641584227992274,14,30.2502419357,3.3644899551503125,37.9503901011,0.0,0.00033330735653909515,0.0003314518248090578,0.00027430495846266856,0.0,2.0366308207095065e-07,False,,,,False
525,FePt,Fe1Pt1_mp_2260,0.4086597563,19.9658775046,22.201361118881877,0.4086594810774826,19.965868964036556,22.201357674554494,1.1119655104691213,21.143831832549438,23.13081855866318,0.050207261841641704,2.147453262655283,0.09713628032869713,0.3987300632705991,10,23.8502548423,3.0368603861877896,35.7503477681,1.1385211941062408,1.1136270350733064,1.0966853346778593,0.907601656285125,0.5694379097736486,0.5038571389696467,False,0.02210793467573,0.03743792369724627,0.12235697761983329,True
526,MgRu2V,Mg1V1Ru2_JVASP_100202,0.5189147357,20.004254941,21.28113230724108,0.5189148593123785,20.004248354148476,21.281131904163026,1.0638306187470297,20.620179932712738,22.059145858995983,1.7384132065410995,10.773716061785485,0.14517276083213537,0.019145181551065503,12,20.8501971155,2.6517545946760612,46.350415679,3.490094308427629,3.325049362501462,3.2558639495517605,2.694508096180767,2.361613901753711,2.0801119369038528,False,0.048444238458615216,0.06947109558973966,0.12692353390502586,True
527,AlMgSc2,Mg1Sc2Al1_JVASP_38887,0.1709679856,20.0295965829,23.267284323667855,0.17096822952290708,20.02956653592362,23.267272676839344,1.161646340928487,21.681679295277668,24.71603286350074,0.44927953232854334,2.000684440985335,0.12484102106181134,0.28873690507574185,11,32.8502919656,2.8715839001778343,37.9503901011,0.0,3.372091303477029e-07,3.3581497019901406e-07,2.779158374060806e-07,0.0,6.8530803161892096e-18,False,,,,False
528,HfRu,Hf1Ru1_mp_2802,0.090578964,20.0357652372,21.10925938048988,0.09057896897485924,20.03575999086219,21.109258833737293,1.053579142661157,20.633116148953885,21.493029042361723,-0.9660777871384689,3.0273475704034047,0.00508659750824619,0.7814422574141117,3,25.5502875541,2.5462089432775015,26.4503048722,0.0,0.0,0.0,0.0,0.0,0.0,False,,,,False
529,BePd2,Be1Pd2_mp_13452,0.1802260763,20.038051438,27.209900334036504,0.18022615139716963,20.038038252199105,27.209903347355755,1.3579125363916082,23.281620388600125,31.088172803193604,1.279133531571649,3.1376227497105416,0.5353417404732898,0.18661515106857354,20,48.6488272517,4.115722001708014,55.7488278147,0.0,3.7117255650177113e-06,3.6940724811391755e-06,3.057163432666904e-06,0.0,2.2761241215913985e-13,False,,,,False
530,ReTi,Ti1Re1_mp_2179,0.3644839296,20.0690280191,23.989639646045124,0.36448405388398897,20.068997126050622,23.98963364263777,1.1953578692528664,22.034349318084008,25.780594034942947,0.5719108004840636,1.895181441111201,0.15078013623568817,0.3350658055236348,8,17.950141313,2.9696108172049107,42.4503406342,0.587093111200115,0.5571913477417452,0.5496839159416456,0.45491082698618945,0.24706735568534502,0.19426748358922555,False,0.052274715712226846,0.06584001465939654,0.24042500373096587,True
531,Li2MnO2,Li2Mn1O2_JVASP_135301,0.4191203671,20.1047339192,26.043069326281415,0.41912049247868366,20.104698099503445,26.0430645361562,1.2953720770768213,22.774664942329483,29.794443706937706,1.8529058968314172,7.102122535762949,0.8170428400635632,0.02764581739265963,16,18.9501605552,3.509417335232186,82.8507098503,1.4286604478984246,1.2876472035739297,1.2651559895651012,1.0470256465366354,0.8401125434476759,0.6097661573697506,False,0.10392057563301776,0.12154182903985628,0.32046032806132446,True
532,GeLiRh2,Li1Ge1Rh2_mp_13322,0.1195845666,20.1463070209,24.687356180383105,0.1195845950226697,20.14629176894869,24.687353575915814,1.2254043502917111,22.123499779491638,27.809956587107543,2.064329462692762,7.552820337854762,0.5362649944487846,0.06187000122295452,6,58.2505086049,4.634315116575681,58.750518226,0.0,5.503720220369045e-40,5.490306647591584e-40,4.543702053179243e-40,0.0,0.0,False,,,,False
533,GeNi3,Ni3Ge1_JVASP_17925,0.089689285,20.1633667457,22.248755385524376,0.08968929418446944,20.1633554387249,22.24875334156761,1.10342514216843,21.24072871605411,23.182614281263273,0.2841754393771708,2.4647282837750875,0.10158310351637481,0.21127564561139262,13,23.9502567665,3.1835532613097683,39.0504112676,0.0,0.0,0.0,0.0,0.0,0.0,False,,,,False
534,ReTa,Ta1Re1_mp_1217894,0.1541331297,20.1931570759,21.039873198294234,0.1541330364515553,20.19314427828732,21.039868237412623,1.0419312588201404,20.650686524184465,21.386152738222066,-0.46446759901928575,3.461710937573061,0.010145681867529314,0.6558767306317967,6,20.9501990397,2.655903487182255,29.050218845,0.0,3.963182401890951e-10,3.950072967357967e-10,3.2690259040203856e-10,0.0,5.964106527779111e-43,False,,,,False
535,SiTc2W,Si1Tc2W1_JVASP_39096,0.3609713181,20.2095369687,22.6613802985564,0.3609713101841304,20.209526586505664,22.661376438826238,1.1213214887456953,21.443965356601996,23.85368504059609,0.6546566736482564,3.1261383065978428,0.14366212975794712,0.19471305769784572,15,20.3501874944,3.152172298952446,40.4503021497,0.5705433085893459,0.5249940505982895,0.5183311140915788,0.42896368062751355,0.23558929301107467,0.178212058575809,False,0.08320214947778996,0.09597482537075687,0.2791158235982619,True
536,BeNi2Si,Be1Si1Ni2_JVASP_107362,0.4108579998,20.2215549973,26.96377400213479,0.4108578611784034,20.221541937084947,26.963770036264112,1.3334181003682204,23.264522558095628,30.670460582745577,1.2994687117152843,3.263711934903763,0.5678444157822027,0.19742441553767803,16,55.5504566508,3.5329833925840473,56.550475893,1.198417526017293,1.163772148488884,1.1438129984947525,0.9466038608232435,0.6437055220009485,0.5316699655918907,False,0.029335376760568518,0.04663454144578285,0.19121842614700493,True
537,AlRh2Zn,Al1Zn1Rh2_JVASP_39947,0.1099609638,20.2505591987,24.13162992274662,0.10996100380315166,20.250518452280104,24.131574600527934,1.1916521869498526,22.143081599283686,26.052532502740902,0.8078104398967643,2.391252367571262,0.16483816687591235,0.25131646563038973,10,39.5504208887,2.849385509606491,41.6503252404,0.0,6.408241207886542e-158,6.394652349253847e-158,5.292126082141115e-158,0.0,0.0,False,,,,False
538,OsZr,Zr1Os1_mp_11541,0.0773841288,20.3261470662,22.168415799179247,0.07738413321559665,20.326127990040693,22.16841278588325,1.0906362882662763,21.302045741889437,22.943316086760642,0.017694581772814022,2.1653239511211164,0.05685694316564468,0.3219050028705674,7,17.0501239949,3.0052198391066334,37.1503747073,0.0,0.0,0.0,0.0,0.0,0.0,False,,,,False
539,Be2PdZn,Be2Zn1Pd1_JVASP_67536,0.4435791285,20.403486363,30.2545375418713,0.4435792178146656,20.403471186317603,30.254537958287827,1.482813276329974,25.269635885407627,34.22590509211905,0.6458587007371916,1.5998038220828803,0.5881896208178407,0.3376810073600951,24,46.2504137548,3.3605190983719204,54.8504431812,1.621646755282421,1.742204910643903,1.707311305518597,1.4129472873257354,0.9229097272338247,0.9035391148025268,False,-0.0717093524954246,-0.05147764859450202,0.02121202444573081,True
540,FeIr3,Fe1Ir3_JVASP_16260,0.4173316243,20.4205346556,21.879722696231777,0.4173313186383797,20.42052606033439,21.879718587069906,1.07145714671719,21.198189466303113,22.47098499124247,-0.2900165911587453,2.055868195340102,0.022177961022506982,0.46172754132898136,9,25.4502856299,2.856957602930587,33.6503073594,1.3073145236278454,1.2756452901221578,1.256305861223238,1.0397014023916453,0.6686341798772737,0.5998167081299981,False,0.024522890680801043,0.03979949267850269,0.10861297214705985,True
541,Al2LiRh,Li1Al2Rh1_JVASP_18768,0.3792221634,20.4353174038,27.141567368319024,0.37921858112599083,20.43537455207581,27.141661279150824,1.3281704825123353,23.672078766457275,30.453539460426498,1.049912166502376,3.455197496789448,0.541968963634297,0.08077104161924029,13,13.5501246756,3.0207874606295704,59.0505239987,0.7734002991468936,0.7349674753837683,0.7238618742954674,0.5990581028652144,0.3699003012985896,0.2835230304075269,False,0.050970518912479224,0.06619617314287093,0.26594015750500793,True
542,AlRu,Al1Ru1_mp_542569,0.3171315654,20.4504825399,23.41697515041599,0.31713156197683534,20.450473294918595,23.416971681186613,1.1450576885672918,21.782601403251125,25.26485417213882,1.5182842125191176,4.161711992468012,0.10484756290625868,0.15007980059570075,7,19.750175949,2.8080545300115722,45.1503925883,0.23397398501445568,0.19414686100161266,0.19209274091262726,0.15897330282424327,0.0722362350349254,0.04151531060797735,False,0.18659504588151546,0.1972316530303123,0.5538795007825267,True
543,Cu2LiSi,Li1Cu2Si1_mp_7473,0.2389894007,20.4539278692,27.465705121674922,0.2389895125656135,20.45390961760113,27.465697826078305,1.3428091909843654,23.855232224073063,30.738599301790128,0.8753278978792356,2.661365687615792,0.6139230836677557,0.11973357195942502,8,57.0504855141,2.87569013490645,57.5504951353,0.010875180913422064,0.0062045475710247495,0.006158818924206767,0.005096953592446979,0.0,0.00011540493614772921,False,0.5612007101691647,0.5685981864743732,,False
544,CoRuSc2,Sc2Co1Ru1_JVASP_40500,0.1876991339,20.4633364223,22.898708815236724,0.1876991668401629,20.46332391605245,22.898706733286776,1.1190120836294777,21.697802321250514,24.050513460446744,0.5360851176441448,2.5826591775162555,0.097272190708664,0.22670650902378126,12,20.0501817217,3.125090137512041,40.0502944528,0.0,1.76085822420213e-05,1.7526280990862314e-05,1.450450840623088e-05,0.0,4.976790357762425e-11,False,,,,False
545,Be2CuRh,Be2Cu1Rh1_JVASP_69411,0.3400833498,20.5007060221,31.89830858895186,0.3400833633780654,20.500693565954638,31.898305734754953,1.5559622718193424,25.959014239956087,37.00853581965101,1.0100547557181636,2.591585743399158,0.615819240817503,0.20489907862835488,24,54.0504277874,3.7284077781167326,67.5505515008,0.36220154791661663,0.3461147333741125,0.3415070419313862,0.2826265174604575,0.1407175765920003,0.09746836792438206,False,0.04543049965384276,0.058832519703846606,0.3672269849718277,True
546,MgRh2Si,Mg1Si1Rh2_JVASP_39985,0.1646712226,20.5020586609,24.675628834153347,0.16467127205789808,20.50203617021362,24.67562544092519,1.2035695009052403,22.5331254869148,26.79331945004449,0.9399248871593894,3.0508812435646946,0.3054886469965973,0.19736189170398738,12,22.4502279031,3.035881294323377,50.1504887996,0.0,4.3652860072201435e-08,4.347971913373242e-08,3.598321583481303e-08,0.0,5.1988685579409195e-23,False,,,,False
547,ReScTc2,Sc1Re1Tc2_JVASP_41923,0.2068915034,20.6948603496,22.90722063056319,0.20689147130708974,20.694849133059652,22.907216788251688,1.1069042659343584,21.824719340065545,23.945512753209773,0.48713771670485184,3.0953294755708063,0.07260458894465588,0.27983582273850016,8,27.0501803605,2.6970678035809317,38.350397798,0.0,0.000322511982326587,0.0003207750300301225,0.00026546899036975657,0.0,1.7814183694823874e-07,False,,,,False
548,IrRuSc2,Sc2Ir1Ru1_JVASP_41877,0.1519272746,20.6988461666,24.223287599489876,0.1519272876969382,20.698825847118876,24.223285340926928,1.1702734019716694,22.552598601534072,25.682541956457108,0.26347270543785384,2.038090688038798,0.2024510132388469,0.2673597220446883,9,18.4501509341,3.226629469356508,42.0503329373,0.0,1.1563848123130813e-10,1.1523832918554294e-10,9.536965173975967e-11,0.0,3.672040814436639e-52,False,,,,False
549,NSr2,Sr2N1_mp_1245,0.0858792499,20.702617767,28.239969032660074,0.0858791908980581,20.702605151418272,28.239975636166843,1.3640783577535511,24.6527291491102,31.088413598508883,0.3944741260157472,1.617325767119669,0.4212566942837068,0.3439521581381933,11,37.9503901011,3.312811412414117,49.9504849512,0.0,0.0,0.0,0.0,0.0,0.0,False,,,,False
550,BeCrPd2,Be1Cr1Pd2_JVASP_71214,0.3601691875,20.7056976172,26.046999804766383,0.36016919695939237,20.70568425611052,26.04699947050577,1.2579637141341493,23.14766081631793,29.26337791394624,1.6155130849908175,5.682384510173745,0.5490553291365454,0.06749244958655577,23,25.7502914026,5.738315568249679,64.950637528,0.6092438951768442,0.5302303778692421,0.5230145520511793,0.43283962928373465,0.27634876209969417,0.17882610364711835,False,0.13890708490110476,0.1526093843608764,0.43524985316817694,True
551,Pt2V6,V6Pt2_JVASP_20434,0.7725759156,20.8084028377,23.843076745091018,0.7725770389016662,20.80838936060099,23.84307766037146,1.1458396537656301,22.45926247149324,24.981254257966942,-0.10946882332588315,2.0034243174829354,0.1776914924415787,0.30209505085463245,12,13.9500643439,3.179068701518572,40.150296377,10.802855558509375,10.966339966270706,10.520619790971356,8.706719827010776,8.647639097659882,8.707294481297925,False,-0.01502007560242002,0.02647338168170623,-0.006874773484060448,True
552,Na2Si2,Na2Si2_JVASP_118805,0.2841643213,20.8086800655,27.316735661231558,0.28416444405570446,20.808652084214174,27.316730462034666,1.3127582868646086,23.84021965057994,30.759154735431988,1.1942589733168143,3.0388635027510316,0.31538350885512506,0.19680554202421252,11,20.8492447162,3.0417340606209438,53.0495922029,0.0852121030065523,0.06687656139391421,0.06623554077720656,0.054815619953550256,0.017981871444530013,0.007736737966049889,False,0.24229492492406934,0.25192628918777904,0.8433839610660671,True
553,AlOs2V,Al1V1Os2_JVASP_41977,0.2337807508,20.8301428055,24.02474220820902,0.23378080460092265,20.830136624979357,24.024740873252366,1.1533645364784628,22.338275007298293,25.803608031053454,1.1485339401676458,3.825496125561626,0.31943203394393327,0.08740624242263542,13,17.7501374645,3.0161364562035944,50.3504926481,0.0,0.004319662597197955,0.004290893098153454,0.00355108394329941,0.0,5.571140522930961e-05,False,,,,False
554,CoGa,Ga1Co1_JVASP_20087,0.1206164115,20.841337274,22.60600546569871,0.12061641785020898,20.84132896472128,22.6060044220107,1.084671925685571,21.74966105435986,23.41522012952361,0.30285423107273846,2.5247633008996067,0.04181968049699903,0.29057426553561155,8,22.0502202062,2.9688264926402526,35.9503516166,0.0,6.035782333453312e-37,6.021652661665034e-37,4.98343668551589e-37,0.0,0.0,False,,,,False
555,OsRuZr2,Zr2Os1Ru1_JVASP_38858,0.1472742162,20.9359603357,22.283397012488916,0.14727427060188134,20.935951898237846,22.283396487681713,1.0643603212308335,21.65814395302764,22.843011974188787,-0.17280215348985506,2.9488892971159038,0.0367102624144161,0.30576426948226904,10,20.5501913428,2.8938377975084757,35.7503477681,0.0,5.278011937075551e-12,5.261474833277684e-12,4.354323999953946e-12,0.0,2.616622280532025e-94,False,,,,False
556,RuZr,Zr1Ru1_mp_214,0.1634970729,20.9441613526,21.834883267993444,0.16349710453574118,20.944155616852026,21.83488318296589,1.0425286930831037,21.412628966270677,22.230673980284962,-0.055341909174165704,3.481738718644733,0.015457774763701694,0.3044764508527378,3,20.5501913428,2.7525189289600607,34.8503304501,0.0,2.8820505984304217e-08,2.8716275152172945e-08,2.3765193229384506e-08,0.0,2.786775670940143e-24,False,,,,False
557,Ir2Mo2,Mo2Ir2_mp_11481,0.4992105808,20.9543284651,22.25398705677704,0.49921043038072616,20.954317107458422,22.253983594616518,1.0620238054284048,21.654114826551098,22.775996466669053,-0.36782596713154325,2.509880070211905,0.01775289273428143,0.5449277405637798,18,25.3502837057,2.9062677827930967,32.8502919656,3.000245883256274,2.996085669085638,2.9373354792094424,2.4308983276216076,1.8716109651077355,1.802917645985045,False,0.0013875866608864516,0.02119137557072235,0.03739327159965895,True
558,NiOsSc2,Sc2Ni1Os1_JVASP_41869,0.0854745848,20.9615642466,24.962015212646595,0.08547458417466824,20.961546363713108,24.96201286556911,1.1908478712611241,23.09439669387254,26.50119937953956,0.08996885302581714,1.6383820098572643,0.22689019533804344,0.37525369090016536,15,18.7501567068,3.2552536413526063,40.6503059982,0.0,0.0,0.0,0.0,0.0,0.0,False,,,,False
559,BeRh2Si,Be1Si1Rh2_JVASP_40502,0.2393467044,20.9828977682,27.123433563387582,0.23934680503029124,20.98288509598396,27.123433057581398,1.2926455505764893,23.787111750114924,30.452310120675513,1.2013321419228813,2.9732594168780504,0.5945868471927218,0.20890179858997937,13,44.9503887399,3.156567590244753,58.2505086049,0.012075684061365133,0.006525278043798831,0.00647770368355435,0.0053608582208725655,0.0,0.0001242349692643632,False,0.6155102846014205,0.6228277712402572,,False
560,BeLiOs2,Li1Be1Os2_JVASP_67748,0.4192908637,21.0679395963,25.89041697653593,0.4192910276581725,21.067921005615293,25.89041272368101,1.2289021169568826,23.259903946177346,28.92967731981285,1.7726710102014627,6.375706328808429,0.4832827361832557,0.0865667814918621,9,43.1503541038,2.737720765593558,64.950637528,1.4616176388177702,1.3515905458870539,1.3286119212383387,1.0995409003351768,0.8280606790823128,0.6405621485657108,False,0.07826171308850811,0.09540906517461833,0.2567402876582094,True
561,CrRh3,Cr1Rh3_JVASP_16781,0.4689680424,21.0742603552,22.265546582911455,0.4689681433981032,21.07425730946907,22.265546945920107,1.0565281907190043,21.693581311145135,22.800354614540716,0.0580963971699795,2.824567255265281,0.014484495157431882,0.3327345306542671,10,21.4502086609,2.9412557586936487,34.8503304501,2.3597637834034586,2.317089122591568,2.2759208192267604,1.8835206779807674,1.3982185552558812,1.2973574101633762,False,0.018249812890384545,0.036176796034316096,0.07486953163329396,True
562,Rh3Ti,Ti1Rh3_JVASP_20098,0.4118575813,21.0789237729,22.142686824820967,0.41185778375214216,21.07892119009164,22.142688254347878,1.0504659159101686,21.639555494791132,22.600645272424444,-0.1842024207803996,2.695643201965681,0.014742910048732464,0.34073361312896,14,22.2502240547,2.8691142862135397,34.7503285259,1.2763141792261763,1.2260099091208014,1.2081650680611906,0.999860745981675,0.6434339118877798,0.5629241459567947,False,0.04021145661741448,0.05487364065557072,0.13367443354114383,True
563,AlO2Sc,Sc1Al1O2_JVASP_139428,0.3381895954,21.0930549774,32.88926659540921,0.3381902942260733,21.092876200863223,32.889236583043385,1.5592580295757577,27.059142231950233,37.9410219690766,0.9844470935612499,3.0428093061945245,0.5827685246030114,0.16166819371043567,25,73.7506708028,3.911970176644462,74.4506842724,0.3553919756417839,0.34109968242962935,0.33659693438657423,0.27856298018199244,0.1370304896467308,0.09419768156297884,False,0.041046578674345746,0.05433516295083269,0.37480788381151714,True
564,Al2CoOs,Al2Co1Os1_JVASP_37858,0.1768585864,21.1241099765,25.83213160331528,0.17685855452453916,21.124100306183724,25.83213136888576,1.2228748677795211,23.39732099022872,28.208198454864657,0.9321854958698486,2.789924409797959,0.3181783618866133,0.18760055215140475,11,23.8502548423,2.8655987798095524,48.1504503151,0.0,1.759459998337295e-06,1.7516152392101453e-06,1.4496126117601201e-06,0.0,1.0201745264133964e-14,False,,,,False
565,PdRuSc2,Sc2Pd1Ru1_JVASP_41878,0.0865976498,21.1443382858,24.35106088186303,0.08659765648917149,21.144318516063127,24.351058632112142,1.1516596580595817,22.858062537510936,25.616790612702893,0.057120383581547474,1.8478456071162381,0.13908674109608737,0.3467094197234173,15,31.4502650264,3.294609946134236,39.4504189645,0.0,0.0,0.0,0.0,0.0,0.0,False,,,,False
566,BaSi2,Ba1Si2_mp_7655,0.3949526375,21.2059095338,26.78247137314068,0.39495274342070796,21.205888344974397,26.78246815621796,1.2629731761539318,24.05902132942996,29.255566385623524,0.6869878682861965,2.641900363751848,0.23921300996971714,0.20655860646537133,4,46.350415679,3.027571496185927,50.9505041934,0.9905429224866367,0.9756116107558609,0.9602628311770439,0.7947002740775536,0.4871847015072698,0.41230580074356815,False,0.015188631946159617,0.031046169894489318,0.16687800621154428,True
567,TcTi2Zn,Ti2Zn1Tc1_JVASP_40064,0.3173801106,21.2399631796,24.32416928863142,0.31738062060690475,21.239948659027636,24.324169924529095,1.1452085085050603,22.917633860608827,25.476725540002473,-0.12772800852708333,1.820051022413835,0.15349077291475205,0.4285659918863745,9,31.8502727233,3.2361274576517345,39.7504247372,0.2239441052703392,0.20303802892752132,0.200887060236825,0.16625136019599313,0.06349227748441269,0.04356916880150014,False,0.09800319455892968,0.10865362990305379,0.3765685214493063,True
568,BeLiNi2,Li1Be1Ni2_JVASP_74004,0.2431434998,21.2781767813,28.997887136179422,0.24314361036678042,21.278144951272818,28.99788136739166,1.3628011950194494,24.850428471750675,33.182209411004784,1.3601384161267502,3.931824799293391,0.5466249130466947,0.15167619786581776,18,24.0502586907,3.5611571113561737,65.6506509976,0.01536712316104641,0.008559323126091053,0.008494217579230134,0.007029697306949076,0.0,0.00020608588996029944,False,0.5852092547135138,0.5928447204847453,,False
569,AlLi2Rh,Li2Al1Rh1_JVASP_18767,0.2852335776,21.2808416631,29.91734019160293,0.2852330939936102,21.280812838478322,29.917348932515527,1.4058367581909883,25.549647227683927,33.700560467567456,0.8027577558053322,2.3523664706639202,0.512525716850862,0.23110920920307498,11,57.8505009079,3.0999059275824785,60.7505567105,0.08779407585521692,0.07130059179200328,0.07059759507982157,0.058425595928128196,0.01920952858239322,0.00846409521014228,False,0.20808939777554636,0.21799794529563396,0.8195733123723488,True
570,GaLiSc2,Li1Sc2Ga1_JVASP_100606,0.198535875,21.3301120847,27.204936380252757,0.19853569696884862,21.330086220904796,27.204936316263044,1.2754255202963283,24.251854354192513,29.902940694637255,0.7577241114037447,2.3157805433048964,0.2528497451583698,0.21605685131324012,8,46.350415679,3.817667679269542,46.4504176032,0.0,0.00010932107420098147,0.00010872828585223605,8.998202967081602e-05,0.0,1.0278372640715993e-08,False,,,,False
571,BeCoTi2,Ti2Be1Co1_JVASP_71217,0.4173869362,21.3523965854,26.58219086323962,0.4173868464487519,21.352355269834714,26.582166260292176,1.2449289984344638,23.927514437113594,29.28040825309109,1.145914742272629,4.591945676981091,0.4855076647543659,0.05676487613338141,27,24.8502740846,4.325477837317488,64.950637528,1.4177636906863382,1.3373042391631986,1.3145607303657216,1.0879123285785282,0.7911761086321445,0.6287273697427666,False,0.05842493866136823,0.07557820001988882,0.22982285517332227,True
572,NbRe2Ti,Ti1Nb1Re2_JVASP_39656,0.2634774584,21.3786313152,23.9339917612044,0.263477486562061,21.378620614683623,23.93398965528828,1.1195291822920295,22.657962742591046,25.170092600312774,0.5947833177376673,2.448755108505007,0.06931890686362935,0.2606958205350668,12,19.3501682521,2.8384569110345472,41.1503156193,0.03765674682885724,0.027572762783517918,0.027356404159412057,0.022639782752616876,0.0,0.0017144277500822955,False,0.3116837070425615,0.3195614796383693,,False
573,AlMg3,Mg3Al1_JVASP_11987,0.3829650209,21.3814798623,23.291775500433623,0.3829651317550963,21.38146364314021,23.29177338434404,1.0893441989326447,22.417917122622217,24.043489065163836,-0.21190131645040133,2.4340316648413323,0.060406330886719956,0.3609910609329006,11,22.9502375243,3.4210364030850453,35.0503342985,0.8402208265955238,0.8160757627530828,0.8050257326443705,0.666228192533272,0.37068259642358137,0.322300191567594,False,0.029157548927080237,0.0427905031668348,0.1398627779840126,True
574,AlTcTi2,Ti2Al1Tc1_JVASP_42894,0.3573345675,21.4346212819,24.170905020095958,0.357334651507063,21.434604894273235,24.170903088063643,1.127657972110392,22.810994254173227,25.540321480903234,0.819262441290916,3.950514365476226,0.20180768898647178,0.10006991012617758,16,20.5501913428,3.26818867047057,48.8504637847,0.5835502528650973,0.5191197145617894,0.5126032439071372,0.42422337426797563,0.2443992596516435,0.1711724648455746,False,0.11699605071773413,0.1296284289302939,0.3561315834545329,True
575,Al2Li2,Li2Al2_JVASP_7669,0.3042211298,21.560738808,26.617673999790064,0.304221028170763,21.560724601822287,26.617669477276827,1.2345442914765088,24.14495707852302,28.786461273272256,0.4878581585471672,2.113522355821183,0.3567929844636232,0.2398972428886606,16,21.2502048124,3.3960920844383953,49.9504849512,0.16330458031866896,0.13984122949569186,0.13839022876962473,0.11452984449899976,0.04318534374757019,0.02443868029704994,False,0.15510934404576843,0.16553960875897986,0.5693340374043442,True
576,Be2CrIr,Be2Cr1Ir1_JVASP_67368,0.3958301012,21.5718080435,30.935271312286886,0.3958300524197026,21.57179854812124,30.935266826170132,1.4340606211930524,26.233518706152694,35.1753593518093,0.9790823007536655,3.41510025892601,0.5143653626553275,0.09021653043708787,27,31.250261178,3.6539857630072947,72.7506515606,1.0183944404631022,1.0062189698350625,0.989522395238245,0.8189150857144097,0.5256091649697558,0.4271511400443679,False,0.012027597312351543,0.028760190468624994,0.20741999562581806,True
577,CTa2,Ta2C1_mp_7088,0.1879966411,21.5722607453,35.81467450854468,0.1879965954460174,21.572229516369536,35.81467565422325,1.6602213334994511,27.303477696684084,44.36737253797403,1.8454322520640345,4.6811203438664695,0.851915441223946,0.14808455877605406,14,77.6507458476,4.372356106612129,86.250775274,0.0,1.9629736521511526e-05,1.9526444205170703e-05,1.6159815893934376e-05,0.0,6.27144837472091e-11,False,,,,False
578,Nb3Os,Nb3Os1_JVASP_107680,0.2532463223,21.5769144648,23.404518480428088,0.25324637576219866,21.576903865801125,23.404517353294523,1.0847023047820183,22.56350684953717,24.12675949146879,-0.24976603738609215,2.2553114691133964,0.029951427824525027,0.5497152015241104,8,31.1502592537,2.885804307403407,33.1502977383,0.020567712918984318,0.016114260159938745,0.015997940766731143,0.013239675117294741,0.0,0.000657289674153785,False,0.24401790802476903,0.2512625003350982,,False
579,CuTcTi2,Ti2Cu1Tc1_JVASP_79391,0.4298477697,21.596323199,23.999099636423864,0.4298477970697424,21.596307198683956,23.999097523584705,1.111259314048245,22.88782246747094,24.94803645975127,-0.10563484324111194,2.0144465493601054,0.08252289784401184,0.4034639288605539,10,16.4501124496,3.123847016743883,39.0504112676,1.595619778806988,1.573980429939563,1.5481480700356158,1.2812259889949922,0.8576378063265646,0.7779936504314173,False,0.01365452022668077,0.030202813744305296,0.09746351046858648,True
580,AlNi2V,Al1V1Ni2_JVASP_100039,0.4560144407,21.6314175145,23.795425561609527,0.4560144870540478,21.63140617969061,23.79542404094422,1.1000405541497054,22.726889483663776,24.87251460207336,0.7394607426115227,4.609901644847769,0.29730663207821334,0.031347981646449884,16,30.2502419357,3.185674233252307,54.4504354843,2.238978476673261,2.097783942803248,2.06049836342849,1.7052400249063364,1.3640992965012582,1.132116906167371,False,0.06513820243781214,0.08307184711391145,0.18640510634503002,True
581,SiTi,Ti1Si1_JVASP_14102,0.5533281375,21.6481426901,26.003034387645993,0.5533283269180344,21.648115500210967,26.003030840944906,1.201168334522767,23.871774060365517,27.955321101371595,0.5758239604493405,2.421574216853946,0.26105488184862624,0.21916170220040823,16,45.0503906641,3.597961196782144,47.650440694,4.460857247209826,4.5478079827192746,4.431228730993645,3.6672237773740504,3.0790520001411057,3.0079563521092267,False,-0.019304399381540986,0.006664043945964352,0.023360862065447317,True
582,Al2FeIr,Al2Fe1Ir1_JVASP_39945,0.1663617181,21.6592747777,26.52124168565831,0.16636180444141835,21.659260730932363,26.52123824715414,1.2244756908659498,24.093947915564343,28.75908123176326,0.6747352923200216,2.437366949079128,0.33993921539781613,0.1912841613915246,9,24.150260615,2.9727852079661066,48.4504560878,0.0,8.385940896893606e-08,8.351910103222078e-08,6.911925602666547e-08,0.0,2.350510914639307e-21,False,,,,False
583,NbRh3,Nb1Rh3_JVASP_14557,0.2291428182,21.6626894091,22.68241430986349,0.229142922776556,21.662676737587162,22.68241015055246,1.0470732876328228,22.213154011851472,23.09668234063162,-0.4483559104167285,3.1336785525423716,0.010594177185318032,0.5811311636275309,10,25.6502894784,2.6740127183994193,31.7502707991,0.0,0.003116023403360245,0.0030972298604830173,0.0025632247121238766,0.0,2.7665004571897372e-05,False,,,,False
584,CrV3,V3Cr1_mp_1187695,0.8111276726,21.6779164447,25.221758501424915,0.8111281343447698,21.67788514747621,25.221754835997313,1.1634785711065403,23.709063387924115,26.35745842472901,-0.4413213471429713,2.0502747084564756,0.13649518659720059,0.5553099015612704,8,23.8502548423,3.2912389266938984,37.0503727831,12.389121921676935,12.6850734178921,12.122782274988499,10.032647399990479,9.97272535049569,10.238787595289041,False,-0.023607157598325358,0.0217323082697369,-0.0263293119701459,True
585,NTa2,Ta2N1_JVASP_15923,0.5544524922,21.6786914991,33.82865306488274,0.5544524970597072,21.678664169445067,33.8286319437816,1.5604574008513528,26.886591597205662,40.35161322414001,1.4179155921028266,3.1715223882575505,0.7975309895224435,0.1984837416605207,12,66.2506625429,3.5402904665244748,72.4506457879,4.362253255900802,4.600579800433126,4.468181406650493,3.697805302055581,3.0797174722105334,3.0459285613206393,False,-0.053193613447655365,-0.02399275601517552,0.011032062054553224,True
586,CY2,Y2C1_mp_1334,0.2714699538,21.6808083258,30.40714290888409,0.2714699950351199,21.680791807846138,30.407141498037404,1.4024922045067219,25.986791928116403,34.18487905314131,0.7534401492557058,1.9896221249522603,0.6005125039746548,0.3030944978081396,9,43.4503598765,3.3611977653176424,62.6505932708,0.05422165183736064,0.040908433583685615,0.04053548267048678,0.03354660634798906,0.0,0.0033334915298620853,False,0.2817440671861074,0.2909026032005173,,True
587,Cr4Nb2,Nb2Cr4_JVASP_14774,0.6988700732,21.6966450829,24.431954807689866,0.6988694588433246,21.69662285520337,24.43195028831247,1.126071575809924,23.13697384087299,25.60203849458831,0.2477719879520225,2.647388116424575,0.2191235142116501,0.07844224714443271,5,23.3502452212,3.0508397136037555,52.3505311326,9.082002906711917,9.033071929311623,8.722050318295452,7.218248539278994,7.135912886184184,6.888585586898711,False,0.0054022516434088065,0.04044041420020405,0.03527440851826005,True
588,Be2CdRu,Be2Cd1Ru1_JVASP_68317,0.3363886148,21.7081118171,32.81421722484631,0.3363886899227292,21.70809578603689,32.814214003951534,1.5116118118963864,27.063917627906644,37.73673304416764,0.9329354187981675,2.5579483561995042,0.6554288042967353,0.14044553445668578,27,50.4504945723,6.0203086595624296,77.9507516203,0.36936518860395084,0.336700100152287,0.3323190559991467,0.2750226670337766,0.1446047377412341,0.0912284953081394,False,0.09259320203288329,0.1056903061667899,0.46063677681755966,True
589,AlNi3,Al1Ni3_JVASP_14971,0.1712417415,21.7643817894,23.769816766679124,0.1712418094129396,21.764374339587356,23.769818238280624,1.0921434205919514,22.77629002760467,24.770589885303043,0.7107474038363425,3.9537540263044066,0.09265603466945987,0.11234406484284912,8,26.2503010237,3.1242308354222366,44.550381043,0.0,3.971578426400687e-07,3.955677295298383e-07,3.2736639685227995e-07,0.0,1.111036369778303e-17,False,,,,False
590,GaTi,Ti1Ga1_JVASP_15050,0.2913182321,21.7788935645,24.6474814723026,0.2913182983198292,21.778877019014118,24.647479516339146,1.1317148948873987,23.307583627920174,25.79641730966234,0.02289942452120397,1.9062476592410698,0.11539432377945087,0.4039419567844491,15,32.9502938898,3.3449688663689896,39.5504208887,0.10710070146095957,0.09144022369652745,0.09059743724405107,0.0749771894433526,0.021604298095233808,0.01246354999972925,False,0.15808406116251125,0.16734360086168523,0.550083896310063,True
591,Al2CoNi,Al2Co1Ni1_JVASP_108163,0.183483612,21.7852882967,26.479868408051047,0.1834836167592882,21.785270668350115,26.479865192905468,1.215493972786655,24.095728614374316,28.775497165239287,0.8462958007893078,2.6708715960645275,0.21543952670173247,0.20976347109870247,19,27.0501803605,3.3259843844090686,48.4504560878,0.0,8.176708782735336e-06,8.138216053515494e-06,6.7350753546335115e-06,0.0,3.2446861211352463e-12,False,,,,False
592,Be2PtRh,Be2Pt1Rh1_JVASP_69869,0.2136571794,21.8156204022,31.26980372764434,0.2136571886500697,21.81560475897611,31.26980256566432,1.4333685868964163,25.959810572247342,36.61576813207859,1.4969256032013196,3.8908608020816646,0.7947471574600327,0.15280034366412817,16,22.2502240547,4.125597550806094,72.5506477121,0.0,0.0007373638131119103,0.0007327237606002582,0.0006063920777381447,0.0,1.1901236288243212e-06,False,,,,False
593,AlReTi2,Ti2Al1Re1_JVASP_41696,0.2849506872,21.8301052121,25.191254494693194,0.2849508367805615,21.830087189221924,25.191252456397038,1.153969392702866,23.543223765437062,26.768798832363647,0.6382243699658146,3.088326876821557,0.20738987214493315,0.13788077074862803,11,24.8502740846,3.3174219380570653,49.2504714816,0.09420022480949636,0.07228929664069265,0.07163674225738854,0.05928557979921809,0.01948071886716405,0.008524895777767516,False,0.26474649081753643,0.273814465727753,0.8264344027522941,True
594,AlFe,Al1Fe1_mp_2658,0.2916277745,21.8554183664,24.482227719153745,0.29162785498997956,21.855415538672137,24.482228154739396,1.1201904677318644,23.04806572766939,26.133201725556734,1.5827767225643181,5.141311705214573,0.16367273805222537,0.10012736647499604,4,19.2501663279,3.1110636654404358,50.0504868754,0.12382663788291892,0.092782202280881,0.0919318879139718,0.07608156241156287,0.029191218316175625,0.012730752792062965,False,0.2886276701551956,0.2978345516933608,0.8298473753485339,True
595,PtV,V1Pt1_JVASP_15013,0.4029875736,21.8579154503,24.279771339001528,0.40298801153785413,21.85790579355187,24.279772280493713,1.1108004815198855,23.240524267787052,25.05849591728687,-0.7520636143015651,2.423399308389748,0.18240762109235878,0.5928860949686213,9,26.6501726636,2.699579111921672,37.2503766315,1.1368061757843466,1.1276010585007483,1.1108210221143495,0.9193001562325649,0.5483318971400821,0.49660704804970046,False,0.008130311412654849,0.02312332891670308,0.09908168974801872,True
596,HRh,H1Rh1_mp_24722,0.5840163082,21.8733090034,34.97468772572387,0.5840165154825353,21.87327787546554,34.974681308585616,1.598968454006404,27.751547623001866,41.53993925620208,1.305056548200349,3.1797158342752567,0.7635258006326053,0.14939386728921655,14,17.0501239949,3.608334956354209,87.8508060616,5.2145741706211854,5.5149084649221365,5.341874802055527,4.420861905149401,3.8216721153324062,3.7955522110480033,False,-0.05599762469601895,-0.024119247486782156,0.006858142951389529,True
597,Ir2V2,V2Ir2_mp_569250,0.286975503,21.8814225013,25.499205237487306,0.2869757339962486,21.881399000665645,25.499201499062796,1.1653368917721894,23.80770511323663,26.950174974359463,0.1614878192141146,2.083998973413756,0.22557041181749038,0.24785948360138574,19,27.1501822847,3.4531214329340267,46.5504195275,0.09685872506735657,0.07828975587092109,0.07757089488745071,0.06419660266547644,0.019785996572604853,0.009684923752556104,False,0.2128367116068112,0.22206118330433555,0.7144040195853604,True
598,Nb3Ru,Nb3Ru1_JVASP_38825,0.2746734321,21.8861387532,23.34835929560576,0.274673048958425,21.886123615656466,23.348353261677207,1.0668108099770908,22.6857892346079,23.911257718849285,-0.4731319198160446,2.736027126985549,0.021514648211004076,0.6851519194434568,10,30.1502400115,2.8034666599222735,31.5502669506,0.05513984826612876,0.047537953798792554,0.047155208936802175,0.03902500049942249,0.0,0.004268013732533319,False,0.1483442344675776,0.15642817496124442,,True
599,Al2Au,Al2Au1_mp_2647,0.3244726333,21.8974901599,28.20554723357978,0.32447313488213936,21.897421881504545,28.2055339200304,1.2880755585137602,25.67669607863426,29.800921417762133,-0.6026103025112606,1.6202488623611622,0.2986043601277615,0.6461901177200714,7,35.7503477681,2.9597177012805083,40.3503002255,0.24040480816305368,0.2532822568930276,0.25031930818217807,0.20716080677145768,0.06780420626781958,0.0597388747844674,False,-0.05218030361789685,-0.04041313248379749,0.1266412549712412,True
600,Rh3Ta,Ta1Rh3_mp_1020,0.2068303765,21.916070786,23.052268910491218,0.20683058761840276,21.91606292102435,23.052269360080288,1.0518435470435687,22.536303967083764,23.495935903976186,-0.5698829071554485,3.09243954757375,0.012009379942375314,0.6316890779764579,4,22.9502375243,2.563007951093095,32.7502900414,0.0,0.0003389472733039569,0.0003371885720476554,0.0002790526113497838,0.0,1.8519575291880836e-07,False,,,,False
601,Co2GeLi,Li1Co2Ge1_JVASP_17275,0.1214363594,21.9538665622,25.541778536484102,0.12143647954755399,21.95386044039506,25.54177786661571,1.1634299095579057,23.569137814894233,27.990401373641436,2.0834697671755347,9.358177074193327,0.4776087283027354,0.03416693068481947,12,27.2501842089,3.1333157568260073,64.0506202099,0.0,8.082151786096082e-35,8.062377722228095e-35,6.67231259770601e-35,0.0,0.0,False,,,,False
602,RuTcV2,V2Tc1Ru1_JVASP_41603,0.7165722567,21.9955823349,23.554095334166412,0.7165721760016894,21.995576187796665,23.5540942650019,1.0708559786703797,22.789076909258075,24.289637979307646,0.33817084774188966,2.4812860044086156,0.018425058844133327,0.34196264010025196,14,23.1502413727,3.044076742009264,36.8503689346,9.698195494667125,9.717620058688247,9.39016938250956,7.7711746613872235,7.563631789614716,7.495579576358894,False,-0.0020009018367976436,0.032276505062324656,0.009038013325176805,True
603,PRh2,P1Rh2_mp_2732,0.1732162239,22.0134283598,27.90655552031995,0.1732162369622644,22.01341404888864,27.906553288792804,1.267706736756795,24.87142265884654,30.747017507341788,0.853356508379076,2.393589923810369,0.3771002261653219,0.21024777969424344,9,48.2504522393,3.4725920920658506,53.3504143178,0.0,7.054381675857922e-07,7.023505908027547e-07,5.812556613540038e-07,0.0,1.6466139173351712e-16,False,,,,False
604,NbRe,Nb1Re1_mp_1220322,0.2063332375,22.0425313671,23.69579227437437,0.20633326533716295,22.04251587622092,23.695790531185363,1.075003899929044,22.924894255278822,24.39427633290344,-0.01566349693273661,2.772260437700851,0.047279638414959566,0.29150026858487244,7,23.6502509938,3.145879151099541,38.9504093434,0.0,0.00032073421623552627,0.00031904830348258726,0.00026403997529593433,0.0,1.6014893010030413e-07,False,,,,False
605,AlMoTi2,Ti2Al1Mo1_JVASP_42889,0.3374329611,22.0805632675,24.878389255904413,0.33743314293435733,22.080549748121758,24.878393435051464,1.1267107802498304,23.528646695354347,26.15920044507305,0.4990344682312855,3.179872252376421,0.14405207357042407,0.15279244298617023,13,28.8502149965,3.198486103586056,45.5504002852,0.3936015355361917,0.3503146675842662,0.34628733605116807,0.2865826229388977,0.1399447650018858,0.09600766392223836,False,0.11650726561051751,0.12807018499213363,0.37681978825409573,True
606,TaTc,Ta1Tc1_mp_11572,0.1197088064,22.1352186084,23.909878477911594,0.11970882308821665,22.135202480765585,23.90987640240235,1.080174280003938,23.110559067093224,24.5757761916554,-0.4603869161209001,2.2820690280812856,0.023969414006298928,0.6145970076342067,6,23.0502394485,2.910717059609337,31.7502707991,0.0,1.4824273768929368e-39,1.479004444216963e-39,1.224003677972659e-39,0.0,0.0,False,,,,False
607,Hg2Ti6,Ti6Hg2_JVASP_14513,0.2379756732,22.1482069127,24.750569252267717,0.2379757981490679,22.148178159029133,24.75056222835397,1.1174987870622635,23.634271802647483,25.616500697553448,-0.5579975109676765,2.678880093822018,0.18797512380390877,0.3254797901931358,18,21.4502086609,4.3275107444372205,41.2503175435,0.009541738029712962,0.0062505965664726385,0.006208658059501387,0.005138199773380459,0.0,0.00010870413876684615,False,0.42299874244607044,0.4297308731590906,,False
608,Rh,Rh1_mp_74,0.3728285043,22.2929623481,23.016420426684512,0.3728286035665364,22.29296035537666,23.016421157709576,1.0324524330012739,22.672493118833664,23.336227338380645,-0.24060809720936338,3.179421306328913,0.0036651262276426407,0.6819329963693266,4,22.1502221305,2.613246757456115,31.3502631022,0.7460308473117563,0.7176368009133155,0.7088002419333826,0.5865933036690063,0.30396986041040186,0.26562708373588056,False,0.03880335687905716,0.05119320901376835,0.1348351688037162,True
609,AlRu2Ti,Ti1Al1Ru2_JVASP_40033,0.4385961408,22.2969400261,24.4584835124993,0.43859619741067646,22.29693235837108,24.458483124902312,1.0969438634781392,23.365789820793637,25.5754332586555,0.8181726452403671,3.51067380345619,0.0649248488031422,0.17754562339136848,9,21.050200964,2.9530601579374824,44.1503733461,1.8681303894638033,1.7965544074412638,1.7665204286490548,1.461947940950942,1.0528321435126546,0.9166178327100011,False,0.03906752665370116,0.05592638678334074,0.13854846439080962,True
610,Mo,Mo_mp_129,0.5474376493,22.3286813585,23.198788537768518,0.5474376350617111,22.3286773985231,23.198787968811917,1.038968298693158,22.775377710707502,23.609548273262014,0.18851006207739063,3.0832065589234645,0.006599087996447929,0.40704926787310264,8,21.3502067366,2.754253653972184,34.1503169805,4.530358739494687,4.504309949958641,4.405829077823946,3.6462033747508515,3.0505791366092274,2.955295042008342,False,0.005766423232945358,0.02787267372266706,0.03173296256455333,True
611,AlNi,Al1Ni1_JVASP_11956,0.2054020456,22.3358190579,26.39231609122625,0.20540214354544473,22.3358193636095,26.392322309452265,1.1816142439104695,24.239718457886212,28.54875043801324,0.9667569764361001,2.347347601801658,0.07320916209493808,0.2632394459479521,10,18.2501470856,2.8368888951797984,45.3503964368,0.0,0.0002894972924313019,0.00028789628601188843,0.00023825899532018357,0.0,1.2154656808050401e-07,False,,,,False
612,LiNi2Si,Li1Si1Ni2_JVASP_15912,0.2353276795,22.3933452679,27.87102785378573,0.2353277639811216,22.39332491745333,27.871026624863845,1.2446131482306675,24.88864760866761,31.155113103260316,1.5577530306503258,5.098804139650149,0.4634799162961225,0.05006551781150223,9,40.9503117708,2.702424131756497,64.3506259826,0.010636768541806722,0.005216499514755788,0.005180018307504352,0.004286911702762223,0.0,7.541342060654336e-05,False,0.712490143403076,0.7195081387755314,,False
613,OSc,Sc1O1_mp_644481,1.2188287907,22.4245678533,28.42166713663363,1.2188288919732253,22.424567004400966,28.421666038272924,1.2674343291754524,25.229531369554216,31.672276721798067,1.2268164287877728,3.524625180733058,0.39783908510391613,0.14950057316107696,9,27.9501976785,3.3578877664683935,60.1505451651,25.639725415561887,25.981863294330925,23.74418810355711,19.65036256846106,22.714419291059315,22.841634817002404,False,-0.013255806233066506,0.07680513366892135,-0.005585025266766486,True
614,RuSi,Si1Ru1_mp_381,0.1921949573,22.4673105112,29.401968359536745,0.1921950359022612,22.467268154030936,29.401961308947264,1.308657603913992,26.019363502235947,32.304431934023,0.5701447356802283,2.049563989170349,0.4543535748764457,0.2038618800154126,4,49.3504734058,3.661418605781027,59.3505297713,0.0,4.282725170096804e-05,4.2604505454506565e-05,3.525890106579854e-05,0.0,6.44908452022133e-10,False,,,,False
615,Al2IrRu,Al2Ir1Ru1_JVASP_39905,0.1570601111,22.5229282373,27.17875571516106,0.15706015193718587,22.522917790832913,27.17875322781336,1.2067154655634993,24.745280895470614,29.558994168585865,0.9112812603564934,2.404409739314774,0.2233623280393169,0.24262801564167527,9,17.5501336161,2.9739791438165564,49.0504676331,0.0,1.9777864290367276e-09,1.970486578228139e-09,1.630747513016391e-09,0.0,1.1226581878137058e-34,False,,,,False
616,CInTi3,Ti3In1C1_JVASP_17673,0.2363452974,22.5444607768,29.780207893265285,0.23634533536981434,22.54444328799343,29.780206674053026,1.3209555141205536,25.816856152316102,34.43028748051345,1.999957386258411,8.112118541754084,0.5467077338858619,0.04745786398411594,11,15.6500970558,5.557590732479822,82.250698305,0.012692107151934948,0.005660591343023252,0.0056198117775819205,0.004650878712481589,0.0,8.798746536689829e-05,False,0.807451951840004,0.8146821443523606,,False
617,Ni3Si,Si1Ni3_JVASP_19853,0.0907543998,22.571275725,26.213985309874193,0.0907544064333451,22.571267417574614,26.213982561299513,1.1613872662236318,24.473083257584435,27.729782512062133,0.22470604365360014,1.9214919124167626,0.19154786866116585,0.2913935428094668,12,25.050277933,3.3202952767501714,44.0503714218,0.0,0.0,0.0,0.0,0.0,0.0,False,,,,False
618,AlIr,Al1Ir1_mp_1885,0.1196603592,22.5735905822,30.097844314531898,0.11966039089426633,22.573575861171435,30.097840380732528,1.3333217814419691,26.26043802438018,33.34623803940499,0.6076461514535494,1.5102150050170806,0.5253875835748222,0.3511538336729938,7,46.350415679,2.8904111805654455,53.7504220147,0.0,1.0680928279021445e-39,1.065422364044268e-39,8.81728853002153e-40,0.0,0.0,False,,,,False
619,IrSc,Sc1Ir1_mp_1129,0.1039176903,22.5893081063,27.385255891935717,0.1039177141757667,22.589289375583903,27.38525036467952,1.2123112821016597,25.158722112198976,29.131934285727265,-0.024589506998580313,1.2916948852402705,0.20652619662790633,0.4540206300191022,4,35.7503477681,2.8884223295366436,42.1503348615,0.0,0.0,0.0,0.0,0.0,0.0,False,,,,False
620,Cr4Ta2,Ta2Cr4_JVASP_14528,0.5473037816,22.6011149134,26.15316379937999,0.5473038733640798,22.6010973351943,26.153163162796577,1.1571634233029482,24.523767758987606,27.517052803075085,0.0155074362424803,2.122395363812285,0.29083348841633194,0.115036795301632,14,28.7502130723,3.253930310477947,53.0505446022,4.569008603623403,4.567684354314139,4.455816344710756,3.687572147346833,3.161726613062229,2.9947090707410826,False,0.00028987497437724243,0.025085959127088504,0.05427118638491827,True
621,VZn3,V1Zn3_JVASP_16627,0.1332382689,22.651097811,25.160515030511597,0.1332382808574832,22.65108606589725,25.160513228639637,1.1107861740245868,23.979372015470517,26.18339206763225,-0.02986843514652482,1.6979803133615237,0.03423795861718798,0.46625388487651476,5,33.8503112078,2.8889366070753866,35.0503342985,0.0,7.070951295602953e-19,7.051444183348482e-19,5.835677944840122e-19,0.0,0.0,False,,,,False
622,BeMnRh2,Mn1Be1Rh2_JVASP_71027,0.4388226948,22.6725665999,26.96288454685626,0.4388227423661365,22.672555249273714,26.96288256958968,1.189229986348954,24.592935437841273,29.799639915413994,1.9057460620655713,7.3154837879248475,0.46000130335421807,0.051963707130615024,18,61.5505721043,4.1969765447291065,63.650612513,1.9569700372559837,1.8335595288090716,1.8008126997075302,1.490327751482094,1.1560203050167037,0.9360252376428506,False,0.06513820243781193,0.08315931490367051,0.2110961745636714,True
623,Al2Mg,Mg1Al2_JVASP_107548,0.3903387613,22.6802086263,25.096675630383796,0.39033883616778453,22.680194041254605,25.09667362191458,1.1065458071595184,23.95098636768188,26.128163349979648,0.14259887760577605,2.243425172836138,0.06364221433497144,0.35829904345400887,14,31.6502688749,3.2912116986900646,39.8502906043,1.0038865111593926,0.9720992685373889,0.9583606805873747,0.7931260804861031,0.46506317637994676,0.4007255032637749,False,0.032176329798111074,0.0464100567474376,0.14889659714716605,True
624,Be4Ta2,Ta2Be4_JVASP_15011,0.4631697164,22.7562750958,35.10821881381766,0.4631699455639374,22.75624576339646,35.10820712789492,1.5427943384390168,28.82633403410395,40.135998615918616,0.7416046439059767,1.850532575592784,0.6685248415541942,0.23339183206091516,8,55.4504547265,4.434139638470863,80.1506578962,2.250278168237786,2.3773512490711655,2.3259085608915764,1.9248898434964774,1.3829362423633418,1.3089748491388373,False,-0.05493310846646158,-0.03305690268060256,0.05496467770795115,True
625,CRu3Zr,Zr1Ru3C1_JVASP_16317,0.1729528495,22.7740174825,27.212399580632354,0.17295284912587763,22.77401131371069,27.21239883139071,1.194888263492166,24.351033794052466,31.92119283522626,4.078141342579789,20.752291546470925,0.8931463433132083,0.034882227915087716,6,22.4502279031,2.855352532717771,87.9508079858,0.0,6.782679334463864e-07,6.753752314516705e-07,5.589312260289687e-07,0.0,1.2140061960706155e-16,False,,,,False
626,RhSc,Sc1Rh1_mp_1780,0.116931964,22.7757920879,25.74633063827931,0.11693198608211758,22.775772569626294,25.746328068778602,1.1304261135410982,24.35573907735786,26.941115879125118,0.027398216839132572,1.7578894771225022,0.07361873511041564,0.39980616291420096,6,33.6503073594,3.245231088794385,39.7504247372,0.0,1.7378582924719663e-50,1.7338962270423513e-50,1.4349486016902215e-50,0.0,0.0,False,,,,False
627,CrRuTa2,Ta2Cr1Ru1_JVASP_38820,0.1360359384,22.9119455445,25.856795242597254,0.13603612043443636,22.91193776610039,25.856794656423602,1.1285293684186026,24.513069616510208,26.961487606091406,-0.19422786595557706,1.8477934447518862,0.06271708549496971,0.590799313145134,7,33.6503073594,2.8036577207725966,36.5503631619,0.0,5.716242229326168e-17,5.699831451990058e-17,4.717101891302117e-17,0.0,0.0,False,,,,False
628,Ge2Mo6,Ge2Mo6_JVASP_8075,0.4466050093,22.925714078,24.410499776018515,0.4466037925621544,22.92569950359352,24.41049387044247,1.064765498937828,23.68231507160229,25.126676160440603,0.4505501122308442,3.2266053661117153,0.020849761837170053,0.3149973603207345,12,20.8501971155,2.831132002727288,37.45038048,2.054061124154624,2.01510336111548,1.9815205984082385,1.6398791159240593,1.1491875645512053,1.0562410590077247,False,0.019148379736820938,0.03595434070329699,0.08433879229442877,True
629,TcTi,Ti1Tc1_JVASP_16623,0.4041706589,22.9371285171,25.098766152339042,0.40417075771167676,22.937106262498467,25.09876318697105,1.0942427915594057,24.09356704809597,26.007253914265288,0.08704914628523364,2.656149505329001,0.05987800829832653,0.3297557933809102,7,23.1502413727,3.1597646948210727,40.2502983012,1.2397595298762332,1.2027427434750317,1.185005659995512,0.9806943393066307,0.6090483625587331,0.5327770827925082,False,0.03031286499005863,0.045169882348197556,0.133794572101094,True
630,MgP2,Mg1P2_JVASP_136988,0.2333979332,22.9804668735,30.399733520182377,0.23339803482077348,22.98042925653073,30.399730101589636,1.3228530138509245,26.778998054983887,33.54172093093421,0.6379422153685304,2.199511153637505,0.3520149568389946,0.24733373015986632,11,49.2474782267,3.543869857550048,57.2474961077,0.0,0.004630675889591027,0.004597947631330986,0.0038051980397221957,0.0,5.8009729916616074e-05,False,,,,False
631,Be2LiNi,Li1Be2Ni1_JVASP_65132,0.4657208639,22.9857593475,34.61392507977389,0.4657210764172905,22.985728812665393,34.613930196858966,1.5058878697718867,28.63692421474551,39.78930468308169,0.9565111637260694,2.621344474973137,0.6028057367067006,0.1856653250963321,27,66.4505303343,3.8656067786375035,74.3506823482,2.334336590536032,2.4609198551816847,2.4075026446455494,1.992415981775627,1.4314018830284778,1.364663793167896,False,-0.052807469572087255,-0.03086222784205873,0.047746208909440556,True
632,Al2NiRu,Al2Ni1Ru1_JVASP_40509,0.1387018883,22.9887203541,27.691070153002393,0.13870192073963233,22.988703472657264,27.69106876464488,1.204551130844791,25.28227850125409,29.991139197063077,0.7892521388561433,2.218764884768721,0.17254963631513828,0.26085278543936136,11,17.6501355403,3.0595906702714566,48.7504618604,0.0,1.8315941711014327e-15,1.8260177784069515e-15,1.511187126957477e-15,0.0,0.0,False,,,,False
633,BeCdLi2,Li2Be1Cd1_JVASP_67632,0.4102275418,23.0059046161,31.829681322997878,0.41022748880283433,23.005864380539908,31.829670491681142,1.3835459500754543,28.099863743657295,34.35958324243837,-0.13961110819431433,1.6099354016360061,0.3511277436019411,0.36356088016171584,9,29.3502246177,3.0498056252894354,53.7504220147,1.2015361397135593,1.3132405368822964,1.2904556460228487,1.0679632932602887,0.5982232600239265,0.598214132000672,False,-0.0888969203777175,-0.07139451540795468,1.525867264858444e-05,True
634,Be2ScZr,Zr1Sc1Be2_JVASP_74633,0.4609035793,23.114574445,32.12959634957931,0.4609036218212889,23.114540419755603,32.12959155839778,1.3900164560891362,27.791723601642083,35.51434024454519,0.3950591610148201,1.4402173642038016,0.4353979202817564,0.3674083435185954,10,45.6504022094,3.379525187663571,56.6504778172,2.204328735098012,2.3603118696737737,2.311094959494516,1.9126303113058065,1.2941677361470305,1.2914286525486378,False,-0.06837072444951212,-0.047298386642314526,0.002118725594615664,True
635,CCo3Sc,Sc1Co3C1_JVASP_15950,0.1533368498,23.2021338818,31.074235866477874,0.15333687340981025,23.20211850038094,31.074233685230887,1.3392843280548152,26.232496941137555,37.45650490170355,2.7399841790671773,9.961004185650774,0.8211133075167634,0.0686886941002078,13,31.7502707991,3.3065421167407276,89.9508464704,0.0,2.9341708898097823e-10,2.923366542309495e-10,2.4193378281182027e-10,0.0,7.951821438791458e-46,False,,,,False
636,NiSi2,Si2Ni1_mp_2291,0.2613690803,23.2073079943,28.848541343204857,0.26136913432033293,23.207287529731783,28.848537772241578,1.2430809820097486,26.06421825997679,31.296341981196658,0.5245831172940565,1.8876150667519616,0.36254987556724516,0.2832551368724366,13,22.5502298274,3.5409630259349663,51.650517663,0.036286982018851846,0.026916240193628607,0.02669482226119747,0.022092266698922045,0.0,0.0015458863062264492,False,0.298729225770756,0.306989431081182,,False
637,GaMn2V,Mn2V1Ga1_mp_21235,0.2584454227,23.244118756,26.46316924885415,0.2584453970181946,23.244104716515416,26.4631659837737,1.1384893634974496,24.95005242230588,27.751921916070437,0.028045467348536968,1.7263079994644839,0.0826332287662017,0.4267856012709559,5,39.0504112676,3.194387613400075,40.150296377,0.02948839683635608,0.023129925975050654,0.022951702346339718,0.018994512286625975,0.0,0.0011828595396479796,False,0.24286958253973046,0.25060474832431545,,False
638,Ni2V6,V6Ni2_JVASP_15777,0.6893685265,23.2815087821,25.019499859899277,0.6893686081778183,23.28150102210776,25.019499044979657,1.0746514591658638,24.175840207421704,25.83009422307055,0.3493326116767326,2.98586400281883,0.04717923815148189,0.24410404511765438,18,22.3502259789,2.996613036775973,43.1503541038,9.386907161590544,9.347398655919013,9.048350752002921,7.48829027751966,7.253478184038556,7.085994578059936,False,0.00421777722927717,0.03673335944475762,0.0233608620654471,True
639,Cu2O2,Cu2O2_JVASP_1219,0.439456371,23.2992215635,36.13137896357818,0.43945748679365004,23.298949507020183,36.13133225899637,1.5507708726571419,30.245497323535254,40.628231237302664,0.5109508143611264,1.902324733108328,0.5857563752756548,0.2086417377505848,14,48.550458012,3.8931268190425077,79.3507785595,1.7602286804607847,1.9015634517873239,1.8636449694094965,1.5423268712354452,1.0048118564107225,0.9724780302995364,False,-0.07723268447315168,-0.057090498377645064,0.03270811113034676,True
640,AlFe2Hf,Hf1Al1Fe2_JVASP_37783,0.185307936,23.3758625651,25.80585211218959,0.1853081649486163,23.37585455637469,25.80585355511297,1.1039533760307219,24.702124033160143,26.751968360052544,-0.1412846556617927,2.944888547399057,0.0939498902012109,0.3698863263252532,12,28.8502149965,2.7901707365864024,40.8503098466,0.0,1.2700303624792655e-05,1.2642573881319297e-05,1.0462819763850452e-05,0.0,1.2453708957337039e-11,False,,,,False
641,CTa,Ta1C1_mp_1086,0.8586444746,23.3830863961,40.144265013240684,0.858644527486007,23.383080604982485,40.14426127473117,1.716808061046379,30.712215379151168,48.149930294617555,1.2204190268826707,2.5489230130621676,0.7632088337883347,0.2367911662116654,10,19.750175949,2.6996885228863006,83.7507271684,14.215025115571919,15.492772213569062,14.597400849391317,12.080607599496263,11.786786090272443,12.696770381040038,False,-0.0860740944301709,-0.026543976914567474,-0.07436857927587553,True
642,Sb2V6,V6Sb2_mp_1555,0.4577520028,23.4092490684,27.0507949268686,0.45775221885913403,23.40920019582671,27.050788736283838,1.15556227935999,25.593705272966638,28.028186331012463,-0.9469186849378816,2.3871026160257283,0.13830092899326182,0.7158268844092969,5,32.4502842687,3.006145682646932,35.8503496924,2.1905936526494587,2.312060065064257,2.268930519461887,1.877735602313286,1.2145322671654162,1.2540070055134107,False,-0.053966348808160335,-0.03513600230898891,-0.03198499135054872,True
643,AlTi,Ti1Al1_JVASP_78464,0.3413213258,23.4505195527,26.39943326428808,0.3413212469978684,23.45049680329319,26.399425666210764,1.1257512319527256,24.987189282241317,27.686253759649894,0.2933467162158938,2.1951321708959894,0.06777073920183345,0.34244585181115417,14,39.5504208887,3.3416161538173457,41.1503156193,0.43300164796845125,0.40637542605270544,0.40162443479802024,0.33237884259146505,0.14977911244840492,0.11591785443338055,False,0.06346410688095602,0.07522412377981572,0.2562798362896765,True
644,CNb2,Nb2C1_JVASP_14496,0.3784334861,23.490388269,33.78316200441279,0.3784337191920553,23.490332328526147,33.783154367934884,1.4381726871913751,28.006678103151177,40.06891701606074,1.835106058892726,5.44143600814514,0.6891660333489842,0.11367389734768527,12,78.6507650899,3.902657129763633,81.5506848354,0.898868642273288,0.8342409377879739,0.8213313810223336,0.6797225222253794,0.44307372596511974,0.32019583733817886,False,0.07461465354859735,0.09021024943517912,0.32480338021360344,True
645,Al3Y,Y1Al3_JVASP_16432,0.3423380701,23.5078136567,25.888020212557777,0.3423381025159244,23.507797590299173,25.888018288854163,1.1012523903786384,24.782480145694972,26.85207663732408,-0.05780363544205447,2.088872353738205,0.048408862234508285,0.4136829994543384,12,30.7502515568,3.3059862267489297,37.9503901011,0.4384744620232121,0.4165946003530579,0.41178751660941937,0.3407896689181402,0.14913547865185414,0.12004695304274238,False,0.05118800320009675,0.06279409078964476,0.21697220391264252,True
646,BeRh,Be1Rh1_JVASP_16459,0.332470472,23.5773580838,30.07200092859802,0.332470086882599,23.57732380840387,30.07196054661056,1.2754611503402158,26.464511181356876,33.81305074272033,1.3498726570845412,3.176672411716433,0.34977035857174865,0.1946256995176913,10,55.0504470296,3.0882317342229864,57.450493211,0.3762514968800188,0.33302744522742384,0.3289987620789505,0.27227483758257975,0.13384422289094708,0.08643688403016464,False,0.12203288978919549,0.13420380639349527,0.4372621247540932,True
647,AlCo2Ga,Al1Ga1Co2_JVASP_100143,0.0945501616,23.6712082153,26.749782780592817,0.09455024516339594,23.671191044228767,26.749780560506128,1.1300563841728593,25.24965931976564,28.198111351757134,0.601824459093665,3.075576167703291,0.10333270433315596,0.21967248085299138,7,43.4503598765,3.1079790237579816,44.550381043,0.0,0.0,0.0,0.0,0.0,0.0,False,,,,False
648,BeCo2Ge,Be1Co2Ge1_JVASP_106126,0.1544546296,23.8508097987,28.533299767406852,0.1544546120540779,23.85079256722443,28.533287545100062,1.1963245022016702,26.0418341842123,31.184732408454497,1.2885097735452837,4.0452117311017055,0.3190977633681133,0.10987260869248006,22,21.950218282,3.890734338293136,58.9505220744,0.0,5.569614486328632e-10,5.549653418416735e-10,4.5928166221379866e-10,0.0,8.553248244304815e-42,False,,,,False
649,Ga2Mo6,Ga2Mo6_JVASP_14524,0.3418141622,23.9645185088,25.537561212860556,0.3418143346708268,23.964513762803506,25.53756100099072,1.0656406908046188,24.768939634191852,26.286505379126233,0.39307100351043733,2.9607103847842895,0.017809629021916018,0.4746277757277999,5,36.7503670104,2.7449357020798875,36.8503689346,0.448519816946665,0.4196413031924255,0.4149503315066494,0.3434071709020547,0.15130757660102884,0.12030589804092286,False,0.06655255910569281,0.07779403551352664,0.229277046665779,True
650,H2Nb,Nb1H2_mp_24154,0.4073195549,24.057399826,52.232430632067086,0.40731843860131023,24.05728270835156,52.23198997012976,2.171150857033295,33.3266952370994,72.12600331918577,2.712795562598292,8.55090262685377,0.9042801006262856,0.09571989937371465,6,25.2502817815,4.078533851350414,172.5516195386,1.4780310588788814,1.3215668664259006,1.2976962721903966,1.0739555356058454,0.8934100749158964,0.5938728957986853,False,0.11189278376500632,0.1301202423029275,0.4083803695750553,True
651,S4V4,V4S4_JVASP_20481,0.6187433653,24.0642379313,28.52359919847599,0.6187433575920427,24.064226351152822,28.523594939954048,1.185311113838804,26.27431474751276,30.65219872648443,0.6912532159908344,2.3989801455129083,0.2481330518003781,0.23483593350115822,27,27.7454318337,3.530189427267392,52.4456350034,7.093216343634664,7.2126270546064655,6.9957701124104155,5.789602851649999,5.224936064511204,5.158269585945292,False,-0.0166943648083605,0.013833186005508698,0.012841389629250483,True
652,Ca2Si2,Ca2Si2_JVASP_13745,0.2627592014,24.0899060959,27.094704427830543,0.2627592151307538,24.08989287453722,27.094702895862724,1.124733224716892,25.589932899757546,28.59742056743641,0.7702719203149786,3.123946522314691,0.10046386270457976,0.15200021814084383,12,24.6502702361,3.8895003707289804,47.3504349213,0.041371652150924004,0.029971398516127474,0.029736445371949173,0.02460947203195794,0.0,0.0018146259852337612,False,0.3223523715341918,0.33022250522542995,,False
653,MoNiTi2,Ti2Ni1Mo1_JVASP_41668,0.1632604393,24.2360599074,25.9536212337951,0.16326043681895644,24.236052275880038,25.953620371441108,1.0708683112253563,25.149732057383268,26.679112594965535,-0.06632276536979409,2.7588663714891046,0.04243259589669466,0.3139929792208405,13,21.950218282,3.136372700805329,41.8503290889,0.0,3.047861779580654e-08,3.0366550867962243e-08,2.513093864934807e-08,0.0,1.7135039313212698e-24,False,,,,False
654,AlRu2V,Al1V1Ru2_JVASP_39917,0.1560636457,24.2629196174,26.24088769083089,0.15606373018803826,24.262917869059677,26.240887785700867,1.0815223431623415,25.2095927681671,27.36891594606581,1.207459694859142,4.7878412520597085,0.05414943436476563,0.13299146709457943,13,24.7502721603,3.089281707022736,49.5504772542,0.0,1.304930799015072e-09,1.3004210838243068e-09,1.0762105521304609e-09,0.0,4.472272950170185e-37,False,,,,False
655,BeLiNi,Li1Be1Ni1_JVASP_68524,0.3250029374,24.3759174108,31.348053347362736,0.32500302345820054,24.37586729896887,31.3480449843691,1.2860278815882444,27.911601244500538,34.506765371867004,0.7883859433033213,2.8509897038806065,0.5278831691117434,0.10172475307612597,13,23.9502567665,3.817225400148276,73.850672727,0.33643730334415,0.2858351929264723,0.28248523719812774,0.2337808859570712,0.11908569206435776,0.06786906841458319,False,0.16299641558080516,0.17478552028156485,0.5622629507490989,True
657,CoSc,Sc1Co1_JVASP_20627,0.0731419052,24.3969294888,27.311431888527924,0.07314191493958982,24.39691209111708,27.311429783599177,1.119462564835952,25.984956802291205,28.398945547659924,-0.25717759593604106,1.733988261095601,0.054417325658431354,0.5014171072766154,8,33.4503035109,3.2334382120727163,39.5504208887,0.0,0.0,0.0,0.0,0.0,0.0,False,,,,False
658,OsV2W,V2Os1W1_JVASP_103327,0.3536310247,24.6228685553,27.111231128026997,0.3536311133609375,24.62286173020993,27.111230609389548,1.1010592881706607,25.944994171709613,28.132510668226356,-0.0321885415155343,2.148426350241256,0.05959778672111234,0.3863947756422671,12,21.1502028882,3.181786113309471,42.8503483311,0.5890575532073254,0.5539059589209453,0.5471933725263408,0.4528496876080062,0.22327050235427293,0.17708592295940398,False,0.06152896920486181,0.07372163767916652,0.2317489961590182,True
659,NRe3,Re3N1_mp_974435,0.4266746454,24.6331092708,33.4333135037241,0.4266718038202779,24.633020943347088,33.43319822070756,1.3572512400163907,28.529211715449613,38.368718602620845,1.3701690508350477,3.322166889486313,0.6727895569857862,0.20137126330143892,14,62.0505817254,3.845876005127825,74.9506938935,1.7827591370008127,1.7322989517753022,1.7005624798201564,1.4073620522649573,1.0162703212875905,0.8455608538588942,False,0.02871284094465512,0.047203174322427814,0.183894517447401,True
660,NbS,Nb1S1_mp_2243,0.5379468478,24.7049274914,28.964072629837467,0.5379466942154549,24.70492045615716,28.964073779654143,1.1724010134359886,26.79289814712195,31.004413289029735,0.6304193590686376,1.8284324832327545,0.08182921272765419,0.31731400507529645,10,18.0501432372,3.080164886820433,48.6504599362,4.61977655731401,4.698422949768479,4.585123995509505,3.7945853755940733,3.1057697968115097,3.0356862802404074,False,-0.016880570100232434,0.0075291906319351004,0.022824085396379038,True
661,BeMn2W,Mn2Be1W1_JVASP_71854,0.2908776882,24.8553001847,29.39826803282976,0.2908777621556252,24.855290365588022,29.398271348157593,1.1827772243151622,27.28826205837458,31.27173982688336,0.3588023018975749,3.2891086174779662,0.2665386922846961,0.06715281797236185,9,54.6504393327,3.0985629866455913,55.650458575,0.1262023390423755,0.10273770857946339,0.10176592083759871,0.08422007241732306,0.02787614152711654,0.013870344472190155,False,0.20570726265404402,0.21521120211311556,0.6980181107945418,True
662,Al4Sc2,Sc2Al4_JVASP_93360,0.2343619643,24.9470932537,27.217731648241738,0.23436200921874503,24.947087771637523,27.217732205664927,1.0910184168514014,26.051129657737658,28.484763778112296,1.1745416707219243,5.364143722619825,0.14264185711452368,0.08467220844401051,5,24.5502683119,3.3043687220815254,58.8505201502,0.010850996818555572,0.005404387520525733,0.005369551619815563,0.004443766857778398,0.0,7.280191632859259e-05,False,0.6970458209756026,0.7035125406507305,,False
663,Al2Mo6,Al2Mo6_JVASP_14884,0.2728825724,24.9790862272,26.618883124393104,0.2728789398403665,24.97906191498215,26.61888475421107,1.0656478952176092,25.78631515227623,27.505011294572334,0.995149953977282,4.540985018044708,0.030902411811888082,0.20151287470271698,14,25.4502856299,4.064108781552904,44.550381043,0.0661658575283958,0.05014160082077875,0.04974223742074584,0.04116598958958277,0.0,0.004267673378983468,False,0.27731356335396495,0.28531016290779443,,True
664,Al2FeRh,Al2Fe1Rh1_JVASP_106482,0.136990996,24.9930698063,28.596644682822493,0.13699095692309166,24.9930632275355,28.59664599275421,1.144183317283355,26.788284502954184,30.32279111641691,0.6069069140114032,2.253512831713319,0.0809312353557638,0.24000014117491614,12,24.2502625392,3.122186645429986,46.8504253002,0.0,2.3120807018514503e-16,2.305326342466053e-16,1.9078562834201816e-16,0.0,0.0,False,,,,False
665,B2Ta,Ta1B2_JVASP_20082,0.9207732058,25.0403822106,44.07734772109479,0.9207731577289489,25.04037648563498,44.07734875562142,1.7602510401913272,33.789984638138534,52.56023487153756,1.1211753219310092,2.7215878817376504,0.6928971644103208,0.14412620050594974,14,19.9501797975,3.8259216601817894,101.8509393962,17.38921986490376,18.925847597215526,17.70451670925472,14.652013828348734,14.63869006677761,15.79221373547445,False,-0.08467811926454469,-0.017969322113113435,-0.07584898879716193,True
666,ReV3,V3Re1_JVASP_79937,0.3462084255,25.2967288566,28.84194629861515,0.3462088492756087,25.29670831406332,28.84193915629556,1.1401459351239513,27.327630858478972,29.972076968116387,-0.5824169721581276,2.128767958427994,0.115578098120981,0.5571441895058111,12,37.8503881769,3.1275114034216536,41.6503252404,0.49545887788269327,0.4878804132121313,0.48199582175538386,0.39889309386652466,0.17158568538304697,0.1459257653421148,False,0.015414038241960666,0.027548913715344386,0.16198472922102364,True
667,BeCo,Be1Co1_mp_2773,0.2653327255,25.4290531822,31.185295302515573,0.2653317156796153,25.428956732544854,31.185087252575205,1.2263612534549424,27.831737503962962,35.20159641283272,1.9889791230971252,5.756452519093451,0.42453702754360473,0.11432500078514601,9,66.2506625429,3.0689898280530277,67.5505515008,0.05581725791502058,0.035953371350829426,0.03565255679596336,0.029505564244935195,0.0,0.002389856741307024,False,0.43986024454806405,0.4482622395302994,,True
668,BeTi,Ti1Be1_JVASP_16462,0.1499639691,25.4321080773,32.54909183768574,0.14996397701870723,25.432098285013247,32.54908942521265,1.2798428607989982,28.591210559398405,36.719348843109,1.429474754052878,3.6139119093224137,0.478917164996594,0.16603656758986626,9,61.0505624832,3.4826297236752106,66.6505341828,0.0,4.1694856135940825e-11,4.1548499609992925e-11,3.43849651944769e-11,0.0,2.8337889368510193e-64,False,,,,False
669,Co3W,Co3W1_JVASP_36169,0.1762625792,25.4432537667,27.611835033219,0.1762626841259651,25.443237715866324,27.611828040157683,1.085232482929601,26.646678389733488,28.384302137661486,-0.628768046502246,2.2907953754718466,0.022293731918815073,0.6723122572175105,14,31.3502631022,3.1069535996035684,37.1503747073,0.0,1.8245479196268462e-06,1.8169459698582162e-06,1.5036794233309376e-06,0.0,6.5937850043085756e-15,False,,,,False
670,Co3Nb,Nb1Co3_JVASP_35682,0.2118923453,25.4518383092,26.863018599414698,0.21189242862446436,25.451834638263772,26.863018384412843,1.0554452661745461,26.213907003487687,27.42218657708918,-0.504275156376434,2.5072097574773053,0.006627133722943367,0.6743247462219177,9,32.7502900414,2.959126588813686,35.5503439197,0.0,0.0007092579287548119,0.0007054308112987468,0.000583804809350687,0.0,8.871003729773182e-07,False,,,,False
671,H2Cr,Cr1H2_mp_24208,0.6705141813,25.4634808054,42.066687558335275,0.6705148944885155,25.463517649768043,42.06692664486584,1.652046949029803,29.838795921984996,60.5087023726813,4.459242833716728,21.19362754342865,0.956895692977924,0.043104307022076134,5,22.6502317516,2.5701404647988406,181.3517888705,10.057753949962496,9.599711094253705,9.223711846302798,7.633416700388522,8.246448490628275,7.168104626060277,False,0.046610870660504,0.08656633141362591,0.140141349840771,True
672,Al2LiPd,Li1Al2Pd1_mp_30817,0.2634976688,25.4892082729,31.64951399344546,0.26349770629445646,25.489189010190806,31.649513776214956,1.2416838277420752,28.762299112528645,34.16846004718859,0.45434426269998407,2.717455943279336,0.29571679946902363,0.12601319567194377,9,30.7502515568,3.1587452539615892,57.7504989837,0.04351736076140081,0.03292336713681154,0.03264924438295177,0.0270200643169256,0.0,0.0020484473054683213,False,0.27897730345490296,0.287338243926581,,False
673,Be2MoNi,Be2Ni1Mo1_JVASP_74707,0.3117629191,25.4919639246,32.58350088635198,0.3117631227093186,25.491953267805698,32.58349869841234,1.2781876051672627,28.682508129371016,36.81994103177772,1.5576427977017433,4.803694425134671,0.5893115390148642,0.09937423193598888,25,33.2502996625,3.7806106620318927,77.5507439234,0.2635868384427521,0.20785516489608946,0.20557796882638707,0.1701334914425272,0.08498042973548006,0.04106652196749957,False,0.23754135680555172,0.24855749902095717,0.727227752668846,True
674,BeGeV2,Be1V2Ge1_JVASP_67853,0.4171127889,25.5200375481,30.82648075405949,0.41711279068592677,25.520013097844707,30.82647591704204,1.207933389330646,28.361115147490384,32.9207765720105,0.2559763451294389,2.365565359882855,0.2707325238772262,0.22645329270821782,18,34.9503323743,3.5262060721702677,56.1504681961,1.5985460392070379,1.5922534117405944,1.5656779342453093,1.2957334628237045,0.8407448362656726,0.7477648583769713,False,0.003944237625116226,0.02077557559287158,0.11719964068823836,True
675,Al2RhRu,Al2Ru1Rh1_JVASP_40420,0.1190726906,25.6064137872,29.757511665135915,0.11907269422557146,25.606406929977737,29.757511235145422,1.162111940051532,27.657819151684848,31.73147937103259,0.5969800201118346,1.8532976326418793,0.09409226760718109,0.31761971125546423,8,23.2502432969,3.042111528551783,49.5504772542,0.0,1.4385753029615896e-41,1.435161833994001e-41,1.187720138477794e-41,0.0,0.0,False,,,,False
676,HfN,Hf1N1_JVASP_15075,0.8006673561,25.6373854861,38.9986712012871,0.8006673580768017,25.637372785300347,38.99866266217583,1.5211645510157898,32.10332926818461,44.44896966034012,0.6921539212502108,1.533205462921256,0.667683845996429,0.3323161540035712,7,64.950637528,3.135806033494098,67.5505515008,13.535823338950468,14.70995304438202,13.965594298168185,11.55773321227712,10.892736259977902,11.805883598225671,False,-0.08318459094178153,-0.03125700317322168,-0.08050184830009392,True
677,CaSi2,Ca1Si2_mp_8372,0.2095482478,25.6776534945,31.969635851125986,0.20954823923142774,25.677632730166366,31.9696281093641,1.2450379848219353,28.97930199165243,34.485094820222315,0.33673843443157453,1.8511241420406628,0.27242306677754086,0.36675147550896536,7,51.0505061176,3.2790786355099604,53.8504239389,0.0,0.0005490067841919308,0.0005457995667728086,0.0004516961931912899,0.0,4.768378413383255e-07,False,,,,False
678,Al3Ti,Ti1Al3_JVASP_105372,0.3120763461,25.6823534454,28.126808464061472,0.31207638063801785,25.682344860674554,28.126807477522338,1.095180663218599,26.961101822333333,29.1825656992518,0.11745351068171817,2.1337402203358704,0.03589355245451737,0.4069976035543353,26,18.9501605552,3.3580139824741786,42.6503444827,0.23540753868989306,0.2111181298316935,0.2090104972905963,0.1729742046542866,0.060904240995772047,0.04191963890416439,False,0.10890038549733524,0.11893374235986268,0.37354838492550835,True
679,BeCrO2,Be1Cr1O2_JVASP_135947,0.6027508667,25.7699690021,32.94110199137394,0.6027513115141901,25.769947355767915,32.94112194146319,1.2782766486362338,29.195365495958598,36.75489544396705,1.2341558716839522,3.950430823064457,0.6891565311731842,0.058152728134314366,20,40.9503117708,3.8548536910077966,91.550877258,7.185262514194959,7.15241223218374,6.934898818810447,5.739226608670714,5.3935483894945575,5.03054987908511,False,0.004582380347634716,0.03546559155919616,0.06967419857572064,True
680,Ir2V6,V6Ir2_JVASP_20275,0.3401221629,25.83702665,28.48392036738447,0.34012209786502656,25.83701617566483,28.483919849239882,1.1024461824685508,27.283385818796546,29.488709466558934,-0.2670550500768397,2.304560762812098,0.0645822231855564,0.3777041810929207,16,38.1503939495,3.5838616203977534,44.6503829672,0.46750317638324923,0.4357600365161801,0.4307765444207483,0.35650472641717096,0.1600303980846557,0.12280740244585475,False,0.07031442623408207,0.0818166458711604,0.26474649081753626,True
681,AlN2Ti,Ti1Al1N2_JVASP_120303,0.8800542791,25.8485824276,37.735762128072885,0.88005443739628,25.848565932609777,37.735760206638105,1.4598782889936575,31.337797225307636,43.52115001182113,1.0882446354359887,2.552915570491498,0.6706224743840717,0.20882750730609462,16,72.3506438637,3.6274918795610254,81.7506886838,17.046112039182667,17.915133803740957,16.88199817239054,13.971308832323203,14.252130687052778,14.788043835700682,False,-0.04972367470601275,0.009674287529914005,-0.03691258790931084,True
682,CaSi2,Ca1Si2_JVASP_15024,0.1533279488,25.8561718233,29.968680471026747,0.15332791115070216,25.8561654059029,29.96868080640401,1.1590535694655726,27.88087032302812,31.991977140386723,0.7293460520018293,2.385876311910807,0.15104097524550208,0.23205293319219938,16,42.5503425584,3.379633361761766,52.0505253599,0.0,3.252760634468692e-10,3.2413962310096187e-10,2.682534811870029e-10,0.0,8.168879863828709e-46,False,,,,False
683,AlRh,Al1Rh1_mp_364,0.1031271726,25.865146188,30.10262215294043,0.10312717600022733,25.865143148796058,30.102621792956974,1.1638297000632745,27.923520769523495,32.15347569653893,0.6166477974381868,1.6092177196035262,0.05118785425362908,0.3438470115728006,4,20.5501913428,2.823549769225896,50.6504984207,0.0,0.0,0.0,0.0,0.0,0.0,False,,,,False
684,HPd,H1Pd1_mp_24289,1.5828371803,25.885789001,33.765071911931415,1.5828371849376497,25.8857748772258,33.76506909610125,1.3043870332739247,29.863539960054503,37.54310254427511,1.0335004053812586,4.0732319576863585,0.5135650391624655,0.07956038282776746,12,38.4503997222,3.8476174823198397,89.6508406977,42.16260709298554,41.17065661097967,35.97733571962506,29.774346802448328,38.2974339781562,37.12427164631538,False,0.023807955962611517,0.15864456353598466,0.031111918006827124,True
685,Co3Mo,Co3Mo1_JVASP_36173,0.2319310248,25.9788986338,27.305546346914575,0.23193090776299582,25.97889479904405,27.305546763227678,1.051066528212449,26.697584041304264,27.826496624988586,-0.5961469975627431,2.6440413868199117,0.00556194484797127,0.7301507042763441,8,26.2503010237,2.9041482580178055,35.3503400712,0.0,0.004669924622484717,0.004641149468689219,0.0038409512844324568,0.0,5.220073746487409e-05,False,,,,False
686,Nb3O3,Nb3O3_JVASP_14492,0.4909307021,26.1080245584,32.53051843650667,0.4909307619266367,26.108014893740847,32.53051731519145,1.2459973478485467,28.859896864521875,36.83536438800878,1.9016541094908697,5.848067233933338,0.6362082757694673,0.0954267542440945,8,23.5502490696,3.4938095276365218,75.8507112116,3.6036692310503717,3.497934841982273,3.421479170546851,2.8315689687284284,2.360598672506775,2.066055831426756,False,0.029779808043994594,0.051879593667695366,0.133273867402319,True
687,Mn2TaTi,Ta1Ti1Mn2_JVASP_40540,0.2222199908,26.253459701,28.665193493521024,0.22221928595634902,26.25344908100113,28.665199711773347,1.0918641441484933,27.65112425477429,29.415392189221155,-0.9891478130056957,2.9404973797928946,0.0545830677741157,0.7921078286932299,9,31.4502650264,2.721545766687318,38.4503997222,0.0,0.0020730296442006556,0.002060697662824313,0.0017054049623373626,0.0,9.504854252991044e-06,False,,,,False
688,OsTi,Ti1Os1_mp_291,0.0498948201,26.2538018903,29.61978231098264,0.04989483946870539,26.253786197047493,29.61978084175129,1.1282098749277671,28.05596755867713,30.95812486489203,-0.005732522316297839,1.9095559763850334,0.09012298244914879,0.3487447394678534,7,20.3501874944,3.290111323884203,50.0504868754,0.0,0.0,0.0,0.0,0.0,0.0,False,,,,False
689,Al,Al_mp_134,0.4853677867,26.3522272225,28.680647644228678,0.48536783589332244,26.352215580813112,28.680646059122687,1.0883580536584898,27.63411153127487,29.549571448578746,-0.4121905933758853,2.2711460698475747,0.04474145128942353,0.5446674752095251,6,36.3503593135,3.2287036330459404,40.3503002255,3.3140867316125324,3.3601805164682603,3.2952888036090844,2.7271355616075175,1.995318061509895,1.9602914908347324,False,-0.01381260773225591,0.005688276778796222,0.01771028496422065,True
690,Al3Li,Li1Al3_JVASP_16365,0.3665011922,26.4151699534,29.02929839137522,0.3665011473567041,26.415156247753195,29.029297227439883,1.098963676579011,27.79949050299645,30.154532152542927,0.1831901972857981,2.829366693655535,0.07223299495640796,0.29795584314527473,8,24.150260615,3.775113289438719,46.350415679,0.8022847327289592,0.7604317464403494,0.750720027714696,0.6212855401776795,0.33008809206437395,0.26915658689009614,False,0.05357721379789836,0.0664307902566714,0.2040662468453189,True
691,Be2CuNi,Be2Cu1Ni1_JVASP_70110,0.2664838733,26.4295986311,37.21170813529123,0.2664839052148815,26.429587617041385,37.211706500197266,1.4079563797735437,31.622135904266685,42.16264766399527,0.9051633540468225,2.3432780457659055,0.529690048321116,0.23061508554187776,19,70.2506034549,3.8438864519883253,71.1506207729,0.0523930864975044,0.039528841829762025,0.03917843778869278,0.032423534721676785,0.0,0.002735172185382035,False,0.2817440671861072,0.29064810650301626,,True
692,BePd,Be1Pd1_mp_11274,0.2573757781,26.561279531,34.95963174734539,0.25737586645738253,26.561271972712497,34.95963103935044,1.3161881356911644,30.85086434662014,38.250563678480184,0.35428301294380987,1.2773459807772891,0.3628779770577073,0.39767450783866776,7,22.5502298274,3.352010820680177,55.7504604992,0.03139691707297615,0.024971217928332103,0.024765961290208797,0.02049596796431073,0.0,0.0012214386698260462,False,0.22898582693843794,0.23723952393455106,,False
693,NNb,Nb1N1_JVASP_36335,0.3995726011,26.761660605,34.53983627533431,0.39957265417649096,26.761648684061733,34.539833419854894,1.290646694739161,30.60171022655119,38.13364129392541,0.7895831014463806,2.4687729279989483,0.43697233997206525,0.1900667542857112,12,32.7502900414,3.8275592871962987,68.4505688188,1.3420202520622457,1.3172770865719792,1.2959511390025122,1.072511287450355,0.6801883956932722,0.5701892669406655,False,0.018609336525445587,0.03493123355867911,0.17640145931087578,True
694,Al3Ti,Ti1Al3_JVASP_37038,0.4193503866,26.792359989,28.95189922191634,0.4193504944006289,26.792351234329423,28.95189653768025,1.0806030528811434,27.89439215267348,29.968946694603645,0.38847258553837083,2.3956139970639665,0.020643838072038283,0.35852646091976725,1,24.2502625392,-0.7151813114419142,43.9503694976,1.7538267911118024,1.7173242179369643,1.6908743285759875,1.3993442719249551,0.90144967025961,0.8143553048471127,False,0.021032746040828647,0.03655438894194497,0.10160744899066076,True
695,CAlSc3,Sc3Al1C1_JVASP_15314,0.0993398415,26.8034291144,32.11191453962999,0.09934016138270586,26.8034192096595,32.111897970724264,1.1980522977140051,29.181304285523176,35.480095375687974,1.6986024549326737,5.303731217104733,0.31452325291416133,0.11271101223232048,4,29.5502284661,3.204023199305025,69.3505861369,0.0,0.0,0.0,0.0,0.0,0.0,False,,,,False
696,BeMnV2,Mn1Be1V2_JVASP_74148,0.3502697295,26.8662534489,30.383595303329393,0.35026976365536094,26.866244439969602,30.38359381335055,1.1309207686708938,28.50461775431193,32.650366564869,1.8767207620833846,8.566362910036016,0.26719290939993545,0.03985682874679106,23,32.8502919656,3.36361072378439,69.4505880611,0.6669734811200834,0.5643959618666414,0.5575081433158635,0.46138604964071456,0.2786532320928373,0.17521029107760094,False,0.16699422146815587,0.17927317661238826,0.4639811972566511,True
697,Cl2Fe,Fe1Cl2_mp_571096,0.0771922037,26.8701607207,29.90316740003975,0.07719223932398589,26.87006226795466,29.903157273105734,1.1128800884383643,28.679071096680154,30.834145254592514,-0.7287486315799117,3.2580435677341772,0.06538100172370882,0.6303335394152234,15,40.3478511988,3.3084361536837523,41.6478762137,0.0,0.0,0.0,0.0,0.0,0.0,False,,,,False
698,BeSiSr,Sr1Be1Si1_JVASP_103684,0.3262089909,26.9628451873,36.87282209610623,0.3262090262357874,26.96283059532772,36.87282519342888,1.367542812801651,32.098848846992766,40.666179699197805,0.4135890477681561,1.4926365731730293,0.29611691457933925,0.36562016244485374,8,58.5505143775,2.980007021330062,61.0505624832,0.3313787975980996,0.32619244914820295,0.32225572019752885,0.2666943891289894,0.10423440123029315,0.07861966806726466,False,0.015774582667943668,0.027916732197371754,0.28202032300074703,True
699,N2Zr2,Zr2N2_JVASP_36667,0.4816101458,27.0094851611,36.231146971100706,0.48161025038380934,27.009449894364643,36.23114399819746,1.3414247287486172,31.765712198504147,39.88594710909579,0.4658962458743084,1.6242262309426196,0.41264581615930246,0.32105903208391356,20,58.1505066806,3.74973840624397,63.5506105888,3.1584072080618153,3.343229609089192,3.269604000060348,2.705879172463736,1.9370139994191138,1.931855388990139,False,-0.056869436181654215,-0.034601024234700545,0.0026667292007978125,True
700,Co2V6,V6Co2_JVASP_19769,0.3932223738,27.1106984272,28.651956312655162,0.3932104934287525,27.11070846093145,28.652012245315056,1.0568522134567138,27.90766761825565,29.37388332743781,0.3083964123332452,3.5469608931270957,0.029795324327134866,0.24829370094166836,8,27.2501842089,2.893741968617001,47.1504310728,1.2864142836924362,1.2128853313393588,1.1963012193366631,0.9900423884165488,0.6095681738382337,0.5080070683468868,False,0.058856630612700855,0.07262424354675702,0.18225543318856638,True
702,NZr,Zr1N1_JVASP_36423,0.7498008826,27.1666257487,34.86317352397799,0.7498007861741133,27.166610141418204,34.86316600139102,1.2833093941388976,30.917488465620156,38.42774425799531,0.745750842747783,2.0354515298937232,0.4989396715588521,0.2835824334472722,19,51.9505234357,3.5558310542755662,68.5505707431,12.99395875648754,13.439155386493606,12.867817822776326,10.649228542987304,10.38012782441573,10.545055216953845,False,-0.03368795144296028,0.009755086518408887,-0.015763858080344504,True
703,HCr,Cr1H1_JVASP_18397,0.740671734,27.2238114826,37.357046726992486,0.7406711514666812,27.223811482139006,37.35706811061813,1.372220349642347,30.29638949981321,48.842110525939425,4.338207705390848,20.84425260338346,0.9593642666095562,0.04063573339044378,6,31.9502746475,2.6851925524754217,140.8516898442,13.520934635959495,13.112567475653575,12.54555059455305,10.382524629974938,11.262260797125498,10.236800094317923,False,0.030668078491906312,0.07487312968703057,0.09546830384325324,True
704,C2LaNi,La1Ni1C2_mp_1018048,0.6841721512,27.2626510056,40.29000570346199,0.6841720903223443,27.26259042634796,40.289667361023625,1.4778370921820265,33.12347750896859,49.68197383116741,2.8184690320016372,16.496154681885052,0.8579070430302063,0.01513386304832146,15,39.1498689636,3.522603086094332,167.2508372695,10.816116231349227,10.822887141578791,10.39677654119344,8.604228861677328,8.709743537661165,8.162589948149725,False,-0.0006258061273756662,0.03954145534311498,0.06488083162224137,True
705,MnN,Mn1N1_JVASP_78284,0.6080855682,27.3161640973,43.023854461084724,0.6080857002530429,27.316136317851356,43.023849003816935,1.5750342033437736,35.164772603259465,49.10032687695171,0.660723284936271,1.6582920624091682,0.6278842106696376,0.3098516894561454,11,68.7505745915,3.606941352039853,80.4506636689,7.051158136391216,7.807075453434837,7.5469313549532195,6.245736293754388,5.097851360265878,5.519184358058986,False,-0.10183855393716616,-0.06794915959002172,-0.07941093910099573,True
706,Be2Hf2Si2,Hf2Be2Si2_JVASP_16775,0.1281154271,27.364187974,43.29585891798198,0.1281154739720593,27.364160350776984,43.29585154348497,1.582210124063084,35.08675085769419,50.35152802436988,1.0250384238241763,2.8051622064144066,0.505441126214254,0.15843343588237108,16,85.7507656529,3.554238920485978,89.0508291523,0.0,1.4618845580019718e-23,1.457697612733395e-23,1.206370438124189e-23,0.0,0.0,False,,,,False
707,BeGeSc,Sc1Be1Ge1_JVASP_70233,0.2879572605,27.4234750287,32.84933409543792,0.28795741092641036,27.423469410811286,32.849330650742644,1.197854660861849,29.75391657558615,36.7586724304201,2.2353048386678025,8.243662938251317,0.44736356840219016,0.06769514680975915,14,30.8502534811,3.5880283768537033,77.5507439234,0.14491149340783122,0.10181962037884495,0.1008645228704903,0.08347408789281957,0.03550347450775286,0.012882904995017338,False,0.3529203456540024,0.3623449070679686,1.0137293268133063,True
708,CPbSc3,Sc3Pb1C1_JVASP_17939,0.1581640216,27.5121913172,33.843572034232736,0.1581641286984928,27.512179933996247,33.843566330776746,1.2301303063577644,30.46858414257483,37.42472142526926,1.342360167978651,3.885311282641865,0.1912823854167161,0.14043766378929182,7,27.4501880574,3.809196944268996,65.3506452249,0.0,4.067076589024813e-09,4.051785715996523e-09,3.3532019718591913e-09,0.0,3.119696100161607e-32,False,,,,False
709,TcV,V1Tc1_JVASP_14946,0.2512457236,27.5830385536,29.008874783176267,0.25124573754393903,27.583031229788098,29.008873879108595,1.051692746799368,28.35379454747659,29.593372892111173,-0.3217854277689709,3.2486644028234855,0.02119731938382161,0.43354869538700613,9,27.4501880574,3.1412806861491918,43.0503521796,0.024729735498802273,0.018343534335946057,0.018215985644255174,0.015075298464211177,0.0,0.000680785476485077,False,0.29872922577075584,0.3057068452394092,,False
710,Al2FeNi,Al2Fe1Ni1_JVASP_40424,0.1038513472,27.5889750897,31.27410226201545,0.10385162974798814,27.588960122606775,31.274089985103117,1.1335726263737174,29.47943867344369,32.93990406887413,0.42138325665868426,2.1409922300375124,0.07655669950318002,0.2894207931743963,6,29.1502207692,3.111625293241029,49.1504695573,0.0,0.0,0.0,0.0,0.0,0.0,False,,,,False
711,CaN,Ca1N1_mp_1058549,0.4973435674,27.6596791044,30.804786714895464,0.4973435842220212,27.659671094538464,30.804785621806555,1.1137075895269453,29.347415581851237,32.03725901400532,-0.13598611303220431,1.799284773767603,0.05087104713520846,0.49960567213113943,10,42.4503406342,3.385516768598281,45.1503925883,3.831943411645202,3.8997196053477636,3.8198157045683208,3.1612267899875754,2.3728859662390454,2.3369066749333856,False,-0.017532561802672927,0.0031699161063465852,0.01527880056153112,True
712,Be2PdRh,Be2Pd1Rh1_JVASP_68417,0.1947108419,27.6924258125,37.56093309045051,0.19471072201267245,27.692397797426068,37.56092576799196,1.356362350517843,32.829162201342925,41.280685510449636,0.3555600579923047,1.3890824645694715,0.36482051924682424,0.3834193859850601,13,52.550534981,3.4241804775255784,62.750595195,0.0,7.950303155284917e-05,7.907647774906644e-05,6.544260227508945e-05,0.0,2.6376643888457142e-09,False,,,,False
713,As2Cr6,Cr6As2_JVASP_110513,0.4528489783,27.6976257533,29.673798853672242,0.45285339137493585,27.69761735907588,29.67378026134685,1.071347758063508,28.749148084094685,30.490688266440106,-0.18632118763805738,2.2746805783972674,0.020502781639026975,0.53969731204119,15,32.0502765718,3.149530748054595,43.1503541038,2.6101299777027966,2.599618215813293,2.5550936014660435,2.1145602219029325,1.468995663171098,1.3897091271249524,False,0.004035425807190804,0.021311162371446955,0.055484480772054215,True
714,Be2FeSi,Be2Fe1Si1_JVASP_74805,0.2723077937,27.8120061594,35.650128912301284,0.2723078080404142,27.812003958150193,35.6501312525709,1.2818253336298615,31.626682436074972,39.59082469815422,1.0640975614963972,3.5781833368405005,0.4546135503421398,0.16100283997593443,13,32.2502804202,3.7289139698498954,83.150715623,0.0791482145130013,0.05447674116035176,0.05399271615678275,0.044683627164234,0.0,0.004555802822395161,False,0.37354838492550835,0.3824730763226497,,True
715,AlCo2Sc,Sc1Al1Co2_JVASP_41920,0.0651282714,27.8491037021,31.27812613107601,0.06512830381499621,27.849098642938767,31.278125727456803,1.1231288354600832,29.618445919129975,32.77353161459266,0.23506085956153266,1.7756335125041025,0.06097326816457011,0.36493010492033023,9,25.950295251,3.2795899802883604,49.2504714816,0.0,0.0,0.0,0.0,0.0,0.0,False,,,,False
717,BaO3Ta,Ba1Ta1O3_JVASP_133955,0.2513472353,27.9144483075,41.98233903085677,0.25134715044485656,27.91436727671826,41.98231743960484,1.503968082938417,35.14054533017781,47.62253566483179,0.7411602404817275,2.2942113607169508,0.5007705518252733,0.18333616141153608,10,22.2502240547,5.247465557444979,80.050655972,0.02548173580713945,0.018698170882487136,0.01854470015568597,0.015347338059878044,0.0,0.0006971808629136275,False,0.30953624737692376,0.3177779103438441,,False
718,RuTi,Ti1Ru1_mp_592,0.1035291618,27.91702866,29.843969036074945,0.10352916942092251,27.9170163301327,29.843966999086046,1.0690242340430005,28.96677828224375,30.613223528409854,-0.2659012912465104,2.8506175283133643,0.04383267423202397,0.35444169562663796,5,37.8503881769,3.2486747475942863,47.7504426182,0.0,0.0,0.0,0.0,0.0,0.0,False,,,,False
719,CSc3Sn,Sc3Sn1C1_JVASP_17391,0.160221567,27.9428472457,33.73900268633915,0.1602217169989809,27.942845283138997,33.73900436046859,1.207429093873524,30.521970370492035,37.35547984407259,1.6026369788851993,4.565723077690676,0.20647824816404006,0.12348190361596256,4,23.0502394485,4.1473013853128275,67.4505495766,0.0,1.029745140058364e-08,1.0258247116688242e-08,8.48958382070751e-09,0.0,1.432122337054017e-28,False,,,,False
720,RuV3,V3Ru1_JVASP_41523,0.2469987693,27.9499761594,30.00588064469863,0.2469988682394716,27.949969098650488,30.005879834468182,1.0735568160580529,29.091662831547833,30.75771713557695,-0.6001745690005955,2.7335901584753826,0.034183514663764764,0.641782043799092,11,37.5503824042,3.198487767241088,41.450321392,0.018606528785440446,0.01437968715191775,0.014280549463408305,0.011818385762820667,0.0,0.0004299736388544698,False,0.2576959328208695,0.26461409509858563,,False
721,Fe2V6,V6Fe2_JVASP_91708,0.4246968133,27.9577712414,30.208283799790745,0.42469685372754945,27.95776314425419,30.208282769493746,1.0804971275286763,29.153726890676634,31.168644281665827,0.05213043680245488,2.8738048741267708,0.04984950740872379,0.35165276631027015,6,45.450398361,2.9787550893478194,46.8504253002,1.9540425426675712,1.9147460725207752,1.8846927325501401,1.5597457096966676,1.02558339108456,0.927877094828854,False,0.020315310840785788,0.036135524467228355,0.10011760859700357,True
722,MoP,Mo1P1_mp_219,0.3099501894,28.025628579,32.899209800022554,0.3099501992544593,28.025619862331993,32.89920705048147,1.1738975698696268,30.419072288198993,35.24778797225245,0.6676451398320814,1.972552062491861,0.11002267864816329,0.2904809151321426,9,48.0504483909,3.3222627840736005,55.7504604992,0.24769851694341244,0.2165231020434759,0.21427497566948286,0.17733101434715823,0.06676832438793653,0.04159438124608183,False,0.13451510051975069,0.14495222593094195,0.47326369032662174,True
723,S2Ti2,Ti2S2_JVASP_34349,0.287446313,28.0667547846,32.01764256132234,0.28744642896500827,28.066740359914682,32.01764237078392,1.140768110589428,30.18879611399297,33.55557864033667,-0.027637124910763644,1.7304156891753495,0.07757029088074813,0.4119278163971585,5,41.5503233162,3.3712315652108824,47.9504464666,0.11663846948155021,0.10220369472594494,0.10127572682420669,0.08381439461313657,0.021182292827697503,0.012781772454662488,False,0.13211131741202664,0.1412323806437848,0.5051454596347732,True
724,Al3Ni2,Al3Ni2_JVASP_19613,0.1325715442,28.121622581,31.644382897531752,0.13257157365536215,28.12161294503001,31.644381159593447,1.125269066943261,29.937351444453657,33.22029692780568,0.3610253927397886,2.2336609822503934,0.07081869086881223,0.3384724473597913,22,30.3502438599,3.5022998314868126,49.9504849512,0.0,2.6887171091381328e-19,2.6813072073079995e-19,2.219012861220413e-19,0.0,0.0,False,,,,False
725,B2Rh2,B2Rh2_JVASP_56726,0.1337772618,28.1321355663,39.955562053183534,0.13377723054326507,28.132118713834597,39.95556067790338,1.4202826699381992,33.6452432134229,45.72233636026187,1.060868385491417,2.5426743251197688,0.6240755921082877,0.24741377589720642,12,61.9505798012,3.498936876689193,82.4507021534,0.0,2.191179818214836e-18,2.1845712209988054e-18,1.8079210104817705e-18,0.0,0.0,False,,,,False
726,Ca2N,Ca2N1_mp_2686,0.1121929948,28.1956949849,33.90787996204422,0.11219300524984462,28.19568929523372,33.90787970325895,1.202590911972875,31.153759127517155,36.32220447279458,0.3903843912983949,1.9818879943249146,0.19820961673764914,0.2952025595289034,14,43.5503618007,3.568518973006832,57.7504989837,0.0,3.2806190493199047e-94,3.273420099311711e-94,2.7090373235683126e-94,0.0,0.0,False,,,,False
727,Be2MnTc,Mn1Be2Tc1_JVASP_70620,0.2661632371,28.2135794138,33.92604625019839,0.2661632091375822,28.213567573326937,33.92604350716257,1.2024726550085851,31.10125737971461,36.60063607141941,0.7261410551613388,2.9612682551116887,0.2777425920171511,0.1505362147973039,12,50.4504945723,3.3798437930674057,62.3505874981,0.05613844894314633,0.04152846069552599,0.04118277408619845,0.03408229579547458,0.0,0.0028421010954440525,False,0.30144195010362346,0.3098008779577656,,True
728,CoSi2,Co1Si2_JVASP_14525,0.3574968456,28.2192615125,33.45846930620706,0.3574968391645045,28.21924154772616,33.45846594506536,1.185661417883195,31.044036427864622,35.40936234281183,-0.012944737837853881,1.5373476891031137,0.12360639529799795,0.49370990033168166,4,48.4504560878,3.480405199526831,49.2504714816,0.6869975641308467,0.6859195350763901,0.6769944265933797,0.5602712495945211,0.26054921425217503,0.22645155834213765,False,0.0015704215158135245,0.014667706182694393,0.1402607140276777,True
729,CdO,Cd1O1_mp_1132,0.0234507632,28.357962062,35.62145275781155,0.023450765109707047,28.35794618756989,35.62144958985618,1.2561364407084632,32.39067616742741,38.05820990494705,-0.06450369978683956,1.541925211501602,0.2322656025351398,0.39603762521701485,6,49.3504734058,3.435641172298287,54.2504316358,0.0,0.0,0.0,0.0,0.0,0.0,False,,,,False
730,As2V6,V6As2_JVASP_14642,0.4348340198,28.3796186441,30.254366706958187,0.4348340547160568,28.37960841439159,30.25436554861353,1.0660600071307267,29.45086019737488,30.887476445731068,-0.9483198363171106,3.5846311896753176,0.028618310025045002,0.7793474857300117,15,32.150278496,3.026155489908662,39.6504228129,2.168274019937602,2.190298660089565,2.1551756176255803,1.783593614586687,1.1344551168526178,1.102835430364951,False,-0.010106440449746708,0.00605925521758509,0.028267935109049788,True
731,Co3V,V1Co3_JVASP_36654,0.231160777,28.5090188392,29.718482684539936,0.2311607469181433,28.50901599143268,29.71848250361703,1.0424240006230945,29.159008867529913,30.21291009962978,-0.5023081805206244,3.064267935290887,0.009648162520302856,0.6002325091090079,10,34.9503323743,2.9869779145719275,42.0503329373,0.0,0.004823334531708784,0.004793970502512886,0.003967423864148595,0.0,5.068412990172401e-05,False,,,,False
732,CNb,Nb1C1_JVASP_19889,0.8820254491,28.8851893687,40.72293411580261,0.8820274503644413,28.88518119576896,40.722906601594275,1.409820015515751,34.172962023171486,46.836576450967954,1.1545716979004421,2.470693746316382,0.6833358774806746,0.24054161764901477,9,26.9501784363,2.99509224309958,81.1506771385,19.13365555795915,20.08784022950532,18.9415476562311,15.675763577570565,16.009459336300083,16.59411212083069,False,-0.048665812770528324,0.010091057470199716,-0.03586818486472943,True
733,Al3Sc,Sc1Al3_JVASP_20399,0.2422160086,29.0883738945,31.202921871834373,0.24221609495096752,29.088364892774425,31.202921283784175,1.0726942335467955,30.259214091978322,31.98472423511433,-0.5662956941663321,2.6200981884222188,0.02050773687560438,0.6362519522029226,4,30.6502496326,3.1307430916123806,42.1503348615,0.014289204074395183,0.01099334708653694,0.010919811069600573,0.009037085023117716,0.0,0.00025050158991396737,False,0.26221401279565854,0.2689256234592072,,False
734,Cr6Ge2,Cr6Ge2_JVASP_17794,0.3978037267,29.1691616425,30.960149232090274,0.3978031591420046,29.169143847378272,30.96013352218827,1.061400145447566,30.13715301495078,31.66771259632415,-0.44956225241153736,2.500047305025943,0.014171666238555123,0.6323757144961938,13,33.1502977383,3.0693176165944824,43.250356028,1.4215118923064458,1.3965581329424983,1.3770408984413312,1.139620053882481,0.6593469429622234,0.5993115387300076,False,0.01771028496422065,0.03178409767547666,0.09546830384325304,True
735,BeCo2Ti,Ti1Be1Co2_JVASP_40030,0.0717434371,29.4394277337,34.94005968694243,0.07174338672615946,29.439422526143293,34.94006487688788,1.1868461361923732,32.13464680303459,37.65958198184919,0.8083292617857071,2.5453377322601978,0.2215335757783611,0.19203415533196394,12,57.9505028322,3.591846381595233,62.2505855739,0.0,0.0,0.0,0.0,0.0,0.0,False,,,,False
736,CrFeV2,V2Cr1Fe1_JVASP_79946,0.2527135255,29.5502174207,31.377362629392547,0.2527134550697741,29.55021380444862,31.377362288684317,1.0618319886389664,30.528922121710213,32.126320234123284,-0.2792785299512083,2.6480061621210864,0.024142388598729206,0.41276415485915674,12,38.4503997222,3.260460577080167,47.2504329971,0.028853590443440665,0.021402445935590902,0.021251076078641948,0.017587097444393334,0.0,0.0008516790687565029,False,0.298729225770756,0.3058269042396845,,False
737,H2Y,Y1H2_mp_24650,0.2535877407,29.7629513491,64.78043619806523,0.2535875418957627,29.762901254128,64.7803341393415,2.17654635165504,44.983539949316565,79.9952903678305,1.2601060153912522,2.6302538978418113,0.7663009656713018,0.23369903432869837,11,16.5501143738,3.0263838955359517,142.4517206319,0.03504825030921484,0.022693271145517547,0.022500136346622835,0.01862080249375683,0.0,0.0009400318654054744,False,0.4346572371462503,0.4432043233414272,,False
738,B2Mo2,B2Mo2_JVASP_37096,0.5591189283,29.9122636286,38.38884573970022,0.5591190018114575,29.912260765418374,38.38884464851143,1.2833815855501252,33.53824834399036,43.70763590680022,1.637241828818949,4.314090021498445,0.6995900406758033,0.13543348721210097,19,26.5501707394,3.624237719754107,90.5508580157,6.545858541256189,6.518902021969786,6.341874138836335,5.248447563174898,4.688682785713006,4.346401050178756,False,0.004126605674739013,0.03165823563266438,0.07580352921053178,True
740,BHf,Hf1B1_JVASP_14667,0.4067282994,29.9903181202,44.01697535987679,0.40672834103367017,29.990301848982238,44.01697191987316,1.4677068654234613,37.64298665400685,48.33689814548521,0.06885664922696128,1.073978543171095,0.5177427167728751,0.4822572832271248,6,18.5501528583,4.920800193956355,70.3506053791,1.4623478565796502,1.6332738976405596,1.604808409255447,1.3281173042114045,0.7160644136197111,0.7320032664833548,False,-0.11054326156342792,-0.09296111325298305,-0.022014850290084997,True
741,S2Si2Zr2,Zr2Si2S2_JVASP_15288,0.159920688,29.9929444729,33.124777593215626,0.15992070958458654,29.992937537140698,33.12477826615053,1.1044192728748767,31.665619539476364,34.388976602254125,-0.06959168124590609,2.040443228124995,0.05264197494183783,0.4391432757692837,16,38.9504093434,3.4227031329604425,51.7505195872,0.0,9.711426018710879e-09,9.676150714891073e-09,8.007848867496061e-09,0.0,5.0426819617407695e-29,False,,,,False
742,InNSc3,Sc3In1N1_JVASP_18803,0.1546815087,30.0642923141,35.05017469766164,0.15468149701334138,30.064287377268524,35.05017427192792,1.1658408473845685,32.473688052849724,37.67988614860552,1.003760269828534,3.121465389436964,0.11805835932656165,0.1771424924436628,5,29.2502226934,4.379782972118296,60.7505567105,0.0,7.923611948134964e-10,7.89547493612736e-10,6.534186154036434e-10,0.0,5.834837558919881e-41,False,,,,False
743,B4Ru2,B4Ru2_JVASP_20068,0.4196941734,30.0798243113,44.054119886548634,0.41969412320387756,30.079806746336256,44.0541162921898,1.4645744456970498,36.4284860586225,51.17480922659208,1.223734156294035,2.9486880310736487,0.7561828781267725,0.17023956595803263,22,83.650181016,3.757808101901029,103.650293747,1.9680667316279,1.9420779263693262,1.9065385638021626,1.5778250183190312,1.1079747448363415,0.9217206727375885,False,0.013293210474914054,0.031762378753282854,0.1840468539081576,True
744,C2S2,C2S2_mp_1147643,0.4594090888,30.1317501491,42.040277541668296,0.4594092647918226,30.131724590872487,42.040277731225274,1.3952164471847102,36.246561485556164,47.007502184562156,0.7174323378642438,2.7202948216288103,0.45856799699081996,0.11725172401329717,12,39.7502886801,3.860887758703719,99.4508932148,2.9658012986217983,3.031816966517621,2.968834825303666,2.456966751975448,1.8123200435640525,1.6517015446608034,False,-0.022014850290084886,-0.0010223127021516268,0.09280182076899335,True
745,BeGaMn2,Mn2Be1Ga1_JVASP_73967,0.2271459411,30.1412570321,33.949533619317954,0.2271461892367698,30.141247078450192,33.94952529051268,1.1263477321343236,32.07200521022402,35.78618421674611,0.6617639293159596,3.4890662335257154,0.19137674739712204,0.10964206768241039,19,32.4502842687,3.5862523938390107,63.5506105888,0.0,0.00367385150723092,0.003650775864450393,0.0030213317498899803,0.0,2.733146288656907e-05,False,,,,False
746,CV2,V2C1_JVASP_36214,0.3048167486,30.1716596993,39.74662372322585,0.3048168262652045,30.171624350627958,39.746618409020556,1.3173509635119567,34.642560538355575,45.31801241589244,1.6268205212925917,5.390832255494148,0.4909315991508191,0.097264163954321,12,46.2504137548,4.080607667111771,92.450894576,0.2512412751704134,0.19944459772237283,0.19730869744086468,0.16328995650278458,0.07465288995886082,0.035211680938679636,False,0.23087724097014123,0.2416442387078811,0.7514713642788388,True
747,AlCo2Si2,Al1Co2Si2_JVASP_15840,0.1525683971,30.2359046463,33.765881946407085,0.15256828455223212,30.235887003744825,33.76587477050898,1.1167482788359062,32.049724820443245,35.41665415701164,0.5360853834325566,3.044741418553347,0.08239384081251373,0.21136050218993707,27,35.6503458439,3.6338320127905828,56.0504662719,0.0,2.4640537593666717e-10,2.4556710058193083e-10,2.0322794530918414e-10,0.0,6.089443286452829e-49,False,,,,False
748,H2V,V1H2_JVASP_18416,0.3264922663,30.2935226565,51.33219069758956,0.3264922527750058,30.29351212906701,51.33215960661598,1.694493506989641,36.90734422908485,70.0860062982754,3.3705829463260284,12.801725022853404,0.9342505755242123,0.06574942447578777,7,33.050295814,3.203231905864248,181.651114358,0.528259369873205,0.36934309923838055,0.36467861462469764,0.3018029914135429,0.23189578581428924,0.08932152893505066,False,0.3578613736416529,0.3705709360821757,0.9540455273449401,True
749,BeCaSi,Ca1Be1Si1_JVASP_106123,0.3394200961,30.4784506143,39.690947407761634,0.33941992531572784,30.478434470075523,39.690931399626336,1.302262799573773,34.98176365892271,43.835812837742,0.6858077595223129,1.8062884747029475,0.3895858159561072,0.2676788012873182,13,64.0506202099,3.2846887781423857,68.2505649704,0.5311233195890184,0.5065590399712708,0.5001726267604379,0.41393596697415563,0.19002568411074855,0.14170410124575594,False,0.04735335306065766,0.06004094220219134,0.29341815311713604,True
751,B2Ta2,Ta2B2_JVASP_20079,0.2168261597,30.5944549242,43.75716915262229,0.21682607088838177,30.59444589919917,43.757170845532734,1.4302325000328935,36.816081197974185,49.74194574990955,0.8621823255826807,1.9364338702557315,0.6919878042997781,0.30801071042886186,21,22.1502221305,3.279804873380818,82.9507117745,0.0,0.0014379305531612623,0.0014286749398676917,0.0011823516743732622,0.0,3.5360525912300834e-06,False,,,,False
752,Al2Ru,Al2Ru1_mp_1009834,0.0868364059,30.634818278,36.2832481201022,0.0868364098112488,30.634814796566694,36.283249502936,1.1843795937360242,33.6126604463026,38.534240221664795,0.16481354099485612,1.6778649225484714,0.15618999049704294,0.396338118255231,13,54.5500292374,3.614755470403108,56.4500657977,0.0,0.0,0.0,0.0,0.0,0.0,False,,,,False
753,Hf2O2,Hf2O2_JVASP_118531,0.2433704633,30.7309354812,38.31529005596721,0.2433704266586119,30.730922172190105,38.315287504687795,1.2467991454991594,34.794886426829095,41.09831000856239,0.10320081605529652,1.564169695385516,0.30647750189760187,0.500758358120319,8,61.0505624832,3.4414570021544466,62.5505913466,0.01740789089864296,0.012544461843920052,0.012451964217878116,0.010305073835485335,0.0,0.0003061021711012055,False,0.32764432249764736,0.33504522437164025,,False
754,BeCu,Be1Cu1_JVASP_14498,0.3728379275,31.0443268058,40.61850708848369,0.37283799841255844,31.04432391418414,40.61850830665339,1.3084037010738316,36.11075395582886,44.00066225619805,0.09798746140859915,1.0779337134820963,0.3023134439401354,0.466186973347363,5,55.650458575,2.6362560101501593,59.1505259229,0.9492262360751118,1.001859961789872,0.9872086507790448,0.8170002627136922,0.3936818116469938,0.37068376207720166,False,-0.053966348808160335,-0.039234251680715426,0.060193692582709395,True
755,STi,Ti1S1_JVASP_35689,0.0534490957,31.6253298766,35.67033419694298,0.053449104949779724,31.625308046451213,35.670331603129775,1.127904637347318,33.90219225012781,37.07786646222866,-0.3691314284139155,2.152283918710296,0.08446844514237026,0.5303080953859434,9,48.1504503151,3.461423006762889,49.9504849512,0.0,0.0,0.0,0.0,0.0,0.0,False,,,,False
756,P2V2,V2P2_JVASP_20085,0.2983364445,31.6935964137,36.012839268491454,0.2983364313055975,31.693580284263454,36.01283980457841,1.1362818426184422,34.07549740313354,37.59521826586171,-0.19601322280315103,1.9423022241098995,0.0961844542249829,0.41827013748442116,14,43.250356028,3.589207847913438,53.6504200905,0.1879228308439821,0.16975947844449485,0.16813230942990762,0.1391439802178546,0.040169515955662344,0.026666829392932412,False,0.10164880177818875,0.11128017875414055,0.40968795018008963,True
757,AlCo,Al1Co1_JVASP_11970,0.0643559218,31.7075543332,34.903747452060216,0.06435589009261825,31.7075545129164,34.903751498630875,1.1008023808462577,33.32465201170325,36.3820512143026,0.3380015117465796,1.7230842952003955,0.021264881888975337,0.3734866142320487,12,28.6502111481,2.952633494735843,51.1505080419,0.0,0.0,0.0,0.0,0.0,0.0,False,,,,False
758,BaNbO3,Ba1Nb1O3_JVASP_133932,0.2223345519,31.8942032453,44.49211290115362,0.22233478272570403,31.894141667256022,44.492097163479144,1.3949927741481363,38.7432086275459,49.091525497805826,0.4334841680418611,2.0680132687555086,0.278959533622853,0.2511425198787786,2,31.1502592537,4.50258871040838,78.1507554687,0.0,0.0025470560895847053,0.0025301067102040226,0.0020938814153412598,0.0,1.1820011687163507e-05,False,,,,False
759,BaMoO3,Ba1Mo1O3_JVASP_17473,0.2524986838,32.0306402831,45.4317218016949,0.25249870822011083,32.03061416032439,45.43172022784189,1.4183842994842464,39.23287080759502,50.30090629360398,0.42513830156005167,1.881243240472323,0.31798415671252594,0.2675399476414989,10,76.2507189085,3.8675519358869783,77.5507439234,0.0288418371865729,0.022939061187612155,0.022751868358350188,0.018829132434496708,0.0,0.0009034967175837195,False,0.2289858269384381,0.23717974544565776,,False
760,MoN,Mo1N1_JVASP_16897,1.0795852417,32.1833099836,38.950202177797486,1.0795852087578863,32.183303289261254,38.95020071518757,1.2102611209640577,35.60102525767804,41.943925325427855,0.5075792880061316,1.9221644222645007,0.3019455083835274,0.29545552602256636,20,52.4505330568,3.885226424382874,71.7506323183,30.843675997573584,31.281374675822626,29.10049870418208,24.083171341392063,26.772167168276475,27.01912234227277,False,-0.014091124785488922,0.05817642573138725,-0.009182040858445388,True
761,CV,V1C1_JVASP_19657,0.8368061713,32.4537316354,41.097182496852504,0.8368059887309276,32.45372660769513,41.09717313530685,1.2663314026180976,36.121817596572804,46.585806978051295,1.6383956260937695,4.070947222860509,0.5730602794403793,0.1652861956683157,11,34.350320829,3.2474446311799707,91.550877258,19.97029635513028,20.304595962111456,19.295106734051814,15.968364193698054,16.649624771730867,16.53733361179967,False,-0.016601275162964935,0.034394460665034834,0.006767211816506311,True
762,B2Ni2,Ni2B2_JVASP_17282,0.2507003974,32.4933102038,44.76706794908396,0.2507003844399307,32.493300090406635,44.76706508555379,1.3777321774334297,38.308466050439236,50.74855141389817,1.0311862593054815,2.7743112469560516,0.6671395599194223,0.13558643158268668,20,29.7502323146,3.8209026381444953,99.3508912905,0.034194652595786273,0.020948444067056624,0.02078073440857667,0.017197849165718627,0.0,0.0007569433272306437,False,0.4900049002607001,0.4980429478612101,,False
763,N2Zr2,Zr2N2_JVASP_13861,0.9724564948,32.6352205683,42.593715471772356,0.9724568167064015,32.635213079815706,42.59371662744977,1.3051459637563458,38.097746429547186,45.87958208338058,-0.02705879353876295,1.2456704231986877,0.37844267056400227,0.47827825902908644,13,61.5505721043,3.548679469091172,72.3506438637,26.10402005933699,26.955001159794993,25.246237131998424,20.893437626481454,21.996687549161223,22.80215300646668,False,-0.032079524200784436,0.03341220758912016,-0.03596308553543218,True
764,AlLiSi,Li1Al1Si1_mp_3161,0.0655773274,32.6953216759,37.52951353387491,0.06557731069045658,32.69531825653639,37.52951296990773,1.1478558696214831,35.323681864752395,39.26934165034069,-0.2693882448276817,1.526505972745286,0.054930770966435304,0.600585594855029,5,50.3504926481,2.9114368468516467,52.3505311326,0.0,0.0,0.0,0.0,0.0,0.0,False,,,,False
765,ClOTi,Ti1Cl1O1_JVASP_134576,0.3616569988,33.0354102542,37.99932329429565,0.3616570148086792,33.035406609644426,37.99932391579477,1.1502605178984286,35.599190874965345,40.170548182501534,0.3585516128203462,2.107069616429013,0.07978851604942251,0.3495358953348801,15,33.1502977383,3.562271471635418,60.7505567105,0.9057115728019056,0.8696317285934466,0.8583471090564575,0.7103562281846545,0.3630498512884265,0.2967649743562541,False,0.04065108147795297,0.05371232935524521,0.20159966280851185,True
766,InN,In1N1_mp_20812,0.0395426786,33.1002310353,35.87539347028406,0.03954267010746279,33.10023009322769,35.875393806461084,1.0838412212065316,34.42402252765896,37.522026924351294,1.4530428350609745,5.903170075246884,0.05037399924206135,0.08956720178228739,2,30.2502419357,3.2234782522858056,66.4505303343,0.0,0.0,0.0,0.0,0.0,0.0,False,,,,False
767,OTi2,Ti2O1_JVASP_311,0.2835963483,33.8238164048,38.33050833378029,0.2835963649467862,33.823810667513406,38.330507775633635,1.1332403717730348,36.089246771885605,40.46791100494272,0.5617482097000412,2.2482190167111225,0.08379502377154632,0.22953060245294118,4,57.3504912868,3.995716978716127,65.4506471491,0.13229771188793887,0.10624280519419621,0.1053020971735327,0.08714656317809603,0.024670939022082852,0.012122380786282552,False,0.2193276864032297,0.22822144097610264,0.7105725972738046,True
768,BeNi,Be1Ni1_JVASP_19602,0.1555815029,34.0657245649,41.970336223830756,0.15558150263781229,34.065722314146456,41.97033643331142,1.2320401148776585,37.94279922211476,45.54841152936222,0.5605626785361808,1.4557201382501563,0.07703105726421573,0.3454802446999492,6,63.1506028919,3.094449242365349,63.7506144373,0.0,1.4353379141607627e-09,1.4300741421545011e-09,1.1835096348864838e-09,0.0,3.150079951123008e-38,False,,,,False
769,N2Nb2,Nb2N2_JVASP_15025,0.2092751016,34.1053560401,42.58619776944638,0.20927480057798856,34.10533541812018,42.586198711081366,1.2486667610503928,38.26705719056429,46.58542342166483,0.7619207577073801,2.1563883188338555,0.36680106013673014,0.26703631695276286,23,67.9505591977,3.649466885291285,82.0506944565,0.0,0.000706408545334792,0.0007022852444922822,0.0005812015816487853,0.0,5.86802781874112e-07,False,,,,False
770,BZr,Zr1B1_JVASP_14727,0.4394435195,34.2275570895,42.813464301697195,0.4394435182610418,34.22755101728907,42.813465087852094,1.250848039528919,38.85189180821409,45.821345626507544,-0.02541974686030324,1.1772317613803804,0.23109374865566207,0.49689102634161736,7,25.2502817815,4.45055230956536,65.5506490733,2.648233328141411,2.788877237921222,2.7373824610041777,2.2654199677275955,1.4399562055180257,1.4266121919428765,False,-0.05174634210507942,-0.03310940855143346,0.009310163311737108,True
771,B2Nb,Nb1B2_JVASP_14726,0.6442618402,34.2593093679,47.745037365459254,0.6442620004328496,34.259303908501735,47.745033515177546,1.3936369998261762,40.50754875361732,54.41995040788238,1.058030642804692,2.6875509777989133,0.6693800637502704,0.1651923978929994,16,28.3502053754,3.450522759501027,100.6509163055,11.037175097726877,11.565359947630089,11.159010962602284,9.235043555257063,8.362600530304238,8.4608473694175,False,-0.04674528979813462,-0.010978200325854115,-0.011679883528814229,True
772,FeSi2,Fe1Si2_JVASP_17812,0.158929062,34.5021929299,38.660433780228075,0.15892906552755032,34.50218675264906,38.660432250378285,1.1205212158736564,36.64724574329402,40.552873950104654,0.43098910502482213,2.889788883567952,0.15238820604646078,0.1769967791835066,19,43.8503675734,3.9662388584015007,69.0505803642,0.0,7.222069864911857e-09,7.195870274705742e-09,5.955202985963372e-09,0.0,1.125664496600983e-30,False,,,,False
773,C2CoY,Y1Co1C2_JVASP_15345,0.2681852738,34.6113447549,48.39044134765874,0.26818529873256036,34.6113393560316,48.3904597798829,1.3981100032596705,40.85975012935384,56.996705792780965,1.9832143647058424,9.037619135965404,0.7248663357844904,0.01910401396429312,22,72.2503698253,4.130984147008576,161.6507295128,0.09823549768829748,0.056126739926247234,0.0556251720378451,0.04603462513476836,0.0,0.004114281592067019,False,0.5597552871335286,0.5687318003317052,,True
774,B2P2Sr,Sr1B2P2_JVASP_137824,0.5426663318,34.7849176089,42.89336875838852,0.5426664821947115,34.78490308538487,42.89336591996662,1.2331029301613488,39.07392475850015,46.12559290068197,0.32132730046271696,2.034007770325047,0.2855301846738846,0.30992427131010447,14,55.9504643477,3.964884290398784,78.5507631657,6.624544599307136,6.830815722268082,6.657783690581096,5.509889950825735,4.4987053238119366,4.44572510972057,False,-0.030662468918942774,-0.005005020194609674,0.011846664603747859,True
775,Be2GeTi,Ti1Be2Ge1_JVASP_69674,0.2387998516,35.1682669032,40.63699137085077,0.23879975114983137,35.168257724669196,40.636988560752556,1.1555018982998198,38.152431152093,42.68382368496696,-0.06380222848104178,2.1078774692503286,0.16986856059753588,0.26569305528796,13,42.1503348615,3.651217805388918,67.5505515008,0.015772628174643012,0.010521935668296057,0.010449456248634763,0.008647825860939115,0.0,0.00019330176841278885,False,0.4048138544218443,0.41172610025959044,,False
776,BaO3V,Ba1V1O3_JVASP_119956,0.2034728551,36.0082344487,43.37008002737025,0.20347285747090546,36.00821841794667,43.37007704006828,1.2044493992086103,40.19178211819526,45.82173832061546,-0.17076795623936647,2.2579560014994966,0.2043308943502798,0.3114675921088921,9,37.9503901011,3.686426796408708,73.9506746513,0.0,0.00036441962593532494,0.00036241491060409005,0.0002999295811895918,0.0,1.0467857697964896e-07,False,,,,False
777,B2Nb2,Nb2B2_JVASP_14967,0.2103695869,36.504878815,45.050863777030955,0.21036964218096688,36.5048774869315,45.05086909900032,1.234105473032425,40.541055390825264,49.40444784527724,0.9239443392747394,2.2509409830043965,0.2312646971079854,0.2849321824756288,16,29.7502323146,3.412972031153986,82.4507021534,0.0,0.0008577454155438791,0.0008527227606365583,0.0007057015950095655,0.0,8.494843203134834e-07,False,,,,False
778,Be2MnP,Mn1Be2P1_JVASP_74830,0.269563837,36.6124423116,42.361588432739396,0.2695637883769194,36.6124369388249,42.361587444517404,1.1570272559376111,39.52582648371275,44.996605924908714,0.5138469514995773,2.344279618290849,0.16999798350091574,0.2633475260274458,18,38.1503939495,3.817063727388039,73.7506708028,0.0831196856024016,0.06327043899413434,0.06274506216733594,0.05192694800055388,0.0,0.004853438748399046,False,0.2728633427700761,0.2812016799743095,,True
779,AlLi2N2,Li2Al1N2_JVASP_120278,0.3949979198,36.8577276421,43.44500212602596,0.3949981726659897,36.857730016657236,43.44501957456994,1.1787220633211999,40.20428619048444,46.50184673990419,0.6440638716930547,2.756451421352187,0.21881190862647093,0.17806666977548752,23,47.1504310728,4.020339400307652,81.2506790627,1.766892185079867,1.6957610930862435,1.670141792083951,1.3821863106901664,0.867687839817852,0.7169125968595514,False,0.041090513153400156,0.056313647411259396,0.19087808643426885,True
780,NTi,Ti1N1_mp_492,0.6160170135,36.936835727,44.29938236062666,0.6160167613377654,36.93684202130588,44.29939125145158,1.1993280645351014,40.40751498802611,48.08572499996013,0.8764571523607547,2.0445075464422597,0.08605837459369131,0.2661964827726895,8,68.6505726673,3.054776499584876,74.9506938935,10.661599743238506,10.930629050152193,10.601182855296807,8.77339270783184,7.798831822417126,7.79585793862096,False,-0.024920375953234795,0.005682892185903322,0.0003813969854847829,True
781,B2Hf,Hf1B2_JVASP_20272,0.1403338384,37.324219575,55.28250300680768,0.1403338452125028,37.32421255122848,55.28250246084115,1.4811431690612211,46.48431987246295,62.03270068345585,0.5002060738535568,1.6155526160543485,0.561520020744199,0.3099661505625193,19,21.5502105851,3.454680888037057,103.9509798049,0.0,1.8918168764363327e-14,1.8856218448348086e-14,1.5605146302081175e-14,0.0,0.0,False,,,,False
782,Li2N,Li2N1_mp_1062345,0.3979866537,37.5301861461,43.095998185736455,0.39798669817074994,37.530169835359004,43.09599428997744,1.1483026716648268,40.585336085720634,45.17355102043674,-0.08140169828284494,2.14230821323164,0.13014551118969347,0.3859581137831652,17,60.1505451651,3.9173071769253545,69.6505919096,1.8220368859858482,1.8035162796593902,1.776463736664608,1.470176885515538,0.871971297131052,0.7745288208181053,False,0.010216795387016184,0.02533031993828188,0.11850163590830987,True
783,BBeZr,Zr1Be1B1_JVASP_111325,0.3985301234,37.6043424141,48.037256121515725,0.3985298554075129,37.60434825624998,48.03726872056526,1.2774392044563967,42.933274282548794,52.40089500135048,0.49418353010175675,2.0229651425092525,0.4627633447879701,0.25971532226162375,19,84.9507502591,3.6983472535207067,87.9508079858,1.8227561211302836,1.8232290656816232,1.7939755587048813,1.4846694278936952,0.9021860690202973,0.7850241807203447,False,-0.0002594330639098009,0.015915568249506646,0.1391062629603085,True
784,B6Sr,Sr1B6_JVASP_14873,0.1869684776,37.9548252486,69.37661512389748,0.18696850737046228,37.95477676210482,69.3765962268947,1.8278752279782176,54.163481922023195,80.96548096536972,0.8158555189270151,2.4826556432328344,0.5352263687872711,0.10845112994705848,5,95.3508143215,3.6758174009571145,152.1512269966,0.0,2.8478510895239624e-05,2.8329013667522456e-05,2.3444700966225478e-05,0.0,5.90581073651465e-11,False,,,,False
785,O2Ti2,Ti2O2_JVASP_49767,0.1147955464,37.9823769255,42.19375589936739,0.11479556708344278,37.982371570595696,42.19375542743397,1.1108773276310777,40.14135269923293,44.11458129865834,0.37351138422562624,2.2016497572777953,0.06215689446206895,0.286853083419771,21,55.2504508781,3.7231989985485017,71.5506284698,0.0,9.751065026555847e-64,9.729629561001762e-64,8.052107222898009e-64,0.0,0.0,False,,,,False
787,MgN2Sn,Mg1Sn1N2_JVASP_114347,0.1370385278,38.1213696216,42.86456355629671,0.13703852527249427,38.12136177805653,42.86456272911142,1.1244237018254992,40.64142237267731,44.865565097344174,0.21648497518881094,2.6973441369975473,0.1673131710282857,0.1907391823493279,11,33.1502977383,3.860226898655638,80.7506694416,0.0,3.7562974395980614e-16,3.745411772427886e-16,3.0996511220092846e-16,0.0,0.0,False,,,,False
788,B2MoTi,Ti1B2Mo1_JVASP_103410,0.1924282649,38.6150556481,51.93030698830694,0.1924282801547288,38.61503545868367,51.930302283502684,1.3448207846155091,45.65983453915853,56.75516298075288,0.2511344302443437,1.3088611753801715,0.3769235504565276,0.4002006106598844,12,75.9507131358,3.679514733212242,87.4507983647,0.0,7.65369746240822e-05,7.613481012808238e-05,6.300811872668887e-05,0.0,1.2450141682904137e-09,False,,,,False
789,BTc,Tc1B1_JVASP_36025,0.3134467622,38.7296408526,47.872955113945075,0.31344697319305964,38.72961371309637,47.87292648412557,1.2360806601057681,43.23346868388991,52.044434450777786,0.6141875225069413,1.7603985588696163,0.36956951412872024,0.3595367598829432,8,32.4502842687,3.461904586416618,88.6508214554,0.38031558337057003,0.3315203382694485,0.32791518439819817,0.27137808363988813,0.11120376542645916,0.06719141808331269,False,0.1373122306250942,0.14824639982107368,0.5038187107116218,True
790,HLi2,Li2H1_JVASP_116261,0.4069561995,38.8083649065,56.8049420775103,0.4069562455718316,38.8083431375435,56.80493687416792,1.463730019930028,47.75409786003202,64.44861022258861,0.7975475729062529,2.1474127870808815,0.5703922359955229,0.27599747746651837,7,86.6506469139,4.090940756245697,117.750837177,2.0653742405178908,2.1200777856775073,2.0831219848573435,1.7239630219509046,1.0812336945103174,0.9512011732791216,False,-0.026141339100343212,-0.008556282397821864,0.12813239906231463,True
791,O4Os2,Os2O4_JVASP_19936,0.4847892115,39.2927206484,52.99273452008398,0.4847895326060361,39.292700570605774,52.99273602975958,1.3486661710751073,47.03635958741715,57.35987159296364,0.040182463396333246,1.622200945015439,0.36093761277024866,0.3839554637582713,11,67.2505457281,4.0831360139523305,92.2508907275,4.640010946008419,5.000703141929777,4.889189915881479,4.046226137281224,2.8317007051011496,2.911626487119082,False,-0.07486180564389125,-0.05230990310056899,-0.027834368301909957,True
792,CH2Y2,Y2H2C1_JVASP_85705,0.3994100058,39.8449272845,59.76107392256267,0.3994099788402986,39.844917147871655,59.76107138451516,1.4998417781302211,49.78669371202348,68.30121388444896,0.8865330557812794,2.5527508790880673,0.60592754616978,0.23397193150736711,16,38.350397798,4.6078519461942955,132.351254171,1.9207592396616695,1.9583813421669831,1.9250329405530497,1.5931307094232134,0.9913054000948115,0.8468512116354504,False,-0.019397741011976014,-0.002222534370206217,0.15749764642018094,True
793,B2Y,Y1B2_JVASP_7807,0.3953265141,39.973000703,50.460465398073765,0.395326867803511,39.97300722087426,50.46047378785289,1.262363712317896,45.577082230192296,54.22196912763939,0.06029680636854384,1.3752687775175252,0.45492515897494,0.44906860629241097,16,66.2505264859,4.013731727736086,83.2507175472,1.8038833014429763,1.8492279879767697,1.8200994945867146,1.5062892368993501,0.8577751940452812,0.783060846605351,False,-0.024826517429247838,-0.008949436180651643,0.09113165099774156,True
794,B6Ca,Ca1B6_JVASP_19870,0.2223665962,40.432481474,66.66749356032068,0.2223663420905056,40.43241484481902,66.66735864323208,1.648859186350943,52.66988500783788,79.06103456483598,1.2322554837832203,3.440352535556587,0.6677214823466602,0.08460855598878557,1,97.1508489576,3.9703780756997715,159.4520477502,0.0,0.003238921793289568,0.003216717712507949,0.002662111210351406,0.0,1.5080212534755501e-05,False,,,,False
795,BCuN2,Cu1B1N2_JVASP_113986,0.1973279516,40.7480087988,59.40639521384124,0.19732829118428907,40.74797336300097,59.406354949072025,1.4578971675438661,50.32612938495681,66.84328677602883,0.660095441550741,2.2876356954468093,0.4522611109921564,0.18773947959146578,20,115.1510592612,4.0884996626673065,117.8511112153,0.0,0.00017487782353221767,0.00017390304312266382,0.0001439197598256528,0.0,1.2057237973256326e-08,False,,,,False
796,CSc,Sc1C1_JVASP_15844,0.5734145205,41.4960223103,44.69647609839169,0.5734145075199009,41.49601806676416,44.69647490111574,1.0771268421274127,43.27978574621155,45.83799649291583,-0.6758551507233053,2.5329852771333337,0.030436404873896136,0.6730000168222332,7,30.4502457842,3.3688570660286765,60.3505490136,9.620046075059648,9.799327596485835,9.559529261791974,7.911334561483012,6.600590410406175,6.664555335116076,False,-0.018464716545702267,0.006310568720752604,-0.009644133839774357,True
797,B4NbZr,Zr1Nb1B4_JVASP_106681,0.31961457,41.8525876545,54.48931939367292,0.3196146519462371,41.85258126482114,54.48931579806014,1.3019344124387546,48.144018250918414,59.954534254486134,0.5932351105854704,1.8723676126488975,0.5295245753381452,0.2702758492683325,22,95.0508085488,5.3033610388304275,100.0509047601,0.4688120891294615,0.4256472399377738,0.42076167656713975,0.34821655991763295,0.1454355597410225,0.09418990476705322,False,0.09659109736029253,0.10813544084310985,0.4344200923682531,True
798,HLiPd,Li1H1Pd1_mp_1018133,0.2489784211,41.8739820464,66.21843548327308,0.24897846143590657,41.873937095225905,66.21842904023141,1.5813757586167136,55.96505946422288,73.1907212819104,0.1454306218558803,1.5879851130010572,0.4132316912472171,0.30552740380012916,10,109.6509534288,4.933030412598418,121.3510425061,0.029055795089008202,0.024357866697621283,0.02415925421288306,0.01999386555548943,0.0,0.0008075216915146302,False,0.17636308509834206,0.18455044619783048,,False
799,H2Sc,Sc1H2_mp_24237,0.229091594,42.0049599434,75.10562498632775,0.2290930272950546,42.00528562922133,75.10626533602758,1.7880193935350666,56.823721702830696,89.89278588371039,1.112096934058519,2.294449015996046,0.7441083391624084,0.25589166083759185,9,142.8517283288,3.4163143793706006,152.8519207513,0.011801861090719065,0.006024851091546721,0.00598127490736685,0.0049500206129932545,0.0,5.324865717963482e-05,False,0.6723644746123454,0.6796234981361426,,False
800,Fe2O4,Fe2O4_JVASP_10934,0.4788014851,42.6569967498,51.004414523573345,0.47880141094908785,42.65698988170098,51.00441233573188,1.195687095530662,46.94075299288586,54.68031954397997,0.5050511375819506,2.3070808251177515,0.27495355625547885,0.216730571404678,33,66.2506625429,4.1401825851584455,99.3508912905,5.148487522507848,5.1432293991901945,5.037859948847942,4.1692634059431235,3.201387874110124,2.952396545567751,False,0.0010218166347098847,0.021721608006150195,0.08096719756882026,True
801,B2V,V1B2_mp_1491,0.3302356361,43.2928969583,52.97427545734062,0.33023563625707014,43.292894418757456,52.97427450244684,1.2236251517407148,47.615838577444975,58.85880986963766,1.5146917379005689,4.620365359368798,0.6740974206442951,0.08851148929326394,17,39.1504131918,4.667885378708078,119.5510078701,0.697305611039559,0.578983903572686,0.5721938594448371,0.4735397457474514,0.25650079971804457,0.14647482146249494,False,0.18594910420911842,0.19774593192868253,0.5602782358790388,True
802,NSc,Sc1N1_JVASP_15086,0.1713420641,43.4647125181,46.12225758097385,0.1713420532481217,43.464711366561374,46.12225656527945,1.0611425939610082,44.84653572765701,47.303480072682994,0.03029109220587134,3.2518100468428774,0.023076685170017187,0.14837816130762232,3,48.6504599362,3.23457878982402,79.7506501993,0.0,8.167505511360638e-07,8.135397125128585e-07,6.732742448382277e-07,0.0,2.5644036986245574e-17,False,,,,False
803,CW,W1C1_mp_1894,0.1275144146,43.518111483,58.406813359948856,0.12751439974693923,43.51810457530957,58.40681553176336,1.342126825185788,51.575541668217454,63.347853720399726,0.03738188706576895,1.139626823897553,0.4735185858481191,0.4929018694869588,17,76.2507189085,3.6514651194071184,93.0507700643,0.0,4.507403869278698e-24,4.494943312570983e-24,3.719953086265641e-24,0.0,0.0,False,,,,False
804,C2B2Ca2,Ca2B2C2_JVASP_99516,0.3779481641,43.6120857673,55.00440074276785,0.37794823160168234,43.612080305516244,55.00439709089992,1.2612192930393813,49.187505653767445,60.332049974978794,0.7484659294740247,2.3856585769348393,0.5432887801902011,0.15595588429954368,16,28.8502149965,4.184054349831685,112.4510073071,1.6217592662373277,1.5351583099407722,1.51261580056524,1.2518199728815778,0.7592871477379668,0.5874858917150375,False,0.054878017588883894,0.06967105647275784,0.25652779798676884,True
806,B2V2,V2B2_JVASP_16228,0.1699541831,43.876464562,50.80753943451208,0.16995407271619267,43.87647053520871,50.80755634431361,1.1579681711987988,47.08907031513782,54.82799294592825,1.292846785130045,3.771365185524251,0.1534930208383125,0.2135263851761067,20,40.150296377,3.6955805785423106,101.8509393962,0.0,5.443566242229105e-07,5.421300306620461e-07,4.486593357203141e-07,0.0,3.184576214303939e-18,False,,,,False
807,O4Rh2,Rh2O4_JVASP_18950,0.1808070621,44.1934856168,56.87950313173894,0.18080707376186447,44.19347611519071,56.87950293921503,1.2870565508573724,50.952185942433424,61.62746191215575,0.2525404718893991,1.5549350958333905,0.2656866839819539,0.40190640275452927,18,91.2508714853,4.209203206826592,92.8507662159,0.0,9.326684979758429e-06,9.282820424231815e-06,7.682334144191847e-06,0.0,8.194841353020177e-13,False,,,,False
808,C2TiZr,Zr1Ti1C2_JVASP_103383,0.1985673198,44.4622761171,52.72628556681382,0.19856732898344448,44.462273317075,52.72628671991332,1.1858657415896154,49.00942860111891,55.594373779262455,-0.202137690100961,1.5255418679022377,0.19984020814806897,0.5349212807413168,14,60.2505470894,3.7414974589600973,85.1507541075,0.0,0.00022888921348826255,0.0002276855817773432,0.0001884294469881461,0.0,2.169179990859832e-08,False,,,,False
809,B4HfTi,Hf1Ti1B4_JVASP_109736,0.1271271563,46.0689761961,60.75115816214124,0.12712711350978062,46.0689691463967,60.75116008186483,1.318700227235636,53.69734282239392,66.64705480945825,0.48628538827066276,1.9665733933303342,0.31352236050672405,0.24877672892480573,15,104.850997123,4.239297551232956,108.5509322623,0.0,1.575814995924578e-24,1.5714985049432763e-24,1.300550486849608e-24,0.0,0.0,False,,,,False
810,Ir2O4,Ir2O4_JVASP_15030,0.1590465724,47.4339637807,63.04873381922194,0.15904661916854207,47.4339382782165,63.04872378502727,1.3291901552686736,56.29361992365749,67.84648009782833,-0.09752773006060422,1.427693374145183,0.27842689770428464,0.4983055525574317,10,80.7506694416,4.458970545337628,96.8508431849,0.0,1.0467689722244144e-08,1.0426968892938893e-08,8.629215635535634e-09,0.0,2.527851155433483e-30,False,,,,False
811,HNi,Ni1H1_mp_24719,0.1960266589,47.7403902197,71.08063407978435,0.19602665657109647,47.740381516873946,71.08063345140353,1.4888995687284132,60.98808647832213,77.6092520765607,-0.06713783012366115,1.2127666146755454,0.4598830553758624,0.5102771666649336,11,105.1510028956,3.8837324291173587,121.8510521273,0.0,0.00016826575645122153,0.0001673338003797174,0.00013848314514183506,0.0,8.149870427595683e-09,False,,,,False
812,CMo,Mo1C1_mp_2305,0.200546656,48.0470515925,57.34365090372517,0.20054674332965491,48.04704533731908,57.34364862935956,1.1934895939338779,53.02778204091386,60.79687669311935,-0.016280297267188715,1.3207194817441827,0.1306582176880617,0.4878465753794495,13,37.1503747073,3.622724354297877,89.7508426219,0.0,0.0003276761936936072,0.000325921075834818,0.0002697277868977804,0.0,4.9913830326884816e-08,False,,,,False
813,B6Mo2,B6Mo2_JVASP_90839,0.2239425588,49.9966207697,66.58097484363608,0.2239425565807919,49.996615923081094,66.58097575626522,1.3317096472829055,58.40258677470959,73.5549178415744,0.601648007816521,2.042930810582436,0.4383455772123797,0.23739500667600977,15,55.8493739671,4.473594558531461,121.2499521256,0.0,0.0046169571431432365,0.004586300566260036,0.0037955590893186506,0.0,2.5280163476031728e-05,False,,,,False
814,NV,V1N1_JVASP_35688,0.0699892858,50.5211387282,57.97186559800107,0.06998928477702832,50.52112706157591,57.97186119485036,1.1474775913885171,54.60760413341212,60.74368401553615,-0.1024130766607434,1.8538428311740125,0.09467937781425716,0.40406489184551037,12,72.1506400152,3.930167251665411,85.4507598802,0.0,0.0,0.0,0.0,0.0,0.0,False,,,,False
815,AlB2,Al1B2_mp_944,0.445724,51.8381281485,63.37517931368557,0.4457239383835676,51.83812375705887,63.37518283220316,1.2225593489689772,57.515484477880534,69.15160597462305,0.9646366629569176,3.16891289786915,0.3221146841843943,0.1727482925566474,9,58.4505124533,4.175431023209804,123.8510906118,4.574379129884399,4.5229630008011945,4.438732132660533,3.673433489098372,2.655152187005757,2.363051913136185,False,0.011303669975102721,0.03010220024500471,0.11654800682909319,True
816,B2Ti,Ti1B2_JVASP_20096,0.1178806179,52.926302359,63.39138618064682,0.11788062462888149,52.92630327730121,63.39138783046176,1.197729369049827,57.91379035693838,68.81467005094652,0.9447401222332789,2.698534507392202,0.1749891247538127,0.1820708676469435,12,111.550989989,3.6763618942620173,114.65104964,0.0,8.936871645765529e-46,8.91574062800983e-46,7.378543968008135e-46,0.0,0.0,False,,,,False
817,B2Sc,Sc1B2_JVASP_1378,0.2944716067,54.4222140156,61.68271742941778,0.2944716011962876,54.422213246582075,61.682717915601586,1.1334106835406128,58.176369560927455,64.81517007366944,0.23708509116524945,2.0381227515762665,0.08921152405700271,0.32765100833236155,15,38.0503920253,3.8045729922423126,100.2509086086,0.2997597453844354,0.25548892828271286,0.2530925765517329,0.20945592542212377,0.06422940007307654,0.03719547896215489,False,0.159802229913626,0.16922596806589194,0.5462738303166461,True
818,C2B2Sc2,Sc2B2C2_JVASP_102813,0.1638818465,54.7207134048,63.78028637485645,0.1638818477230063,54.720712017115524,63.78028616887612,1.165560238853013,59.19635702114502,68.23102866927307,0.7547361830501566,2.807555954548377,0.24786531851374494,0.1648058783605127,15,61.1505644074,4.173618122003967,117.4511035184,0.0,8.70623439044155e-08,8.672451082203761e-08,7.177200895616904e-08,0.0,1.9788518469551914e-23,False,,,,False
819,C2Li2,Li2C2_JVASP_139314,0.6393144241,55.4879706975,66.50141940094737,0.6393142410219768,55.487951507560126,66.50137639078224,1.198483176689656,60.39246738943556,73.61810098309613,1.7731966750728971,5.7944839706136495,0.3833127058094545,0.1292233450732487,24,54.2501595217,4.126112187222503,151.8505409387,18.372634282281158,18.276976886770868,17.694599058605693,14.64380611746678,14.018275779795239,13.321661202451471,False,0.0052201161037079965,0.037602835183980415,0.050970518912479224,True
820,Be2,Be_mp_87,0.3753613756,58.7151675772,61.6582439362783,0.3753597407795584,58.71508596160963,61.65815242976238,1.0501245364790412,60.314969132309095,62.855787471515114,-0.34829644089564804,3.459555726504555,0.02124500048210944,0.4460533408232958,5,57.9505028322,3.6360342653287088,87.2507945163,2.049549485800643,1.9746736316936087,1.9496514107226872,1.6135046157704998,0.8555929539517924,0.7433567078546575,False,0.03721687105235984,0.04996941311124866,0.14061872112534593,True
821,BBe2,Be2B1_JVASP_19711,0.5051809888,60.8431028397,64.71778564667521,0.5051809515390259,60.84310220590861,64.71778646224178,1.0636832133118435,62.91473170058525,66.34655647944295,-0.12026929458554791,2.8635300813524625,0.021449686586550495,0.5770371377494782,8,60.7505567105,3.658118241734233,89.0508291523,9.048308984197085,9.119976278253798,8.937636115890776,7.396664371771676,5.648418804139361,5.556260972157921,False,-0.007889315336384917,0.012306750023638438,0.01645025329672259,True
822,B2Mg,Mg1B2_JVASP_19821,0.6234594845,65.4483771438,70.34308154759927,0.6234593794997607,65.44837405452587,70.34307973820746,1.0747872770621276,68.21244824858798,72.04666361259873,-0.754159430917295,3.0132297772960195,0.054143619429553334,0.6286573519606162,4,77.2507381507,3.8652954572794114,102.65095479,19.800172705471866,19.999446980346224,19.44716221047105,16.0942032086657,14.387086969130529,14.37633805914368,False,-0.01001396202797886,0.017989502516539434,0.0007474012901211164,True
823,B6K,K1B6_JVASP_20067,0.6015799264,68.601287938,78.98884620976243,0.6015798249462643,68.60128217162703,78.98884230716284,1.151419329299825,73.97498419007353,83.75619926851556,0.5905137588592806,3.048723364232773,0.19273165947662735,0.14684015819486618,16,72.7506515606,4.675376684605624,150.3511923605,18.793172791709125,18.884517887079678,18.353416009158884,15.189033938614246,13.6870136763273,13.271273850653003,False,-0.004848772453386932,0.02367793879152831,0.03084563793779591,True
