target,key,donor_r,status,Tc,moment_err
AsIn,0,1.2495659770880998,ok,14.421552004340832,1.063904520037795e-10
AsIn,1,2.2706842351618963,ok,14.417883590959853,6.068701097206031e-12
AsIn,2,1.7162466041892894,ok,14.383645066070727,3.903803724725208e-09
AsIn,3,1.2264104119995611,ok,14.350629345641927,7.713829575095588e-13
AsIn,4,2.7885031630110895,ok,14.393427501753337,8.526468420200217e-11
AsIn,7,1.9197329454372796,ok,14.12930173832293,4.440892098500626e-16
AsIn,8,1.2087205694286438,ok,14.40076432851529,4.572561218552096e-09
AsIn,9,1.5422059283046299,ok,14.4435624846267,8.004708007547379e-13
AsIn,10,1.2488199371162336,ok,14.272369860181065,9.992007221626409e-16
AsIn,11,1.6041167302560164,ok,14.236908530831617,1.7541523789077473e-13
AsIn,12,1.7261148456153768,ok,14.448453702468004,2.0706532044556525e-09
AsIn,13,1.790288721762513,ok,14.31027679845117,1.3068834903151583e-10
AlLa3,0,1.2495659770880998,ok,10.668827754130508,3.994582442601313e-13
AlLa3,1,2.2706842351618963,ok,10.657985296464023,1.482147737874584e-12
AlLa3,2,1.7162466041892894,ok,10.63268622857556,1.0961047625102083e-09
AlLa3,3,1.2264104119995611,ok,10.611001313242593,7.993605777301127e-15
AlLa3,4,2.7885031630110895,ok,10.638107457408802,1.3280265775961198e-11
AlLa3,7,1.9197329454372796,ok,10.458303367772942,7.283063041541027e-14
AlLa3,8,1.2087205694286438,ok,10.650756991353035,2.150464251116091e-10
AlLa3,9,1.5422059283046299,ok,10.676056059241496,9.348077867343818e-14
AlLa3,10,1.2488199371162336,ok,10.552271334215803,8.150913277660266e-10
AlLa3,11,1.6041167302560164,ok,10.529682880743962,1.9095836023552692e-14
AlLa3,12,1.7261148456153768,ok,10.678766673658117,6.104494687519946e-10
AlLa3,13,1.790288721762513,ok,10.589316397909624,3.307065732371939e-11
BiPb,0,1.2495659770880998,ok,9.697500895865904,1.2215384703750942e-08
BiPb,1,2.2706842351618963,ok,9.657384033895362,3.574918139293004e-14
BiPb,2,1.7162466041892894,ok,9.612354903112095,7.23225923593418e-11
BiPb,3,1.2264104119995611,ok,9.59925551961151,1.362003843041748e-10
BiPb,4,2.7885031630110895,ok,9.6000742310803,1.8696155734687636e-13
BiPb,7,1.9197329454372796,ok,9.28568902706624,1.3322676295501878e-15
BiPb,8,1.2087205694286438,ok,9.697500895865904,9.949818746690653e-13
BiPb,9,1.5422059283046299,ok,9.666389860052012,2.220446049250313e-16
BiPb,10,1.2488199371162336,ok,9.451068743761137,7.44737604918555e-13
BiPb,11,1.6041167302560164,ok,9.470717819012016,8.881784197001252e-16
BiPb,12,1.7261148456153768,ok,9.704869299084983,3.641553725231006e-11
BiPb,13,1.790288721762513,ok,9.393758940946075,1.6444623440747819e-12
ScSe,0,1.2495659770880998,ok,8.717858772727649,2.274846977456946e-13
ScSe,1,2.2706842351618963,ok,8.714312284651413,9.5723429183181e-13
ScSe,2,1.7162466041892894,ok,8.714312284651413,7.452369832350314e-10
ScSe,3,1.2264104119995611,ok,8.710056498959933,2.220446049250313e-15
ScSe,4,2.7885031630110895,ok,8.719986665573387,7.47912842768983e-12
ScSe,7,1.9197329454372796,ok,8.735591213108812,3.375077994860476e-14
ScSe,8,1.2087205694286438,ok,8.707219308498946,8.410783181034276e-11
ScSe,9,1.5422059283046299,ok,8.72282385603437,5.084821452783217e-14
ScSe,10,1.2488199371162336,ok,8.729207534571593,3.4777181134870716e-10
ScSe,11,1.6041167302560164,ok,8.705800713268452,9.992007221626409e-15
ScSe,12,1.7261148456153768,ok,8.710056498959933,4.162077349434412e-10
ScSe,13,1.790288721762513,ok,8.800846593711505,2.1769031022245144e-11
HfRuSb,0,1.2495659770880998,ok,5.480166249601094,3.191085173881447e-10
HfRuSb,1,2.2706842351618963,ok,5.4805864164551465,8.753442415354584e-12
HfRuSb,2,1.7162466041892894,ok,5.4847880849956745,2.220446049250313e-16
HfRuSb,3,1.2264104119995611,ok,5.485208251849727,1.98685512486918e-12
HfRuSb,4,2.7885031630110895,ok,5.488149419828096,1.450488618104373e-10
HfRuSb,7,1.9197329454372796,ok,5.531426605795529,9.992007221626409e-16
HfRuSb,8,1.2087205694286438,ok,5.475544414206514,3.552713678800501e-15
HfRuSb,9,1.5422059283046299,ok,5.484367918141622,1.4939161019356106e-12
HfRuSb,10,1.2488199371162336,ok,5.506636761406417,1.1102230246251565e-15
HfRuSb,11,1.6041167302560164,ok,5.496552756909152,3.204103649068202e-13
HfRuSb,12,1.7261148456153768,ok,5.474704080498409,2.9358571129733946e-09
HfRuSb,13,1.790288721762513,ok,5.559157618163011,1.958431194992727e-10
Pb3Y,0,1.2495659770880998,ok,3.9933111385097178,2.151174793851851e-10
Pb3Y,1,2.2706842351618963,ok,3.992674796518321,7.756684183846119e-12
Pb3Y,2,1.7162466041892894,ok,3.994265651496813,2.220446049250313e-16
Pb3Y,3,1.2264104119995611,ok,3.9933111385097178,1.4086509736443986e-12
Pb3Y,4,2.7885031630110895,ok,3.996811019462399,1.1886602813149239e-10
Pb3Y,7,1.9197329454372796,ok,4.013992253230105,4.440892098500626e-16
Pb3Y,8,1.2087205694286438,ok,3.9891749155656404,4.9960036108132044e-15
Pb3Y,9,1.5422059283046299,ok,3.9961746774710027,1.1923795284474181e-12
Pb3Y,10,1.2488199371162336,ok,4.004128952363459,6.661338147750939e-16
Pb3Y,11,1.6041167302560164,ok,3.9961746774710027,2.666755705149626e-13
Pb3Y,12,1.7261148456153768,ok,3.990129428552735,2.576630464545815e-09
Pb3Y,13,1.790288721762513,ok,4.037855077907476,1.6835244309731934e-10
Hf2Zn,0,1.2495659770880998,ok,1.9803264728397805,4.199489977985138e-09
Hf2Zn,1,2.2706842351618963,ok,1.9801943879677077,2.5972779482685837e-11
Hf2Zn,2,1.7162466041892894,ok,1.9829681702812332,1.3322676295501878e-15
Hf2Zn,3,1.2264104119995611,ok,1.9844211038740323,3.058597819460829e-11
Hf2Zn,4,2.7885031630110895,ok,1.9840248492578145,6.824809606342797e-10
Hf2Zn,7,1.9197329454372796,ok,2.013479775730014,2.1094237467877974e-15
Hf2Zn,8,1.2087205694286438,ok,1.9787414543749087,3.503863865716994e-13
Hf2Zn,9,1.5422059283046299,ok,1.980854812328071,9.440226378387706e-12
Hf2Zn,10,1.2488199371162336,ok,1.9953841482560621,2.7622348852673895e-13
Hf2Zn,11,1.6041167302560164,ok,1.9940632995353353,1.6726620089002608e-12
Hf2Zn,12,1.7261148456153768,ok,1.9766280964217464,2.220446049250313e-16
Hf2Zn,13,1.790288721762513,ok,2.0184990008687738,6.699847343583087e-10
AsIn,14,1.9239252842736108,ok,14.289489122625628,5.528888458172787e-11
AsIn,15,1.1274910127681486,tilt_failed,,
AsIn,16,1.3560845507149728,ok,14.377531043769096,8.730696166026064e-10
AsIn,17,1.9602118459046787,ok,14.322504843054428,4.440892098500626e-16
AsIn,18,1.2270725297391634,ok,14.173322698894665,1.369941937667818e-10
AsIn,19,1.231716841418951,ok,14.465572964912567,2.7466917629226373e-13
AsIn,20,1.617458444836998,ok,14.227126095149007,1.3322676295501878e-15
AsIn,21,1.1014773083297704,tilt_failed,,
AsIn,22,1.2230707005175832,ok,14.206338419323465,1.0691891816350108e-11
AsIn,23,1.5082805379061974,ok,14.23568572637129,3.923528169025303e-13
AsIn,24,1.1107421871665006,ok,14.35796617240388,4.900169159327561e-11
AsIn,25,1.6580338897417757,ok,14.399541524054964,1.3100631690576847e-14
AsIn,26,1.4011250231692336,ok,14.32861886535606,1.6215917497675036e-12
AsIn,27,1.1878485234326608,ok,14.379976652689749,1.503241975342462e-13
AsIn,28,1.2809142917378686,ok,14.217343659466401,1.2675851479571065e-09
AsIn,29,1.14417114939594,tilt_failed,,
AsIn,30,1.279423498252087,ok,14.213675246085423,2.1273427464052475e-11
AsIn,31,1.127390982145868,tilt_failed,,
AsIn,32,1.7694527128929365,ok,14.34329251887997,8.881784197001252e-16
AsIn,33,1.9449744748383688,ok,14.32861886535606,2.504663143554353e-13
AsIn,34,1.3054588622848027,ok,14.30416277614954,1.4262471204062876e-09
AsIn,35,1.14630375947696,ok,14.481469422896804,2.0761170560490427e-13
AsIn,37,1.310178753577754,ok,14.241799748672918,1.6932544255610082e-10
AsIn,38,1.7442216691830636,ok,14.26870144680009,5.995204332975845e-15
AsIn,39,1.1638444276297335,ok,14.422774808801158,4.079546589430549e-09
AsIn,40,1.4494239809659757,ok,14.368971412546816,1.3133050202895902e-11
AsIn,41,1.8840287893421606,ok,14.125633324941951,1.5942802633617248e-13
AsIn,42,1.351040894815895,ok,14.322504843054428,3.3306690738754696e-16
AsIn,43,1.4702120347057033,ok,14.421552004340832,1.489128820253427e-10
AsIn,44,1.8297438469304954,ok,14.32861886535606,9.103828801926284e-15
AsIn,45,1.1493169231325773,tilt_failed,,
AsIn,46,1.2860263584590699,ok,14.438671266785395,1.694155926657004e-11
AsIn,47,1.2238275409651755,ok,14.436225657864743,1.3789414055054294e-11
AsIn,48,1.2894190733474804,ok,14.397095915134312,6.38378239159465e-14
AsIn,49,1.177109438002338,ok,14.26258742449846,3.451536834120361e-10
AsIn,50,1.2680247255034056,ok,14.530381601309841,1.4654943925052066e-14
AsIn,51,1.179141649423787,ok,14.452122115848983,2.6229129979071786e-10
AsIn,52,1.3362714590165126,ok,14.234462921910964,9.103828801926284e-15
AsIn,53,1.9706092067997634,ok,14.534050014690816,6.499756288746994e-11
AsIn,54,1.5184273841127947,ok,14.152535023069124,7.595790663117441e-11
AsIn,55,1.280423850703025,ok,14.232017312990312,7.37632177560954e-13
AsIn,56,1.502562458544429,ok,14.114628084799019,6.701594834623847e-11
AsIn,57,1.2200550756937456,ok,14.293157536006607,5.340172748447003e-14
AsIn,58,1.2345136582655487,ok,14.322504843054428,3.376854351699876e-12
AsIn,59,1.0660111121143323,tilt_failed,,
AsIn,60,1.3418071048269182,ok,14.320059234133776,5.850082640534993e-10
AsIn,61,1.1896608565745292,ok,14.31883642967345,8.024405584450278e-10
AsIn,62,1.4185845019768744,ok,14.217343659466401,1.0140517314738418e-09
AsIn,63,1.2985196416877565,ok,14.294380340466933,5.092593013955593e-12
AsIn,64,1.115432932623103,tilt_failed,,
AsIn,65,1.3555050736729355,ok,14.246690966514223,5.524720680938344e-10
AsIn,66,1.1061142576035432,tilt_failed,,
AsIn,67,1.2536100867170448,ok,14.323727647514755,4.022959743110732e-11
AsIn,68,1.3984362609311423,ok,14.309053993990844,1.0172573894351444e-10
AsIn,69,1.187244556731469,ok,14.266255837879438,3.2085445411667024e-14
AsIn,70,1.1889132929168749,ok,14.39220469729301,6.483702463810914e-14
AsIn,71,1.090596341240824,tilt_failed,,
AsIn,72,1.4536873675875344,ok,14.146421000767493,1.9162449405030202e-13
AsIn,73,1.1491232568634893,ok,14.452122115848983,4.45421710626448e-09
AsIn,74,1.5519461116386573,ok,14.163540263212056,1.4432899320127035e-15
AsIn,75,1.213740225956765,ok,14.338401301038665,1.7763568394002505e-15
AsIn,76,1.4834529496675941,ok,14.302939971689213,4.82280881897168e-13
AsIn,77,2.029600064598912,ok,14.095063213433804,8.481659818926346e-12
AsIn,78,1.1109698597582736,tilt_failed,,
AsIn,79,1.1378123861639873,tilt_failed,,
AsIn,80,1.0891643986680541,tilt_failed,,
AsIn,81,1.310076556917332,ok,14.378753848229422,2.283373490286067e-11
AsIn,82,1.1809358978696127,ok,14.559728908357663,2.3037127760972e-13
AsIn,83,1.272923944182704,ok,14.355520563483232,4.440892098500626e-16
AsIn,84,1.6929295604882841,ok,14.282152295863675,2.1553270279639491e-10
AsIn,86,1.6552762156375826,ok,14.112182475878367,6.772360450213455e-15
AsIn,87,1.5277331202443705,ok,14.239354139752269,3.185829378082872e-11
AsIn,88,1.180031941817787,ok,14.564620126198967,1.4549872418001542e-10
AsIn,89,1.4650364878146038,ok,14.393427501753337,7.478573316177517e-11
AsIn,90,1.8204379516510834,ok,14.214898050545749,1.2212453270876722e-15
AsIn,91,1.1367427913444363,tilt_failed,,
AsIn,92,1.4580521646341924,ok,14.397095915134312,1.627120660430137e-11
AsIn,93,1.4025405990429631,ok,14.194110374720207,2.8874524993227624e-10
AsIn,94,1.1734459764579346,ok,14.470464182753872,1.6384427148352643e-09
AsIn,95,1.1885887029728321,ok,14.472909791674525,4.60964599824365e-13
AsIn,96,1.183748064018879,ok,14.348183736721275,1.9984014443252818e-15
AsIn,97,1.6691354279943689,ok,14.541386841452773,3.3306690738754696e-16
AsIn,98,1.5274073571594127,ok,14.431334440023441,9.51752010536211e-11
AsIn,99,1.349041702506478,ok,14.294380340466933,1.5560885913146194e-12
AsIn,100,1.2686733725284693,ok,14.455790529229958,2.6423307986078726e-14
AsIn,101,1.1952692111054526,ok,14.320059234133776,1.6483259202004774e-11
AsIn,102,1.6428132221391716,ok,14.383645066070727,2.1345725187416065e-10
AsIn,103,1.4789924766230378,ok,14.176991112275644,7.771561172376096e-16
AsIn,104,1.604887959148538,ok,14.35796617240388,8.714806654097629e-12
AsIn,105,1.257899489985736,ok,14.331064474276712,8.104628079763643e-15
AsIn,106,1.5614412208311628,ok,14.421552004340832,1.2501033541667539e-09
AsIn,107,1.081495084123776,tilt_failed,,
AsIn,108,1.3437669946107347,ok,14.20511561486314,2.886579864025407e-15
AsIn,109,1.3583402835227179,ok,14.208784028244118,4.1300296516055823e-13
AsIn,110,1.575061788917229,ok,14.420329199880506,4.998224056862455e-13
AsIn,111,1.436442909832728,ok,14.309053993990844,1.1675727051851936e-10
AsIn,112,1.1518957122218951,ok,14.35307495456258,5.233591338082988e-13
AsIn,113,1.5055184596021824,ok,14.481469422896804,2.145008615173083e-10
AsIn,114,1.0987198766030724,tilt_failed,,
AsIn,115,1.5235038680298332,ok,14.480246618436478,1.7195134205394424e-11
AsIn,116,1.333078688177768,ok,14.33473288765769,4.440892098500626e-16
AsIn,117,1.2540089392677942,ok,14.340846909959318,1.9917401061775308e-13
AsIn,118,1.143882983505564,ok,14.494920271960389,3.157571981660112e-10
AsIn,119,1.3704393263599985,ok,14.366525803626164,2.545272881349092e-10
AsIn,120,1.144395344691357,tilt_failed,,
AsIn,121,1.1807788573901603,ok,14.420329199880506,3.4482416921832737e-12
AsIn,122,1.2887006971178392,ok,14.217343659466401,3.3306690738754696e-16
AsIn,123,1.189762463715359,ok,14.48269222735713,4.6143533438680606e-11
AsIn,124,1.610495299143263,ok,14.301717167228887,4.440892098500626e-16
AsIn,125,1.411138629723674,ok,14.43500285340442,6.929123941290527e-12
AsIn,126,1.3527309829010998,ok,14.265033033419112,1.1102230246251565e-16
AsIn,127,1.4372470134748843,ok,14.414215177578878,6.640197280916027e-10
AsIn,128,1.2414276531930049,ok,14.323727647514755,1.5262439090335533e-09
AsIn,129,1.224222092828324,ok,14.344515323340296,1.1451517512028886e-10
AsIn,130,1.3959931932380203,ok,14.35307495456258,1.4891943234118799e-09
AsIn,131,1.1674348404826378,ok,14.47413259613485,2.6480173609400026e-10
AsIn,132,1.230716631784396,ok,14.35796617240388,1.9873391821079167e-09
AsIn,133,1.9153698614104122,ok,14.645325220580482,4.444511425560904e-11
AsIn,134,1.2107274137413238,ok,14.346960932260949,4.239496753655203e-09
AsIn,135,1.266400074302206,ok,14.327396060895733,1.674216321134736e-13
AsIn,136,2.0072148055446664,ok,14.329841669816386,1.2378986724570495e-12
AsIn,137,1.2307455302633798,ok,14.332287278737038,3.0565638908797155e-10
AsIn,138,1.4948158524550723,ok,14.477801009515826,1.382126635363079e-09
AsIn,139,1.4394343085446633,ok,14.167208676593035,1.5543122344752192e-15
AsIn,140,1.208104391913723,ok,14.404432741896269,8.881784197001252e-16
AsIn,141,1.2125461951624,ok,14.217343659466401,4.440892098500626e-16
AsIn,142,1.3621005063639018,ok,14.339624105498991,3.3306690738754696e-16
AsIn,143,1.304415160359255,ok,14.329841669816386,4.900524430695441e-12
AsIn,144,1.139162767366352,tilt_failed,,
AsIn,145,1.1809791869368715,ok,14.71502507481906,4.4665671161681075e-10
AsIn,146,1.1077392885831656,tilt_failed,,
AsIn,147,1.5212991981750854,ok,14.480246618436478,1.751665479332587e-11
AsIn,148,1.4085606637291095,ok,14.569511344040272,1.1108891584399316e-12
AsIn,149,1.1147076984090543,tilt_failed,,
AsIn,150,1.465561536960908,ok,14.422774808801158,1.6897083732203555e-10
AsIn,151,1.7782887116253359,ok,14.448453702468004,5.958395998817423e-10
AsIn,152,1.2889213397543617,ok,14.390981892832684,5.481171072574398e-13
AsIn,153,1.43422242156877,ok,14.366525803626164,5.788556300956316e-10
AsIn,154,1.2790711157260268,ok,14.245468162053896,4.80604445129984e-12
AsIn,155,1.1949958360842703,ok,14.327396060895733,7.673417456999232e-12
AsIn,156,1.392559330649519,ok,14.390981892832684,5.0559687547746535e-09
AsIn,157,2.0146862980231384,tilt_failed,,
AsIn,158,1.2291977529804377,ok,14.282152295863675,7.433296200787254e-10
AsIn,159,1.4098975511180125,ok,14.282152295863675,2.803498100334423e-09
AsIn,160,1.3466578054063896,ok,14.5095939254843,5.552378556927806e-10
AsIn,161,1.4437610677371713,ok,14.279706686943022,5.084821452783217e-14
AsIn,162,1.3847319099428506,ok,14.439894071245721,2.3297490603368942e-09
AsIn,163,1.3262402355053773,ok,14.284597904784324,1.2143734906544523e-09
AsIn,164,1.1306879890665757,tilt_failed,,
AsIn,165,1.5011901098702691,ok,14.365302999165838,4.440892098500626e-16
AsIn,166,1.163640736073686,ok,14.454567724769635,1.1581391401449537e-09
AsIn,167,1.437761502755005,ok,14.208784028244118,2.0050627824730327e-13
AsIn,168,1.1696486834562227,ok,14.5426096459131,4.45838477247662e-10
AsIn,169,1.0749564463438346,tilt_failed,,
AsIn,170,1.3618032272215541,ok,14.243022553133244,6.812244102150089e-10
AsIn,171,1.1735767108156834,ok,14.251582184355527,9.592326932761353e-14
AsIn,172,1.2153105527004915,ok,14.174545503354992,2.2084556405843614e-12
AsIn,173,1.1474876084722654,ok,14.574402561881573,1.5761836280603347e-12
AsIn,174,1.4111318283749357,ok,14.345738127800622,1.8752635000396367e-09
AsIn,175,1.0688908404978614,tilt_failed,,
AsIn,176,1.3773264423154874,ok,14.245468162053896,4.440892098500626e-16
AsIn,177,1.08263932881456,tilt_failed,,
AsIn,178,1.1739198743217025,ok,14.381199457150075,5.574429806642911e-12
AsIn,179,1.0942454571100102,tilt_failed,,
AsIn,180,1.1890158521657805,ok,14.446008093547352,8.997247391562269e-13
AsIn,181,1.3029027784610538,ok,14.36774860808649,1.7541523789077473e-14
AsIn,182,1.2152116774250383,ok,14.370194217007143,9.652278976091111e-12
AsIn,183,1.1362457556679368,tilt_failed,,
AsIn,184,1.130157039069779,ok,14.33473288765769,5.861977570020827e-14
AsIn,185,1.3619305641256603,ok,14.282152295863675,9.129808020702512e-12
AsIn,186,1.7866098777593447,ok,14.622091935834288,2.2045698599981733e-11
AsIn,187,1.2106070966716413,ok,14.36774860808649,2.740260018896379e-09
AsIn,188,1.1702211910012936,ok,14.490029054119084,2.6531354890835246e-10
AsIn,189,1.3859855782588169,ok,14.29193473154628,1.0257350524511821e-11
AsIn,190,1.3071560126575426,ok,14.311499602911496,6.91309232081494e-11
AsIn,191,1.2391387765366944,ok,14.366525803626164,1.787459069646502e-14
AsIn,192,1.1338062824699524,tilt_failed,,
AsIn,193,1.3229109531003695,ok,14.296825949387586,3.094502432077206e-11
AsIn,194,1.2566149825846944,ok,14.238131335291943,3.3306690738754696e-16
AsIn,195,1.1592174401246003,ok,14.534050014690816,1.0873524303178783e-11
AsIn,196,1.22891909207467,ok,14.35307495456258,4.317879387372159e-12
AsIn,197,1.1520028579943609,ok,14.411769568658226,1.9572121701116885e-12
AsIn,198,1.1968238241844789,ok,14.513262338865278,2.6645352591003757e-15
AsIn,199,1.1699724372925584,ok,14.35307495456258,3.974709450460523e-11
AsIn,200,1.1758533730359604,ok,14.399541524054964,1.5920598173124745e-13
AsIn,201,1.3429071669566661,ok,14.299271558308234,2.875413684932937e-09
AsIn,202,1.3737057563015538,ok,14.28582070924465,1.944000516118649e-12
AsIn,203,1.1711131798216483,ok,14.523044774547884,3.463295206174166e-10
AsIn,205,1.1570428018565817,tilt_failed,,
AsIn,206,1.213185281735262,ok,14.214898050545749,1.6915471245937397e-09
AsIn,207,1.454830958553857,ok,14.469241378293546,6.616929226765933e-14
AsIn,208,1.1445793727955857,tilt_failed,,
AsIn,209,1.3594724772282145,ok,14.35796617240388,7.949196856316121e-13
AsIn,210,1.3993969673684326,ok,14.332287278737038,2.0443229331590373e-09
AsIn,211,1.3193362365046746,ok,14.333510083197364,6.88338275267597e-14
AsIn,212,1.0923587376044432,tilt_failed,,
AsIn,213,1.5349021026957292,ok,14.344515323340296,3.3306690738754696e-16
AsIn,214,1.6340348762511054,ok,14.290711927085955,1.7985612998927536e-14
AsIn,215,1.3310843958225347,ok,14.276038273562044,3.850253449400043e-12
AsIn,216,1.3707452381475895,ok,14.399541524054964,7.732283702210907e-10
AsIn,217,1.166656266846943,ok,14.280929491403349,1.989719500272713e-11
AsIn,219,1.1421813151806643,tilt_failed,,
AsIn,220,1.2892005959333244,ok,14.378753848229422,1.312283615106935e-13
AsIn,221,1.1354651202569948,tilt_failed,,
AsIn,222,1.6637425118184814,ok,14.417883590959853,9.420686453154303e-11
AsIn,223,1.0834378978178483,tilt_failed,,
AsIn,224,1.639569113494013,ok,14.615977913532657,1.1102230246251565e-15
AsIn,225,1.192358197028064,ok,14.260141815577807,7.605693852497097e-12
AsIn,226,1.2700329486781816,ok,14.329841669816386,1.060818100029337e-11
AsIn,227,1.2446412551586832,ok,14.218566463926727,1.2847456432041326e-10
AsIn,228,1.2234945806695061,ok,14.437448462325069,2.1362467350627412e-11
AsIn,229,1.3120751034636033,ok,14.320059234133776,2.595035297758841e-12
AsIn,230,1.297968233710469,ok,14.442339680166373,1.5065726444163374e-13
AsIn,231,1.4521294238640576,ok,14.379976652689749,2.9951596758337473e-12
AsIn,232,1.3388972283626686,ok,14.35796617240388,1.3872707427253772e-09
AsIn,233,1.2294966337985014,ok,14.333510083197364,8.492540004567672e-12
AsIn,234,1.3367577334805303,ok,14.296825949387586,8.659739592076221e-15
AsIn,235,1.3456178525399523,ok,14.348183736721275,1.7523782425143963e-10
AsIn,236,1.5347393946965364,ok,14.41910639542018,1.955481110371693e-09
AsIn,237,1.372552847769868,ok,14.243022553133244,3.449529550891839e-11
AsIn,238,1.2078153338483466,ok,14.31883642967345,1.1102230246251565e-15
AsIn,239,1.136799695865502,tilt_failed,,
AsIn,240,1.2336936226850275,ok,14.387313479451706,1.0199774358454761e-10
AsIn,241,1.3908392611094291,ok,14.22590329068868,3.701927653310122e-12
AsIn,242,1.1380664305711543,tilt_failed,,
AsIn,243,1.4565967152004817,ok,14.302939971689213,1.4210854715202004e-14
AsIn,244,1.548177238737785,ok,14.394650306213663,2.1368462554960388e-11
AsIn,245,1.0806266280165349,tilt_failed,,
AsIn,246,1.680666722983827,ok,14.450899311388657,6.661338147750939e-16
AsIn,247,1.6023410315738542,ok,14.389759088372358,2.2870594307278225e-14
AsIn,248,1.280188717801789,ok,14.480246618436478,2.6847293277398876e-09
AsIn,249,1.1619572733578234,ok,14.525490383468536,3.9968028886505635e-14
AsIn,250,1.6241687379889747,ok,14.416660786499527,6.417089082333405e-14
AsIn,251,1.407138046146224,ok,14.439894071245721,5.551115123125783e-15
AsIn,252,1.1634444275069369,ok,14.399541524054964,1.3242308360972288e-09
AsIn,253,1.145372048940466,ok,14.327396060895733,2.55351295663786e-14
AsIn,254,1.2480675339326317,ok,14.444785289087026,7.952734026872577e-10
AsIn,255,1.3171597627074,ok,14.312722407371822,5.529317004260292e-10
AsIn,256,1.3561775969891958,ok,14.157426240910429,9.619440799468748e-10
AsIn,257,1.2394352500850188,ok,14.389759088372358,6.090968174277123e-09
AsIn,258,1.637894953676489,ok,14.527935992389189,6.661338147750939e-16
AsIn,259,1.5415246566853025,ok,14.289489122625628,2.8421709430404007e-13
AsIn,260,1.1629476523510323,ok,14.488806249658762,1.3538185017480941e-09
AsIn,261,1.0955162848962736,tilt_failed,,
AsIn,262,1.0975952055705966,tilt_failed,,
AsIn,263,1.4034793707473983,ok,14.17209989443434,4.246270002283836e-11
AsIn,264,1.1781617188091416,ok,14.492474663039737,8.770761894538737e-15
AsIn,265,1.390207366972563,ok,14.512039534404952,3.3306690738754696e-16
AsIn,266,1.1866622396078235,ok,14.327396060895733,5.3206941075245595e-09
AsIn,267,1.1944758847773556,ok,14.397095915134312,1.0647926984574951e-11
AsIn,268,1.2652190542882067,ok,14.342069714419644,5.248150802827922e-10
AsIn,269,1.4254635342071718,ok,14.288266318165302,3.3306690738754696e-16
AsIn,270,1.343134553718497,ok,14.535272819151142,1.6653345369377348e-13
AsIn,271,1.3767236353889774,ok,14.299271558308234,2.8833202492251075e-10
AsIn,272,1.1123357058084111,ok,14.405655546356595,2.6490344362528617e-09
AsIn,273,1.4168121091716548,ok,14.362857390245185,9.50350909079134e-12
AsIn,274,1.5026162195969461,ok,14.340846909959318,1.489697254442035e-12
AsIn,275,1.2285917591153785,ok,14.571956952960925,8.237854842718662e-13
AsIn,276,1.2002689769020587,ok,14.471686987214198,4.6629367034256575e-15
AsIn,277,1.302667296554906,ok,14.241799748672918,8.104628079763643e-15
AsIn,278,1.4852332540144135,ok,14.30049436276856,1.778606151248141e-10
AsIn,279,1.3858827829562197,ok,14.488806249658762,3.071765064532883e-12
AsIn,280,1.2044967441274137,ok,14.370194217007143,2.1726798138388403e-10
AsIn,281,1.238996724981717,ok,14.252804988815853,4.711687373593065e-09
AsIn,282,1.2101433517951088,ok,14.416660786499527,2.8469728796665095e-09
AsIn,283,1.160886390548463,ok,14.243022553133244,1.3322676295501878e-15
AsIn,284,1.0712993897941343,tilt_failed,,
AsIn,286,1.147957650854384,ok,14.359188976864207,9.769962616701378e-15
AsIn,287,1.3506629482712298,ok,14.383645066070727,3.430167261342376e-11
AsIn,288,1.3733169691241391,ok,14.340846909959318,2.4868995751603507e-14
AsIn,289,1.1352000177616108,tilt_failed,,
AsIn,291,1.3762486528236826,ok,14.288266318165302,8.952527608130367e-11
AsIn,292,1.1922451821724587,ok,14.401987132975616,4.035882739117369e-12
AsIn,293,1.1904444218079908,ok,14.427666026642463,2.0255352950471206e-10
AsIn,294,1.149568554521543,tilt_failed,,
AsIn,295,1.0830228085601892,tilt_failed,,
AsIn,296,1.6428727676551007,ok,14.098731626814782,1.0167422459517184e-12
AsIn,297,1.3153787662995995,ok,14.307831189530518,2.3515078773073128e-11
AsIn,298,1.546156860171355,ok,14.36774860808649,2.531308496145357e-14
AsIn,299,1.1303484304213467,tilt_failed,,
AsIn,300,1.1358105762881288,tilt_failed,,
AsIn,301,1.1203710110134675,ok,14.365302999165838,1.9095836023552692e-13
AsIn,302,1.1659907139018306,ok,14.5095939254843,1.4946121007497482e-09
AsIn,303,1.2387421296396957,ok,14.499811489801694,2.6645352591003757e-15
AsIn,304,1.2173154420689452,ok,14.187996352418576,9.992007221626409e-16
AsIn,305,1.1558965557084193,ok,14.809181018264155,2.220446049250313e-13
AsIn,306,1.8258196744662636,ok,14.41910639542018,2.9627189590542e-11
AsIn,307,1.1436358108272733,tilt_failed,,
AsIn,308,1.1480605101444028,ok,14.394650306213663,1.677880057115999e-12
AsIn,309,1.1982749686549095,ok,14.289489122625628,2.4268809184491147e-11
AsIn,310,1.6516077338534148,ok,14.459458942610937,4.440892098500626e-16
AsIn,311,1.3152829920740927,ok,14.375085434848447,5.375477840630083e-12
AsIn,312,1.1979141060348635,ok,14.44967650692833,4.440892098500626e-16
AsIn,313,1.172221976858001,ok,14.428888831102789,4.912736883966318e-12
AsIn,314,1.0918696604343066,tilt_failed,,
AsIn,315,1.1608814571758115,ok,14.477801009515826,1.6431300764452317e-14
AsIn,316,1.3487329521883222,ok,14.260141815577807,2.220446049250313e-16
AsIn,317,1.4330893558471474,ok,14.41910639542018,1.6475665276516338e-10
AsIn,318,1.5619313928759844,ok,14.309053993990844,1.1234213559419004e-10
AsIn,319,1.2982022868066938,ok,14.405655546356595,8.881784197001252e-16
AsIn,320,1.166710430208393,ok,14.541386841452773,7.00369451323013e-09
AsIn,321,1.21604499153276,ok,14.298048753847912,3.3306690738754696e-16
AsIn,322,1.2660816659977676,ok,14.251582184355527,5.470270902918628e-10
AsIn,323,1.20467944867305,ok,14.377531043769096,1.8338093266123678e-09
AsIn,324,1.1284486720638658,tilt_failed,,
AsIn,325,1.1507006662044919,tilt_failed,,
AsIn,326,1.2148807908770896,ok,14.302939971689213,3.375077994860476e-14
AsIn,327,1.1862481748963218,ok,14.460681747071263,9.567457937009749e-12
AsIn,328,1.4049626379081834,ok,14.505925512103321,1.1305179015153044e-11
AsIn,329,1.2341072324353346,ok,14.151312218608798,8.342079249601397e-10
AsIn,330,1.1535173273721693,ok,14.493697467500063,1.2366774271299619e-12
AsIn,331,1.1367278057719827,tilt_failed,,
AsIn,332,1.076155895798754,tilt_failed,,
AsIn,333,1.189435567980418,ok,14.373862630388121,2.8547941788303888e-11
AsIn,334,1.1108768669256595,tilt_failed,,
AsIn,335,1.3687987337976693,ok,14.597635846627767,1.1324274851176597e-14
AsIn,336,1.2672968510267717,ok,14.224680486228355,2.6360571503403207e-09
AsIn,337,1.2260974915502865,ok,14.547500863754404,1.0978995490518173e-11
AsIn,338,1.1506847238368165,tilt_failed,,
AsIn,339,1.1087154827616823,tilt_failed,,
AsIn,340,1.1215601641597521,tilt_failed,,
AsIn,342,1.1794689713014943,ok,14.372639825927795,4.659714836208195e-10
AsIn,343,1.2773082776931366,ok,14.238131335291943,5.10702591327572e-15
AsIn,344,1.0860828738982202,tilt_failed,,
AsIn,345,1.1228328194471267,tilt_failed,,
AsIn,346,1.1417771517915833,tilt_failed,,
AsIn,347,1.0699845842885711,tilt_failed,,
AsIn,348,1.058250336694259,tilt_failed,,
AsIn,349,1.1911417433598366,ok,14.30049436276856,2.1316282072803006e-14
AsIn,350,1.1126864450648384,tilt_failed,,
AsIn,351,1.2296345688578563,ok,14.378753848229422,1.7390724416088688e-09
AsIn,352,1.2833141131667836,ok,14.156203436450102,1.2212453270876722e-15
AsIn,353,1.1213262395890362,ok,14.307831189530518,1.499237400892639e-09
AsIn,354,1.265572794823797,ok,14.408101155277247,3.2735925081794903e-11
AsIn,355,1.2629755899473643,ok,14.339624105498991,1.321625031636131e-09
AsIn,356,1.2253059371390322,ok,14.150089414148471,7.438494264988549e-15
AsIn,357,1.62683960160354,ok,14.44967650692833,3.3306690738754696e-16
AsIn,358,1.2735506324126102,ok,14.246690966514223,1.359385937149682e-10
AsIn,359,1.1617670934855173,ok,14.56706573511962,3.552713678800501e-15
AsIn,360,1.4385159754291021,ok,14.181882330116945,4.789502128232925e-13
AsIn,361,1.126003105324922,tilt_failed,,
AsIn,362,1.2041685366719816,ok,14.29193473154628,4.884981308350689e-15
AsIn,363,1.341297163318002,ok,14.15375782752945,1.2712053631958042e-13
AsIn,364,1.1151571200865276,tilt_failed,,
AsIn,365,1.282355370779571,ok,14.41910639542018,7.017075809301332e-11
AsIn,366,1.0990796052451637,tilt_failed,,
AsIn,367,1.2983283167696047,ok,14.290711927085955,4.965583499938475e-11
AsIn,368,1.1527496212107444,ok,14.565842930659294,3.2152058793144533e-13
AsIn,369,1.1350161946535426,tilt_failed,,
AsIn,370,1.6170668568800564,ok,14.379976652689749,2.1306068020976454e-11
AsIn,371,1.3892441979490942,ok,14.156203436450102,6.039613253960852e-14
AsIn,372,1.1976943296553733,ok,14.573179757421247,2.1565604857443077e-10
AsIn,373,1.1401772786987514,ok,14.315168016292475,2.9888536090538764e-11
AsIn,374,1.060784695715523,tilt_failed,,
AsIn,375,3.0581518403717918,ok,14.184327939037598,6.661338147750939e-16
AsIn,376,1.4309905800329736,ok,14.40076432851529,1.3963274980710594e-10
AsIn,377,1.1250873382301165,tilt_failed,,
AsIn,378,1.2752228066140243,ok,14.356743367943558,6.723510637129948e-13
AsIn,379,1.062726014870776,tilt_failed,,
AsIn,380,1.6884703933567151,ok,14.398318719594638,5.031530747601209e-13
AsIn,381,2.194805806759194,ok,14.31027679845117,1.1546319456101628e-14
AsIn,382,1.335952112571216,ok,14.307831189530518,1.7247270278630822e-10
AsIn,383,1.2506175753824262,ok,14.388536283912032,2.5724324892451023e-09
AsIn,384,1.2076858355504752,ok,14.389759088372358,4.440892098500626e-15
AsIn,385,1.2493459645091587,ok,14.279706686943022,1.1501910535116622e-13
AsIn,386,1.1589997043852054,ok,14.420329199880506,8.237854842718662e-14
AsIn,387,1.244557352503501,ok,14.339624105498991,3.6000091796495326e-12
AsIn,388,1.443703752679078,ok,14.454567724769635,3.3157454559784583e-10
AsIn,389,1.280235817579214,ok,14.329841669816386,2.5453550378529144e-10
AsIn,390,1.4346304650873953,ok,14.273592664641392,1.1102230246251565e-16
AsIn,391,1.4507604650236898,ok,14.273592664641392,3.452793606584237e-13
AsIn,392,1.2524885068141338,ok,14.536495623611469,7.701415061234229e-10
AsIn,393,1.2425825175964484,ok,14.332287278737038,1.5887762216948431e-09
AsIn,394,1.1501490379880381,tilt_failed,,
AsIn,395,1.1849833024421326,ok,14.430111635563115,3.302722983988815e-09
AsIn,396,1.0772152675790791,tilt_failed,,
AsIn,397,1.2087061825225405,ok,14.326173256435407,2.7113422618185723e-11
AsIn,398,1.1462464293265513,ok,14.272369860181065,7.684963776455334e-13
AsIn,399,1.3382816579563726,ok,14.335955692118016,1.8567103410305208e-09
AsIn,400,1.251848147275931,ok,14.389759088372358,2.105068341862193e-10
AsIn,401,1.1570990566039872,ok,14.488806249658762,2.1364021662861887e-12
AsIn,402,1.1421309306183856,tilt_failed,,
AsIn,403,1.4433773730875004,ok,14.294380340466933,3.8480330033507926e-12
AsIn,404,1.0354218994671103,tilt_failed,,
AsIn,405,1.0861188873526317,tilt_failed,,
AsIn,406,1.3852308132637576,ok,14.43500285340442,1.5056098590093825e-09
AsIn,407,1.2139245009429938,ok,14.309053993990844,4.440892098500626e-16
AsIn,408,1.0722434142159927,tilt_failed,,
AsIn,409,1.225654413129631,ok,14.370194217007143,2.244570085352393e-10
AsIn,410,1.2967234231405809,ok,14.137861369545213,9.692247004977617e-14
AsIn,411,1.629279840195662,ok,14.302939971689213,5.53113110868253e-13
AsIn,412,1.2810387463453972,ok,14.360411781324533,6.394884621840902e-14
AsIn,413,1.2265862456647345,ok,14.512039534404952,2.850741864790507e-11
AsIn,414,1.2210204093548858,ok,14.20144720148216,3.7936986885256374e-11
AsIn,415,1.5184719871753591,ok,14.436225657864743,4.440892098500626e-16
AsIn,416,1.2722859334916767,ok,14.394650306213663,5.795364188543317e-14
AsIn,417,1.2274538988264538,ok,14.504702707642995,2.2137847111025621e-13
AsIn,418,1.3000115511531272,ok,14.397095915134312,4.440892098500626e-16
AsIn,419,1.230501234521634,ok,14.261364620038133,2.1094237467877974e-15
AsIn,420,1.1476294123051554,ok,14.359188976864207,4.876099524153688e-13
AsIn,421,1.355494102632078,ok,14.307831189530518,2.3447910280083306e-13
AsIn,422,1.1348860006354347,tilt_failed,,
AsIn,423,1.4870029114220686,ok,14.327396060895733,4.998668146072305e-12
AsIn,424,1.259555766456639,ok,14.48269222735713,8.881784197001252e-16
AsIn,425,1.1382302712731849,tilt_failed,,
AsIn,426,1.2079215767347853,ok,14.492474663039737,4.440892098500626e-15
AsIn,427,1.1228121522925916,tilt_failed,,
AsIn,428,1.091789680613647,tilt_failed,,
AsIn,429,1.464779374919387,ok,14.322504843054428,4.440892098500626e-15
AsIn,430,1.2473595095250318,ok,14.38609067499138,2.3092638912203256e-14
AsIn,431,1.1313028508273888,tilt_failed,,
AsIn,432,1.5646356321412305,ok,14.306608385070192,3.970468398506455e-11
AsIn,433,1.364212406378156,ok,14.299271558308234,1.9728663147589032e-13
AsIn,434,1.0792536448618566,tilt_failed,,
AsIn,435,1.7627691213210244,ok,14.267478642339764,3.3306690738754696e-16
AsIn,436,1.282370572736658,ok,14.365302999165838,1.543620564703474e-09
AsIn,437,1.1825567466401468,ok,14.470464182753872,5.773159728050814e-15
AsIn,438,1.079207962602121,tilt_failed,,
AsIn,439,1.2426391522277007,ok,14.553614886056032,3.3521718734164097e-10
AsIn,440,1.088967398875207,tilt_failed,,
AsIn,441,1.141053082360812,tilt_failed,,
AsIn,442,1.115629503130851,tilt_failed,,
AsIn,443,1.5270861343720454,ok,14.788393342438614,1.7784564931844216e-09
AsIn,444,1.1603186907265326,ok,14.423997613261484,3.3439917501709715e-13
AsIn,445,1.0731749302895968,tilt_failed,,
AsIn,446,1.19538450607341,ok,14.504702707642995,1.435851437747715e-10
AsIn,447,1.334275663041531,ok,14.164763067672382,9.15045816896054e-12
AsIn,448,1.2120314513289339,ok,14.535272819151142,3.921307722976053e-13
AsIn,449,1.384121343184289,ok,14.23568572637129,1.199040866595169e-14
AsIn,450,1.2299074987706504,ok,14.46801857383322,5.75208325415133e-10
AsIn,451,1.11669371530544,tilt_failed,,
AsIn,452,1.205638357790363,ok,14.36774860808649,3.518296765037121e-13
AsIn,453,1.1321974221347502,tilt_failed,,
AsIn,454,1.359268164606965,ok,14.48636064073811,9.91546844630875e-10
AsIn,455,1.1165295419048638,tilt_failed,,
AsIn,456,1.055208231200321,tilt_failed,,
AsIn,457,1.0850011837940292,tilt_failed,,
AsIn,458,1.1525242334089403,tilt_failed,,
AsIn,459,1.0470985878998593,tilt_failed,,
AsIn,460,1.2308036101152342,ok,14.354297759022906,8.790967953586915e-12
AsIn,461,1.5920860236703889,ok,14.265033033419112,3.1086244689504383e-15
AsIn,462,1.3854258155490178,ok,14.305385580609865,8.659739592076221e-15
AsIn,463,1.0849593328569764,tilt_failed,,
AsIn,464,1.0700449619782797,tilt_failed,,
AsIn,465,1.0275174753837455,tilt_failed,,
AsIn,466,1.1346531946558909,tilt_failed,,
AsIn,468,1.1318368862184758,tilt_failed,,
AsIn,469,1.2095694293509318,ok,14.31883642967345,3.5324971836558916e-09
AsIn,470,1.5779870702348844,ok,14.571956952960925,1.1546319456101628e-14
AsIn,471,1.0261788586800569,tilt_failed,,
AsIn,472,1.1561157514912712,ok,14.521821970087558,6.245959305317683e-10
AsIn,473,1.6059346508109438,ok,14.233240117450638,1.8918200339612667e-12
AsIn,474,1.466418119016077,ok,14.444785289087026,1.1247891507082386e-11
AsIn,475,1.2483124062073767,ok,14.216120855006075,6.660560991633702e-11
AsIn,476,1.1323394191215936,tilt_failed,,
AsIn,477,1.1157744171183464,tilt_failed,,
AsIn,478,1.0963608390268098,tilt_failed,,
AsIn,479,1.1736471207353616,ok,14.490029054119084,1.3167356094356819e-11
AsIn,480,1.1117976181579046,ok,14.408101155277247,3.643484614013204e-08
AsIn,481,1.3531850996477426,ok,14.44967650692833,1.0319383125789727e-09
AsIn,482,1.2741120260892569,ok,14.210006832704444,6.7390537594747e-14
AsIn,483,1.038157275269428,tilt_failed,,
AsIn,484,1.3049020289038429,ok,14.356743367943558,2.220446049250313e-16
AsIn,485,1.5024110348762156,ok,14.309053993990844,9.875047446428198e-10
AsIn,486,1.0681606550782332,tilt_failed,,
AsIn,487,1.1638296211943198,ok,14.448453702468004,1.2269945059983911e-09
AsIn,488,1.2335539301771752,ok,14.59152182432614,1.9240165016753963e-13
AsIn,489,1.0972661620780213,tilt_failed,,
AsIn,491,1.2202170726462003,ok,14.316390820752801,2.1612181155816756e-08
AsIn,492,1.1300116197049772,tilt_failed,,
AsIn,493,1.0480165379512054,tilt_failed,,
AsIn,494,1.1551438206204423,ok,14.272369860181065,1.1707639302471762e-09
AsIn,495,1.5730292257311251,ok,14.238131335291943,5.303624206476343e-11
AsIn,496,1.074112088120181,tilt_failed,,
AsIn,497,1.0608326288277128,tilt_failed,,
AsIn,498,1.0502508991900386,tilt_failed,,
AsIn,499,1.036143690153636,tilt_failed,,
AsIn,500,1.0860823441511978,tilt_failed,,
AsIn,501,1.2897122051975274,ok,14.398318719594638,7.98533505985688e-09
AsIn,502,1.3294383485105485,ok,14.383645066070727,4.373168493998492e-12
AsIn,503,1.126419953921828,tilt_failed,,
AsIn,504,1.084408160751736,tilt_failed,,
AsIn,505,1.068016751025833,tilt_failed,,
AsIn,506,1.0842426831675613,tilt_failed,,
AsIn,507,1.3625354729752437,ok,14.26870144680009,7.777833932465228e-11
AsIn,508,1.3992882063128023,ok,14.348183736721275,1.295184848260078e-09
AsIn,509,1.0920591622104803,tilt_failed,,
AsIn,510,1.281007085547604,ok,14.412992373118552,2.886579864025407e-15
AsIn,511,1.3940162954417472,ok,14.592744628786463,1.2143619443349962e-12
AsIn,512,1.028004033590029,tilt_failed,,
AsIn,513,1.0754531338532665,tilt_failed,,
AsIn,514,1.1290047319323775,tilt_failed,,
AsIn,515,1.1540961103684013,ok,14.801844191502202,6.017408793468348e-13
AsIn,516,1.0732988848754477,tilt_failed,,
AsIn,517,2.552750373497472,ok,14.10484564911641,4.085620730620576e-14
AsIn,518,1.207599905396106,ok,14.350629345641927,1.2693153195186824e-09
AsIn,519,1.2131314543922447,ok,14.199001592561512,4.4878833982409105e-10
AsIn,520,1.0395397254286556,tilt_failed,,
AsIn,521,1.207242111858359,ok,14.421552004340832,3.828908967662414e-09
AsIn,522,1.5948177636208922,ok,14.147643805227819,8.881784197001252e-16
AsIn,523,1.3898149719830528,ok,14.315168016292475,2.8872393365020343e-10
AsIn,524,1.1620048108236,ok,14.83241430301035,3.552713678800501e-15
AsIn,525,1.1119655104691213,tilt_failed,,
AsIn,526,1.0638306187470297,tilt_failed,,
AsIn,527,1.161646340928487,ok,14.48636064073811,2.5096591471651664e-12
AsIn,528,1.053579142661157,tilt_failed,,
AsIn,529,1.3579125363916082,ok,14.22957170406966,7.327471962526033e-15
AsIn,530,1.1953578692528664,ok,14.349406541181601,2.220446049250313e-15
AsIn,531,1.2953720770768213,ok,14.333510083197364,2.5568436257117355e-12
AsIn,532,1.2254043502917111,ok,14.278483882482696,3.3306690738754696e-16
AsIn,533,1.10342514216843,tilt_failed,,
AsIn,534,1.0419312588201404,tilt_failed,,
AsIn,535,1.1213214887456953,tilt_failed,,
AsIn,536,1.3334181003682204,ok,14.219789268387053,5.149658477421326e-12
AsIn,537,1.1916521869498526,ok,14.332287278737038,2.0593304839167104e-11
AsIn,538,1.0906362882662763,tilt_failed,,
AsIn,539,1.482813276329974,ok,14.202670005942487,2.55351295663786e-15
AsIn,540,1.07145714671719,tilt_failed,,
AsIn,541,1.3281704825123353,ok,14.403209937435943,8.213563162939863e-11
AsIn,542,1.1450576885672918,ok,14.321282038594102,4.4398218435048875e-10
AsIn,543,1.3428091909843654,ok,14.252804988815853,1.8762769116165146e-14
AsIn,544,1.1190120836294777,tilt_failed,,
AsIn,545,1.5559622718193424,ok,14.338401301038665,2.3609780797073654e-11
AsIn,546,1.2035695009052403,ok,14.339624105498991,4.907869888270966e-09
AsIn,547,1.1069042659343584,tilt_failed,,
AsIn,548,1.1702734019716694,ok,14.52426757900821,2.8293922760269652e-11
AsIn,549,1.3640783577535511,ok,14.350629345641927,4.5075054799781356e-14
AsIn,550,1.2579637141341493,ok,14.342069714419644,1.2802920945631513e-09
AsIn,551,1.1458396537656301,tilt_failed,,
AsIn,552,1.3127582868646086,ok,14.228348899609333,1.91358040524392e-12
AsIn,553,1.1533645364784628,ok,14.312722407371822,1.0136336214827679e-13
AsIn,554,1.084671925685571,tilt_failed,,
AsIn,555,1.0643603212308335,tilt_failed,,
AsIn,556,1.0425286930831037,tilt_failed,,
AsIn,557,1.0620238054284048,tilt_failed,,
AsIn,558,1.1908478712611241,ok,14.492474663039737,1.1787459897050212e-11
AsIn,559,1.2926455505764893,ok,14.222234877307702,1.2212453270876722e-14
AsIn,560,1.2289021169568826,ok,14.340846909959318,9.85878045867139e-14
AsIn,561,1.0565281907190043,tilt_failed,,
AsIn,562,1.0504659159101686,tilt_failed,,
AsIn,563,1.5592580295757577,ok,14.459458942610937,2.1946999773092557e-10
AsIn,564,1.2228748677795211,ok,14.331064474276712,3.3306690738754696e-16
AsIn,565,1.1516596580595817,tilt_failed,,
AsIn,566,1.2629731761539318,ok,14.475355400595173,3.892405286975986e-09
AsIn,567,1.1452085085050603,tilt_failed,,
AsIn,568,1.3628011950194494,ok,14.335955692118016,1.4187984120894725e-11
AsIn,569,1.4058367581909883,ok,14.420329199880506,3.0617730573112567e-12
AsIn,570,1.2754255202963283,ok,14.359188976864207,5.441446182530285e-10
AsIn,571,1.2449289984344638,ok,14.4435624846267,4.440892098500626e-16
AsIn,572,1.1195291822920295,tilt_failed,,
AsIn,573,1.0893441989326447,tilt_failed,,
AsIn,574,1.127657972110392,ok,14.513262338865278,8.494760450616923e-12
AsIn,575,1.2345442914765088,ok,14.420329199880506,6.400644458892657e-10
AsIn,576,1.4340606211930524,ok,14.549946472675057,4.440892098500626e-16
AsIn,577,1.6602213334994511,ok,14.158649045370755,2.220446049250313e-15
AsIn,578,1.0847023047820183,tilt_failed,,
AsIn,579,1.111259314048245,tilt_failed,,
AsIn,580,1.1000405541497054,tilt_failed,,
AsIn,581,1.201168334522767,ok,14.428888831102789,2.0408430501106523e-10
AsIn,582,1.2244756908659498,ok,14.39220469729301,9.547918011776346e-15
AsIn,583,1.0470732876328228,tilt_failed,,
AsIn,584,1.1634785711065403,ok,14.79573016920057,1.6209256159527285e-14
AsIn,585,1.5604574008513528,ok,14.136638565084887,8.959055719515163e-12
AsIn,586,1.4024922045067219,ok,14.223457681768028,2.6145752229922437e-13
AsIn,587,1.126071575809924,tilt_failed,,
AsIn,588,1.5116118118963864,ok,14.30416277614954,2.5706103912170875e-12
AsIn,589,1.0921434205919514,tilt_failed,,
AsIn,590,1.1317148948873987,tilt_failed,,
AsIn,591,1.215493972786655,ok,14.35796617240388,6.033443189501497e-09
AsIn,592,1.4333685868964163,ok,14.203892810402813,2.042810365310288e-14
AsIn,593,1.153969392702866,ok,14.492474663039737,6.838973831690964e-14
AsIn,594,1.1201904677318644,tilt_failed,,
AsIn,595,1.1108004815198855,tilt_failed,,
AsIn,596,1.598968454006404,ok,14.190441961339229,3.3306690738754696e-16
AsIn,597,1.1653368917721894,ok,14.560951712817989,5.789244306164676e-09
AsIn,598,1.0668108099770908,tilt_failed,,
AsIn,599,1.2880755585137602,ok,14.662444483025045,9.171552406428418e-13
AsIn,600,1.0518435470435687,tilt_failed,,
AsIn,601,1.1634299095579057,ok,14.296825949387586,6.650235917504688e-13
AsIn,602,1.0708559786703797,tilt_failed,,
AsIn,603,1.267706736756795,ok,14.311499602911496,2.5926993885150296e-10
AsIn,604,1.075003899929044,tilt_failed,,
AsIn,605,1.1267107802498304,tilt_failed,,
AsIn,606,1.080174280003938,tilt_failed,,
AsIn,607,1.1174987870622635,tilt_failed,,
AsIn,608,1.0324524330012739,tilt_failed,,
AsIn,609,1.0969438634781392,tilt_failed,,
AsIn,610,1.038968298693158,tilt_failed,,
AsIn,611,1.1816142439104695,ok,14.267478642339764,2.2648549702353193e-14
AsIn,612,1.2446131482306675,ok,14.332287278737038,2.8382087791101185e-09
AsIn,613,1.2674343291754524,ok,14.316390820752801,6.383116257779875e-11
AsIn,614,1.308657603913992,ok,14.395873110673989,1.1020073742429304e-12
AsIn,615,1.2067154655634993,ok,14.279706686943022,5.0495976289255395e-09
AsIn,616,1.3209555141205536,ok,14.469241378293546,1.9984014443252818e-15
AsIn,617,1.1613872662236318,ok,14.488806249658762,7.936692636434373e-09
AsIn,618,1.3333217814419691,ok,14.216120855006075,5.650120371569756e-10
AsIn,619,1.2123112821016597,ok,14.436225657864743,1.7355814563302374e-09
AsIn,620,1.1571634233029482,tilt_failed,,
AsIn,621,1.1107861740245868,tilt_failed,,
AsIn,622,1.189229986348954,ok,14.293157536006607,7.499170173730363e-10
AsIn,623,1.1065458071595184,tilt_failed,,
AsIn,624,1.5427943384390168,ok,14.159871849831081,1.1917680176054546e-09
AsIn,625,1.194888263492166,ok,14.173322698894665,6.661338147750939e-16
AsIn,626,1.1304261135410982,tilt_failed,,
AsIn,627,1.1285293684186026,tilt_failed,,
AsIn,628,1.064765498937828,tilt_failed,,
AsIn,629,1.0942427915594057,tilt_failed,,
AsIn,630,1.3228530138509245,ok,14.414215177578878,2.4868995751603507e-14
AsIn,631,1.5058878697718867,ok,14.375085434848447,2.886579864025407e-15
AsIn,632,1.204551130844791,ok,14.305385580609865,2.4313884239290928e-14
AsIn,633,1.3835459500754543,ok,14.792061755819592,1.1102230246251565e-14
AsIn,634,1.3900164560891362,ok,14.299271558308234,6.519229600598919e-13
AsIn,635,1.3392843280548152,ok,14.22590329068868,6.661338147750939e-16
AsIn,636,1.2430809820097486,ok,14.354297759022906,5.385922818845756e-10
AsIn,637,1.1384893634974496,tilt_failed,,
AsIn,638,1.0746514591658638,tilt_failed,,
AsIn,639,1.5507708726571419,ok,14.331064474276712,4.596323321948148e-13
AsIn,640,1.1039533760307219,tilt_failed,,
AsIn,641,1.716808061046379,tilt_failed,,
AsIn,642,1.15556227935999,tilt_failed,,
AsIn,643,1.1257512319527256,tilt_failed,,
AsIn,644,1.4381726871913751,ok,14.35796617240388,1.6853629603019726e-11
AsIn,645,1.1012523903786384,tilt_failed,,
AsIn,646,1.2754611503402158,ok,14.157426240910429,1.993747389406053e-10
AsIn,647,1.1300563841728593,tilt_failed,,
AsIn,648,1.1963245022016702,ok,14.309053993990844,3.280429261565132e-10
AsIn,649,1.0656406908046188,tilt_failed,,
AsIn,650,2.171150857033295,ok,14.15375782752945,4.551914400963142e-15
AsIn,651,1.185311113838804,ok,14.359188976864207,3.126965353317246e-11
AsIn,652,1.124733224716892,tilt_failed,,
AsIn,653,1.0708683112253563,tilt_failed,,
AsIn,654,1.0815223431623415,tilt_failed,,
AsIn,655,1.2860278815882444,ok,14.399541524054964,6.439293542825908e-15
AsIn,657,1.119462564835952,tilt_failed,,
AsIn,658,1.1010592881706607,tilt_failed,,
AsIn,659,1.3572512400163907,ok,14.165985872132708,1.887379141862766e-15
AsIn,660,1.1724010134359886,ok,14.348183736721275,6.957884490788047e-09
AsIn,661,1.1827772243151622,ok,14.590299019865814,7.882583474838611e-15
AsIn,662,1.0910184168514014,tilt_failed,,
AsIn,663,1.0656478952176092,tilt_failed,,
AsIn,664,1.144183317283355,tilt_failed,,
AsIn,665,1.7602510401913272,tilt_failed,,
AsIn,666,1.1401459351239513,tilt_failed,,
AsIn,667,1.2263612534549424,ok,14.179436721196296,6.661338147750939e-16
AsIn,668,1.2798428607989982,ok,14.202670005942487,2.0812941370351723e-09
AsIn,669,1.085232482929601,tilt_failed,,
AsIn,670,1.0554452661745461,tilt_failed,,
AsIn,671,1.652046949029803,ok,14.137861369545213,1.1952661083114435e-11
AsIn,672,1.2416838277420752,ok,14.582962193103857,5.277067671727309e-11
AsIn,673,1.2781876051672627,ok,14.279706686943022,6.661338147750939e-16
AsIn,674,1.207933389330646,ok,14.541386841452773,4.6629367034256575e-15
AsIn,675,1.162111940051532,ok,14.397095915134312,3.555011840461475e-11
AsIn,676,1.5211645510157898,tilt_failed,,
AsIn,677,1.2450379848219353,ok,14.450899311388657,5.931655167046301e-11
AsIn,678,1.095180663218599,tilt_failed,,
AsIn,679,1.2782766486362338,ok,14.333510083197364,4.440892098500626e-16
AsIn,680,1.1024461824685508,tilt_failed,,
AsIn,681,1.4598782889936575,ok,14.241799748672918,2.7570834504331287e-11
AsIn,682,1.1590535694655726,ok,14.401987132975616,1.8240964294591322e-13
AsIn,683,1.1638297000632745,tilt_failed,,
AsIn,684,1.3043870332739247,ok,14.564620126198967,2.9596325390457423e-12
AsIn,685,1.051066528212449,tilt_failed,,
AsIn,686,1.2459973478485467,ok,14.218566463926727,7.0030647947305624e-12
AsIn,687,1.0918641441484933,tilt_failed,,
AsIn,688,1.1282098749277671,tilt_failed,,
AsIn,689,1.0883580536584898,tilt_failed,,
AsIn,690,1.098963676579011,tilt_failed,,
AsIn,691,1.4079563797735437,ok,14.293157536006607,1.9761969838327786e-14
AsIn,692,1.3161881356911644,ok,14.221012072847376,4.847289236664665e-11
AsIn,693,1.290646694739161,ok,14.372639825927795,2.6778579353958776e-13
AsIn,694,1.0806030528811434,tilt_failed,,
AsIn,695,1.1980522977140051,ok,14.298048753847912,1.9833734654639557e-10
AsIn,696,1.1309207686708938,ok,14.370194217007143,9.425171754173789e-11
AsIn,697,1.1128800884383643,tilt_failed,,
AsIn,698,1.367542812801651,ok,14.274815469101718,1.229794044377286e-12
AsIn,699,1.3414247287486172,ok,14.309053993990844,6.907736604944148e-10
AsIn,700,1.0568522134567138,tilt_failed,,
AsIn,702,1.2833093941388976,ok,14.27726107802237,5.397904345727511e-13
AsIn,703,1.372220349642347,ok,14.15375782752945,1.5543122344752192e-15
AsIn,704,1.4778370921820265,ok,14.625760349215266,1.649980152507169e-10
AsIn,705,1.5750342033437736,ok,14.280929491403349,1.6444623440747819e-12
AsIn,706,1.582210124063084,ok,14.52426757900821,1.3322676295501878e-15
AsIn,707,1.197854660861849,ok,14.27114705572074,3.108624468950438e-14
AsIn,708,1.2301303063577644,ok,14.302939971689213,1.0302869668521453e-13
AsIn,709,1.051692746799368,tilt_failed,,
AsIn,710,1.1335726263737174,tilt_failed,,
AsIn,711,1.1137075895269453,tilt_failed,,
AsIn,712,1.356362350517843,ok,14.232017312990312,3.219646771412954e-15
AsIn,713,1.071347758063508,tilt_failed,,
AsIn,714,1.2818253336298615,ok,14.408101155277247,2.331881798767199e-09
AsIn,715,1.1231288354600832,tilt_failed,,
AsIn,717,1.503968082938417,ok,14.490029054119084,1.523808856873643e-09
AsIn,718,1.0690242340430005,tilt_failed,,
AsIn,719,1.207429093873524,ok,14.224680486228355,2.7128579382917906e-09
AsIn,720,1.0735568160580529,tilt_failed,,
AsIn,721,1.0804971275286763,tilt_failed,,
AsIn,722,1.1738975698696268,ok,14.359188976864207,2.4056101555203213e-10
AsIn,723,1.140768110589428,tilt_failed,,
AsIn,724,1.125269066943261,tilt_failed,,
AsIn,725,1.4202826699381992,ok,14.216120855006075,7.949196856316121e-14
AsIn,726,1.202590911972875,ok,14.42522041772181,2.293638612371751e-09
AsIn,727,1.2024726550085851,ok,14.438671266785395,3.092610612043245e-10
AsIn,728,1.185661417883195,ok,14.518153556706583,2.7885471709510057e-12
AsIn,729,1.2561364407084632,ok,14.527935992389189,2.220446049250313e-15
AsIn,730,1.0660600071307267,tilt_failed,,
AsIn,731,1.0424240006230945,tilt_failed,,
AsIn,732,1.409820015515751,ok,14.118296498179998,1.2323475573339238e-14
AsIn,733,1.0726942335467955,tilt_failed,,
AsIn,734,1.061400145447566,tilt_failed,,
AsIn,735,1.1868461361923732,ok,14.349406541181601,4.687139565362486e-12
AsIn,736,1.0618319886389664,tilt_failed,,
AsIn,737,2.17654635165504,tilt_failed,,
AsIn,738,1.2833815855501252,ok,14.16843148105336,2.113642594281373e-11
AsIn,740,1.4677068654234613,tilt_failed,,
AsIn,741,1.1044192728748767,tilt_failed,,
AsIn,742,1.1658408473845685,ok,14.388536283912032,2.886579864025407e-14
AsIn,743,1.4645744456970498,ok,14.213675246085423,1.432187701766452e-11
AsIn,744,1.3952164471847102,ok,14.512039534404952,1.0590905930030203e-10
AsIn,745,1.1263477321343236,tilt_failed,,
AsIn,746,1.3173509635119567,ok,14.417883590959853,8.881784197001252e-16
AsIn,747,1.1167482788359062,tilt_failed,,
AsIn,748,1.694493506989641,ok,14.165985872132708,2.1094237467877974e-15
AsIn,749,1.302262799573773,ok,14.284597904784324,3.913980251013527e-12
AsIn,751,1.4302325000328935,ok,14.157426240910429,1.7254864204119258e-11
AsIn,752,1.1843795937360242,ok,14.480246618436478,2.220446049250313e-15
AsIn,753,1.2467991454991594,ok,14.457013333690284,5.8268945224426716e-12
AsIn,754,1.3084037010738316,ok,14.240576944212592,2.199351811782435e-13
AsIn,755,1.127904637347318,tilt_failed,,
AsIn,756,1.1362818426184422,tilt_failed,,
AsIn,757,1.1008023808462577,tilt_failed,,
AsIn,758,1.3949927741481363,ok,14.608641086770703,6.15424156080735e-10
AsIn,759,1.4183842994842464,ok,14.529158796849515,1.6797070401253222e-09
AsIn,760,1.2102611209640577,ok,14.362857390245185,9.717780802276366e-09
AsIn,761,1.2663314026180976,ok,14.154980631989776,1.6986412276764895e-14
AsIn,762,1.3777321774334297,ok,14.252804988815853,2.0117241206207837e-13
AsIn,763,1.3051459637563458,ok,14.337178496578343,3.246842794624172e-10
AsIn,764,1.1478558696214831,tilt_failed,,
AsIn,765,1.1502605178984286,ok,14.526713187928863,4.6705306289140935e-11
AsIn,766,1.0838412212065316,tilt_failed,,
AsIn,767,1.1332403717730348,tilt_failed,,
AsIn,768,1.2320401148776585,ok,14.222234877307702,1.3911094498553211e-13
AsIn,769,1.2486667610503928,ok,14.283375100324001,2.220446049250313e-15
AsIn,770,1.250848039528919,ok,14.33473288765769,1.2878587085651816e-14
AsIn,771,1.3936369998261762,ok,14.236908530831617,8.382827765274214e-11
AsIn,772,1.1205212158736564,tilt_failed,,
AsIn,773,1.3981100032596705,ok,14.379976652689749,2.5091040356528538e-11
AsIn,774,1.2331029301613488,ok,14.460681747071263,1.5941026276777848e-11
AsIn,775,1.1555018982998198,ok,14.640434002739177,1.0837997166390778e-12
AsIn,776,1.2044493992086103,ok,14.712579465898408,5.616893616888774e-10
AsIn,777,1.234105473032425,ok,14.221012072847376,1.8118839761882555e-13
AsIn,778,1.1570272559376111,ok,14.447230898007678,4.8627768478581856e-14
AsIn,779,1.1787220633211999,ok,14.438671266785395,1.6631140908884845e-13
AsIn,780,1.1993280645351014,ok,14.236908530831617,5.876410469340954e-13
AsIn,781,1.4811431690612211,ok,14.390981892832684,6.225020499073253e-12
AsIn,782,1.1483026716648268,tilt_failed,,
AsIn,783,1.2774392044563967,ok,14.442339680166373,4.0763104003360695e-10
AsIn,784,1.8278752279782176,ok,14.508371121023973,1.0559997321024639e-11
AsIn,785,1.1108773276310777,tilt_failed,,
AsIn,787,1.1244237018254992,tilt_failed,,
AsIn,788,1.3448207846155091,ok,14.26258742449846,2.669833243373887e-10
AsIn,789,1.2360806601057681,ok,14.267478642339764,2.4739035264786935e-09
AsIn,790,1.463730019930028,ok,14.287043513704976,1.387991055423754e-09
AsIn,791,1.3486661710751073,ok,14.498588685341367,4.444795642655208e-10
AsIn,792,1.4998417781302211,ok,14.436225657864743,0.0
AsIn,793,1.262363712317896,ok,14.475355400595173,3.7125857943465235e-13
AsIn,794,1.648859186350943,ok,14.355520563483232,1.3315044622430605e-09
AsIn,795,1.4578971675438661,ok,14.573179757421247,6.661338147750939e-15
AsIn,796,1.0771268421274127,tilt_failed,,
AsIn,797,1.3019344124387546,ok,14.360411781324533,8.626432901337466e-13
AsIn,798,1.5813757586167136,ok,14.523044774547884,6.434852650727407e-13
AsIn,799,1.7880193935350666,tilt_failed,,
AsIn,800,1.195687095530662,ok,14.442339680166373,1.0199618927231313e-11
AsIn,801,1.2236251517407148,ok,14.238131335291943,1.1888046103081251e-11
AsIn,802,1.0611425939610082,tilt_failed,,
AsIn,803,1.342126825185788,ok,14.299271558308234,3.1638025532743086e-12
AsIn,804,1.2612192930393813,ok,14.350629345641927,2.696134426827257e-10
AsIn,806,1.1579681711987988,ok,14.332287278737038,1.3606005211386218e-11
AsIn,807,1.2870565508573724,ok,14.351852150102253,3.7691183507604364e-10
AsIn,808,1.1858657415896154,ok,14.56706573511962,8.038014698286133e-13
AsIn,809,1.318700227235636,ok,14.405655546356595,2.03874694904016e-10
AsIn,810,1.3291901552686736,ok,14.423997613261484,1.554312234475219e-14
AsIn,811,1.4888995687284132,ok,14.312722407371822,1.3130385667636801e-11
AsIn,812,1.1934895939338779,ok,14.459458942610937,5.88418203051333e-15
AsIn,813,1.3317096472829055,ok,14.42522041772181,7.622860120903852e-10
AsIn,814,1.1474775913885171,tilt_failed,,
AsIn,815,1.2225593489689772,ok,14.383645066070727,2.4424906541753444e-15
AsIn,816,1.197729369049827,ok,14.288266318165302,2.8073321445276633e-11
AsIn,817,1.1334106835406128,tilt_failed,,
AsIn,818,1.165560238853013,ok,14.382422261610401,1.4285705951522232e-10
AsIn,819,1.198483176689656,ok,14.272369860181065,4.849454171562684e-11
AsIn,820,1.0501245364790412,tilt_failed,,
AsIn,821,1.0636832133118435,tilt_failed,,
AsIn,822,1.0747872770621276,tilt_failed,,
AsIn,823,1.151419329299825,ok,14.55728329943701,3.064215547965432e-13
AlLa3,14,1.9239252842736108,ok,10.566727944437783,7.700950988009936e-12
AlLa3,15,1.1274910127681486,tilt_failed,,
AlLa3,16,1.3560845507149728,ok,10.62997561415894,1.2477952004985582e-10
AlLa3,17,1.9602118459046787,ok,10.58570224535413,8.134419804406434e-10
AlLa3,18,1.2270725297391634,ok,10.489023664494646,2.8199664825478976e-13
AlLa3,19,1.231716841418951,ok,10.692319745741223,1.4432899320127035e-15
AlLa3,20,1.617458444836998,ok,10.52426165191072,5.551115123125783e-16
AlLa3,21,1.1014773083297704,tilt_failed,,
AlLa3,22,1.2230707005175832,ok,10.512515656105363,3.9968028886505635e-14
AlLa3,23,1.5082805379061974,ok,10.533297033299457,5.595524044110789e-14
AlLa3,24,1.1107421871665006,ok,10.621843770909077,7.684732850066212e-10
AlLa3,25,1.6580338897417757,ok,10.641721609964296,2.220446049250313e-16
AlLa3,26,1.4011250231692336,ok,10.592027012326245,1.176836406102666e-13
AlLa3,27,1.1878485234326608,ok,10.634493304853308,2.196665294107447e-09
AlLa3,28,1.2809142917378686,ok,10.521551037494099,9.222556052179698e-11
AlLa3,29,1.14417114939594,tilt_failed,,
AlLa3,30,1.279423498252087,ok,10.513419194244236,1.297850715786808e-12
AlLa3,31,1.127390982145868,tilt_failed,,
AlLa3,32,1.7694527128929365,ok,10.606483622548224,5.551115123125783e-16
AlLa3,33,1.9449744748383688,ok,10.594737626742866,5.773159728050814e-14
AlLa3,34,1.3054588622848027,ok,10.580281016520887,3.304876372567378e-10
AlLa3,35,1.14630375947696,tilt_failed,,
AlLa3,37,1.310178753577754,ok,10.533297033299457,1.0790701665541746e-11
AlLa3,38,1.7442216691830636,ok,10.55136779607693,2.6645352591003757e-15
AlLa3,39,1.1638444276297335,ok,10.676056059241496,7.474021401776554e-13
AlLa3,40,1.4494239809659757,ok,10.62003669463133,9.021672298104022e-13
AlLa3,41,1.8840287893421606,ok,10.467338749161678,1.0791367799356522e-13
AlLa3,42,1.351040894815895,ok,10.589316397909624,2.3511355085048535e-09
AlLa3,43,1.4702120347057033,ok,10.656178220186277,1.0023093466315913e-11
AlLa3,44,1.8297438469304954,ok,10.59293055046512,5.551115123125783e-16
AlLa3,45,1.1493169231325773,tilt_failed,,
AlLa3,46,1.2860263584590699,ok,10.671538368547129,8.29558643999917e-13
AlLa3,47,1.2238275409651755,ok,10.672441906686002,2.615685446016869e-13
AlLa3,48,1.2894190733474804,ok,10.648949915075287,5.218048215738236e-15
AlLa3,49,1.177109438002338,ok,10.566727944437783,3.697486761211621e-12
AlLa3,50,1.2680247255034056,ok,10.74562849593477,6.661338147750939e-16
AlLa3,51,1.179141649423787,ok,10.693223283880096,1.3781642493881918e-11
AlLa3,52,1.3362714590165126,ok,10.527875804466214,4.440892098500626e-16
AlLa3,53,1.9706092067997634,ok,10.743821419657023,1.0196288258157438e-11
AlLa3,54,1.5184273841127947,ok,10.476374130550415,2.7307711647495125e-11
AlLa3,55,1.280423850703025,ok,10.526068728188466,1.7985612998927536e-14
AlLa3,56,1.502562458544429,ok,10.451978600800826,2.3683499605908764e-11
AlLa3,57,1.2200550756937456,ok,10.577570402104266,1.6373913336309442e-09
AlLa3,58,1.2345136582655487,ok,10.59293055046512,1.2922996006636822e-13
AlLa3,59,1.0660111121143323,tilt_failed,,
AlLa3,60,1.3418071048269182,ok,10.587509321631877,6.906164529141279e-11
AlLa3,61,1.1896608565745292,ok,10.591123474187372,3.3306690738754696e-15
AlLa3,62,1.4185845019768744,ok,10.516129808660857,1.250570758060121e-10
AlLa3,63,1.2985196416877565,ok,10.57124563513215,2.284838984678572e-13
AlLa3,64,1.115432932623103,tilt_failed,,
AlLa3,65,1.3555050736729355,ok,10.536911185854951,1.024695883700133e-10
AlLa3,66,1.1061142576035432,tilt_failed,,
AlLa3,67,1.2536100867170448,ok,10.59564116488174,6.799005802804459e-13
AlLa3,68,1.3984362609311423,ok,10.577570402104266,1.3593792758115342e-11
AlLa3,69,1.187244556731469,ok,10.559499639326793,6.75715039477609e-10
AlLa3,70,1.1889132929168749,ok,10.644432224380918,8.386624728018433e-13
AlLa3,71,1.090596341240824,tilt_failed,,
AlLa3,72,1.4536873675875344,ok,10.469145825439426,1.6878423103605655e-09
AlLa3,73,1.1491232568634893,tilt_failed,,
AlLa3,74,1.5519461116386573,ok,10.481795359383657,7.771561172376096e-16
AlLa3,75,1.213740225956765,ok,10.603773008131602,2.5410011872395444e-09
AlLa3,76,1.4834529496675941,ok,10.57847394024314,7.993605777301127e-14
AlLa3,77,2.029600064598912,ok,10.446557371967584,3.400946191334242e-12
AlLa3,78,1.1109698597582736,tilt_failed,,
AlLa3,79,1.1378123861639873,tilt_failed,,
AlLa3,80,1.0891643986680541,tilt_failed,,
AlLa3,81,1.310076556917332,ok,10.62726499974232,1.226574397605873e-12
AlLa3,82,1.1809358978696127,ok,10.78267355962859,2.0726087512912272e-11
AlLa3,83,1.272923944182704,ok,10.611904851381466,1.5726384638981017e-09
AlLa3,84,1.6929295604882841,ok,10.55859610118792,9.988232463342683e-12
AlLa3,86,1.6552762156375826,ok,10.451978600800826,5.440092820663267e-15
AlLa3,87,1.5277331202443705,ok,10.533297033299457,5.588640661358113e-12
AlLa3,88,1.180031941817787,ok,10.78538417404521,1.0187251042736989e-10
AlLa3,89,1.4650364878146038,ok,10.647142838797539,3.825673111634842e-11
AlLa3,90,1.8204379516510834,ok,10.518840423077478,7.771561172376096e-16
AlLa3,91,1.1367427913444363,tilt_failed,,
AlLa3,92,1.4580521646341924,ok,10.641721609964296,3.4434677331773855e-12
AlLa3,93,1.4025405990429631,ok,10.495348431466763,2.44007480887376e-10
AlLa3,94,1.1734459764579346,ok,10.725750656879548,6.212808045802376e-13
AlLa3,95,1.1885887029728321,ok,10.709486970379823,2.464584092365385e-11
AlLa3,96,1.183748064018879,ok,10.61551900393696,4.156675004196586e-13
AlLa3,97,1.6691354279943689,ok,10.742014343379275,5.738152175638334e-10
AlLa3,98,1.5274073571594127,ok,10.665213601575012,8.693490372024826e-12
AlLa3,99,1.349041702506478,ok,10.56853502071553,4.676259379721159e-13
AlLa3,100,1.2686733725284693,ok,10.685091440630234,6.661338147750939e-16
AlLa3,101,1.1952692111054526,ok,10.594737626742866,7.993605777301127e-15
AlLa3,102,1.6428132221391716,ok,10.62997561415894,1.641153879461399e-11
AlLa3,103,1.4789924766230378,ok,10.493541355189015,4.440892098500626e-16
AlLa3,104,1.604887959148538,ok,10.613711927659214,1.057376408652999e-12
AlLa3,105,1.257899489985736,ok,10.599255317437235,5.508020040068118e-09
AlLa3,106,1.5614412208311628,ok,10.661599449019517,3.19611226373695e-10
AlLa3,107,1.081495084123776,tilt_failed,,
AlLa3,108,1.3437669946107347,ok,10.509805041688741,2.8057374201750918e-09
AlLa3,109,1.3583402835227179,ok,10.51432273238311,1.333377852574813e-13
AlLa3,110,1.575061788917229,ok,10.661599449019517,6.283862319378386e-14
AlLa3,111,1.436442909832728,ok,10.577570402104266,1.6671330982376276e-11
AlLa3,112,1.1518957122218951,tilt_failed,,
AlLa3,113,1.5055184596021824,ok,10.70406574154658,2.2995605419851017e-11
AlLa3,114,1.0987198766030724,tilt_failed,,
AlLa3,115,1.5235038680298332,ok,10.702258665268833,1.1826095658307167e-12
AlLa3,116,1.333078688177768,ok,10.59564116488174,2.6726982849112346e-09
AlLa3,117,1.2540089392677942,ok,10.601965931853854,2.4424906541753444e-15
AlLa3,118,1.143882983505564,tilt_failed,,
AlLa3,119,1.3704393263599985,ok,10.62003669463133,4.040967560570152e-11
AlLa3,120,1.144395344691357,tilt_failed,,
AlLa3,121,1.1807788573901603,ok,10.672441906686002,4.186562208019495e-11
AlLa3,122,1.2887006971178392,ok,10.517936884938603,6.353293446892394e-10
AlLa3,123,1.189762463715359,ok,10.713101122935317,1.7712011857184962e-09
AlLa3,124,1.610495299143263,ok,10.573956249548772,7.651996813962114e-10
AlLa3,125,1.411138629723674,ok,10.673345444824875,8.117950756059145e-13
AlLa3,126,1.3527309829010998,ok,10.545946567243687,2.4273378862460504e-09
AlLa3,127,1.4372470134748843,ok,10.655274682047402,1.7920864792131397e-10
AlLa3,128,1.2414276531930049,ok,10.594737626742866,9.89204274048916e-11
AlLa3,129,1.224222092828324,ok,10.607387160687097,3.954836458319733e-12
AlLa3,130,1.3959931932380203,ok,10.608290698825972,9.366152298184716e-11
AlLa3,131,1.1674348404826378,ok,10.709486970379823,5.3734794391857577e-14
AlLa3,132,1.230716631784396,ok,10.617326080214708,1.6619938758566377e-10
AlLa3,133,1.9153698614104122,ok,10.831464619127768,4.6838088962886104e-12
AlLa3,134,1.2107274137413238,ok,10.612808389520339,5.533782321265335e-10
AlLa3,135,1.266400074302206,ok,10.597448241159487,1.176836406102666e-14
AlLa3,136,2.0072148055446664,ok,10.593834088603993,1.851852005074761e-13
AlLa3,137,1.2307455302633798,ok,10.600158855576108,2.0472512574087887e-12
AlLa3,138,1.4948158524550723,ok,10.69683743643559,9.041656312547275e-12
AlLa3,139,1.4394343085446633,ok,10.47998828310591,7.771561172376096e-16
AlLa3,140,1.208104391913723,ok,10.652564067630781,7.644478383639353e-10
AlLa3,141,1.2125461951624,ok,10.519743961216351,2.109303842701138e-10
AlLa3,142,1.3621005063639018,ok,10.597448241159487,1.0168721420455995e-09
AlLa3,143,1.304415160359255,ok,10.596544703020614,3.319566843629218e-13
AlLa3,144,1.139162767366352,tilt_failed,,
AlLa3,145,1.1809791869368715,ok,10.90103705582104,2.942801557992425e-11
AlLa3,146,1.1077392885831656,tilt_failed,,
AlLa3,147,1.5212991981750854,ok,10.698644512713338,2.056355086210715e-12
AlLa3,148,1.4085606637291095,ok,10.7754452545176,5.39124300757976e-13
AlLa3,149,1.1147076984090543,tilt_failed,,
AlLa3,150,1.465561536960908,ok,10.65708175832515,2.020605904817785e-13
AlLa3,151,1.7782887116253359,ok,10.682380826213613,1.6653345369377348e-15
AlLa3,152,1.2889213397543617,ok,10.642625148103171,6.750155989720952e-14
AlLa3,153,1.43422242156877,ok,10.616422542075835,5.225819776910612e-11
AlLa3,154,1.2790711157260268,ok,10.539621800271572,6.784572903484332e-13
AlLa3,155,1.1949958360842703,ok,10.604676546270476,3.574918139293004e-14
AlLa3,156,1.392559330649519,ok,10.63268622857556,1.0820526696875277e-09
AlLa3,157,2.0146862980231384,tilt_failed,,
AlLa3,158,1.2291977529804377,ok,10.560403177465666,2.935651721713839e-11
AlLa3,159,1.4098975511180125,ok,10.560403177465666,1.5535244202169451e-09
AlLa3,160,1.3466578054063896,ok,10.723943580601802,6.516676087642281e-11
AlLa3,161,1.4437610677371713,ok,10.559499639326793,3.774758283725532e-15
AlLa3,162,1.3847319099428506,ok,10.673345444824875,1.8550339042633368e-10
AlLa3,163,1.3262402355053773,ok,10.559499639326793,1.3688028488445525e-10
AlLa3,164,1.1306879890665757,tilt_failed,,
AlLa3,165,1.5011901098702691,ok,10.618229618353581,0.0
AlLa3,166,1.163640736073686,ok,10.695933898296717,9.103828801926284e-14
AlLa3,167,1.437761502755005,ok,10.509805041688741,1.4876988529977098e-14
AlLa3,168,1.1696486834562227,ok,10.769120487545486,3.994582442601313e-13
AlLa3,169,1.0749564463438346,tilt_failed,,
AlLa3,170,1.3618032272215541,ok,10.535104109577205,1.1406142697012456e-10
AlLa3,171,1.1735767108156834,ok,10.54685010538256,2.2913360098186786e-10
AlLa3,172,1.2153105527004915,ok,10.485409511939153,5.773159728050814e-15
AlLa3,173,1.1474876084722654,ok,10.791708941017326,3.7903014060702844e-13
AlLa3,174,1.4111318283749357,ok,10.610097775103718,3.5499569950303567e-09
AlLa3,175,1.0688908404978614,tilt_failed,,
AlLa3,176,1.3773264423154874,ok,10.533297033299457,1.545326533403113e-09
AlLa3,177,1.08263932881456,tilt_failed,,
AlLa3,178,1.1739198743217025,ok,10.644432224380918,2.4384050334447238e-11
AlLa3,179,1.0942454571100102,tilt_failed,,
AlLa3,180,1.1890158521657805,ok,10.691416207602348,1.6041090677987313e-10
AlLa3,181,1.3029027784610538,ok,10.618229618353581,3.4208300636606737e-09
AlLa3,182,1.2152116774250383,ok,10.620940232770202,1.3322676295501878e-15
AlLa3,183,1.1362457556679368,tilt_failed,,
AlLa3,184,1.130157039069779,tilt_failed,,
AlLa3,185,1.3619305641256603,ok,10.563113791882287,1.071143174158351e-12
AlLa3,186,1.7866098777593447,ok,10.798033707989443,1.56097357262297e-12
AlLa3,187,1.2106070966716413,ok,10.630879152297812,1.6260326418660043e-10
AlLa3,188,1.1702211910012936,ok,10.727557733157296,6.750155989720952e-14
AlLa3,189,1.3859855782588169,ok,10.56853502071553,1.6759926779741363e-12
AlLa3,190,1.3071560126575426,ok,10.579377478382014,6.151523734843067e-12
AlLa3,191,1.2391387765366944,ok,10.629072076020066,6.124684759356569e-09
AlLa3,192,1.1338062824699524,tilt_failed,,
AlLa3,193,1.3229109531003695,ok,10.572149173271026,6.492584248007915e-13
AlLa3,194,1.2566149825846944,ok,10.533297033299457,2.3784698655049397e-09
AlLa3,195,1.1592174401246003,tilt_failed,,
AlLa3,196,1.22891909207467,ok,10.616422542075835,1.2079226507921703e-13
AlLa3,197,1.1520028579943609,ok,10.671538368547129,2.8110846983508964e-13
AlLa3,198,1.1968238241844789,ok,10.74562849593477,1.1199485783208729e-11
AlLa3,199,1.1699724372925584,ok,10.620940232770202,2.447295921470527e-09
AlLa3,200,1.1758533730359604,ok,10.657985296464023,1.1342926597990299e-10
AlLa3,201,1.3429071669566661,ok,10.573052711409897,4.0368264286883004e-10
AlLa3,202,1.3737057563015538,ok,10.564920868160035,1.3322676295501878e-14
AlLa3,203,1.1711131798216483,ok,10.75556741546238,5.728750807065808e-14
AlLa3,205,1.1570428018565817,tilt_failed,,
AlLa3,206,1.213185281735262,ok,10.51432273238311,1.1161116475477684e-10
AlLa3,207,1.454830958553857,ok,10.699548050852211,5.142290815385309e-09
AlLa3,208,1.1445793727955857,tilt_failed,,
AlLa3,209,1.3594724772282145,ok,10.612808389520339,2.6201263381153694e-14
AlLa3,210,1.3993969673684326,ok,10.594737626742866,1.4624346178493397e-10
AlLa3,211,1.3193362365046746,ok,10.599255317437235,1.1102230246251565e-15
AlLa3,212,1.0923587376044432,tilt_failed,,
AlLa3,213,1.5349021026957292,ok,10.614615465798087,4.440892098500626e-16
AlLa3,214,1.6340348762511054,ok,10.567631482576656,1.1102230246251565e-15
AlLa3,215,1.3310843958225347,ok,10.559499639326793,5.484501741648273e-13
AlLa3,216,1.3707452381475895,ok,10.638107457408802,2.6400437391771447e-11
AlLa3,217,1.166656266846943,ok,10.565824406298908,1.8883437036265605e-09
AlLa3,219,1.1421813151806643,tilt_failed,,
AlLa3,220,1.2892005959333244,ok,10.62726499974232,8.881784197001252e-16
AlLa3,221,1.1354651202569948,tilt_failed,,
AlLa3,222,1.6637425118184814,ok,10.661599449019517,2.947797561603238e-11
AlLa3,223,1.0834378978178483,tilt_failed,,
AlLa3,224,1.639569113494013,ok,10.790805402878453,2.498286022500906e-10
AlLa3,225,1.192358197028064,ok,10.545946567243687,4.440892098500626e-16
AlLa3,226,1.2700329486781816,ok,10.593834088603993,4.3165471197426086e-13
AlLa3,227,1.2446412551586832,ok,10.517936884938603,2.344546778942913e-11
AlLa3,228,1.2234945806695061,ok,10.691416207602348,5.917488721252084e-13
AlLa3,229,1.3120751034636033,ok,10.584798707215256,1.156852391659413e-13
AlLa3,230,1.297968233710469,ok,10.682380826213613,8.215650382226158e-15
AlLa3,231,1.4521294238640576,ok,10.628168537881193,1.1146639167236572e-13
AlLa3,232,1.3388972283626686,ok,10.610097775103718,1.3274648047456594e-10
AlLa3,233,1.2294966337985014,ok,10.596544703020614,8.992806499463768e-14
AlLa3,234,1.3367577334805303,ok,10.569438558854404,7.771561172376096e-16
AlLa3,235,1.3456178525399523,ok,10.603773008131602,2.1062485089373695e-11
AlLa3,236,1.5347393946965364,ok,10.655274682047402,4.3331982446659367e-10
AlLa3,237,1.372552847769868,ok,10.535104109577205,3.893330102755499e-12
AlLa3,238,1.2078153338483466,ok,10.587509321631877,1.0052074728150728e-09
AlLa3,239,1.136799695865502,tilt_failed,,
AlLa3,240,1.2336936226850275,ok,10.636300381131054,6.7699179595592796e-12
AlLa3,241,1.3908392611094291,ok,10.526068728188466,7.138734048339757e-13
AlLa3,242,1.1380664305711543,tilt_failed,,
AlLa3,243,1.4565967152004817,ok,10.57847394024314,9.992007221626409e-16
AlLa3,244,1.548177238737785,ok,10.638107457408802,2.915445662665661e-12
AlLa3,245,1.0806266280165349,tilt_failed,,
AlLa3,246,1.680666722983827,ok,10.678766673658117,1.1906646779635821e-09
AlLa3,247,1.6023410315738542,ok,10.641721609964296,2.6645352591003757e-15
AlLa3,248,1.280188717801789,ok,10.703162203407707,3.1963143243274317e-10
AlLa3,249,1.1619572733578234,ok,10.757374491740126,6.339373470609644e-14
AlLa3,250,1.6241687379889747,ok,10.652564067630781,2.220446049250313e-16
AlLa3,251,1.407138046146224,ok,10.676959597380371,5.773159728050814e-15
AlLa3,252,1.1634444275069369,ok,10.656178220186277,2.6645352591003757e-14
AlLa3,253,1.145372048940466,ok,10.61551900393696,5.740075081916984e-12
AlLa3,254,1.2480675339326317,ok,10.676959597380371,5.597500241094622e-11
AlLa3,255,1.3171597627074,ok,10.582991630937508,4.070743742090599e-11
AlLa3,256,1.3561775969891958,ok,10.47727766868929,1.6682588643845975e-10
AlLa3,257,1.2394352500850188,ok,10.639010995547675,8.47220071875654e-10
AlLa3,258,1.637894953676489,ok,10.732075423851665,3.3306690738754696e-16
AlLa3,259,1.5415246566853025,ok,10.566727944437783,2.531308496145357e-14
AlLa3,260,1.1629476523510323,ok,10.720329428046306,1.915134717478395e-13
AlLa3,261,1.0955162848962736,tilt_failed,,
AlLa3,262,1.0975952055705966,tilt_failed,,
AlLa3,263,1.4034793707473983,ok,10.485409511939153,1.262101534393878e-12
AlLa3,264,1.1781617188091416,ok,10.730268347573917,3.465952636005909e-09
AlLa3,265,1.390207366972563,ok,10.723943580601802,9.358365193889995e-10
AlLa3,266,1.1866622396078235,ok,10.59564116488174,5.471179065352771e-13
AlLa3,267,1.1944758847773556,ok,10.647142838797539,1.1102230246251565e-15
AlLa3,268,1.2652190542882067,ok,10.604676546270476,3.6177949525040276e-11
AlLa3,269,1.4254635342071718,ok,10.566727944437783,2.074744376301396e-09
AlLa3,270,1.343134553718497,ok,10.751049724768011,2.4424906541753444e-14
AlLa3,271,1.3767236353889774,ok,10.570342096993278,4.402345155085641e-11
AlLa3,272,1.1123357058084111,ok,10.670634830408254,4.628519789662278e-13
AlLa3,273,1.4168121091716548,ok,10.616422542075835,1.0547118733938987e-12
AlLa3,274,1.5026162195969461,ok,10.604676546270476,1.6275869541004795e-13
AlLa3,275,1.2285917591153785,ok,10.777252330795347,7.771561172376096e-15
AlLa3,276,1.2002689769020587,ok,10.71129404665757,1.538715821425285e-10
AlLa3,277,1.302667296554906,ok,10.53420057143833,9.992007221626409e-16
AlLa3,278,1.4852332540144135,ok,10.579377478382014,5.117350987404734e-11
AlLa3,279,1.3858827829562197,ok,10.710390508518696,1.0258460747536446e-13
AlLa3,280,1.2044967441274137,ok,10.62997561415894,7.347900066179136e-12
AlLa3,281,1.238996724981717,ok,10.545946567243687,1.16968656982408e-11
AlLa3,282,1.2101433517951088,ok,10.658888834602898,8.720291155839277e-11
AlLa3,283,1.160886390548463,ok,10.542332414688193,5.051514762044462e-14
AlLa3,284,1.0712993897941343,tilt_failed,,
AlLa3,286,1.147957650854384,ok,10.633589766714433,8.290035324876044e-12
AlLa3,287,1.3506629482712298,ok,10.634493304853308,5.619060772232842e-12
AlLa3,288,1.3733169691241391,ok,10.60558008440935,5.88418203051333e-15
AlLa3,289,1.1352000177616108,tilt_failed,,
AlLa3,291,1.3762486528236826,ok,10.56853502071553,1.7755130699015353e-11
AlLa3,292,1.1922451821724587,ok,10.656178220186277,2.3780977187470853e-13
AlLa3,293,1.1904444218079908,ok,10.672441906686002,1.0673684158746255e-12
AlLa3,294,1.149568554521543,tilt_failed,,
AlLa3,295,1.0830228085601892,tilt_failed,,
AlLa3,296,1.6428727676551007,ok,10.443846757550963,4.699574063238288e-13
AlLa3,297,1.3153787662995995,ok,10.582991630937508,5.803468816623081e-12
AlLa3,298,1.546156860171355,ok,10.626361461603445,3.552713678800501e-15
AlLa3,299,1.1303484304213467,tilt_failed,,
AlLa3,300,1.1358105762881288,tilt_failed,,
AlLa3,301,1.1203710110134675,tilt_failed,,
AlLa3,302,1.1659907139018306,ok,10.741110805240401,6.328271240363392e-14
AlLa3,303,1.2387421296396957,ok,10.722136504324054,2.64743249545063e-09
AlLa3,304,1.2173154420689452,ok,10.501673198438878,4.207183490478883e-10
AlLa3,305,1.1558965557084193,tilt_failed,,
AlLa3,306,1.8258196744662636,ok,10.657985296464023,2.7846613903648176e-12
AlLa3,307,1.1436358108272733,tilt_failed,,
AlLa3,308,1.1480605101444028,tilt_failed,,
AlLa3,309,1.1982749686549095,ok,10.573052711409897,2.6645352591003757e-15
AlLa3,310,1.6516077338534148,ok,10.683284364352486,1.1313412429103664e-09
AlLa3,311,1.3152829920740927,ok,10.62726499974232,4.856115509710435e-13
AlLa3,312,1.1979141060348635,ok,10.683284364352486,7.129346002443526e-10
AlLa3,313,1.172221976858001,ok,10.676056059241496,1.0362934954599723e-09
AlLa3,314,1.0918696604343066,tilt_failed,,
AlLa3,315,1.1608814571758115,ok,10.720329428046306,3.9817038555156614e-12
AlLa3,316,1.3487329521883222,ok,10.545043029104814,6.677545183464417e-10
AlLa3,317,1.4330893558471474,ok,10.653467605769656,5.233813382687913e-12
AlLa3,318,1.5619313928759844,ok,10.58118455465976,1.777133995517488e-11
AlLa3,319,1.2982022868066938,ok,10.647142838797539,7.538281110441858e-10
AlLa3,320,1.166710430208393,ok,10.770024025684359,7.90234544467694e-12
AlLa3,321,1.21604499153276,ok,10.574859787687645,1.3151226774255065e-09
AlLa3,322,1.2660816659977676,ok,10.54413949096594,2.2724488957237554e-11
AlLa3,323,1.20467944867305,ok,10.63268622857556,2.8250957129216658e-11
AlLa3,324,1.1284486720638658,tilt_failed,,
AlLa3,325,1.1507006662044919,tilt_failed,,
AlLa3,326,1.2148807908770896,ok,10.584798707215256,2.6645352591003757e-15
AlLa3,327,1.1862481748963218,ok,10.709486970379823,4.825806421138168e-12
AlLa3,328,1.4049626379081834,ok,10.723943580601802,1.1408651801048109e-12
AlLa3,329,1.2341072324353346,ok,10.474567054272669,2.0872192862952943e-14
AlLa3,330,1.1535173273721693,tilt_failed,,
AlLa3,331,1.1367278057719827,tilt_failed,,
AlLa3,332,1.076155895798754,tilt_failed,,
AlLa3,333,1.189435567980418,ok,10.635396842992181,3.178834973027733e-11
AlLa3,334,1.1108768669256595,tilt_failed,,
AlLa3,335,1.3687987337976693,ok,10.792612479156201,6.661338147750939e-16
AlLa3,336,1.2672968510267717,ok,10.52426165191072,1.4565793016174666e-10
AlLa3,337,1.2260974915502865,ok,10.752856801045759,2.042810365310288e-14
AlLa3,338,1.1506847238368165,tilt_failed,,
AlLa3,339,1.1087154827616823,tilt_failed,,
AlLa3,340,1.1215601641597521,tilt_failed,,
AlLa3,342,1.1794689713014943,ok,10.634493304853308,1.0112655157712425e-10
AlLa3,343,1.2773082776931366,ok,10.532393495160584,7.771561172376096e-16
AlLa3,344,1.0860828738982202,tilt_failed,,
AlLa3,345,1.1228328194471267,tilt_failed,,
AlLa3,346,1.1417771517915833,tilt_failed,,
AlLa3,347,1.0699845842885711,tilt_failed,,
AlLa3,348,1.058250336694259,tilt_failed,,
AlLa3,349,1.1911417433598366,ok,10.580281016520887,7.37188088351104e-14
AlLa3,350,1.1126864450648384,tilt_failed,,
AlLa3,351,1.2296345688578563,ok,10.63268622857556,1.494824264369754e-10
AlLa3,352,1.2833141131667836,ok,10.478181206828163,1.4972787454325953e-09
AlLa3,353,1.1213262395890362,ok,10.590219936048499,1.9984014443252818e-15
AlLa3,354,1.265572794823797,ok,10.661599449019517,2.3423485373541553e-12
AlLa3,355,1.2629755899473643,ok,10.60286946999273,1.0151213203357656e-10
AlLa3,356,1.2253059371390322,ok,10.473663516133794,1.5983736556535177e-09
AlLa3,357,1.62683960160354,ok,10.675152521102623,1.4257912628323766e-09
AlLa3,358,1.2735506324126102,ok,10.538718262132699,1.0859313448463581e-11
AlLa3,359,1.1617670934855173,ok,10.788998326600705,1.3582468483264165e-12
AlLa3,360,1.4385159754291021,ok,10.493541355189015,2.865485626557529e-13
AlLa3,361,1.126003105324922,tilt_failed,,
AlLa3,362,1.2041685366719816,ok,10.574859787687645,1.3357703831928802e-09
AlLa3,363,1.341297163318002,ok,10.474567054272669,1.3988810110276972e-14
AlLa3,364,1.1151571200865276,tilt_failed,,
AlLa3,365,1.282355370779571,ok,10.654371143908529,2.093436535233195e-12
AlLa3,366,1.0990796052451637,tilt_failed,,
AlLa3,367,1.2983283167696047,ok,10.565824406298908,3.710365348297273e-12
AlLa3,368,1.1527496212107444,ok,10.786287712184084,1.2864820320146464e-11
AlLa3,369,1.1350161946535426,tilt_failed,,
AlLa3,370,1.6170668568800564,ok,10.636300381131054,3.455491448534076e-10
AlLa3,371,1.3892441979490942,ok,10.476374130550415,2.120525977034049e-14
AlLa3,372,1.1976943296553733,ok,10.78267355962859,8.211209490127658e-13
AlLa3,373,1.1401772786987514,ok,10.593834088603993,5.779754452817087e-10
AlLa3,374,1.060784695715523,tilt_failed,,
AlLa3,375,3.0581518403717918,ok,10.516129808660857,4.440892098500626e-16
AlLa3,376,1.4309905800329736,ok,10.647142838797539,2.478839356001572e-11
AlLa3,377,1.1250873382301165,tilt_failed,,
AlLa3,378,1.2752228066140243,ok,10.612808389520339,8.881784197001252e-15
AlLa3,379,1.062726014870776,tilt_failed,,
AlLa3,380,1.6884703933567151,ok,10.641721609964296,1.4432899320127035e-14
AlLa3,381,2.194805806759194,ok,10.59564116488174,5.218048215738236e-15
AlLa3,382,1.335952112571216,ok,10.58118455465976,2.432587464795688e-11
AlLa3,383,1.2506175753824262,ok,10.638107457408802,2.429676460025121e-10
AlLa3,384,1.2076858355504752,ok,10.647142838797539,1.480605749115682e-09
AlLa3,385,1.2493459645091587,ok,10.563113791882287,3.9968028886505635e-15
AlLa3,386,1.1589997043852054,ok,10.677863135519244,1.9373391779708982e-13
AlLa3,387,1.244557352503501,ok,10.609194236964845,2.431388423929093e-13
AlLa3,388,1.443703752679078,ok,10.682380826213613,1.0614065182323884e-10
AlLa3,389,1.280235817579214,ok,10.597448241159487,2.297939616369149e-12
AlLa3,390,1.4346304650873953,ok,10.560403177465666,2.7115665268695466e-10
AlLa3,391,1.4507604650236898,ok,10.561306715604541,3.3306690738754696e-14
AlLa3,392,1.2524885068141338,ok,10.747435572212517,5.793987511992782e-11
AlLa3,393,1.2425825175964484,ok,10.601965931853854,4.90135709796391e-11
AlLa3,394,1.1501490379880381,tilt_failed,,
AlLa3,395,1.1849833024421326,ok,10.676959597380371,4.263256414560601e-14
AlLa3,396,1.0772152675790791,tilt_failed,,
AlLa3,397,1.2087061825225405,ok,10.599255317437235,8.881784197001252e-16
AlLa3,398,1.1462464293265513,ok,10.562210253743414,2.4799939879471822e-11
AlLa3,399,1.3382816579563726,ok,10.597448241159487,2.928388642686741e-10
AlLa3,400,1.251848147275931,ok,10.644432224380918,9.059419880941277e-13
AlLa3,401,1.1570990566039872,ok,10.732978961990538,4.151855526046688e-09
AlLa3,402,1.1421309306183856,tilt_failed,,
AlLa3,403,1.4433773730875004,ok,10.573052711409897,2.984279490192421e-13
AlLa3,404,1.0354218994671103,tilt_failed,,
AlLa3,405,1.0861188873526317,tilt_failed,,
AlLa3,406,1.3852308132637576,ok,10.671538368547129,2.4855073554874707e-10
AlLa3,407,1.2139245009429938,ok,10.58570224535413,1.6626560128685242e-09
AlLa3,408,1.0722434142159927,tilt_failed,,
AlLa3,409,1.225654413129631,ok,10.629072076020066,1.3287149158713873e-12
AlLa3,410,1.2967234231405809,ok,10.46553167288393,8.659739592076221e-15
AlLa3,411,1.629279840195662,ok,10.573956249548772,6.972200594645983e-14
AlLa3,412,1.2810387463453972,ok,10.617326080214708,1.3322676295501878e-15
AlLa3,413,1.2265862456647345,ok,10.74562849593477,1.1541878564003127e-12
AlLa3,414,1.2210204093548858,ok,10.510708579827615,5.551115123125783e-16
AlLa3,415,1.5184719871753591,ok,10.667924215991633,2.3833099938030955e-09
AlLa3,416,1.2722859334916767,ok,10.641721609964296,8.881784197001252e-16
AlLa3,417,1.2274538988264538,ok,10.725750656879548,4.6629367034256575e-15
AlLa3,418,1.3000115511531272,ok,10.648046376936414,2.220446049250313e-16
AlLa3,419,1.230501234521634,ok,10.554981948632424,8.985945321171585e-10
AlLa3,420,1.1476294123051554,ok,10.637203919269929,2.1465051958102777e-12
AlLa3,421,1.355494102632078,ok,10.580281016520887,1.687538997430238e-14
AlLa3,422,1.1348860006354347,tilt_failed,,
AlLa3,423,1.4870029114220686,ok,10.593834088603993,3.2573943542502093e-13
AlLa3,424,1.259555766456639,ok,10.706776355963202,3.4516212110702327e-10
AlLa3,425,1.1382302712731849,tilt_failed,,
AlLa3,426,1.2079215767347853,ok,10.723943580601802,2.5909823175851443e-09
AlLa3,427,1.1228121522925916,tilt_failed,,
AlLa3,428,1.091789680613647,tilt_failed,,
AlLa3,429,1.464779374919387,ok,10.589316397909624,4.440892098500626e-16
AlLa3,430,1.2473595095250318,ok,10.639010995547675,9.474877105120072e-09
AlLa3,431,1.1313028508273888,tilt_failed,,
AlLa3,432,1.5646356321412305,ok,10.579377478382014,8.195666367782906e-12
AlLa3,433,1.364212406378156,ok,10.577570402104266,1.2656542480726785e-14
AlLa3,434,1.0792536448618566,tilt_failed,,
AlLa3,435,1.7627691213210244,ok,10.552271334215803,4.440892098500626e-16
AlLa3,436,1.282370572736658,ok,10.62003669463133,6.459677237558026e-11
AlLa3,437,1.1825567466401468,ok,10.70406574154658,9.658940314238862e-14
AlLa3,438,1.079207962602121,tilt_failed,,
AlLa3,439,1.2426391522277007,ok,10.77273464010098,2.9068525364550624e-11
AlLa3,440,1.088967398875207,tilt_failed,,
AlLa3,441,1.141053082360812,tilt_failed,,
AlLa3,442,1.115629503130851,tilt_failed,,
AlLa3,443,1.5270861343720454,ok,10.927239661848377,5.396927349465841e-11
AlLa3,444,1.1603186907265326,ok,10.683284364352486,5.300204719560497e-13
AlLa3,445,1.0731749302895968,tilt_failed,,
AlLa3,446,1.19538450607341,ok,10.730268347573917,1.0591527654923993e-13
AlLa3,447,1.334275663041531,ok,10.481795359383657,2.90878432451791e-13
AlLa3,448,1.2120314513289339,ok,10.74833911035139,3.4416913763379853e-15
AlLa3,449,1.384121343184289,ok,10.532393495160584,1.2212453270876722e-15
AlLa3,450,1.2299074987706504,ok,10.698644512713338,9.23294773969019e-12
AlLa3,451,1.11669371530544,tilt_failed,,
AlLa3,452,1.205638357790363,ok,10.631782690436687,4.833973110685008e-09
AlLa3,453,1.1321974221347502,tilt_failed,,
AlLa3,454,1.359268164606965,ok,10.703162203407707,9.67763646997355e-11
AlLa3,455,1.1165295419048638,tilt_failed,,
AlLa3,456,1.055208231200321,tilt_failed,,
AlLa3,457,1.0850011837940292,tilt_failed,,
AlLa3,458,1.1525242334089403,tilt_failed,,
AlLa3,459,1.0470985878998593,tilt_failed,,
AlLa3,460,1.2308036101152342,ok,10.613711927659214,9.103828801926284e-15
AlLa3,461,1.5920860236703889,ok,10.555885486771299,7.771561172376096e-16
AlLa3,462,1.3854258155490178,ok,10.575763325826518,7.771561172376096e-16
AlLa3,463,1.0849593328569764,tilt_failed,,
AlLa3,464,1.0700449619782797,tilt_failed,,
AlLa3,465,1.0275174753837455,tilt_failed,,
AlLa3,466,1.1346531946558909,tilt_failed,,
AlLa3,468,1.1318368862184758,tilt_failed,,
AlLa3,469,1.2095694293509318,ok,10.592027012326245,1.3806800147619924e-10
AlLa3,470,1.5779870702348844,ok,10.768216949406611,2.886579864025407e-15
AlLa3,471,1.0261788586800569,tilt_failed,,
AlLa3,472,1.1561157514912712,tilt_failed,,
AlLa3,473,1.6059346508109438,ok,10.530586418882836,7.696066006701585e-13
AlLa3,474,1.466418119016077,ok,10.67424898296375,1.0080825063596421e-12
AlLa3,475,1.2483124062073767,ok,10.515226270521982,8.628653347386717e-13
AlLa3,476,1.1323394191215936,tilt_failed,,
AlLa3,477,1.1157744171183464,tilt_failed,,
AlLa3,478,1.0963608390268098,tilt_failed,,
AlLa3,479,1.1736471207353616,ok,10.73117188571279,1.887379141862766e-14
AlLa3,480,1.1117976181579046,ok,10.664310063436139,1.6484591469634324e-12
AlLa3,481,1.3531850996477426,ok,10.682380826213613,2.018876177345419e-10
AlLa3,482,1.2741120260892569,ok,10.51161211796649,7.771561172376096e-16
AlLa3,483,1.038157275269428,tilt_failed,,
AlLa3,484,1.3049020289038429,ok,10.61551900393696,2.3268311721835744e-09
AlLa3,485,1.5024110348762156,ok,10.57847394024314,5.400413449763164e-11
AlLa3,486,1.0681606550782332,tilt_failed,,
AlLa3,487,1.1638296211943198,ok,10.695030360157844,6.150635556423367e-14
AlLa3,488,1.2335539301771752,ok,10.797130169850568,2.6645352591003757e-15
AlLa3,489,1.0972661620780213,tilt_failed,,
AlLa3,491,1.2202170726462003,ok,10.59293055046512,3.952764560111177e-09
AlLa3,492,1.1300116197049772,tilt_failed,,
AlLa3,493,1.0480165379512054,tilt_failed,,
AlLa3,494,1.1551438206204423,ok,10.577570402104266,7.793765632868599e-14
AlLa3,495,1.5730292257311251,ok,10.528779342605088,8.768541448489486e-12
AlLa3,496,1.074112088120181,tilt_failed,,
AlLa3,497,1.0608326288277128,tilt_failed,,
AlLa3,498,1.0502508991900386,tilt_failed,,
AlLa3,499,1.036143690153636,tilt_failed,,
AlLa3,500,1.0860823441511978,tilt_failed,,
AlLa3,501,1.2897122051975274,ok,10.644432224380918,1.7848729161329402e-09
AlLa3,502,1.3294383485105485,ok,10.631782690436687,3.710365348297273e-13
AlLa3,503,1.126419953921828,tilt_failed,,
AlLa3,504,1.084408160751736,tilt_failed,,
AlLa3,505,1.068016751025833,tilt_failed,,
AlLa3,506,1.0842426831675613,tilt_failed,,
AlLa3,507,1.3625354729752437,ok,10.55407841049355,6.3293814633880174e-12
AlLa3,508,1.3992882063128023,ok,10.610097775103718,2.59044785622109e-10
AlLa3,509,1.0920591622104803,tilt_failed,,
AlLa3,510,1.281007085547604,ok,10.650756991353035,1.3840768531281356e-09
AlLa3,511,1.3940162954417472,ok,10.783577097767463,3.952171923060632e-12
AlLa3,512,1.028004033590029,tilt_failed,,
AlLa3,513,1.0754531338532665,tilt_failed,,
AlLa3,514,1.1290047319323775,tilt_failed,,
AlLa3,515,1.1540961103684013,tilt_failed,,
AlLa3,516,1.0732988848754477,tilt_failed,,
AlLa3,517,2.552750373497472,ok,10.456496291495196,1.3362533302085922e-11
AlLa3,518,1.207599905396106,ok,10.612808389520339,6.654166107011861e-11
AlLa3,519,1.2131314543922447,ok,10.512515656105363,7.993294914854232e-11
AlLa3,520,1.0395397254286556,tilt_failed,,
AlLa3,521,1.207242111858359,ok,10.668827754130508,1.331923460412554e-10
AlLa3,522,1.5948177636208922,ok,10.476374130550415,1.7763568394002505e-15
AlLa3,523,1.3898149719830528,ok,10.58570224535413,4.848854651129386e-11
AlLa3,524,1.1620048108236,ok,10.993197945986156,3.8835601401387976e-13
AlLa3,525,1.1119655104691213,tilt_failed,,
AlLa3,526,1.0638306187470297,tilt_failed,,
AlLa3,527,1.161646340928487,ok,10.734786038268286,2.8496538462263743e-11
AlLa3,528,1.053579142661157,tilt_failed,,
AlLa3,529,1.3579125363916082,ok,10.526972266327341,6.328271240363392e-15
AlLa3,530,1.1953578692528664,ok,10.626361461603445,1.585287456862261e-11
AlLa3,531,1.2953720770768213,ok,10.601965931853854,2.7000623958883807e-13
AlLa3,532,1.2254043502917111,ok,10.561306715604541,6.601827973184982e-10
AlLa3,533,1.10342514216843,tilt_failed,,
AlLa3,534,1.0419312588201404,tilt_failed,,
AlLa3,535,1.1213214887456953,tilt_failed,,
AlLa3,536,1.3334181003682204,ok,10.519743961216351,7.531752999057062e-13
AlLa3,537,1.1916521869498526,ok,10.607387160687097,1.1102230246251565e-15
AlLa3,538,1.0906362882662763,tilt_failed,,
AlLa3,539,1.482813276329974,ok,10.507997965410993,1.161209572941857e-09
AlLa3,540,1.07145714671719,tilt_failed,,
AlLa3,541,1.3281704825123353,ok,10.642625148103171,6.448175327022909e-13
AlLa3,542,1.1450576885672918,ok,10.61551900393696,1.3777867735598193e-12
AlLa3,543,1.3428091909843654,ok,10.54685010538256,4.0203251838732967e-10
AlLa3,544,1.1190120836294777,tilt_failed,,
AlLa3,545,1.5559622718193424,ok,10.601965931853854,5.690559135018702e-12
AlLa3,546,1.2035695009052403,ok,10.608290698825972,3.7576053379950736e-10
AlLa3,547,1.1069042659343584,tilt_failed,,
AlLa3,548,1.1702734019716694,ok,10.751953262906884,8.529667527845675e-09
AlLa3,549,1.3640783577535511,ok,10.612808389520339,2.220446049250313e-15
AlLa3,550,1.2579637141341493,ok,10.60286946999273,1.3478573812619743e-10
AlLa3,551,1.1458396537656301,tilt_failed,,
AlLa3,552,1.3127582868646086,ok,10.531489957021709,1.9961809982760315e-13
AlLa3,553,1.1533645364784628,ok,10.59293055046512,8.659739592076221e-15
AlLa3,554,1.084671925685571,tilt_failed,,
AlLa3,555,1.0643603212308335,tilt_failed,,
AlLa3,556,1.0425286930831037,tilt_failed,,
AlLa3,557,1.0620238054284048,tilt_failed,,
AlLa3,558,1.1908478712611241,ok,10.723943580601802,3.2516211945221585e-12
AlLa3,559,1.2926455505764893,ok,10.520647499355224,7.771561172376096e-16
AlLa3,560,1.2289021169568826,ok,10.608290698825972,5.551115123125783e-16
AlLa3,561,1.0565281907190043,tilt_failed,,
AlLa3,562,1.0504659159101686,tilt_failed,,
AlLa3,563,1.5592580295757577,ok,10.692319745741223,5.3501647556686294e-11
AlLa3,564,1.2228748677795211,ok,10.597448241159487,7.171443439091263e-10
AlLa3,565,1.1516596580595817,tilt_failed,,
AlLa3,566,1.2629731761539318,ok,10.703162203407707,5.475699893509045e-10
AlLa3,567,1.1452085085050603,tilt_failed,,
AlLa3,568,1.3628011950194494,ok,10.601062393714983,1.511013536514838e-12
AlLa3,569,1.4058367581909883,ok,10.654371143908529,2.0317081350640365e-13
AlLa3,570,1.2754255202963283,ok,10.62003669463133,4.944555875852075e-11
AlLa3,571,1.2449289984344638,ok,10.677863135519244,6.313085609832569e-10
AlLa3,572,1.1195291822920295,tilt_failed,,
AlLa3,573,1.0893441989326447,tilt_failed,,
AlLa3,574,1.127657972110392,tilt_failed,,
AlLa3,575,1.2345442914765088,ok,10.657985296464023,6.906697436193099e-12
AlLa3,576,1.4340606211930524,ok,10.751953262906884,1.1102230246251565e-16
AlLa3,577,1.6602213334994511,ok,10.483602435661405,8.042180255074527e-10
AlLa3,578,1.0847023047820183,tilt_failed,,
AlLa3,579,1.111259314048245,tilt_failed,,
AlLa3,580,1.1000405541497054,tilt_failed,,
AlLa3,581,1.201168334522767,ok,10.67424898296375,3.8120617773529375e-12
AlLa3,582,1.2244756908659498,ok,10.639010995547675,5.551115123125783e-16
AlLa3,583,1.0470732876328228,tilt_failed,,
AlLa3,584,1.1634785711065403,tilt_failed,,
AlLa3,585,1.5604574008513528,ok,10.466435211022805,4.260147790091651e-12
AlLa3,586,1.4024922045067219,ok,10.523358113771845,4.0523140398818214e-14
AlLa3,587,1.126071575809924,tilt_failed,,
AlLa3,588,1.5116118118963864,ok,10.577570402104266,5.055955654142963e-13
AlLa3,589,1.0921434205919514,tilt_failed,,
AlLa3,590,1.1317148948873987,tilt_failed,,
AlLa3,591,1.215493972786655,ok,10.62274730904795,7.0453831657602e-10
AlLa3,592,1.4333685868964163,ok,10.510708579827615,6.661338147750939e-16
AlLa3,593,1.153969392702866,ok,10.727557733157296,1.4917178603468528e-11
AlLa3,594,1.1201904677318644,tilt_failed,,
AlLa3,595,1.1108004815198855,tilt_failed,,
AlLa3,596,1.598968454006404,ok,10.49986612216113,1.063803711787159e-09
AlLa3,597,1.1653368917721894,ok,10.780866483350842,4.0967229608668276e-13
AlLa3,598,1.0668108099770908,tilt_failed,,
AlLa3,599,1.2880755585137602,ok,10.840500000516505,4.418687638008123e-14
AlLa3,600,1.0518435470435687,tilt_failed,,
AlLa3,601,1.1634299095579057,ok,10.574859787687645,4.412026299860372e-13
AlLa3,602,1.0708559786703797,tilt_failed,,
AlLa3,603,1.267706736756795,ok,10.582991630937508,2.467004378559068e-11
AlLa3,604,1.075003899929044,tilt_failed,,
AlLa3,605,1.1267107802498304,tilt_failed,,
AlLa3,606,1.080174280003938,tilt_failed,,
AlLa3,607,1.1174987870622635,tilt_failed,,
AlLa3,608,1.0324524330012739,tilt_failed,,
AlLa3,609,1.0969438634781392,tilt_failed,,
AlLa3,610,1.038968298693158,tilt_failed,,
AlLa3,611,1.1816142439104695,ok,10.564920868160035,5.684341886080802e-14
AlLa3,612,1.2446131482306675,ok,10.604676546270476,2.2736479365903506e-11
AlLa3,613,1.2674343291754524,ok,10.58841285977075,3.361089184750199e-12
AlLa3,614,1.308657603913992,ok,10.642625148103171,5.062616992290714e-14
AlLa3,615,1.2067154655634993,ok,10.566727944437783,2.6140245523720296e-10
AlLa3,616,1.3209555141205536,ok,10.690512669463475,1.7712129540825572e-09
AlLa3,617,1.1613872662236318,tilt_failed,,
AlLa3,618,1.3333217814419691,ok,10.513419194244236,3.223932232288007e-11
AlLa3,619,1.2123112821016597,ok,10.675152521102623,3.143130200555788e-11
AlLa3,620,1.1571634233029482,tilt_failed,,
AlLa3,621,1.1107861740245868,tilt_failed,,
AlLa3,622,1.189229986348954,ok,10.573052711409897,6.930456208920077e-12
AlLa3,623,1.1065458071595184,tilt_failed,,
AlLa3,624,1.5427943384390168,ok,10.47998828310591,1.5177681333966575e-10
AlLa3,625,1.194888263492166,ok,10.495348431466763,1.1472112149135683e-10
AlLa3,626,1.1304261135410982,tilt_failed,,
AlLa3,627,1.1285293684186026,tilt_failed,,
AlLa3,628,1.064765498937828,tilt_failed,,
AlLa3,629,1.0942427915594057,tilt_failed,,
AlLa3,630,1.3228530138509245,ok,10.658888834602898,8.881784197001252e-16
AlLa3,631,1.5058878697718867,ok,10.626361461603445,5.551115123125783e-16
AlLa3,632,1.204551130844791,ok,10.58841285977075,1.6778427536223717e-09
AlLa3,633,1.3835459500754543,ok,10.92814319998725,1.4897729716523145e-09
AlLa3,634,1.3900164560891362,ok,10.576666863965393,1.0857981180834031e-13
AlLa3,635,1.3392843280548152,ok,10.528779342605088,5.551115123125783e-16
AlLa3,636,1.2430809820097486,ok,10.614615465798087,3.949729432406457e-11
AlLa3,637,1.1384893634974496,tilt_failed,,
AlLa3,638,1.0746514591658638,tilt_failed,,
AlLa3,639,1.5507708726571419,ok,10.60286946999273,9.747758156208874e-14
AlLa3,640,1.1039533760307219,tilt_failed,,
AlLa3,641,1.716808061046379,ok,10.42848660919011,2.4815161037139433e-10
AlLa3,642,1.15556227935999,tilt_failed,,
AlLa3,643,1.1257512319527256,tilt_failed,,
AlLa3,644,1.4381726871913751,ok,10.621843770909077,3.5265124154193472e-12
AlLa3,645,1.1012523903786384,tilt_failed,,
AlLa3,646,1.2754611503402158,ok,10.479084744967036,5.5073723359555515e-12
AlLa3,647,1.1300563841728593,tilt_failed,,
AlLa3,648,1.1963245022016702,ok,10.586605783493003,2.915667707270586e-12
AlLa3,649,1.0656406908046188,tilt_failed,,
AlLa3,650,2.171150857033295,ok,10.490830740772394,2.9976021664879227e-15
AlLa3,651,1.185311113838804,ok,10.621843770909077,5.262457136723242e-14
AlLa3,652,1.124733224716892,tilt_failed,,
AlLa3,653,1.0708683112253563,tilt_failed,,
AlLa3,654,1.0815223431623415,tilt_failed,,
AlLa3,655,1.2860278815882444,ok,10.651660529491908,4.440892098500626e-16
AlLa3,657,1.119462564835952,tilt_failed,,
AlLa3,658,1.1010592881706607,tilt_failed,,
AlLa3,659,1.3572512400163907,ok,10.484505973800278,8.209286583849007e-10
AlLa3,660,1.1724010134359886,ok,10.630879152297812,1.1894929485833927e-12
AlLa3,661,1.1827772243151622,ok,10.784480635906338,1.1901590823981678e-13
AlLa3,662,1.0910184168514014,tilt_failed,,
AlLa3,663,1.0656478952176092,tilt_failed,,
AlLa3,664,1.144183317283355,tilt_failed,,
AlLa3,665,1.7602510401913272,tilt_failed,,
AlLa3,666,1.1401459351239513,tilt_failed,,
AlLa3,667,1.2263612534549424,ok,10.494444893327888,8.258851380560372e-10
AlLa3,668,1.2798428607989982,ok,10.508901503549868,6.373618299804207e-10
AlLa3,669,1.085232482929601,tilt_failed,,
AlLa3,670,1.0554452661745461,tilt_failed,,
AlLa3,671,1.652046949029803,ok,10.480891821244784,4.682698673263985e-12
AlLa3,672,1.2416838277420752,ok,10.776348792656474,3.3439917501709715e-12
AlLa3,673,1.2781876051672627,ok,10.560403177465666,2.0530777078420215e-09
AlLa3,674,1.207933389330646,ok,10.750146186629138,1.70853242664748e-09
AlLa3,675,1.162111940051532,ok,10.670634830408254,9.110490140074035e-12
AlLa3,676,1.5211645510157898,tilt_failed,,
AlLa3,677,1.2450379848219353,ok,10.685994978769108,4.269917752708352e-13
AlLa3,678,1.095180663218599,tilt_failed,,
AlLa3,679,1.2782766486362338,ok,10.603773008131602,1.9099850590009737e-09
AlLa3,680,1.1024461824685508,tilt_failed,,
AlLa3,681,1.4598782889936575,ok,10.532393495160584,3.256506175830509e-12
AlLa3,682,1.1590535694655726,ok,10.666117139713887,5.6673707948817764e-09
AlLa3,683,1.1638297000632745,tilt_failed,,
AlLa3,684,1.3043870332739247,ok,10.762795720573369,2.013944566670034e-13
AlLa3,685,1.051066528212449,tilt_failed,,
AlLa3,686,1.2459973478485467,ok,10.520647499355224,5.873079800267078e-13
AlLa3,687,1.0918641441484933,tilt_failed,,
AlLa3,688,1.1282098749277671,tilt_failed,,
AlLa3,689,1.0883580536584898,tilt_failed,,
AlLa3,690,1.098963676579011,tilt_failed,,
AlLa3,691,1.4079563797735437,ok,10.570342096993278,2.220446049250313e-16
AlLa3,692,1.3161881356911644,ok,10.523358113771845,4.3431924723336124e-13
AlLa3,693,1.290646694739161,ok,10.624554385325698,5.329070518200751e-15
AlLa3,694,1.0806030528811434,tilt_failed,,
AlLa3,695,1.1980522977140051,ok,10.582088092798635,4.3999914822734354e-11
AlLa3,696,1.1309207686708938,ok,10.635396842992181,8.30524093942131e-10
AlLa3,697,1.1128800884383643,tilt_failed,,
AlLa3,698,1.367542812801651,ok,10.563113791882287,7.183142969324763e-14
AlLa3,699,1.3414247287486172,ok,10.582991630937508,5.4815929573237554e-11
AlLa3,700,1.0568522134567138,tilt_failed,,
AlLa3,702,1.2833093941388976,ok,10.55859610118792,1.176836406102666e-14
AlLa3,703,1.372220349642347,ok,10.486313050078024,6.661338147750939e-16
AlLa3,704,1.4778370921820265,ok,10.805262013100432,1.536526461620724e-11
AlLa3,705,1.5750342033437736,ok,10.556789024910172,8.43769498715119e-14
AlLa3,706,1.582210124063084,ok,10.732978961990538,1.9984014443252818e-15
AlLa3,707,1.197854660861849,ok,10.55859610118792,7.389422407300117e-12
AlLa3,708,1.2301303063577644,ok,10.587509321631877,8.215650382226158e-15
AlLa3,709,1.051692746799368,tilt_failed,,
AlLa3,710,1.1335726263737174,tilt_failed,,
AlLa3,711,1.1137075895269453,tilt_failed,,
AlLa3,712,1.356362350517843,ok,10.532393495160584,1.0336411726541428e-09
AlLa3,713,1.071347758063508,tilt_failed,,
AlLa3,714,1.2818253336298615,ok,10.653467605769656,4.53284521029218e-10
AlLa3,715,1.1231288354600832,tilt_failed,,
AlLa3,717,1.503968082938417,ok,10.71129404665757,1.7174262012531472e-10
AlLa3,718,1.0690242340430005,tilt_failed,,
AlLa3,719,1.207429093873524,ok,10.527875804466214,2.797603260162873e-10
AlLa3,720,1.0735568160580529,tilt_failed,,
AlLa3,721,1.0804971275286763,tilt_failed,,
AlLa3,722,1.1738975698696268,ok,10.637203919269929,3.4305891460917337e-13
AlLa3,723,1.140768110589428,tilt_failed,,
AlLa3,724,1.125269066943261,tilt_failed,,
AlLa3,725,1.4202826699381992,ok,10.516129808660857,1.5543122344752192e-15
AlLa3,726,1.202590911972875,ok,10.672441906686002,7.95690180410702e-11
AlLa3,727,1.2024726550085851,ok,10.676056059241496,3.1294966618133913e-12
AlLa3,728,1.185661417883195,ok,10.751953262906884,2.4513724383723456e-13
AlLa3,729,1.2561364407084632,ok,10.74562849593477,3.876929666191131e-09
AlLa3,730,1.0660600071307267,tilt_failed,,
AlLa3,731,1.0424240006230945,tilt_failed,,
AlLa3,732,1.409820015515751,ok,10.4528821389397,2.265720944194527e-10
AlLa3,733,1.0726942335467955,tilt_failed,,
AlLa3,734,1.061400145447566,tilt_failed,,
AlLa3,735,1.1868461361923732,ok,10.618229618353581,6.661338147750939e-15
AlLa3,736,1.0618319886389664,tilt_failed,,
AlLa3,737,2.17654635165504,tilt_failed,,
AlLa3,738,1.2833815855501252,ok,10.484505973800278,1.965760887401302e-12
AlLa3,740,1.4677068654234613,tilt_failed,,
AlLa3,741,1.1044192728748767,tilt_failed,,
AlLa3,742,1.1658408473845685,ok,10.652564067630781,8.590905764549461e-13
AlLa3,743,1.4645744456970498,ok,10.515226270521982,1.4688250615790821e-12
AlLa3,744,1.3952164471847102,ok,10.72123296618518,8.245626403891038e-12
AlLa3,745,1.1263477321343236,tilt_failed,,
AlLa3,746,1.3173509635119567,ok,10.664310063436139,4.440892098500626e-16
AlLa3,747,1.1167482788359062,tilt_failed,,
AlLa3,748,1.694493506989641,ok,10.496251969605636,9.992007221626409e-16
AlLa3,749,1.302262799573773,ok,10.562210253743414,8.526512829121202e-14
AlLa3,751,1.4302325000328935,ok,10.476374130550415,6.317169010117141e-14
AlLa3,752,1.1843795937360242,ok,10.714004661074192,1.7674750552032492e-13
AlLa3,753,1.2467991454991594,ok,10.68689851690798,8.72635297355373e-14
AlLa3,754,1.3084037010738316,ok,10.533297033299457,8.087464031802938e-11
AlLa3,755,1.127904637347318,tilt_failed,,
AlLa3,756,1.1362818426184422,tilt_failed,,
AlLa3,757,1.1008023808462577,tilt_failed,,
AlLa3,758,1.3949927741481363,ok,10.801647860544938,1.1098388874586362e-10
AlLa3,759,1.4183842994842464,ok,10.743821419657023,3.3799429921543833e-10
AlLa3,760,1.2102611209640577,ok,10.623650847186823,7.332934259807189e-10
AlLa3,761,1.2663314026180976,ok,10.475470592411542,1.3606935578280854e-09
AlLa3,762,1.3777321774334297,ok,10.543235952827068,1.2656542480726785e-14
AlLa3,763,1.3051459637563458,ok,10.608290698825972,2.7914448530452773e-11
AlLa3,764,1.1478558696214831,tilt_failed,,
AlLa3,765,1.1502605178984286,tilt_failed,,
AlLa3,766,1.0838412212065316,tilt_failed,,
AlLa3,767,1.1332403717730348,tilt_failed,,
AlLa3,768,1.2320401148776585,ok,10.52426165191072,1.6888024312322614e-10
AlLa3,769,1.2486667610503928,ok,10.56853502071553,1.2699954421435677e-09
AlLa3,770,1.250848039528919,ok,10.60286946999273,9.168887871169318e-12
AlLa3,771,1.3936369998261762,ok,10.529682880743962,4.574118861455645e-14
AlLa3,772,1.1205212158736564,tilt_failed,,
AlLa3,773,1.3981100032596705,ok,10.63268622857556,7.864153772629834e-12
AlLa3,774,1.2331029301613488,ok,10.69683743643559,1.709743457922741e-13
AlLa3,775,1.1555018982998198,tilt_failed,,
AlLa3,776,1.2044493992086103,ok,10.88115921676582,5.832223592960872e-12
AlLa3,777,1.234105473032425,ok,10.521551037494099,4.773959005888173e-15
AlLa3,778,1.1570272559376111,ok,10.695933898296717,3.2191826981886607e-10
AlLa3,779,1.1787220633211999,ok,10.68418790249136,6.581402089977928e-13
AlLa3,780,1.1993280645351014,ok,10.533297033299457,2.3237711754831025e-10
AlLa3,781,1.4811431690612211,ok,10.633589766714433,4.46067960346852e-09
AlLa3,782,1.1483026716648268,tilt_failed,,
AlLa3,783,1.2774392044563967,ok,10.668827754130508,1.6355361509567956e-11
AlLa3,784,1.8278752279782176,ok,10.727557733157296,1.660005466419534e-12
AlLa3,785,1.1108773276310777,tilt_failed,,
AlLa3,787,1.1244237018254992,tilt_failed,,
AlLa3,788,1.3448207846155091,ok,10.553174872354678,4.577549450601737e-11
AlLa3,789,1.2360806601057681,ok,10.552271334215803,5.9960925113955454e-12
AlLa3,790,1.463730019930028,ok,10.56853502071553,3.8243208599908485e-10
AlLa3,791,1.3486661710751073,ok,10.723943580601802,1.0397060989930651e-10
AlLa3,792,1.4998417781302211,ok,10.676056059241496,4.440892098500626e-16
AlLa3,793,1.262363712317896,ok,10.695030360157844,3.3306690738754696e-15
AlLa3,794,1.648859186350943,ok,10.608290698825972,1.8185275507676124e-10
AlLa3,795,1.4578971675438661,ok,10.764602796851117,4.440892098500626e-16
AlLa3,796,1.0771268421274127,tilt_failed,,
AlLa3,797,1.3019344124387546,ok,10.611904851381466,4.025036082211386e-09
AlLa3,798,1.5813757586167136,ok,10.746532034073642,1.312283615106935e-13
AlLa3,799,1.7880193935350666,tilt_failed,,
AlLa3,800,1.195687095530662,ok,10.682380826213613,1.2656542480726785e-14
AlLa3,801,1.2236251517407148,ok,10.529682880743962,1.816324868286756e-13
AlLa3,802,1.0611425939610082,tilt_failed,,
AlLa3,803,1.342126825185788,ok,10.573052711409897,5.3019606482962445e-09
AlLa3,804,1.2612192930393813,ok,10.604676546270476,6.428191312579656e-12
AlLa3,806,1.1579681711987988,ok,10.614615465798087,9.3103270315531e-08
AlLa3,807,1.2870565508573724,ok,10.62003669463133,4.0610514950856214e-11
AlLa3,808,1.1858657415896154,ok,10.784480635906338,2.601696635906592e-12
AlLa3,809,1.318700227235636,ok,10.653467605769656,1.882294320409983e-11
AlLa3,810,1.3291901552686736,ok,10.673345444824875,9.992007221626409e-16
AlLa3,811,1.4888995687284132,ok,10.583895169076381,1.534661286939354e-11
AlLa3,812,1.1934895939338779,ok,10.714004661074192,1.1879386363489175e-14
AlLa3,813,1.3317096472829055,ok,10.657985296464023,1.1110734554620194e-10
AlLa3,814,1.1474775913885171,tilt_failed,,
AlLa3,815,1.2225593489689772,ok,10.641721609964296,7.754390463077243e-10
AlLa3,816,1.197729369049827,ok,10.569438558854404,2.6001423236721166e-13
AlLa3,817,1.1334106835406128,tilt_failed,,
AlLa3,818,1.165560238853013,ok,10.640818071825423,8.073291146715178e-09
AlLa3,819,1.198483176689656,ok,10.562210253743414,6.039613253960852e-14
AlLa3,820,1.0501245364790412,tilt_failed,,
AlLa3,821,1.0636832133118435,tilt_failed,,
AlLa3,822,1.0747872770621276,tilt_failed,,
AlLa3,823,1.151419329299825,ok,10.779059407073095,8.599565504141538e-12
BiPb,14,1.9239252842736108,ok,9.441244206135696,8.704148513061227e-14
BiPb,15,1.1274910127681486,tilt_failed,,
BiPb,16,1.3560845507149728,ok,9.625454286612683,1.0063061495202419e-12
BiPb,17,1.9602118459046787,ok,9.51001596951377,7.713385485885738e-12
BiPb,18,1.2270725297391634,ok,9.379840845976698,5.370233147061754e-10
BiPb,19,1.231716841418951,ok,9.702413164678624,3.2462921240039577e-13
BiPb,20,1.617458444836998,ok,9.43796936026055,6.687177478426065e-10
BiPb,21,1.1014773083297704,tilt_failed,,
BiPb,22,1.2230707005175832,ok,9.442062917604481,1.5693968347108012e-10
BiPb,23,1.5082805379061974,ok,9.427326111166323,2.220446049250313e-16
BiPb,24,1.1107421871665006,ok,9.523115353014358,1.4347553145555025e-09
BiPb,25,1.6580338897417757,ok,9.603349076955446,1.138682037549188e-09
BiPb,26,1.4011250231692336,ok,9.555863811765821,2.220446049250313e-16
BiPb,27,1.1878485234326608,ok,9.626272998081468,1.0079308498944783e-09
BiPb,28,1.2809142917378686,ok,9.408495747384233,7.756018050031344e-13
BiPb,29,1.14417114939594,tilt_failed,,
BiPb,30,1.279423498252087,ok,9.44288162907327,1.5543122344752192e-15
BiPb,31,1.127390982145868,tilt_failed,,
BiPb,32,1.7694527128929365,ok,9.64755949626992,3.699131223555696e-09
BiPb,33,1.9449744748383688,ok,9.568144483797619,1.7763568394002505e-15
BiPb,34,1.3054588622848027,ok,9.482179779575027,1.0149880935728106e-11
BiPb,35,1.14630375947696,tilt_failed,,
BiPb,37,1.310178753577754,ok,9.43551322585419,1.3988810110276972e-14
BiPb,38,1.7442216691830636,ok,9.568963195266406,2.2279289524362866e-11
BiPb,39,1.1638444276297335,ok,9.718787394054354,3.0533353623241055e-12
BiPb,40,1.4494239809659757,ok,9.666389860052012,8.881784197001252e-16
BiPb,41,1.8840287893421606,ok,9.156332614997957,4.3298697960381105e-14
BiPb,42,1.351040894815895,ok,9.578787732891847,6.863976054205523e-11
BiPb,43,1.4702120347057033,ok,9.604167788424231,1.9984014443252818e-14
BiPb,44,1.8297438469304954,ok,9.561594792047327,7.452221062465014e-10
BiPb,45,1.1493169231325773,tilt_failed,,
BiPb,46,1.2860263584590699,ok,9.69095120411561,3.3306690738754696e-16
BiPb,47,1.2238275409651755,ok,9.717968682585568,1.8735613060982814e-10
BiPb,48,1.2894190733474804,ok,9.668845994458373,1.949880257257064e-10
BiPb,49,1.177109438002338,ok,9.555863811765821,4.0747405449792495e-10
BiPb,50,1.2680247255034056,ok,9.781009465682136,1.8928303369136756e-10
BiPb,51,1.179141649423787,ok,9.749898429868246,3.4638958368304884e-13
BiPb,52,1.3362714590165126,ok,9.470717819012016,1.0798206773188213e-10
BiPb,53,1.9706092067997634,ok,9.782646888619709,1.3566925360919413e-13
BiPb,54,1.5184273841127947,ok,9.316800062880132,2.4201751713803787e-12
BiPb,55,1.280423850703025,ok,9.426507399697538,9.80538095163297e-10
BiPb,56,1.502562458544429,ok,9.233291493063899,1.7610357616604233e-12
BiPb,57,1.2200550756937456,ok,9.620542017799963,2.44625053547054e-09
BiPb,58,1.2345136582655487,ok,9.564050926453689,1.4466152720160608e-09
BiPb,59,1.0660111121143323,tilt_failed,,
BiPb,60,1.3418071048269182,ok,9.513290815388917,3.894662370385049e-13
BiPb,61,1.1896608565745292,ok,9.50264756629469,9.793721389428356e-12
BiPb,62,1.4185845019768744,ok,9.390484095070928,2.481348460037225e-12
BiPb,63,1.2985196416877565,ok,9.528846333295862,3.3306690738754696e-16
BiPb,64,1.115432932623103,tilt_failed,,
BiPb,65,1.3555050736729355,ok,9.465805550199295,1.6544543512964083e-12
BiPb,66,1.1061142576035432,tilt_failed,,
BiPb,67,1.2536100867170448,ok,9.5755128870167,5.995204332975845e-15
BiPb,68,1.3984362609311423,ok,9.55340767735946,4.4853010194856324e-14
BiPb,69,1.187244556731469,ok,9.49118560573168,8.45386427528183e-10
BiPb,70,1.1889132929168749,ok,9.643465938925988,5.728750807065808e-14
BiPb,71,1.090596341240824,tilt_failed,,
BiPb,72,1.4536873675875344,ok,9.367560173944902,5.444027451062539e-10
BiPb,73,1.1491232568634893,tilt_failed,,
BiPb,74,1.5519461116386573,ok,9.34136140694373,8.615630431307864e-10
BiPb,75,1.213740225956765,ok,9.603349076955446,3.552713678800501e-15
BiPb,76,1.4834529496675941,ok,9.484635913981386,8.881784197001252e-16
BiPb,77,2.029600064598912,ok,9.128496425059211,3.6504133049675147e-13
BiPb,78,1.1109698597582736,tilt_failed,,
BiPb,79,1.1378123861639873,tilt_failed,,
BiPb,80,1.0891643986680541,tilt_failed,,
BiPb,81,1.310076556917332,ok,9.624635575143897,8.881784197001252e-16
BiPb,82,1.1809358978696127,ok,9.873523861655025,1.1568523916594131e-12
BiPb,83,1.272923944182704,ok,9.58533742464214,1.5981216350269278e-11
BiPb,84,1.6929295604882841,ok,9.56978190673519,8.602452084005563e-12
BiPb,86,1.6552762156375826,ok,9.212004994875446,1.3322676295501878e-15
BiPb,87,1.5277331202443705,ok,9.41177059325938,8.970602038971265e-14
BiPb,88,1.180031941817787,ok,9.884985822218038,9.3975938142421e-12
BiPb,89,1.4650364878146038,ok,9.649196919207494,1.1394662990937832e-11
BiPb,90,1.8204379516510834,ok,9.34054269547494,9.456175842359471e-10
BiPb,91,1.1367427913444363,tilt_failed,,
BiPb,92,1.4580521646341924,ok,9.652471765082641,8.393286066166183e-14
BiPb,93,1.4025405990429631,ok,9.43551322585419,5.534084301928033e-11
BiPb,94,1.1734459764579346,tilt_failed,,
BiPb,95,1.1885887029728321,ok,9.749898429868246,1.4703991357833956e-09
BiPb,96,1.183748064018879,ok,9.58042515582942,1.6653345369377348e-15
BiPb,97,1.6691354279943689,ok,9.801477252401803,1.2395195980730023e-11
BiPb,98,1.5274073571594127,ok,9.61890459486239,3.574918139293004e-14
BiPb,99,1.349041702506478,ok,9.53948958239009,7.860379014346108e-14
BiPb,100,1.2686733725284693,ok,9.74416744958674,5.5485394057086523e-11
BiPb,101,1.1952692111054526,ok,9.5632322149849,5.626166199590443e-12
BiPb,102,1.6428132221391716,ok,9.64100980451963,4.9960036108132044e-14
BiPb,103,1.4789924766230378,ok,9.31925619728649,5.50894663220447e-10
BiPb,104,1.604887959148538,ok,9.609898768705737,3.774758283725532e-15
BiPb,105,1.257899489985736,ok,9.615629748987242,4.331313085970123e-12
BiPb,106,1.5614412208311628,ok,9.641828515988415,1.6624035481527244e-11
BiPb,107,1.081495084123776,tilt_failed,,
BiPb,108,1.3437669946107347,ok,9.428963534103897,1.1632805829719928e-10
BiPb,109,1.3583402835227179,ok,9.392940229477286,1.4210854715202004e-14
BiPb,110,1.575061788917229,ok,9.712237702304062,4.318767565791859e-13
BiPb,111,1.436442909832728,ok,9.559138657640968,1.1435297153639112e-13
BiPb,112,1.1518957122218951,tilt_failed,,
BiPb,113,1.5055184596021824,ok,9.70159445320984,1.0014211682118912e-13
BiPb,114,1.0987198766030724,tilt_failed,,
BiPb,115,1.5235038680298332,ok,9.632822689831762,2.220446049250313e-16
BiPb,116,1.333078688177768,ok,9.591887116392432,2.503108831319878e-11
BiPb,117,1.2540089392677942,ok,9.61153619164331,3.184874586281694e-11
BiPb,118,1.143882983505564,tilt_failed,,
BiPb,119,1.3704393263599985,ok,9.59925551961151,5.082601006733967e-13
BiPb,120,1.144395344691357,tilt_failed,,
BiPb,121,1.1807788573901603,ok,9.73270548902373,1.4616086119190186e-12
BiPb,122,1.2887006971178392,ok,9.408495747384233,4.5283776728410885e-12
BiPb,123,1.189762463715359,ok,9.760541678962472,2.871678450588888e-09
BiPb,124,1.610495299143263,ok,9.48627333691896,3.096700673665964e-11
BiPb,125,1.411138629723674,ok,9.726155797273435,2.6645352591003757e-15
BiPb,126,1.3527309829010998,ok,9.492004317200468,4.758904381674256e-11
BiPb,127,1.4372470134748843,ok,9.69095120411561,5.125233570879573e-12
BiPb,128,1.2414276531930049,ok,9.604986499893018,2.6578801382015627e-09
BiPb,129,1.224222092828324,ok,9.649196919207494,7.687628311714434e-12
BiPb,130,1.3959931932380203,ok,9.620542017799963,9.037215420448774e-14
BiPb,131,1.1674348404826378,ok,9.740073892242805,1.1028067348206605e-11
BiPb,132,1.230716631784396,ok,9.6672085715208,4.440892098500626e-16
BiPb,133,1.9153698614104122,ok,9.85960576668565,2.220446049250313e-16
BiPb,134,1.2107274137413238,ok,9.632822689831762,8.83401796158978e-10
BiPb,135,1.266400074302206,ok,9.612354903112095,2.8157731701838884e-10
BiPb,136,2.0072148055446664,ok,9.560776080578542,8.881784197001252e-16
BiPb,137,1.2307455302633798,ok,9.612354903112095,4.149213417292685e-09
BiPb,138,1.4948158524550723,ok,9.706506722022556,1.7052574907694407e-09
BiPb,139,1.4394343085446633,ok,9.352823367506744,8.406630946922178e-11
BiPb,140,1.208104391913723,ok,9.641828515988415,1.3777867735598193e-13
BiPb,141,1.2125461951624,ok,9.428144822635112,2.9376701071726075e-10
BiPb,142,1.3621005063639018,ok,9.584518713173352,1.66644475996236e-11
BiPb,143,1.304415160359255,ok,9.586974847579711,2.220446049250313e-16
BiPb,144,1.139162767366352,tilt_failed,,
BiPb,145,1.1809791869368715,ok,9.981593775534858,5.6710192097853e-13
BiPb,146,1.1077392885831656,tilt_failed,,
BiPb,147,1.5212991981750854,ok,9.77773461980699,1.354472090042691e-14
BiPb,148,1.4085606637291095,ok,9.84568767171628,1.0658141036401503e-14
BiPb,149,1.1147076984090543,tilt_failed,,
BiPb,150,1.465561536960908,ok,9.67212084033352,7.706058013923212e-12
BiPb,151,1.7782887116253359,ok,9.747442295461887,7.325251516476783e-12
BiPb,152,1.2889213397543617,ok,9.677851820615025,1.887379141862766e-15
BiPb,153,1.43422242156877,ok,9.613992326049669,1.580957587066223e-13
BiPb,154,1.2790711157260268,ok,9.505103700701053,4.6629367034256575e-15
BiPb,155,1.1949958360842703,ok,9.56568834939126,4.2454928461665986e-11
BiPb,156,1.392559330649519,ok,9.663115014176867,7.144729252672732e-12
BiPb,157,2.0146862980231384,tilt_failed,,
BiPb,158,1.2291977529804377,ok,9.479723645168665,3.3306690738754696e-16
BiPb,159,1.4098975511180125,ok,9.534577313577369,2.0219881324834432e-09
BiPb,160,1.3466578054063896,ok,9.719606105523141,3.772537837676282e-13
BiPb,161,1.4437610677371713,ok,9.482179779575027,2.220446049250313e-16
BiPb,162,1.3847319099428506,ok,9.65984016830172,5.468958619303521e-13
BiPb,163,1.3262402355053773,ok,9.524752775951931,6.712408406883696e-13
BiPb,164,1.1306879890665757,tilt_failed,,
BiPb,165,1.5011901098702691,ok,9.632822689831762,9.033063186336676e-10
BiPb,166,1.163640736073686,ok,9.734342911961303,2.4424906541753444e-14
BiPb,167,1.437761502755005,ok,9.388846672133354,5.551115123125783e-16
BiPb,168,1.1696486834562227,tilt_failed,,
BiPb,169,1.0749564463438346,tilt_failed,,
BiPb,170,1.3618032272215541,ok,9.396215075352433,1.991962150782456e-12
BiPb,171,1.1735767108156834,ok,9.508378546576196,2.6867397195928788e-14
BiPb,172,1.2153105527004915,ok,9.354460790444318,1.0458300891968975e-13
BiPb,173,1.1474876084722654,tilt_failed,,
BiPb,174,1.4111318283749357,ok,9.636916247175694,8.348877145181177e-14
BiPb,175,1.0688908404978614,tilt_failed,,
BiPb,176,1.3773264423154874,ok,9.495279163075612,1.3071543847331668e-11
BiPb,177,1.08263932881456,tilt_failed,,
BiPb,178,1.1739198743217025,tilt_failed,,
BiPb,179,1.0942454571100102,tilt_failed,,
BiPb,180,1.1890158521657805,ok,9.733524200492514,4.914590845395139e-09
BiPb,181,1.3029027784610538,ok,9.619723306331178,3.2529534621517087e-12
BiPb,182,1.2152116774250383,ok,9.654927899489,2.2082335959794364e-12
BiPb,183,1.1362457556679368,tilt_failed,,
BiPb,184,1.130157039069779,tilt_failed,,
BiPb,185,1.3619305641256603,ok,9.559138657640968,4.3298697960381105e-15
BiPb,186,1.7866098777593447,ok,9.801477252401803,4.218847493575595e-15
BiPb,187,1.2106070966716413,ok,9.596799385205152,2.220446049250313e-16
BiPb,188,1.1702211910012936,tilt_failed,,
BiPb,189,1.3859855782588169,ok,9.501828854825906,2.042810365310288e-14
BiPb,190,1.3071560126575426,ok,9.559138657640968,1.176836406102666e-14
BiPb,191,1.2391387765366944,ok,9.680307955021387,4.6629367034256575e-15
BiPb,192,1.1338062824699524,tilt_failed,,
BiPb,193,1.3229109531003695,ok,9.546039274140382,2.220446049250313e-16
BiPb,194,1.2566149825846944,ok,9.433875802916617,3.5567992995311215e-11
BiPb,195,1.1592174401246003,tilt_failed,,
BiPb,196,1.22891909207467,ok,9.584518713173352,5.871476638219519e-10
BiPb,197,1.1520028579943609,tilt_failed,,
BiPb,198,1.1968238241844789,ok,9.896447782781049,1.0141887329950805e-12
BiPb,199,1.1699724372925584,ok,9.6303665554254,3.3898059914605483e-09
BiPb,200,1.1758533730359604,ok,9.659021456832935,4.404254738687996e-13
BiPb,201,1.3429071669566661,ok,9.556682523234606,1.0833556274292278e-12
BiPb,202,1.3737057563015538,ok,9.506741123638625,3.10074055320797e-09
BiPb,203,1.1711131798216483,tilt_failed,,
BiPb,205,1.1570428018565817,tilt_failed,,
BiPb,206,1.213185281735262,ok,9.428963534103897,6.661338147750939e-16
BiPb,207,1.454830958553857,ok,9.785103023026071,1.6431300764452317e-14
BiPb,208,1.1445793727955857,tilt_failed,,
BiPb,209,1.3594724772282145,ok,9.543583139734022,1.6940804314913294e-09
BiPb,210,1.3993969673684326,ok,9.612354903112095,2.0743406992096425e-12
BiPb,211,1.3193362365046746,ok,9.571419329672764,9.54976986378142e-10
BiPb,212,1.0923587376044432,tilt_failed,,
BiPb,213,1.5349021026957292,ok,9.551770254421886,2.012685573760109e-10
BiPb,214,1.6340348762511054,ok,9.52720891035829,3.3306690738754696e-16
BiPb,215,1.3310843958225347,ok,9.55831994617218,5.551115123125783e-15
BiPb,216,1.3707452381475895,ok,9.663115014176867,2.4424906541753444e-15
BiPb,217,1.166656266846943,ok,9.501828854825906,1.056266185628374e-12
BiPb,219,1.1421813151806643,tilt_failed,,
BiPb,220,1.2892005959333244,ok,9.614811037518457,1.8077517260906006e-10
BiPb,221,1.1354651202569948,tilt_failed,,
BiPb,222,1.6637425118184814,ok,9.613173614580884,2.2735147098273956e-12
BiPb,223,1.0834378978178483,tilt_failed,,
BiPb,224,1.639569113494013,ok,9.836681845559626,1.3233858453531866e-13
BiPb,225,1.192358197028064,ok,9.50346627776348,9.583911442234694e-11
BiPb,226,1.2700329486781816,ok,9.59434325079879,1.6258450141748426e-09
BiPb,227,1.2446412551586832,ok,9.453524878167496,3.5638159090467525e-14
BiPb,228,1.2234945806695061,ok,9.759722967493683,3.222389022283778e-10
BiPb,229,1.3120751034636033,ok,9.541945716796448,4.440892098500626e-16
BiPb,230,1.297968233710469,ok,9.716331259647996,4.80486095355559e-10
BiPb,231,1.4521294238640576,ok,9.58943098198607,3.3306690738754696e-16
BiPb,232,1.3388972283626686,ok,9.597618096673937,3.8058445284150366e-13
BiPb,233,1.2294966337985014,ok,9.592705827861217,7.769551668701524e-10
BiPb,234,1.3367577334805303,ok,9.555863811765821,4.121136765178335e-10
BiPb,235,1.3456178525399523,ok,9.58533742464214,1.2723155862204294e-13
BiPb,236,1.5347393946965364,ok,9.640191093050841,1.0185630117121036e-11
BiPb,237,1.372552847769868,ok,9.407677035915444,2.220446049250313e-14
BiPb,238,1.2078153338483466,ok,9.507559835107411,4.242828310907498e-12
BiPb,239,1.136799695865502,tilt_failed,,
BiPb,240,1.2336936226850275,ok,9.61153619164331,2.886579864025407e-15
BiPb,241,1.3908392611094291,ok,9.460893281386575,1.2989609388114332e-14
BiPb,242,1.1380664305711543,tilt_failed,,
BiPb,243,1.4565967152004817,ok,9.541127005327663,8.301079823525015e-10
BiPb,244,1.548177238737785,ok,9.58533742464214,2.7533531010703882e-14
BiPb,245,1.0806266280165349,tilt_failed,,
BiPb,246,1.680666722983827,ok,9.649196919207494,6.439737632035758e-11
BiPb,247,1.6023410315738542,ok,9.542764428265237,2.220446049250313e-16
BiPb,248,1.280188717801789,ok,9.726155797273435,4.1366909897533333e-13
BiPb,249,1.1619572733578234,tilt_failed,,
BiPb,250,1.6241687379889747,ok,9.622179440737536,1.2649992164881496e-10
BiPb,251,1.407138046146224,ok,9.689313781178036,1.5102652461962407e-10
BiPb,252,1.1634444275069369,ok,9.679489243552599,5.562217353372034e-14
BiPb,253,1.145372048940466,ok,9.584518713173352,6.90501222866402e-09
BiPb,254,1.2480675339326317,ok,9.669664705927158,3.708144902248023e-14
BiPb,255,1.3171597627074,ok,9.582062578766994,1.1657341758564144e-14
BiPb,256,1.3561775969891958,ok,9.330718157849503,6.461498003318411e-13
BiPb,257,1.2394352500850188,ok,9.698319607334692,5.417888360170764e-14
BiPb,258,1.637894953676489,ok,9.717968682585568,1.4353318533721904e-10
BiPb,259,1.5415246566853025,ok,9.475630087824733,6.661338147750939e-16
BiPb,260,1.1629476523510323,tilt_failed,,
BiPb,261,1.0955162848962736,tilt_failed,,
BiPb,262,1.0975952055705966,tilt_failed,,
BiPb,263,1.4034793707473983,ok,9.424869976759965,2.374827556828052e-09
BiPb,264,1.1781617188091416,tilt_failed,,
BiPb,265,1.390207366972563,ok,9.694226049990757,1.3097967155317747e-11
BiPb,266,1.1866622396078235,ok,9.53375860210858,4.884981308350689e-15
BiPb,267,1.1944758847773556,ok,9.649196919207494,2.9296343129203706e-11
BiPb,268,1.2652190542882067,ok,9.595980673736364,2.1094237467877974e-15
BiPb,269,1.4254635342071718,ok,9.501010143357117,1.8151391500964564e-10
BiPb,270,1.343134553718497,ok,9.744986161055525,3.3306690738754696e-16
BiPb,271,1.3767236353889774,ok,9.512472103920128,5.806466418789569e-13
BiPb,272,1.1123357058084111,tilt_failed,,
BiPb,273,1.4168121091716548,ok,9.60662392283059,2.886579864025407e-15
BiPb,274,1.5026162195969461,ok,9.58042515582942,2.220446049250313e-16
BiPb,275,1.2285917591153785,ok,9.846506383185066,2.2439317071132336e-10
BiPb,276,1.2002689769020587,ok,9.802295963870588,3.4006131244268545e-11
BiPb,277,1.302667296554906,ok,9.471536530480801,7.092367804162336e-10
BiPb,278,1.4852332540144135,ok,9.464168127261722,3.064437592570357e-12
BiPb,279,1.3858827829562197,ok,9.643465938925988,3.3306690738754696e-16
BiPb,280,1.2044967441274137,ok,9.649196919207494,3.3306690738754696e-15
BiPb,281,1.238996724981717,ok,9.562413503516115,3.746038368390714e-09
BiPb,282,1.2101433517951088,ok,9.707325433491341,3.754894173368939e-10
BiPb,283,1.160886390548463,ok,9.464168127261722,7.260858581048524e-14
BiPb,284,1.0712993897941343,tilt_failed,,
BiPb,286,1.147957650854384,tilt_failed,,
BiPb,287,1.3506629482712298,ok,9.622998152206325,1.176836406102666e-14
BiPb,288,1.3733169691241391,ok,9.600892942549084,2.152476308303619e-09
BiPb,289,1.1352000177616108,tilt_failed,,
BiPb,291,1.3762486528236826,ok,9.526390198889503,3.3306690738754696e-13
BiPb,292,1.1922451821724587,ok,9.695044761459545,2.5345048282332527e-09
BiPb,293,1.1904444218079908,ok,9.694226049990757,2.6098463390411553e-09
BiPb,294,1.149568554521543,tilt_failed,,
BiPb,295,1.0830228085601892,tilt_failed,,
BiPb,296,1.6428727676551007,ok,9.187443650811847,1.4144241333724494e-13
BiPb,297,1.3153787662995995,ok,9.573056752610338,1.2156942119645464e-13
BiPb,298,1.546156860171355,ok,9.559957369109753,2.220446049250313e-16
BiPb,299,1.1303484304213467,tilt_failed,,
BiPb,300,1.1358105762881288,tilt_failed,,
BiPb,301,1.1203710110134675,tilt_failed,,
BiPb,302,1.1659907139018306,tilt_failed,,
BiPb,303,1.2387421296396957,ok,9.81867019324632,9.43689570931383e-15
BiPb,304,1.2173154420689452,ok,9.364285328069755,1.340039190722564e-13
BiPb,305,1.1558965557084193,tilt_failed,,
BiPb,306,1.8258196744662636,ok,9.632003978362974,1.1546319456101628e-14
BiPb,307,1.1436358108272733,tilt_failed,,
BiPb,308,1.1480605101444028,tilt_failed,,
BiPb,309,1.1982749686549095,ok,9.427326111166323,3.2999758481366825e-10
BiPb,310,1.6516077338534148,ok,9.65984016830172,3.873701359680126e-11
BiPb,311,1.3152829920740927,ok,9.631185266894189,1.3322676295501878e-15
BiPb,312,1.1979141060348635,ok,9.73270548902373,3.6348701826227625e-13
BiPb,313,1.172221976858001,ok,9.7220622399295,8.881784197001252e-16
BiPb,314,1.0918696604343066,tilt_failed,,
BiPb,315,1.1608814571758115,tilt_failed,,
BiPb,316,1.3487329521883222,ok,9.49364174013804,5.350386800273554e-12
BiPb,317,1.4330893558471474,ok,9.634460112769336,2.4424906541753444e-15
BiPb,318,1.5619313928759844,ok,9.601711654017873,3.9257486150745535e-13
BiPb,319,1.2982022868066938,ok,9.704050587616198,1.4227063971361531e-11
BiPb,320,1.166710430208393,tilt_failed,,
BiPb,321,1.21604499153276,ok,9.567325772328832,7.878142582740111e-13
BiPb,322,1.2660816659977676,ok,9.470717819012016,4.440892098500626e-14
BiPb,323,1.20467944867305,ok,9.668027282989584,3.3084646133829665e-14
BiPb,324,1.1284486720638658,tilt_failed,,
BiPb,325,1.1507006662044919,tilt_failed,,
BiPb,326,1.2148807908770896,ok,9.586156136110926,1.3233858453531866e-13
BiPb,327,1.1862481748963218,tilt_failed,,
BiPb,328,1.4049626379081834,ok,9.797383695057869,3.774758283725532e-15
BiPb,329,1.2341072324353346,ok,9.400308632696365,1.2878587085651816e-14
BiPb,330,1.1535173273721693,tilt_failed,,
BiPb,331,1.1367278057719827,tilt_failed,,
BiPb,332,1.076155895798754,tilt_failed,,
BiPb,333,1.189435567980418,ok,9.716331259647996,8.000793694229458e-09
BiPb,334,1.1108768669256595,tilt_failed,,
BiPb,335,1.3687987337976693,ok,9.87024901577988,2.496820528108401e-10
BiPb,336,1.2672968510267717,ok,9.426507399697538,5.342393194496253e-13
BiPb,337,1.2260974915502865,ok,9.835044422622055,8.086753489067178e-11
BiPb,338,1.1506847238368165,tilt_failed,,
BiPb,339,1.1087154827616823,tilt_failed,,
BiPb,340,1.1215601641597521,tilt_failed,,
BiPb,342,1.1794689713014943,ok,9.696682184397119,9.822254121161222e-12
BiPb,343,1.2773082776931366,ok,9.40685832444666,6.966249799233992e-11
BiPb,344,1.0860828738982202,tilt_failed,,
BiPb,345,1.1228328194471267,tilt_failed,,
BiPb,346,1.1417771517915833,tilt_failed,,
BiPb,347,1.0699845842885711,tilt_failed,,
BiPb,348,1.058250336694259,tilt_failed,,
BiPb,349,1.1911417433598366,ok,9.455981012573854,1.7763568394002505e-15
BiPb,350,1.1126864450648384,tilt_failed,,
BiPb,351,1.2296345688578563,ok,9.696682184397119,1.5543122344752192e-15
BiPb,352,1.2833141131667836,ok,9.318437485817704,5.0077053614927536e-11
BiPb,353,1.1213262395890362,ok,9.48627333691896,6.661338147750939e-15
BiPb,354,1.265572794823797,ok,9.727793220211009,7.771561172376096e-16
BiPb,355,1.2629755899473643,ok,9.573056752610338,7.136513602290506e-13
BiPb,356,1.2253059371390322,ok,9.365922751007329,4.773959005888173e-15
BiPb,357,1.62683960160354,ok,9.663933725645654,3.239764012619162e-11
BiPb,358,1.2735506324126102,ok,9.48627333691896,7.993605777301127e-15
BiPb,359,1.1617670934855173,tilt_failed,,
BiPb,360,1.4385159754291021,ok,9.469899107543228,1.8000080315161426e-09
BiPb,361,1.126003105324922,tilt_failed,,
BiPb,362,1.2041685366719816,ok,9.595161962267579,1.0794698468430397e-12
BiPb,363,1.341297163318002,ok,9.378203423039126,5.1558535218987345e-11
BiPb,364,1.1151571200865276,tilt_failed,,
BiPb,365,1.282355370779571,ok,9.645103361863562,2.220446049250313e-16
BiPb,366,1.0990796052451637,tilt_failed,,
BiPb,367,1.2983283167696047,ok,9.549314120015527,1.554312234475219e-14
BiPb,368,1.1527496212107444,ok,9.824401173527828,3.736593479075623e-09
BiPb,369,1.1350161946535426,tilt_failed,,
BiPb,370,1.6170668568800564,ok,9.75153585280582,6.3300622521467176e-09
BiPb,371,1.3892441979490942,ok,9.342180118412514,2.4424906541753444e-15
BiPb,372,1.1976943296553733,ok,9.90136005159377,8.356282332755427e-11
BiPb,373,1.1401772786987514,ok,9.523115353014358,2.916746844050522e-10
BiPb,374,1.060784695715523,tilt_failed,,
BiPb,375,3.0581518403717918,ok,9.164519729685825,5.580558237738842e-11
BiPb,376,1.4309905800329736,ok,9.5755128870167,4.4009240696141205e-13
BiPb,377,1.1250873382301165,tilt_failed,,
BiPb,378,1.2752228066140243,ok,9.608261345768163,2.72023514824582e-10
BiPb,379,1.062726014870776,tilt_failed,,
BiPb,380,1.6884703933567151,ok,9.608261345768163,1.2770204893541859e-09
BiPb,381,2.194805806759194,ok,9.348729810162808,5.551115123125783e-16
BiPb,382,1.335952112571216,ok,9.54440185120281,1.3233858453531866e-13
BiPb,383,1.2506175753824262,ok,9.557501234703395,4.629630012686903e-13
BiPb,384,1.2076858355504752,ok,9.70568801055377,1.6609656983135324e-09
BiPb,385,1.2493459645091587,ok,9.516565661264064,1.4945181758818649e-09
BiPb,386,1.1589997043852054,tilt_failed,,
BiPb,387,1.244557352503501,ok,9.4838172025126,5.551115123125783e-16
BiPb,388,1.443703752679078,ok,9.725337085804647,1.3032686041469788e-11
BiPb,389,1.280235817579214,ok,9.627091709550255,7.771561172376096e-15
BiPb,390,1.4346304650873953,ok,9.396215075352433,8.3357765134906e-12
BiPb,391,1.4507604650236898,ok,9.383115691851845,1.887379141862766e-15
BiPb,392,1.2524885068141338,ok,9.805570809745735,7.993605777301127e-15
BiPb,393,1.2425825175964484,ok,9.617267171924816,4.551914400963142e-15
BiPb,394,1.1501490379880381,tilt_failed,,
BiPb,395,1.1849833024421326,tilt_failed,,
BiPb,396,1.0772152675790791,tilt_failed,,
BiPb,397,1.2087061825225405,ok,9.649196919207494,4.700639877341928e-10
BiPb,398,1.1462464293265513,ok,9.428144822635112,8.881784197001252e-16
BiPb,399,1.3382816579563726,ok,9.535396025046154,4.108935414137704e-12
BiPb,400,1.251848147275931,ok,9.713875125241636,4.282024623769587e-09
BiPb,401,1.1570990566039872,tilt_failed,,
BiPb,402,1.1421309306183856,tilt_failed,,
BiPb,403,1.4433773730875004,ok,9.588612270517284,4.412361809258414e-09
BiPb,404,1.0354218994671103,tilt_failed,,
BiPb,405,1.0861188873526317,tilt_failed,,
BiPb,406,1.3852308132637576,ok,9.681126666490172,3.218536548388329e-12
BiPb,407,1.2139245009429938,ok,9.530483756233433,1.5543122344752192e-15
BiPb,408,1.0722434142159927,tilt_failed,,
BiPb,409,1.225654413129631,ok,9.674576974739878,1.164502938522105e-10
BiPb,410,1.2967234231405809,ok,9.32908073491193,7.433886839436354e-11
BiPb,411,1.629279840195662,ok,9.538670870921301,2.220446049250313e-16
BiPb,412,1.2810387463453972,ok,9.614811037518457,5.365907718157814e-11
BiPb,413,1.2265862456647345,ok,9.83586313409084,1.444017128093833e-09
BiPb,414,1.2210204093548858,ok,9.329899446380718,1.0969003483296547e-13
BiPb,415,1.5184719871753591,ok,9.687676358240463,6.092570892235472e-11
BiPb,416,1.2722859334916767,ok,9.676214397677452,2.2177348846241784e-10
BiPb,417,1.2274538988264538,ok,9.76299781336883,4.848534906898294e-10
BiPb,418,1.3000115511531272,ok,9.577150309954273,1.4531265080108824e-10
BiPb,419,1.230501234521634,ok,9.451068743761137,2.098321516541546e-14
BiPb,420,1.1476294123051554,tilt_failed,,
BiPb,421,1.355494102632078,ok,9.506741123638625,3.3306690738754696e-16
BiPb,422,1.1348860006354347,tilt_failed,,
BiPb,423,1.4870029114220686,ok,9.628729132487827,9.992007221626409e-16
BiPb,424,1.259555766456639,ok,9.74907971839946,3.645972412869014e-13
BiPb,425,1.1382302712731849,tilt_failed,,
BiPb,426,1.2079215767347853,ok,9.811301790027244,3.115185887025973e-11
BiPb,427,1.1228121522925916,tilt_failed,,
BiPb,428,1.091789680613647,tilt_failed,,
BiPb,429,1.464779374919387,ok,9.523934064483143,1.2591117037885624e-09
BiPb,430,1.2473595095250318,ok,9.69586347292833,3.328559650128682e-12
BiPb,431,1.1313028508273888,tilt_failed,,
BiPb,432,1.5646356321412305,ok,9.494460451606827,2.2182256032010628e-13
BiPb,433,1.364212406378156,ok,9.577150309954273,1.2515443126304149e-09
BiPb,434,1.0792536448618566,tilt_failed,,
BiPb,435,1.7627691213210244,ok,9.434694514385404,3.081175314889606e-10
BiPb,436,1.282370572736658,ok,9.658202745364147,1.3322676295501878e-15
BiPb,437,1.1825567466401468,ok,9.75153585280582,1.1603826011175045e-08
BiPb,438,1.079207962602121,tilt_failed,,
BiPb,439,1.2426391522277007,ok,9.855512209341718,3.341771304121721e-14
BiPb,440,1.088967398875207,tilt_failed,,
BiPb,441,1.141053082360812,tilt_failed,,
BiPb,442,1.115629503130851,tilt_failed,,
BiPb,443,1.5270861343720454,ok,10.040541001287494,1.1757661511069273e-10
BiPb,444,1.1603186907265326,tilt_failed,,
BiPb,445,1.0731749302895968,tilt_failed,,
BiPb,446,1.19538450607341,ok,9.836681845559626,1.393616888556437e-09
BiPb,447,1.334275663041531,ok,9.378203423039126,1.9554826646839274e-09
BiPb,448,1.2120314513289339,ok,9.803114675339376,4.882760862301438e-13
BiPb,449,1.384121343184289,ok,9.465805550199295,9.309646387123394e-10
BiPb,450,1.2299074987706504,ok,9.77773461980699,3.8008329816818787e-10
BiPb,451,1.11669371530544,tilt_failed,,
BiPb,452,1.205638357790363,ok,9.706506722022556,2.8814728381121313e-12
BiPb,453,1.1321974221347502,tilt_failed,,
BiPb,454,1.359268164606965,ok,9.704050587616198,3.0264679651281767e-13
BiPb,455,1.1165295419048638,tilt_failed,,
BiPb,456,1.055208231200321,tilt_failed,,
BiPb,457,1.0850011837940292,tilt_failed,,
BiPb,458,1.1525242334089403,tilt_failed,,
BiPb,459,1.0470985878998593,tilt_failed,,
BiPb,460,1.2308036101152342,ok,9.626272998081468,3.3704194990491487e-10
BiPb,461,1.5920860236703889,ok,9.417501573540884,1.5937320352321649e-09
BiPb,462,1.3854258155490178,ok,9.492823028669253,1.8084622688263607e-10
BiPb,463,1.0849593328569764,tilt_failed,,
BiPb,464,1.0700449619782797,tilt_failed,,
BiPb,465,1.0275174753837455,tilt_failed,,
BiPb,466,1.1346531946558909,tilt_failed,,
BiPb,468,1.1318368862184758,tilt_failed,,
BiPb,469,1.2095694293509318,ok,9.564050926453689,3.2891988022143437e-09
BiPb,470,1.5779870702348844,ok,9.871886438717453,1.4559753402920705e-10
BiPb,471,1.0261788586800569,tilt_failed,,
BiPb,472,1.1561157514912712,tilt_failed,,
BiPb,473,1.6059346508109438,ok,9.412589304728165,1.0258460747536446e-13
BiPb,474,1.466418119016077,ok,9.68440151236532,2.6645352591003757e-15
BiPb,475,1.2483124062073767,ok,9.473992664887161,7.920417655071788e-10
BiPb,476,1.1323394191215936,tilt_failed,,
BiPb,477,1.1157744171183464,tilt_failed,,
BiPb,478,1.0963608390268098,tilt_failed,,
BiPb,479,1.1736471207353616,tilt_failed,,
BiPb,480,1.1117976181579046,tilt_failed,,
BiPb,481,1.3531850996477426,ok,9.725337085804647,3.93707288992573e-12
BiPb,482,1.2741120260892569,ok,9.442062917604481,3.1659475041578844e-10
BiPb,483,1.038157275269428,tilt_failed,,
BiPb,484,1.3049020289038429,ok,9.564869637922474,6.29116758688042e-11
BiPb,485,1.5024110348762156,ok,9.488729471325321,8.193445921733655e-14
BiPb,486,1.0681606550782332,tilt_failed,,
BiPb,487,1.1638296211943198,tilt_failed,,
BiPb,488,1.2335539301771752,ok,9.928377530063726,6.277200981230635e-13
BiPb,489,1.0972661620780213,tilt_failed,,
BiPb,491,1.2202170726462003,ok,9.567325772328832,3.747779864227141e-12
BiPb,492,1.1300116197049772,tilt_failed,,
BiPb,493,1.0480165379512054,tilt_failed,,
BiPb,494,1.1551438206204423,tilt_failed,,
BiPb,495,1.5730292257311251,ok,9.469080396074443,6.994405055138486e-14
BiPb,496,1.074112088120181,tilt_failed,,
BiPb,497,1.0608326288277128,tilt_failed,,
BiPb,498,1.0502508991900386,tilt_failed,,
BiPb,499,1.036143690153636,tilt_failed,,
BiPb,500,1.0860823441511978,tilt_failed,,
BiPb,501,1.2897122051975274,ok,9.711418990835277,1.712130437425685e-11
BiPb,502,1.3294383485105485,ok,9.632822689831762,6.661338147750939e-16
BiPb,503,1.126419953921828,tilt_failed,,
BiPb,504,1.084408160751736,tilt_failed,,
BiPb,505,1.068016751025833,tilt_failed,,
BiPb,506,1.0842426831675613,tilt_failed,,
BiPb,507,1.3625354729752437,ok,9.499372720419544,2.327027459614328e-13
BiPb,508,1.3992882063128023,ok,9.568144483797619,5.652811552181447e-12
BiPb,509,1.0920591622104803,tilt_failed,,
BiPb,510,1.281007085547604,ok,9.653290476551426,3.156142014404395e-12
BiPb,511,1.3940162954417472,ok,9.846506383185066,2.4424906541753444e-15
BiPb,512,1.028004033590029,tilt_failed,,
BiPb,513,1.0754531338532665,tilt_failed,,
BiPb,514,1.1290047319323775,tilt_failed,,
BiPb,515,1.1540961103684013,tilt_failed,,
BiPb,516,1.0732988848754477,tilt_failed,,
BiPb,517,2.552750373497472,ok,9.11212219568348,3.1086244689504383e-15
BiPb,518,1.207599905396106,ok,9.63609753570691,8.43138447947922e-10
BiPb,519,1.2131314543922447,ok,9.296332276160467,1.0513812043200232e-12
BiPb,520,1.0395397254286556,tilt_failed,,
BiPb,521,1.207242111858359,ok,9.681126666490172,4.306609513449189e-10
BiPb,522,1.5948177636208922,ok,9.234928916001472,5.551115123125783e-16
BiPb,523,1.3898149719830528,ok,9.506741123638625,7.140954494389007e-13
BiPb,524,1.1620048108236,tilt_failed,,
BiPb,525,1.1119655104691213,tilt_failed,,
BiPb,526,1.0638306187470297,tilt_failed,,
BiPb,527,1.161646340928487,tilt_failed,,
BiPb,528,1.053579142661157,tilt_failed,,
BiPb,529,1.3579125363916082,ok,9.424051265291176,1.3322676295501878e-15
BiPb,530,1.1953578692528664,ok,9.676214397677452,2.55351295663786e-15
BiPb,531,1.2953720770768213,ok,9.53948958239009,5.551115123125783e-16
BiPb,532,1.2254043502917111,ok,9.460893281386575,1.63105084993731e-11
BiPb,533,1.10342514216843,tilt_failed,,
BiPb,534,1.0419312588201404,tilt_failed,,
BiPb,535,1.1213214887456953,tilt_failed,,
BiPb,536,1.3334181003682204,ok,9.424869976759965,3.774758283725532e-15
BiPb,537,1.1916521869498526,ok,9.627091709550255,6.766979643302307e-09
BiPb,538,1.0906362882662763,tilt_failed,,
BiPb,539,1.482813276329974,ok,9.42568868822875,2.8134827800840867e-11
BiPb,540,1.07145714671719,tilt_failed,,
BiPb,541,1.3281704825123353,ok,9.674576974739878,2.820768063571677e-10
BiPb,542,1.1450576885672918,tilt_failed,,
BiPb,543,1.3428091909843654,ok,9.566507060860047,9.381384558082573e-14
BiPb,544,1.1190120836294777,tilt_failed,,
BiPb,545,1.5559622718193424,ok,9.555863811765821,2.1804780203638074e-13
BiPb,546,1.2035695009052403,ok,9.600892942549084,1.1102230246251565e-15
BiPb,547,1.1069042659343584,tilt_failed,,
BiPb,548,1.1702734019716694,tilt_failed,,
BiPb,549,1.3640783577535511,ok,9.639372381582056,1.8417156688599334e-10
BiPb,550,1.2579637141341493,ok,9.54849540854674,3.6992631180510216e-13
BiPb,551,1.1458396537656301,tilt_failed,,
BiPb,552,1.3127582868646086,ok,9.433875802916617,1.3322676295501878e-15
BiPb,553,1.1533645364784628,ok,9.58042515582942,3.275157922644212e-14
BiPb,554,1.084671925685571,tilt_failed,,
BiPb,555,1.0643603212308335,tilt_failed,,
BiPb,556,1.0425286930831037,tilt_failed,,
BiPb,557,1.0620238054284048,tilt_failed,,
BiPb,558,1.1908478712611241,ok,9.824401173527828,6.150635556423367e-14
BiPb,559,1.2926455505764893,ok,9.444519052010843,4.280695797831413e-10
BiPb,560,1.2289021169568826,ok,9.524752775951931,3.267253134708881e-11
BiPb,561,1.0565281907190043,tilt_failed,,
BiPb,562,1.0504659159101686,tilt_failed,,
BiPb,563,1.5592580295757577,ok,9.694226049990757,1.922018100231071e-12
BiPb,564,1.2228748677795211,ok,9.582881290235779,2.353672812205332e-13
BiPb,565,1.1516596580595817,tilt_failed,,
BiPb,566,1.2629731761539318,ok,9.707325433491341,2.063638149252256e-11
BiPb,567,1.1452085085050603,tilt_failed,,
BiPb,568,1.3628011950194494,ok,9.541127005327663,3.552713678800501e-15
BiPb,569,1.4058367581909883,ok,9.673758263271093,2.220446049250313e-16
BiPb,570,1.2754255202963283,ok,9.601711654017873,7.105427357601002e-15
BiPb,571,1.2449289984344638,ok,9.668027282989584,1.5027978861326119e-12
BiPb,572,1.1195291822920295,tilt_failed,,
BiPb,573,1.0893441989326447,tilt_failed,,
BiPb,574,1.127657972110392,tilt_failed,,
BiPb,575,1.2345442914765088,ok,9.697500895865904,4.440892098500626e-16
BiPb,576,1.4340606211930524,ok,9.831769576746908,8.325897749017486e-10
BiPb,577,1.6602213334994511,ok,9.256215414189924,2.747880811782011e-10
BiPb,578,1.0847023047820183,tilt_failed,,
BiPb,579,1.111259314048245,tilt_failed,,
BiPb,580,1.1000405541497054,tilt_failed,,
BiPb,581,1.201168334522767,ok,9.70814414496013,4.6118664442929e-13
BiPb,582,1.2244756908659498,ok,9.654927899489,1.3034462398309188e-11
BiPb,583,1.0470732876328228,tilt_failed,,
BiPb,584,1.1634785711065403,tilt_failed,,
BiPb,585,1.5604574008513528,ok,9.262765105940218,8.772982340587987e-13
BiPb,586,1.4024922045067219,ok,9.457618435511428,4.456482960435437e-09
BiPb,587,1.126071575809924,tilt_failed,,
BiPb,588,1.5116118118963864,ok,9.532121179171007,8.659739592076221e-15
BiPb,589,1.0921434205919514,tilt_failed,,
BiPb,590,1.1317148948873987,tilt_failed,,
BiPb,591,1.215493972786655,ok,9.61890459486239,3.419486915845482e-14
BiPb,592,1.4333685868964163,ok,9.397852498290005,3.3306690738754696e-16
BiPb,593,1.153969392702866,ok,9.762179101900045,1.2338796651079065e-11
BiPb,594,1.1201904677318644,tilt_failed,,
BiPb,595,1.1108004815198855,tilt_failed,,
BiPb,596,1.598968454006404,ok,9.378203423039126,9.790190880210048e-11
BiPb,597,1.1653368917721894,tilt_failed,,
BiPb,598,1.0668108099770908,tilt_failed,,
BiPb,599,1.2880755585137602,ok,9.977500218190922,3.061078723831656e-09
BiPb,600,1.0518435470435687,tilt_failed,,
BiPb,601,1.1634299095579057,ok,9.4838172025126,1.2617362710187763e-09
BiPb,602,1.0708559786703797,tilt_failed,,
BiPb,603,1.267706736756795,ok,9.559957369109753,3.907985046680551e-14
BiPb,604,1.075003899929044,tilt_failed,,
BiPb,605,1.1267107802498304,tilt_failed,,
BiPb,606,1.080174280003938,tilt_failed,,
BiPb,607,1.1174987870622635,tilt_failed,,
BiPb,608,1.0324524330012739,tilt_failed,,
BiPb,609,1.0969438634781392,tilt_failed,,
BiPb,610,1.038968298693158,tilt_failed,,
BiPb,611,1.1816142439104695,ok,9.584518713173352,3.478300980575e-09
BiPb,612,1.2446131482306675,ok,9.57060061820398,2.5181858820388925e-09
BiPb,613,1.2674343291754524,ok,9.532121179171007,7.327471962526033e-15
BiPb,614,1.308657603913992,ok,9.659021456832935,2.6287869658858654e-09
BiPb,615,1.2067154655634993,ok,9.559138657640968,6.661338147750939e-16
BiPb,616,1.3209555141205536,ok,9.665571148583226,1.2473577726268559e-11
BiPb,617,1.1613872662236318,tilt_failed,,
BiPb,618,1.3333217814419691,ok,9.482179779575027,1.0436096431476471e-14
BiPb,619,1.2123112821016597,ok,9.785921734494856,4.426459199180499e-13
BiPb,620,1.1571634233029482,tilt_failed,,
BiPb,621,1.1107861740245868,tilt_failed,,
BiPb,622,1.189229986348954,ok,9.489548182794106,5.221378884812111e-13
BiPb,623,1.1065458071595184,tilt_failed,,
BiPb,624,1.5427943384390168,ok,9.385571826258207,1.4516166046973922e-12
BiPb,625,1.194888263492166,ok,9.276683200909588,2.1538326677728037e-14
BiPb,626,1.1304261135410982,tilt_failed,,
BiPb,627,1.1285293684186026,tilt_failed,,
BiPb,628,1.064765498937828,tilt_failed,,
BiPb,629,1.0942427915594057,tilt_failed,,
BiPb,630,1.3228530138509245,ok,9.653290476551426,7.488785147558019e-10
BiPb,631,1.5058878697718867,ok,9.636916247175694,1.8882584384982692e-10
BiPb,632,1.204551130844791,ok,9.600892942549084,4.263256414560601e-14
BiPb,633,1.3835459500754543,ok,10.037266155412347,5.431211036466266e-13
BiPb,634,1.3900164560891362,ok,9.554226388828248,2.4424906541753444e-15
BiPb,635,1.3392843280548152,ok,9.354460790444318,4.158908772922132e-10
BiPb,636,1.2430809820097486,ok,9.638553670113268,4.227342031981607e-09
BiPb,637,1.1384893634974496,tilt_failed,,
BiPb,638,1.0746514591658638,tilt_failed,,
BiPb,639,1.5507708726571419,ok,9.568963195266406,7.438494264988549e-15
BiPb,640,1.1039533760307219,tilt_failed,,
BiPb,641,1.716808061046379,ok,9.188262362280634,3.956279748251745e-12
BiPb,642,1.15556227935999,tilt_failed,,
BiPb,643,1.1257512319527256,tilt_failed,,
BiPb,644,1.4381726871913751,ok,9.49773529748197,1.0702549957386509e-13
BiPb,645,1.1012523903786384,tilt_failed,,
BiPb,646,1.2754611503402158,ok,9.36510403953854,4.18554080283684e-14
BiPb,647,1.1300563841728593,tilt_failed,,
BiPb,648,1.1963245022016702,ok,9.546039274140382,2.1540547123777287e-12
BiPb,649,1.0656406908046188,tilt_failed,,
BiPb,650,2.171150857033295,ok,9.164519729685825,9.992007221626409e-16
BiPb,651,1.185311113838804,ok,9.646740784801134,2.7146128678268155e-09
BiPb,652,1.124733224716892,tilt_failed,,
BiPb,653,1.0708683112253563,tilt_failed,,
BiPb,654,1.0815223431623415,tilt_failed,,
BiPb,655,1.2860278815882444,ok,9.654109188020215,1.9378743054687675e-10
BiPb,657,1.119462564835952,tilt_failed,,
BiPb,658,1.1010592881706607,tilt_failed,,
BiPb,659,1.3572512400163907,ok,9.355279501913103,3.873679155219634e-12
BiPb,660,1.1724010134359886,tilt_failed,,
BiPb,661,1.1827772243151622,ok,9.827676019402976,4.944682441276882e-10
BiPb,662,1.0910184168514014,tilt_failed,,
BiPb,663,1.0656478952176092,tilt_failed,,
BiPb,664,1.144183317283355,tilt_failed,,
BiPb,665,1.7602510401913272,ok,9.400308632696365,3.3635316754043743e-12
BiPb,666,1.1401459351239513,tilt_failed,,
BiPb,667,1.2263612534549424,ok,9.363466616600967,5.347944309619379e-12
BiPb,668,1.2798428607989982,ok,9.405220901509086,1.368993807204788e-11
BiPb,669,1.085232482929601,tilt_failed,,
BiPb,670,1.0554452661745461,tilt_failed,,
BiPb,671,1.652046949029803,ok,9.139139674153437,5.375699885235008e-13
BiPb,672,1.2416838277420752,ok,9.813757924433602,1.1102230246251565e-15
BiPb,673,1.2781876051672627,ok,9.487910759856533,3.44129169604912e-11
BiPb,674,1.207933389330646,ok,9.808845655620882,2.2150503653506348e-11
BiPb,675,1.162111940051532,tilt_failed,,
BiPb,676,1.5211645510157898,tilt_failed,,
BiPb,677,1.2450379848219353,ok,9.73270548902373,9.792647803763543e-10
BiPb,678,1.095180663218599,tilt_failed,,
BiPb,679,1.2782766486362338,ok,9.555863811765821,5.7262194985696624e-11
BiPb,680,1.1024461824685508,tilt_failed,,
BiPb,681,1.4598782889936575,ok,9.455981012573854,1.0658141036401503e-14
BiPb,682,1.1590535694655726,tilt_failed,,
BiPb,683,1.1638297000632745,tilt_failed,,
BiPb,684,1.3043870332739247,ok,9.766272659243977,6.661338147750939e-16
BiPb,685,1.051066528212449,tilt_failed,,
BiPb,686,1.2459973478485467,ok,9.407677035915444,5.551115123125783e-16
BiPb,687,1.0918641441484933,tilt_failed,,
BiPb,688,1.1282098749277671,tilt_failed,,
BiPb,689,1.0883580536584898,tilt_failed,,
BiPb,690,1.098963676579011,tilt_failed,,
BiPb,691,1.4079563797735437,ok,9.534577313577369,8.338505441685129e-10
BiPb,692,1.3161881356911644,ok,9.516565661264064,1.7539381058639947e-10
BiPb,693,1.290646694739161,ok,9.62381686367511,7.470126739406169e-10
BiPb,694,1.0806030528811434,tilt_failed,,
BiPb,695,1.1980522977140051,ok,9.504284989232264,9.547918011776346e-15
BiPb,696,1.1309207686708938,ok,9.568144483797619,1.0996938915042165e-09
BiPb,697,1.1128800884383643,tilt_failed,,
BiPb,698,1.367542812801651,ok,9.537852159452516,1.7330452628527837e-09
BiPb,699,1.3414247287486172,ok,9.573875464079126,3.3875124927362776e-12
BiPb,700,1.0568522134567138,tilt_failed,,
BiPb,702,1.2833093941388976,ok,9.542764428265237,1.0414429318927887e-09
BiPb,703,1.372220349642347,ok,9.202180457250009,2.1508061998076755e-10
BiPb,704,1.4778370921820265,ok,9.873523861655025,1.170175067954915e-13
BiPb,705,1.5750342033437736,ok,9.520659218607996,8.881784197001252e-16
BiPb,706,1.582210124063084,ok,9.835044422622055,1.1102230246251565e-15
BiPb,707,1.197854660861849,ok,9.446975186417202,2.220446049250313e-16
BiPb,708,1.2301303063577644,ok,9.523115353014358,4.735819514323225e-10
BiPb,709,1.051692746799368,tilt_failed,,
BiPb,710,1.1335726263737174,tilt_failed,,
BiPb,711,1.1137075895269453,tilt_failed,,
BiPb,712,1.356362350517843,ok,9.51001596951377,5.665579116964636e-12
BiPb,713,1.071347758063508,tilt_failed,,
BiPb,714,1.2818253336298615,ok,9.628729132487827,6.788347661768057e-12
BiPb,715,1.1231288354600832,tilt_failed,,
BiPb,717,1.503968082938417,ok,9.737617757836446,9.35918009759007e-13
BiPb,718,1.0690242340430005,tilt_failed,,
BiPb,719,1.207429093873524,ok,9.442062917604481,3.4416913763379853e-15
BiPb,720,1.0735568160580529,tilt_failed,,
BiPb,721,1.0804971275286763,tilt_failed,,
BiPb,722,1.1738975698696268,tilt_failed,,
BiPb,723,1.140768110589428,tilt_failed,,
BiPb,724,1.125269066943261,tilt_failed,,
BiPb,725,1.4202826699381992,ok,9.426507399697538,1.4921164304126933e-09
BiPb,726,1.202590911972875,ok,9.725337085804647,4.9960036108132044e-15
BiPb,727,1.2024726550085851,ok,9.689313781178036,4.6629367034256575e-14
BiPb,728,1.185661417883195,ok,9.875979996061384,2.2431945190248825e-11
BiPb,729,1.2561364407084632,ok,9.822763750590255,2.078115457493368e-12
BiPb,730,1.0660600071307267,tilt_failed,,
BiPb,731,1.0424240006230945,tilt_failed,,
BiPb,732,1.409820015515751,ok,9.298788410566825,1.3813394872386198e-12
BiPb,733,1.0726942335467955,tilt_failed,,
BiPb,734,1.061400145447566,tilt_failed,,
BiPb,735,1.1868461361923732,ok,9.63609753570691,4.4852146441343166e-09
BiPb,736,1.0618319886389664,tilt_failed,,
BiPb,737,2.17654635165504,tilt_failed,,
BiPb,738,1.2833815855501252,ok,9.367560173944902,1.1102230246251565e-15
BiPb,740,1.4677068654234613,tilt_failed,,
BiPb,741,1.1044192728748767,tilt_failed,,
BiPb,742,1.1658408473845685,ok,9.663933725645654,3.991366348543579e-09
BiPb,743,1.4645744456970498,ok,9.41832028500967,6.661338147750939e-16
BiPb,744,1.3952164471847102,ok,9.782646888619709,1.9984014443252818e-14
BiPb,745,1.1263477321343236,tilt_failed,,
BiPb,746,1.3173509635119567,ok,9.579606444360632,2.2550294964673867e-10
BiPb,747,1.1167482788359062,tilt_failed,,
BiPb,748,1.694493506989641,ok,9.198086899906073,6.661338147750939e-16
BiPb,749,1.302262799573773,ok,9.541127005327663,9.894737251769925e-10
BiPb,751,1.4302325000328935,ok,9.407677035915444,1.3953366351238117e-08
BiPb,752,1.1843795937360242,ok,9.808026944152097,8.856908984000711e-09
BiPb,753,1.2467991454991594,ok,9.772003639525487,4.754219240510338e-11
BiPb,754,1.3084037010738316,ok,9.55340767735946,1.5946133302691123e-12
BiPb,755,1.127904637347318,tilt_failed,,
BiPb,756,1.1362818426184422,tilt_failed,,
BiPb,757,1.1008023808462577,tilt_failed,,
BiPb,758,1.3949927741481363,ok,9.81457663590239,1.9315660182428473e-12
BiPb,759,1.4183842994842464,ok,9.757266833087325,7.714717753515288e-12
BiPb,760,1.2102611209640577,ok,9.663115014176867,2.220446049250313e-16
BiPb,761,1.2663314026180976,ok,9.345454964287661,2.6011526266245255e-11
BiPb,762,1.3777321774334297,ok,9.50346627776348,8.881784197001252e-16
BiPb,763,1.3051459637563458,ok,9.665571148583226,1.509903313490213e-14
BiPb,764,1.1478558696214831,tilt_failed,,
BiPb,765,1.1502605178984286,tilt_failed,,
BiPb,766,1.0838412212065316,tilt_failed,,
BiPb,767,1.1332403717730348,tilt_failed,,
BiPb,768,1.2320401148776585,ok,9.536214736514943,5.6621374255882984e-14
BiPb,769,1.2486667610503928,ok,9.556682523234606,6.80566714095221e-14
BiPb,770,1.250848039528919,ok,9.696682184397119,4.773959005888173e-15
BiPb,771,1.3936369998261762,ok,9.526390198889503,1.3946843679946141e-11
BiPb,772,1.1205212158736564,tilt_failed,,
BiPb,773,1.3981100032596705,ok,9.646740784801134,1.177058450707591e-12
BiPb,774,1.2331029301613488,ok,9.74907971839946,2.2676331923321413e-09
BiPb,775,1.1555018982998198,tilt_failed,,
BiPb,776,1.2044493992086103,ok,9.958669854408832,7.238654120556021e-14
BiPb,777,1.234105473032425,ok,9.492004317200468,7.405187574249794e-14
BiPb,778,1.1570272559376111,tilt_failed,,
BiPb,779,1.1787220633211999,ok,9.712237702304062,1.3988810110276972e-14
BiPb,780,1.1993280645351014,ok,9.535396025046154,3.870542220063555e-09
BiPb,781,1.4811431690612211,ok,9.715512548179209,5.0182080713057076e-14
BiPb,782,1.1483026716648268,tilt_failed,,
BiPb,783,1.2774392044563967,ok,9.718787394054354,1.1102230246251565e-15
BiPb,784,1.8278752279782176,ok,9.794108849182724,9.992007221626409e-15
BiPb,785,1.1108773276310777,tilt_failed,,
BiPb,787,1.1244237018254992,tilt_failed,,
BiPb,788,1.3448207846155091,ok,9.546857985609169,3.816946758661288e-13
BiPb,789,1.2360806601057681,ok,9.568144483797619,5.498346222765349e-10
BiPb,790,1.463730019930028,ok,9.505103700701053,5.5689342026710165e-11
BiPb,791,1.3486661710751073,ok,9.776915908338204,2.532418719169982e-12
BiPb,792,1.4998417781302211,ok,9.631185266894189,5.405751402065562e-10
BiPb,793,1.262363712317896,ok,9.78755915743243,1.2279066652354231e-13
BiPb,794,1.648859186350943,ok,9.613173614580884,1.3082868122182845e-12
BiPb,795,1.4578971675438661,ok,9.84814380612264,1.1160872226412266e-10
BiPb,796,1.0771268421274127,tilt_failed,,
BiPb,797,1.3019344124387546,ok,9.656565322426573,2.220446049250313e-15
BiPb,798,1.5813757586167136,ok,9.758904256024898,2.050596981106878e-08
BiPb,799,1.7880193935350666,tilt_failed,,
BiPb,800,1.195687095530662,ok,9.722880951398288,1.1316392267701758e-11
BiPb,801,1.2236251517407148,ok,9.460893281386575,1.7487167269791826e-10
BiPb,802,1.0611425939610082,tilt_failed,,
BiPb,803,1.342126825185788,ok,9.631185266894189,7.949196856316121e-13
BiPb,804,1.2612192930393813,ok,9.627910421019042,1.5274681519628075e-09
BiPb,806,1.1579681711987988,ok,9.6000742310803,5.88418203051333e-14
BiPb,807,1.2870565508573724,ok,9.655746610957788,6.117328865684613e-14
BiPb,808,1.1858657415896154,tilt_failed,,
BiPb,809,1.318700227235636,ok,9.681126666490172,3.4861002973229915e-14
BiPb,810,1.3291901552686736,ok,9.73925518077402,2.569664481200107e-10
BiPb,811,1.4888995687284132,ok,9.650834342145068,3.360645095540349e-13
BiPb,812,1.1934895939338779,tilt_failed,,
BiPb,813,1.3317096472829055,ok,9.678670532083814,1.13509202037676e-12
BiPb,814,1.1474775913885171,tilt_failed,,
BiPb,815,1.2225593489689772,ok,9.627091709550255,1.0558220964185239e-12
BiPb,816,1.197729369049827,ok,9.5632322149849,1.8371726362431673e-10
BiPb,817,1.1334106835406128,tilt_failed,,
BiPb,818,1.165560238853013,ok,9.669664705927158,3.055999897583206e-12
BiPb,819,1.198483176689656,ok,9.478086222231092,4.545919196630166e-12
BiPb,820,1.0501245364790412,tilt_failed,,
BiPb,821,1.0636832133118435,tilt_failed,,
BiPb,822,1.0747872770621276,tilt_failed,,
BiPb,823,1.151419329299825,ok,9.81867019324632,3.3371083674182955e-12
ScSe,14,1.9239252842736108,ok,8.74693997495276,4.221956118044545e-12
ScSe,15,1.1274910127681486,tilt_failed,,
ScSe,16,1.3560845507149728,ok,8.711475094190426,6.681055708668282e-11
ScSe,17,1.9602118459046787,ok,8.726370344110606,4.1822367791155557e-10
ScSe,18,1.2270725297391634,ok,8.7171494751124,9.547918011776346e-15
ScSe,19,1.231716841418951,ok,8.720695963188632,2.9528943734646873e-09
ScSe,20,1.617458444836998,ok,8.715021582266662,6.661338147750939e-16
ScSe,21,1.1014773083297704,tilt_failed,,
ScSe,22,1.2230707005175832,ok,8.711475094190426,8.104628079763643e-15
ScSe,23,1.5082805379061974,ok,8.7277889393411,3.2862601528904634e-14
ScSe,24,1.1107421871665006,ok,8.758288736796704,1.4873680065363715e-09
ScSe,25,1.6580338897417757,ok,8.72282385603437,4.440892098500626e-16
ScSe,26,1.4011250231692336,ok,8.709347201344688,4.6851411639181606e-14
ScSe,27,1.1878485234326608,ok,8.721405260803877,1.6431300764452317e-14
ScSe,28,1.2809142917378686,ok,8.729916832186838,3.912736801225947e-11
ScSe,29,1.14417114939594,tilt_failed,,
ScSe,30,1.279423498252087,ok,8.7065100108837,4.5297099404706387e-13
ScSe,31,1.127390982145868,tilt_failed,,
ScSe,32,1.7694527128929365,ok,8.69374265380926,2.220446049250313e-16
ScSe,33,1.9449744748383688,ok,8.709347201344688,3.8413716652030416e-14
ScSe,34,1.3054588622848027,ok,8.737009808339305,2.0787527255095029e-10
ScSe,35,1.14630375947696,tilt_failed,,
ScSe,37,1.310178753577754,ok,8.722114558419126,4.5563552930616424e-12
ScSe,38,1.7442216691830636,ok,8.688068272887286,3.525263636561249e-09
ScSe,39,1.1638444276297335,ok,8.729207534571593,2.3893109712957994e-12
ScSe,40,1.4494239809659757,ok,8.690905463348273,2.899902540320909e-13
ScSe,41,1.8840287893421606,ok,8.83276498639761,9.470202400052585e-14
ScSe,42,1.351040894815895,ok,8.70225422519222,1.4897878486408445e-09
ScSe,43,1.4702120347057033,ok,8.73204472503258,4.389377750158019e-12
ScSe,44,1.8297438469304954,ok,8.70863790372944,4.440892098500626e-16
ScSe,45,1.1493169231325773,tilt_failed,,
ScSe,46,1.2860263584590699,ok,8.712184391805675,3.141931159689193e-13
ScSe,47,1.2238275409651755,ok,8.707219308498946,6.994405055138486e-14
ScSe,48,1.2894190733474804,ok,8.713602987036168,4.6629367034256575e-15
ScSe,49,1.177109438002338,ok,8.721405260803877,2.3091750733783556e-11
ScSe,50,1.2680247255034056,ok,8.73630051072406,4.440892098500626e-16
ScSe,51,1.179141649423787,ok,8.721405260803877,9.940726020118973e-11
ScSe,52,1.3362714590165126,ok,8.704382118037959,8.881784197001252e-16
ScSe,53,1.9706092067997634,ok,8.723533153649619,5.6981086515861534e-12
ScSe,54,1.5184273841127947,ok,8.737009808339305,1.9728774169891494e-11
ScSe,55,1.280423850703025,ok,8.720695963188632,1.9984014443252818e-15
ScSe,56,1.502562458544429,ok,8.760416629642446,1.6987744544394445e-11
ScSe,57,1.2200550756937456,ok,8.694451951424504,2.2191981585706344e-10
ScSe,58,1.2345136582655487,ok,8.713602987036168,3.9968028886505635e-14
ScSe,59,1.0660111121143323,tilt_failed,,
ScSe,60,1.3418071048269182,ok,8.724242451264864,3.501710033049221e-11
ScSe,61,1.1896608565745292,ok,8.739846998800292,1.5987211554602254e-14
ScSe,62,1.4185845019768744,ok,8.731335427417331,6.041012134971879e-11
ScSe,63,1.2985196416877565,ok,8.710765796575181,8.593126210598712e-14
ScSe,64,1.115432932623103,tilt_failed,,
ScSe,65,1.3555050736729355,ok,8.71289368942092,5.954103876604222e-11
ScSe,66,1.1061142576035432,tilt_failed,,
ScSe,67,1.2536100867170448,ok,8.713602987036168,1.1546319456101628e-13
ScSe,68,1.3984362609311423,ok,8.70225422519222,6.9397820823269285e-12
ScSe,69,1.187244556731469,ok,8.727079641725851,1.0769163338864018e-14
ScSe,70,1.1889132929168749,ok,8.721405260803877,2.202260596106953e-11
ScSe,71,1.090596341240824,tilt_failed,,
ScSe,72,1.4536873675875344,ok,8.707219308498946,6.24519769232279e-10
ScSe,73,1.1491232568634893,tilt_failed,,
ScSe,74,1.5519461116386573,ok,8.728498236956344,6.661338147750939e-16
ScSe,75,1.213740225956765,ok,8.709347201344688,9.56683399166991e-10
ScSe,76,1.4834529496675941,ok,8.734881915493567,4.884981308350689e-14
ScSe,77,2.029600064598912,ok,8.824962712629894,2.5542901127550977e-12
ScSe,78,1.1109698597582736,tilt_failed,,
ScSe,79,1.1378123861639873,tilt_failed,,
ScSe,80,1.0891643986680541,tilt_failed,,
ScSe,81,1.310076556917332,ok,8.7065100108837,4.5341508325691393e-13
ScSe,82,1.1809358978696127,ok,8.747649272568008,1.9144819063399154e-10
ScSe,83,1.272923944182704,ok,8.714312284651413,8.695739683872716e-10
ScSe,84,1.6929295604882841,ok,8.686649677656792,3.262945469373335e-12
ScSe,86,1.6552762156375826,ok,8.773893284332132,4.551914400963142e-15
ScSe,87,1.5277331202443705,ok,8.733463320263073,3.2651659154225854e-12
ScSe,88,1.180031941817787,ok,8.74693997495276,8.231091364052645e-10
ScSe,89,1.4650364878146038,ok,8.718568070342894,3.129319026129451e-11
ScSe,90,1.8204379516510834,ok,8.762544522488184,6.661338147750939e-16
ScSe,91,1.1367427913444363,tilt_failed,,
ScSe,92,1.4580521646341924,ok,8.7065100108837,2.104982854689297e-12
ScSe,93,1.4025405990429631,ok,8.691614760963517,1.9095836023552692e-14
ScSe,94,1.1734459764579346,ok,8.73204472503258,2.5363364408725886e-08
ScSe,95,1.1885887029728321,ok,8.732754022647825,1.0503712122300612e-08
ScSe,96,1.183748064018879,ok,8.7277889393411,7.404299395830094e-12
ScSe,97,1.6691354279943689,ok,8.712184391805675,3.3908387209180546e-10
ScSe,98,1.5274073571594127,ok,8.73204472503258,4.14757117539466e-12
ScSe,99,1.349041702506478,ok,8.702963522807465,3.304023721284466e-13
ScSe,100,1.2686733725284693,ok,8.705091415653207,4.440892098500626e-16
ScSe,101,1.1952692111054526,ok,8.720695963188632,2.7554500903193002e-09
ScSe,102,1.6428132221391716,ok,8.700835629961727,7.16404713330121e-12
ScSe,103,1.4789924766230378,ok,8.750486463028995,4.440892098500626e-16
ScSe,104,1.604887959148538,ok,8.703672820422714,5.355715870791755e-13
ScSe,105,1.257899489985736,ok,8.701544927576972,2.8520350525695903e-09
ScSe,106,1.5614412208311628,ok,8.724242451264864,2.111326669052005e-10
ScSe,107,1.081495084123776,tilt_failed,,
ScSe,108,1.3437669946107347,ok,8.710056498959933,1.8970398585338444e-09
ScSe,109,1.3583402835227179,ok,8.729916832186838,9.14823772291129e-14
ScSe,110,1.575061788917229,ok,8.70225422519222,5.240252676230739e-14
ScSe,111,1.436442909832728,ok,8.701544927576972,8.803180406857791e-12
ScSe,112,1.1518957122218951,tilt_failed,,
ScSe,113,1.5055184596021824,ok,8.727079641725851,1.131295057632542e-11
ScSe,114,1.0987198766030724,tilt_failed,,
ScSe,115,1.5235038680298332,ok,8.761125927257691,5.082601006733967e-13
ScSe,116,1.333078688177768,ok,8.699417034731233,1.4727770114575378e-09
ScSe,117,1.2540089392677942,ok,8.699417034731233,4.440892098500626e-16
ScSe,118,1.143882983505564,tilt_failed,,
ScSe,119,1.3704393263599985,ok,8.71289368942092,2.265765353115512e-11
ScSe,120,1.144395344691357,tilt_failed,,
ScSe,121,1.1807788573901603,ok,8.7171494751124,3.957666416809502e-10
ScSe,122,1.2887006971178392,ok,8.724951748880112,3.5430680611625576e-10
ScSe,123,1.189762463715359,ok,8.725661046495357,2.0731666383611014e-09
ScSe,124,1.610495299143263,ok,8.7277889393411,4.89513762857996e-10
ScSe,125,1.411138629723674,ok,8.704382118037959,4.1522341120980855e-13
ScSe,126,1.3527309829010998,ok,8.705091415653207,1.4422039118500152e-09
ScSe,127,1.4372470134748843,ok,8.701544927576972,1.1627609985964682e-10
ScSe,128,1.2414276531930049,ok,8.701544927576972,3.320677066653843e-11
ScSe,129,1.224222092828324,ok,8.693033356194011,9.672262990534364e-13
ScSe,130,1.3959931932380203,ok,8.695161249039753,3.831801542730773e-11
ScSe,131,1.1674348404826378,ok,8.738428403569799,1.7175150190951172e-13
ScSe,132,1.230716631784396,ok,8.69374265380926,6.37069286213432e-11
ScSe,133,1.9153698614104122,ok,8.757579439181459,1.610045430311402e-12
ScSe,134,1.2107274137413238,ok,8.7065100108837,2.273039534372856e-10
ScSe,135,1.266400074302206,ok,8.70225422519222,3.9968028886505635e-15
ScSe,136,2.0072148055446664,ok,8.710056498959933,1.0702549957386509e-13
ScSe,137,1.2307455302633798,ok,8.702963522807465,8.217870828275409e-13
ScSe,138,1.4948158524550723,ok,8.713602987036168,1.6535661728767082e-12
ScSe,139,1.4394343085446633,ok,8.718568070342894,8.881784197001252e-16
ScSe,140,1.208104391913723,ok,8.724951748880112,2.187516834339931e-10
ScSe,141,1.2125461951624,ok,8.719986665573387,6.615508141294413e-11
ScSe,142,1.3621005063639018,ok,8.702963522807465,5.863263208283342e-10
ScSe,143,1.304415160359255,ok,8.705800713268452,1.4077627952246985e-13
ScSe,144,1.139162767366352,tilt_failed,,
ScSe,145,1.1809791869368715,ok,8.80013729609626,2.622995154411001e-10
ScSe,146,1.1077392885831656,tilt_failed,,
ScSe,147,1.5212991981750854,ok,8.69799843950074,1.0329515021112456e-12
ScSe,148,1.4085606637291095,ok,8.727079641725851,3.304023721284466e-13
ScSe,149,1.1147076984090543,tilt_failed,,
ScSe,150,1.465561536960908,ok,8.702963522807465,1.354472090042691e-14
ScSe,151,1.7782887116253359,ok,8.696579844270246,3.885780586188048e-15
ScSe,152,1.2889213397543617,ok,8.705091415653207,3.1530333899354446e-14
ScSe,153,1.43422242156877,ok,8.702963522807465,2.4469981596553225e-11
ScSe,154,1.2790711157260268,ok,8.703672820422714,3.544942117628125e-13
ScSe,155,1.1949958360842703,ok,8.730626129802086,3.3306690738754696e-15
ScSe,156,1.392559330649519,ok,8.69374265380926,6.184002199205452e-10
ScSe,157,2.0146862980231384,tilt_failed,,
ScSe,158,1.2291977529804377,ok,8.721405260803877,9.896083952298795e-12
ScSe,159,1.4098975511180125,ok,8.70225422519222,1.3804357656965749e-09
ScSe,160,1.3466578054063896,ok,8.732754022647825,3.2955860262973147e-11
ScSe,161,1.4437610677371713,ok,8.719277367958139,8.881784197001252e-16
ScSe,162,1.3847319099428506,ok,8.722114558419126,8.171952003976912e-11
ScSe,163,1.3262402355053773,ok,8.70225422519222,6.85791423649107e-11
ScSe,164,1.1306879890665757,tilt_failed,,
ScSe,165,1.5011901098702691,ok,8.700126332346478,4.440892098500626e-16
ScSe,166,1.163640736073686,ok,8.73204472503258,3.597122599785507e-14
ScSe,167,1.437761502755005,ok,8.724951748880112,5.995204332975845e-15
ScSe,168,1.1696486834562227,ok,8.738428403569799,9.610090501155355e-13
ScSe,169,1.0749564463438346,tilt_failed,,
ScSe,170,1.3618032272215541,ok,8.745521379722266,6.571632127361227e-11
ScSe,171,1.1735767108156834,ok,8.713602987036168,1.2624110645731434e-09
ScSe,172,1.2153105527004915,ok,8.722114558419126,5.551115123125783e-16
ScSe,173,1.1474876084722654,ok,8.768218903410158,1.2434497875801753e-14
ScSe,174,1.4111318283749357,ok,8.698707737115985,1.2212453270876722e-15
ScSe,175,1.0688908404978614,tilt_failed,,
ScSe,176,1.3773264423154874,ok,8.696579844270246,8.476130908263713e-10
ScSe,177,1.08263932881456,tilt_failed,,
ScSe,178,1.1739198743217025,tilt_failed,,
ScSe,179,1.0942454571100102,tilt_failed,,
ScSe,180,1.1890158521657805,ok,8.7277889393411,5.773159728050814e-15
ScSe,181,1.3029027784610538,ok,8.70225422519222,1.4224084132763437e-09
ScSe,182,1.2152116774250383,ok,8.695161249039753,1.3322676295501878e-15
ScSe,183,1.1362457556679368,tilt_failed,,
ScSe,184,1.130157039069779,tilt_failed,,
ScSe,185,1.3619305641256603,ok,8.695870546654998,4.625189120588402e-13
ScSe,186,1.7866098777593447,ok,8.741265594030786,6.814548925149211e-13
ScSe,187,1.2106070966716413,ok,8.731335427417331,5.5810245314091844e-11
ScSe,188,1.1702211910012936,ok,8.728498236956344,4.890532423473815e-13
ScSe,189,1.3859855782588169,ok,8.717858772727649,9.472422846101836e-13
ScSe,190,1.3071560126575426,ok,8.701544927576972,2.8779201244333308e-12
ScSe,191,1.2391387765366944,ok,8.700835629961727,2.3575066343539675e-09
ScSe,192,1.1338062824699524,tilt_failed,,
ScSe,193,1.3229109531003695,ok,8.703672820422714,1.2301271112846734e-13
ScSe,194,1.2566149825846944,ok,8.724951748880112,1.3944458920889247e-09
ScSe,195,1.1592174401246003,tilt_failed,,
ScSe,196,1.22891909207467,ok,8.72282385603437,3.419486915845482e-14
ScSe,197,1.1520028579943609,ok,8.734172617878318,1.318989362175671e-11
ScSe,198,1.1968238241844789,ok,8.713602987036168,5.2513549064769904e-14
ScSe,199,1.1699724372925584,ok,8.717858772727649,9.077290030745644e-09
ScSe,200,1.1758533730359604,ok,8.734172617878318,4.993006008646717e-10
ScSe,201,1.3429071669566661,ok,8.700835629961727,2.0050427984585895e-10
ScSe,202,1.3737057563015538,ok,8.714312284651413,2.220446049250313e-15
ScSe,203,1.1711131798216483,ok,8.74055629641554,1.0380585280245214e-12
ScSe,205,1.1570428018565817,tilt_failed,,
ScSe,206,1.213185281735262,ok,8.713602987036168,3.987232766178295e-11
ScSe,207,1.454830958553857,ok,8.703672820422714,1.3322676295501878e-15
ScSe,208,1.1445793727955857,tilt_failed,,
ScSe,209,1.3594724772282145,ok,8.730626129802086,7.105427357601002e-15
ScSe,210,1.3993969673684326,ok,8.69374265380926,8.31137381140934e-11
ScSe,211,1.3193362365046746,ok,8.714312284651413,1.1102230246251565e-15
ScSe,212,1.0923587376044432,tilt_failed,,
ScSe,213,1.5349021026957292,ok,8.74268418926128,2.5356043931168415e-09
ScSe,214,1.6340348762511054,ok,8.707928606114194,4.440892098500626e-16
ScSe,215,1.3310843958225347,ok,8.696579844270246,2.984279490192421e-13
ScSe,216,1.3707452381475895,ok,8.696579844270246,8.318901123516298e-12
ScSe,217,1.166656266846943,ok,8.724951748880112,1.4432899320127035e-15
ScSe,219,1.1421813151806643,tilt_failed,,
ScSe,220,1.2892005959333244,ok,8.711475094190426,7.771561172376096e-16
ScSe,221,1.1354651202569948,tilt_failed,,
ScSe,222,1.6637425118184814,ok,8.734881915493567,2.0588863947068603e-11
ScSe,223,1.0834378978178483,tilt_failed,,
ScSe,224,1.639569113494013,ok,8.721405260803877,8.857492517222454e-11
ScSe,225,1.192358197028064,ok,8.705800713268452,4.884981308350689e-15
ScSe,226,1.2700329486781816,ok,8.698707737115985,1.3566925360919413e-13
ScSe,227,1.2446412551586832,ok,8.7065100108837,1.2567724638756772e-11
ScSe,228,1.2234945806695061,ok,8.725661046495357,1.6442402994698568e-13
ScSe,229,1.3120751034636033,ok,8.711475094190426,4.1300296516055823e-14
ScSe,230,1.297968233710469,ok,8.719277367958139,3.9968028886505635e-15
ScSe,231,1.4521294238640576,ok,8.719986665573387,4.4853010194856324e-14
ScSe,232,1.3388972283626686,ok,8.705091415653207,6.261346996438988e-11
ScSe,233,1.2294966337985014,ok,8.703672820422714,3.552713678800501e-14
ScSe,234,1.3367577334805303,ok,8.69799843950074,8.881784197001252e-16
ScSe,235,1.3456178525399523,ok,8.705800713268452,1.08133502152441e-11
ScSe,236,1.5347393946965364,ok,8.716440177497155,2.662055020863363e-10
ScSe,237,1.372552847769868,ok,8.738428403569799,1.972866314758903e-12
ScSe,238,1.2078153338483466,ok,8.730626129802086,2.769087181775376e-10
ScSe,239,1.136799695865502,tilt_failed,,
ScSe,240,1.2336936226850275,ok,8.721405260803877,2.737809978725636e-12
ScSe,241,1.3908392611094291,ok,8.710056498959933,4.0811798385220754e-13
ScSe,242,1.1380664305711543,tilt_failed,,
ScSe,243,1.4565967152004817,ok,8.711475094190426,9.992007221626409e-16
ScSe,244,1.548177238737785,ok,8.7277889393411,1.5545342790801442e-12
ScSe,245,1.0806266280165349,tilt_failed,,
ScSe,246,1.680666722983827,ok,8.728498236956344,7.912952515454208e-10
ScSe,247,1.6023410315738542,ok,8.753323653489979,4.440892098500626e-16
ScSe,248,1.280188717801789,ok,8.719986665573387,1.549564920821922e-10
ScSe,249,1.1619572733578234,ok,8.74268418926128,1.1253087350837632e-10
ScSe,250,1.6241687379889747,ok,8.719986665573387,2.220446049250313e-16
ScSe,251,1.407138046146224,ok,8.714312284651413,4.440892098500626e-16
ScSe,252,1.1634444275069369,ok,8.727079641725851,4.597433544972773e-13
ScSe,253,1.145372048940466,ok,8.749777165413747,1.9804335948947482e-10
ScSe,254,1.2480675339326317,ok,8.723533153649619,2.314526348357049e-11
ScSe,255,1.3171597627074,ok,8.698707737115985,1.5552004128949193e-11
ScSe,256,1.3561775969891958,ok,8.729916832186838,9.20128417902788e-11
ScSe,257,1.2394352500850188,ok,8.695870546654998,3.985084484625645e-10
ScSe,258,1.637894953676489,ok,8.732754022647825,2.340166727066162e-09
ScSe,259,1.5415246566853025,ok,8.727079641725851,1.0658141036401503e-14
ScSe,260,1.1629476523510323,ok,8.725661046495357,2.2077550121402112e-08
ScSe,261,1.0955162848962736,tilt_failed,,
ScSe,262,1.0975952055705966,tilt_failed,,
ScSe,263,1.4034793707473983,ok,8.69799843950074,7.607248164731573e-13
ScSe,264,1.1781617188091416,ok,8.722114558419126,9.325873406851315e-15
ScSe,265,1.390207366972563,ok,8.741974891646034,5.193583341167596e-10
ScSe,266,1.1866622396078235,ok,8.7277889393411,6.342482095078594e-12
ScSe,267,1.1944758847773556,ok,8.719277367958139,6.45316355907255e-10
ScSe,268,1.2652190542882067,ok,8.7065100108837,1.3706591417417258e-11
ScSe,269,1.4254635342071718,ok,8.7171494751124,1.4861072372696071e-09
ScSe,270,1.343134553718497,ok,8.750486463028995,1.2434497875801753e-14
ScSe,271,1.3767236353889774,ok,8.713602987036168,2.446398639222025e-11
ScSe,272,1.1123357058084111,ok,8.775311879562626,3.117565428034652e-09
ScSe,273,1.4168121091716548,ok,8.7065100108837,5.164757510556228e-13
ScSe,274,1.5026162195969461,ok,8.712184391805675,7.838174553853605e-14
ScSe,275,1.2285917591153785,ok,8.731335427417331,8.215650382226158e-15
ScSe,276,1.2002689769020587,ok,8.719277367958139,1.8602897000619123e-11
ScSe,277,1.302667296554906,ok,8.709347201344688,1.2212453270876722e-15
ScSe,278,1.4852332540144135,ok,8.744812082107021,3.482547583644191e-11
ScSe,279,1.3858827829562197,ok,8.757579439181459,3.2862601528904634e-14
ScSe,280,1.2044967441274137,ok,8.710056498959933,1.5636381078820705e-12
ScSe,281,1.238996724981717,ok,8.692324058578766,3.47499806707674e-12
ScSe,282,1.2101433517951088,ok,8.705091415653207,1.9825918684546195e-11
ScSe,283,1.160886390548463,ok,8.7277889393411,3.608224830031759e-13
ScSe,284,1.0712993897941343,tilt_failed,,
ScSe,286,1.147957650854384,ok,8.737009808339305,1.474953492675013e-10
ScSe,287,1.3506629482712298,ok,8.71289368942092,2.9767299736249697e-12
ScSe,288,1.3733169691241391,ok,8.707219308498946,2.4424906541753444e-15
ScSe,289,1.1352000177616108,tilt_failed,,
ScSe,291,1.3762486528236826,ok,8.710765796575181,1.0750067502840466e-11
ScSe,292,1.1922451821724587,ok,8.716440177497155,1.759481449425948e-12
ScSe,293,1.1904444218079908,ok,8.724951748880112,4.765521310901022e-12
ScSe,294,1.149568554521543,tilt_failed,,
ScSe,295,1.0830228085601892,tilt_failed,,
ScSe,296,1.6428727676551007,ok,8.7809862604846,3.809175197488912e-13
ScSe,297,1.3153787662995995,ok,8.705800713268452,3.638866985511413e-12
ScSe,298,1.546156860171355,ok,8.733463320263073,1.1102230246251565e-15
ScSe,299,1.1303484304213467,tilt_failed,,
ScSe,300,1.1358105762881288,tilt_failed,,
ScSe,301,1.1203710110134675,tilt_failed,,
ScSe,302,1.1659907139018306,ok,8.74268418926128,1.8385293287792592e-13
ScSe,303,1.2387421296396957,ok,8.707219308498946,1.0493477198281198e-09
ScSe,304,1.2173154420689452,ok,8.737009808339305,1.7381851513675883e-10
ScSe,305,1.1558965557084193,tilt_failed,,
ScSe,306,1.8258196744662636,ok,8.724951748880112,1.3566925360919413e-12
ScSe,307,1.1436358108272733,tilt_failed,,
ScSe,308,1.1480605101444028,tilt_failed,,
ScSe,309,1.1982749686549095,ok,8.762544522488184,2.571646007254458e-09
ScSe,310,1.6516077338534148,ok,8.726370344110606,7.054554718166628e-10
ScSe,311,1.3152829920740927,ok,8.705800713268452,2.3936408410918375e-13
ScSe,312,1.1979141060348635,ok,8.712184391805675,2.5333890540935045e-10
ScSe,313,1.172221976858001,ok,8.719277367958139,3.9989238587168074e-09
ScSe,314,1.0918696604343066,tilt_failed,,
ScSe,315,1.1608814571758115,ok,8.738428403569799,7.471800955727304e-14
ScSe,316,1.3487329521883222,ok,8.7065100108837,3.8058356466308396e-10
ScSe,317,1.4330893558471474,ok,8.716440177497155,1.8340884366807586e-12
ScSe,318,1.5619313928759844,ok,8.691614760963517,1.0196954391972213e-11
ScSe,319,1.2982022868066938,ok,8.694451951424504,3.3095659546233946e-10
ScSe,320,1.166710430208393,ok,8.741974891646034,1.6475709685437323e-13
ScSe,321,1.21604499153276,ok,8.703672820422714,6.253908502173999e-10
ScSe,322,1.2660816659977676,ok,8.719277367958139,6.5214500466481695e-12
ScSe,323,1.20467944867305,ok,8.704382118037959,4.2301717684267715e-12
ScSe,324,1.1284486720638658,tilt_failed,,
ScSe,325,1.1507006662044919,tilt_failed,,
ScSe,326,1.2148807908770896,ok,8.707928606114194,4.546762522039671e-09
ScSe,327,1.1862481748963218,ok,8.7171494751124,3.2048186326960604e-10
ScSe,328,1.4049626379081834,ok,8.710056498959933,5.806466418789569e-13
ScSe,329,1.2341072324353346,ok,8.705091415653207,2.591125536355321e-09
ScSe,330,1.1535173273721693,tilt_failed,,
ScSe,331,1.1367278057719827,tilt_failed,,
ScSe,332,1.076155895798754,tilt_failed,,
ScSe,333,1.189435567980418,ok,8.700126332346478,1.546540673302843e-13
ScSe,334,1.1108768669256595,tilt_failed,,
ScSe,335,1.3687987337976693,ok,8.727079641725851,8.881784197001252e-16
ScSe,336,1.2672968510267717,ok,8.721405260803877,4.952149801340511e-11
ScSe,337,1.2260974915502865,ok,8.714312284651413,3.9968028886505635e-15
ScSe,338,1.1506847238368165,tilt_failed,,
ScSe,339,1.1087154827616823,tilt_failed,,
ScSe,340,1.1215601641597521,tilt_failed,,
ScSe,342,1.1794689713014943,ok,8.705800713268452,1.1267067279163712e-09
ScSe,343,1.2773082776931366,ok,8.73630051072406,3.3306690738754696e-16
ScSe,344,1.0860828738982202,tilt_failed,,
ScSe,345,1.1228328194471267,tilt_failed,,
ScSe,346,1.1417771517915833,tilt_failed,,
ScSe,347,1.0699845842885711,tilt_failed,,
ScSe,348,1.058250336694259,tilt_failed,,
ScSe,349,1.1911417433598366,ok,8.753323653489979,1.8913759447514167e-12
ScSe,350,1.1126864450648384,tilt_failed,,
ScSe,351,1.2296345688578563,ok,8.693033356194011,5.942457637075904e-11
ScSe,352,1.2833141131667836,ok,8.737719105954554,1.0228746738505379e-09
ScSe,353,1.1213262395890362,ok,8.754032951105227,4.107825191113079e-15
ScSe,354,1.265572794823797,ok,8.705800713268452,9.166001291305292e-13
ScSe,355,1.2629755899473643,ok,8.713602987036168,5.496048061104375e-11
ScSe,356,1.2253059371390322,ok,8.716440177497155,5.198805830275433e-10
ScSe,357,1.62683960160354,ok,8.719277367958139,8.400156126242564e-10
ScSe,358,1.2735506324126102,ok,8.7065100108837,4.533928787964214e-12
ScSe,359,1.1617670934855173,ok,8.755451546335717,8.677947249680074e-12
ScSe,360,1.4385159754291021,ok,8.691614760963517,2.26858531959806e-11
ScSe,361,1.126003105324922,tilt_failed,,
ScSe,362,1.2041685366719816,ok,8.699417034731233,3.296110051564938e-10
ScSe,363,1.341297163318002,ok,8.70863790372944,7.438494264988549e-15
ScSe,364,1.1151571200865276,tilt_failed,,
ScSe,365,1.282355370779571,ok,8.715021582266662,6.754596881819452e-13
ScSe,366,1.0990796052451637,tilt_failed,,
ScSe,367,1.2983283167696047,ok,8.698707737115985,1.956657058599376e-12
ScSe,368,1.1527496212107444,ok,8.773183986716887,4.426237154575574e-11
ScSe,369,1.1350161946535426,tilt_failed,,
ScSe,370,1.6170668568800564,ok,8.683812487195809,3.3666402998733247e-12
ScSe,371,1.3892441979490942,ok,8.724242451264864,1.5987211554602254e-14
ScSe,372,1.1976943296553733,ok,8.723533153649619,3.297362383136715e-14
ScSe,373,1.1401772786987514,ok,8.739846998800292,7.06805503014607e-10
ScSe,374,1.060784695715523,tilt_failed,,
ScSe,375,3.0581518403717918,ok,8.89660177176981,3.3306690738754696e-16
ScSe,376,1.4309905800329736,ok,8.741265594030786,1.432765017739257e-11
ScSe,377,1.1250873382301165,tilt_failed,,
ScSe,378,1.2752228066140243,ok,8.705091415653207,3.1086244689504383e-15
ScSe,379,1.062726014870776,tilt_failed,,
ScSe,380,1.6884703933567151,ok,8.720695963188632,3.9968028886505635e-15
ScSe,381,2.194805806759194,ok,8.845532343472048,3.9968028886505635e-15
ScSe,382,1.335952112571216,ok,8.711475094190426,1.2982281916151805e-11
ScSe,383,1.2506175753824262,ok,8.745521379722266,1.1239031927345877e-10
ScSe,384,1.2076858355504752,ok,8.705800713268452,4.4666859100317424e-10
ScSe,385,1.2493459645091587,ok,8.71289368942092,2.886579864025407e-15
ScSe,386,1.1589997043852054,ok,8.732754022647825,1.3022916078853086e-12
ScSe,387,1.244557352503501,ok,8.762544522488184,1.0436096431476471e-13
ScSe,388,1.443703752679078,ok,8.705800713268452,7.793321543658749e-11
ScSe,389,1.280235817579214,ok,8.695870546654998,7.829292769656604e-13
ScSe,390,1.4346304650873953,ok,8.769637498640652,1.6743029185306568e-10
ScSe,391,1.4507604650236898,ok,8.778149070023613,1.2878587085651816e-14
ScSe,392,1.2524885068141338,ok,8.72282385603437,2.2926549547719333e-11
ScSe,393,1.2425825175964484,ok,8.703672820422714,1.0470735389844776e-11
ScSe,394,1.1501490379880381,tilt_failed,,
ScSe,395,1.1849833024421326,ok,8.7171494751124,1.173394714726328e-12
ScSe,396,1.0772152675790791,tilt_failed,,
ScSe,397,1.2087061825225405,ok,8.696579844270246,3.283572080903241e-09
ScSe,398,1.1462464293265513,ok,8.756160843950965,6.090261628344251e-11
ScSe,399,1.3382816579563726,ok,8.723533153649619,1.640365621113915e-10
ScSe,400,1.251848147275931,ok,8.69799843950074,4.8960835385969403e-14
ScSe,401,1.1570990566039872,ok,8.744102784491773,4.152927335354661e-09
ScSe,402,1.1421309306183856,tilt_failed,,
ScSe,403,1.4433773730875004,ok,8.693033356194011,1.2934098236883074e-13
ScSe,404,1.0354218994671103,tilt_failed,,
ScSe,405,1.0861188873526317,tilt_failed,,
ScSe,406,1.3852308132637576,ok,8.718568070342894,1.402897797930791e-10
ScSe,407,1.2139245009429938,ok,8.724951748880112,5.912637046634472e-10
ScSe,408,1.0722434142159927,tilt_failed,,
ScSe,409,1.225654413129631,ok,8.700835629961727,9.947598300641403e-14
ScSe,410,1.2967234231405809,ok,8.724242451264864,7.216449660063518e-15
ScSe,411,1.629279840195662,ok,8.7065100108837,3.375077994860476e-14
ScSe,412,1.2810387463453972,ok,8.707928606114194,0.0
ScSe,413,1.2265862456647345,ok,8.734172617878318,3.5571545708990016e-13
ScSe,414,1.2210204093548858,ok,8.76183522487294,6.661338147750939e-16
ScSe,415,1.5184719871753591,ok,8.7065100108837,1.4892553856782342e-09
ScSe,416,1.2722859334916767,ok,8.701544927576972,4.440892098500626e-16
ScSe,417,1.2274538988264538,ok,8.725661046495357,1.7763568394002505e-15
ScSe,418,1.3000115511531272,ok,8.74693997495276,2.6907163164224812e-09
ScSe,419,1.230501234521634,ok,8.737719105954554,3.238949108919087e-10
ScSe,420,1.1476294123051554,ok,8.74055629641554,1.1138778788222226e-10
ScSe,421,1.355494102632078,ok,8.724951748880112,7.327471962526033e-15
ScSe,422,1.1348860006354347,tilt_failed,,
ScSe,423,1.4870029114220686,ok,8.690196165733024,1.4765966227514582e-13
ScSe,424,1.259555766456639,ok,8.716440177497155,1.0773093528371191e-10
ScSe,425,1.1382302712731849,tilt_failed,,
ScSe,426,1.2079215767347853,ok,8.717858772727649,8.766050108022228e-10
ScSe,427,1.1228121522925916,tilt_failed,,
ScSe,428,1.091789680613647,tilt_failed,,
ScSe,429,1.464779374919387,ok,8.72282385603437,4.440892098500626e-16
ScSe,430,1.2473595095250318,ok,8.69799843950074,4.7140575887283376e-09
ScSe,431,1.1313028508273888,tilt_failed,,
ScSe,432,1.5646356321412305,ok,8.728498236956344,5.00066654751663e-12
ScSe,433,1.364212406378156,ok,8.701544927576972,3.9968028886505635e-15
ScSe,434,1.0792536448618566,tilt_failed,,
ScSe,435,1.7627691213210244,ok,8.73630051072406,2.220446049250313e-16
ScSe,436,1.282370572736658,ok,8.695161249039753,2.187472425418946e-11
ScSe,437,1.1825567466401468,ok,8.724242451264864,2.1151969065158482e-12
ScSe,438,1.079207962602121,tilt_failed,,
ScSe,439,1.2426391522277007,ok,8.739846998800292,1.3538614673791471e-11
ScSe,440,1.088967398875207,tilt_failed,,
ScSe,441,1.141053082360812,tilt_failed,,
ScSe,442,1.115629503130851,tilt_failed,,
ScSe,443,1.5270861343720454,ok,8.741974891646034,4.461364611074714e-11
ScSe,444,1.1603186907265326,ok,8.733463320263073,6.671996288787341e-12
ScSe,445,1.0731749302895968,tilt_failed,,
ScSe,446,1.19538450607341,ok,8.712184391805675,2.220446049250313e-15
ScSe,447,1.334275663041531,ok,8.71289368942092,7.882583474838611e-14
ScSe,448,1.2120314513289339,ok,8.729916832186838,1.3322676295501878e-15
ScSe,449,1.384121343184289,ok,8.710056498959933,8.881784197001252e-16
ScSe,450,1.2299074987706504,ok,8.7065100108837,1.425526363618701e-12
ScSe,451,1.11669371530544,tilt_failed,,
ScSe,452,1.205638357790363,ok,8.699417034731233,1.184299769363406e-09
ScSe,453,1.1321974221347502,tilt_failed,,
ScSe,454,1.359268164606965,ok,8.723533153649619,4.6070258719055346e-11
ScSe,455,1.1165295419048638,tilt_failed,,
ScSe,456,1.055208231200321,tilt_failed,,
ScSe,457,1.0850011837940292,tilt_failed,,
ScSe,458,1.1525242334089403,tilt_failed,,
ScSe,459,1.0470985878998593,tilt_failed,,
ScSe,460,1.2308036101152342,ok,8.705091415653207,8.881784197001252e-15
ScSe,461,1.5920860236703889,ok,8.749067867798502,4.440892098500626e-16
ScSe,462,1.3854258155490178,ok,8.724951748880112,4.440892098500626e-16
ScSe,463,1.0849593328569764,tilt_failed,,
ScSe,464,1.0700449619782797,tilt_failed,,
ScSe,465,1.0275174753837455,tilt_failed,,
ScSe,466,1.1346531946558909,tilt_failed,,
ScSe,468,1.1318368862184758,tilt_failed,,
ScSe,469,1.2095694293509318,ok,8.715730879881907,3.734812459299519e-11
ScSe,470,1.5779870702348844,ok,8.705091415653207,1.7763568394002505e-15
ScSe,471,1.0261788586800569,tilt_failed,,
ScSe,472,1.1561157514912712,tilt_failed,,
ScSe,473,1.6059346508109438,ok,8.73204472503258,5.809797087863444e-13
ScSe,474,1.466418119016077,ok,8.711475094190426,4.702904732312163e-13
ScSe,475,1.2483124062073767,ok,8.697289141885491,2.2004620348070603e-13
ScSe,476,1.1323394191215936,tilt_failed,,
ScSe,477,1.1157744171183464,tilt_failed,,
ScSe,478,1.0963608390268098,tilt_failed,,
ScSe,479,1.1736471207353616,ok,8.731335427417331,1.3078427230084344e-13
ScSe,480,1.1117976181579046,tilt_failed,,
ScSe,481,1.3531850996477426,ok,8.70863790372944,1.200886057262096e-10
ScSe,482,1.2741120260892569,ok,8.7065100108837,3.1862179561414905e-09
ScSe,483,1.038157275269428,tilt_failed,,
ScSe,484,1.3049020289038429,ok,8.725661046495357,1.2810204008673054e-09
ScSe,485,1.5024110348762156,ok,8.729207534571593,2.2233326291143385e-11
ScSe,486,1.0681606550782332,tilt_failed,,
ScSe,487,1.1638296211943198,ok,8.729207534571593,7.430722703816173e-13
ScSe,488,1.2335539301771752,ok,8.719986665573387,1.3322676295501878e-15
ScSe,489,1.0972661620780213,tilt_failed,,
ScSe,491,1.2202170726462003,ok,8.7171494751124,2.0911424813974122e-09
ScSe,492,1.1300116197049772,tilt_failed,,
ScSe,493,1.0480165379512054,tilt_failed,,
ScSe,494,1.1551438206204423,ok,8.737719105954554,9.141576384763539e-13
ScSe,495,1.5730292257311251,ok,8.704382118037959,4.849232126957759e-12
ScSe,496,1.074112088120181,tilt_failed,,
ScSe,497,1.0608326288277128,tilt_failed,,
ScSe,498,1.0502508991900386,tilt_failed,,
ScSe,499,1.036143690153636,tilt_failed,,
ScSe,500,1.0860823441511978,tilt_failed,,
ScSe,501,1.2897122051975274,ok,8.693033356194011,1.0681674433854482e-09
ScSe,502,1.3294383485105485,ok,8.707928606114194,1.800781745942004e-13
ScSe,503,1.126419953921828,tilt_failed,,
ScSe,504,1.084408160751736,tilt_failed,,
ScSe,505,1.068016751025833,tilt_failed,,
ScSe,506,1.0842426831675613,tilt_failed,,
ScSe,507,1.3625354729752437,ok,8.712184391805675,2.4599211556619593e-12
ScSe,508,1.3992882063128023,ok,8.720695963188632,1.557689532916129e-10
ScSe,509,1.0920591622104803,tilt_failed,,
ScSe,510,1.281007085547604,ok,8.709347201344688,6.051854573030369e-10
ScSe,511,1.3940162954417472,ok,8.720695963188632,3.6122216329204093e-12
ScSe,512,1.028004033590029,tilt_failed,,
ScSe,513,1.0754531338532665,tilt_failed,,
ScSe,514,1.1290047319323775,tilt_failed,,
ScSe,515,1.1540961103684013,tilt_failed,,
ScSe,516,1.0732988848754477,tilt_failed,,
ScSe,517,2.552750373497472,ok,8.850497426778773,1.6641132916106471e-12
ScSe,518,1.207599905396106,ok,8.701544927576972,2.2124746479335045e-11
ScSe,519,1.2131314543922447,ok,8.784532748560835,4.588285307249862e-11
ScSe,520,1.0395397254286556,tilt_failed,,
ScSe,521,1.207242111858359,ok,8.724242451264864,3.400280057519467e-11
ScSe,522,1.5948177636208922,ok,8.786660641406574,1.5543122344752192e-15
ScSe,523,1.3898149719830528,ok,8.728498236956344,2.769628970611393e-11
ScSe,524,1.1620048108236,tilt_failed,,
ScSe,525,1.1119655104691213,tilt_failed,,
ScSe,526,1.0638306187470297,tilt_failed,,
ScSe,527,1.161646340928487,tilt_failed,,
ScSe,528,1.053579142661157,tilt_failed,,
ScSe,529,1.3579125363916082,ok,8.724242451264864,2.3314683517128287e-15
ScSe,530,1.1953578692528664,ok,8.713602987036168,2.02171612784241e-13
ScSe,531,1.2953720770768213,ok,8.728498236956344,1.1390888232654106e-13
ScSe,532,1.2254043502917111,ok,8.734172617878318,4.051456947706811e-10
ScSe,533,1.10342514216843,tilt_failed,,
ScSe,534,1.0419312588201404,tilt_failed,,
ScSe,535,1.1213214887456953,tilt_failed,,
ScSe,536,1.3334181003682204,ok,8.719277367958139,4.1810999107383395e-13
ScSe,537,1.1916521869498526,ok,8.711475094190426,3.441362972367301e-09
ScSe,538,1.0906362882662763,tilt_failed,,
ScSe,539,1.482813276329974,ok,8.710765796575181,7.168720062011857e-10
ScSe,540,1.07145714671719,tilt_failed,,
ScSe,541,1.3281704825123353,ok,8.696579844270246,1.1035616864774056e-13
ScSe,542,1.1450576885672918,ok,8.749777165413747,6.1220233327219375e-09
ScSe,543,1.3428091909843654,ok,8.690905463348273,4.169642409124208e-11
ScSe,544,1.1190120836294777,tilt_failed,,
ScSe,545,1.5559622718193424,ok,8.719277367958139,3.681943638866869e-12
ScSe,546,1.2035695009052403,ok,8.715021582266662,1.5024170796351655e-10
ScSe,547,1.1069042659343584,tilt_failed,,
ScSe,548,1.1702734019716694,ok,8.73630051072406,1.554312234475219e-14
ScSe,549,1.3640783577535511,ok,8.698707737115985,5.551115123125783e-16
ScSe,550,1.2579637141341493,ok,8.72282385603437,6.492339998942498e-11
ScSe,551,1.1458396537656301,tilt_failed,,
ScSe,552,1.3127582868646086,ok,8.727079641725851,9.636735853746359e-14
ScSe,553,1.1533645364784628,ok,8.720695963188632,3.1966616020895344e-09
ScSe,554,1.084671925685571,tilt_failed,,
ScSe,555,1.0643603212308335,tilt_failed,,
ScSe,556,1.0425286930831037,tilt_failed,,
ScSe,557,1.0620238054284048,tilt_failed,,
ScSe,558,1.1908478712611241,ok,8.716440177497155,9.210425755412643e-09
ScSe,559,1.2926455505764893,ok,8.710765796575181,4.440892098500626e-16
ScSe,560,1.2289021169568826,ok,8.739137701185047,7.771561172376096e-16
ScSe,561,1.0565281907190043,tilt_failed,,
ScSe,562,1.0504659159101686,tilt_failed,,
ScSe,563,1.5592580295757577,ok,8.729207534571593,3.4368063950296346e-11
ScSe,564,1.2228748677795211,ok,8.709347201344688,3.342026655417385e-10
ScSe,565,1.1516596580595817,tilt_failed,,
ScSe,566,1.2629731761539318,ok,8.727079641725851,3.1603764050203154e-10
ScSe,567,1.1452085085050603,tilt_failed,,
ScSe,568,1.3628011950194494,ok,8.724951748880112,7.063238882665246e-13
ScSe,569,1.4058367581909883,ok,8.703672820422714,8.770761894538737e-14
ScSe,570,1.2754255202963283,ok,8.7171494751124,1.9954371488495326e-11
ScSe,571,1.2449289984344638,ok,8.7277889393411,3.02586622424883e-10
ScSe,572,1.1195291822920295,tilt_failed,,
ScSe,573,1.0893441989326447,tilt_failed,,
ScSe,574,1.127657972110392,tilt_failed,,
ScSe,575,1.2345442914765088,ok,8.70225422519222,8.988365607365267e-13
ScSe,576,1.4340606211930524,ok,8.709347201344688,4.986202339907209e-09
ScSe,577,1.6602213334994511,ok,8.779567665254106,5.705610428563546e-10
ScSe,578,1.0847023047820183,tilt_failed,,
ScSe,579,1.111259314048245,tilt_failed,,
ScSe,580,1.1000405541497054,tilt_failed,,
ScSe,581,1.201168334522767,ok,8.720695963188632,5.17808018685173e-13
ScSe,582,1.2244756908659498,ok,8.707219308498946,3.992763675242372e-09
ScSe,583,1.0470732876328228,tilt_failed,,
ScSe,584,1.1634785711065403,tilt_failed,,
ScSe,585,1.5604574008513528,ok,8.757579439181459,3.38673533661904e-12
ScSe,586,1.4024922045067219,ok,8.709347201344688,3.0753177782116836e-14
ScSe,587,1.126071575809924,tilt_failed,,
ScSe,588,1.5116118118963864,ok,8.71289368942092,2.8488322811881517e-13
ScSe,589,1.0921434205919514,tilt_failed,,
ScSe,590,1.1317148948873987,tilt_failed,,
ScSe,591,1.215493972786655,ok,8.7171494751124,3.124429603929002e-10
ScSe,592,1.4333685868964163,ok,8.723533153649619,4.440892098500626e-16
ScSe,593,1.153969392702866,ok,8.747649272568008,7.531752999057062e-12
ScSe,594,1.1201904677318644,tilt_failed,,
ScSe,595,1.1108004815198855,tilt_failed,,
ScSe,596,1.598968454006404,ok,8.724951748880112,7.748373054283775e-10
ScSe,597,1.1653368917721894,ok,8.748358570183253,6.353584325324846e-12
ScSe,598,1.0668108099770908,tilt_failed,,
ScSe,599,1.2880755585137602,ok,8.721405260803877,1.2434497875801753e-14
ScSe,600,1.0518435470435687,tilt_failed,,
ScSe,601,1.1634299095579057,ok,8.73630051072406,7.669420654110581e-13
ScSe,602,1.0708559786703797,tilt_failed,,
ScSe,603,1.267706736756795,ok,8.707928606114194,1.425970452828551e-11
ScSe,604,1.075003899929044,tilt_failed,,
ScSe,605,1.1267107802498304,tilt_failed,,
ScSe,606,1.080174280003938,tilt_failed,,
ScSe,607,1.1174987870622635,tilt_failed,,
ScSe,608,1.0324524330012739,tilt_failed,,
ScSe,609,1.0969438634781392,tilt_failed,,
ScSe,610,1.038968298693158,tilt_failed,,
ScSe,611,1.1816142439104695,ok,8.7065100108837,5.81756864903582e-13
ScSe,612,1.2446131482306675,ok,8.723533153649619,5.289990667733946e-12
ScSe,613,1.2674343291754524,ok,8.720695963188632,1.1175504965876826e-12
ScSe,614,1.308657603913992,ok,8.70863790372944,2.5757174171303632e-14
ScSe,615,1.2067154655634993,ok,8.705091415653207,7.341149910189415e-11
ScSe,616,1.3209555141205536,ok,8.729207534571593,8.957838915080174e-10
ScSe,617,1.1613872662236318,tilt_failed,,
ScSe,618,1.3333217814419691,ok,8.691614760963517,1.248778858098376e-11
ScSe,619,1.2123112821016597,ok,8.694451951424504,3.2557290197132716e-12
ScSe,620,1.1571634233029482,tilt_failed,,
ScSe,621,1.1107861740245868,tilt_failed,,
ScSe,622,1.189229986348954,ok,8.731335427417331,8.237854842718662e-13
ScSe,623,1.1065458071595184,tilt_failed,,
ScSe,624,1.5427943384390168,ok,8.710765796575181,7.961187264982073e-11
ScSe,625,1.194888263492166,ok,8.778858367638861,3.565703288188615e-11
ScSe,626,1.1304261135410982,tilt_failed,,
ScSe,627,1.1285293684186026,tilt_failed,,
ScSe,628,1.064765498937828,tilt_failed,,
ScSe,629,1.0942427915594057,tilt_failed,,
ScSe,630,1.3228530138509245,ok,8.721405260803877,1.1102230246251565e-15
ScSe,631,1.5058878697718867,ok,8.702963522807465,3.882684396216973e-09
ScSe,632,1.204551130844791,ok,8.70863790372944,4.209241843966538e-10
ScSe,633,1.3835459500754543,ok,8.741265594030786,5.747795572830228e-10
ScSe,634,1.3900164560891362,ok,8.707219308498946,6.039613253960852e-14
ScSe,635,1.3392843280548152,ok,8.763253820103433,4.440892098500626e-16
ScSe,636,1.2430809820097486,ok,8.701544927576972,1.3012368960119147e-11
ScSe,637,1.1384893634974496,tilt_failed,,
ScSe,638,1.0746514591658638,tilt_failed,,
ScSe,639,1.5507708726571419,ok,8.721405260803877,6.927791673660977e-14
ScSe,640,1.1039533760307219,tilt_failed,,
ScSe,641,1.716808061046379,ok,8.763253820103433,6.661338147750939e-15
ScSe,642,1.15556227935999,tilt_failed,,
ScSe,643,1.1257512319527256,tilt_failed,,
ScSe,644,1.4381726871913751,ok,8.763253820103433,2.184918912462308e-12
ScSe,645,1.1012523903786384,tilt_failed,,
ScSe,646,1.2754611503402158,ok,8.718568070342894,3.0757618674215337e-12
ScSe,647,1.1300563841728593,tilt_failed,,
ScSe,648,1.1963245022016702,ok,8.719986665573387,3.0819791163594346e-13
ScSe,649,1.0656406908046188,tilt_failed,,
ScSe,650,2.171150857033295,ok,8.85759040293124,2.1094237467877974e-15
ScSe,651,1.185311113838804,ok,8.707928606114194,1.0658141036401503e-14
ScSe,652,1.124733224716892,tilt_failed,,
ScSe,653,1.0708683112253563,tilt_failed,,
ScSe,654,1.0815223431623415,tilt_failed,,
ScSe,655,1.2860278815882444,ok,8.721405260803877,1.1102230246251565e-16
ScSe,657,1.119462564835952,tilt_failed,,
ScSe,658,1.1010592881706607,tilt_failed,,
ScSe,659,1.3572512400163907,ok,8.724951748880112,4.5931880521266066e-10
ScSe,660,1.1724010134359886,ok,8.717858772727649,2.531486131829297e-11
ScSe,661,1.1827772243151622,ok,8.738428403569799,1.7319479184152442e-12
ScSe,662,1.0910184168514014,tilt_failed,,
ScSe,663,1.0656478952176092,tilt_failed,,
ScSe,664,1.144183317283355,tilt_failed,,
ScSe,665,1.7602510401913272,ok,8.69799843950074,3.6342040488079874e-12
ScSe,666,1.1401459351239513,tilt_failed,,
ScSe,667,1.2263612534549424,ok,8.730626129802086,5.100062594465271e-10
ScSe,668,1.2798428607989982,ok,8.720695963188632,4.20796286704217e-10
ScSe,669,1.085232482929601,tilt_failed,,
ScSe,670,1.0554452661745461,tilt_failed,,
ScSe,671,1.652046949029803,ok,8.865392676698956,3.502975687297294e-12
ScSe,672,1.2416838277420752,ok,8.731335427417331,1.3202772208842362e-12
ScSe,673,1.2781876051672627,ok,8.719986665573387,1.2086871503669272e-09
ScSe,674,1.207933389330646,ok,8.724951748880112,5.128670821363812e-10
ScSe,675,1.162111940051532,tilt_failed,,
ScSe,676,1.5211645510157898,tilt_failed,,
ScSe,677,1.2450379848219353,ok,8.712184391805675,4.085620730620576e-14
ScSe,678,1.095180663218599,tilt_failed,,
ScSe,679,1.2782766486362338,ok,8.726370344110606,1.2124914405831078e-09
ScSe,680,1.1024461824685508,tilt_failed,,
ScSe,681,1.4598782889936575,ok,8.712184391805675,1.6562307081358085e-12
ScSe,682,1.1590535694655726,ok,8.7277889393411,2.098543561146471e-12
ScSe,683,1.1638297000632745,tilt_failed,,
ScSe,684,1.3043870332739247,ok,8.739846998800292,7.172040739078511e-14
ScSe,685,1.051066528212449,tilt_failed,,
ScSe,686,1.2459973478485467,ok,8.728498236956344,2.7067237340361316e-13
ScSe,687,1.0918641441484933,tilt_failed,,
ScSe,688,1.1282098749277671,tilt_failed,,
ScSe,689,1.0883580536584898,tilt_failed,,
ScSe,690,1.098963676579011,tilt_failed,,
ScSe,691,1.4079563797735437,ok,8.707219308498946,4.440892098500626e-16
ScSe,692,1.3161881356911644,ok,8.692324058578766,1.0080825063596421e-13
ScSe,693,1.290646694739161,ok,8.707219308498946,2.886579864025407e-15
ScSe,694,1.0806030528811434,tilt_failed,,
ScSe,695,1.1980522977140051,ok,8.737009808339305,1.4124035274676316e-10
ScSe,696,1.1309207686708938,ok,8.753323653489979,1.0560328167485977e-09
ScSe,697,1.1128800884383643,tilt_failed,,
ScSe,698,1.367542812801651,ok,8.707219308498946,2.842170943040401e-14
ScSe,699,1.3414247287486172,ok,8.704382118037959,3.5004887877221336e-11
ScSe,700,1.0568522134567138,tilt_failed,,
ScSe,702,1.2833093941388976,ok,8.698707737115985,1.9984014443252818e-15
ScSe,703,1.372220349642347,ok,8.821416224553662,4.440892098500626e-16
ScSe,704,1.4778370921820265,ok,8.723533153649619,7.646994149013153e-12
ScSe,705,1.5750342033437736,ok,8.700835629961727,2.6201263381153694e-14
ScSe,706,1.582210124063084,ok,8.698707737115985,2.6645352591003757e-15
ScSe,707,1.197854660861849,ok,8.739846998800292,3.1942448686095304e-11
ScSe,708,1.2301303063577644,ok,8.73204472503258,3.9968028886505635e-15
ScSe,709,1.051692746799368,tilt_failed,,
ScSe,710,1.1335726263737174,tilt_failed,,
ScSe,711,1.1137075895269453,tilt_failed,,
ScSe,712,1.356362350517843,ok,8.700126332346478,5.456369800427296e-10
ScSe,713,1.071347758063508,tilt_failed,,
ScSe,714,1.2818253336298615,ok,8.723533153649619,2.6670154973373883e-10
ScSe,715,1.1231288354600832,tilt_failed,,
ScSe,717,1.503968082938417,ok,8.720695963188632,8.561840125764775e-11
ScSe,718,1.0690242340430005,tilt_failed,,
ScSe,719,1.207429093873524,ok,8.722114558419126,1.1388134879553036e-10
ScSe,720,1.0735568160580529,tilt_failed,,
ScSe,721,1.0804971275286763,tilt_failed,,
ScSe,722,1.1738975698696268,ok,8.719277367958139,1.992284115459597e-11
ScSe,723,1.140768110589428,tilt_failed,,
ScSe,724,1.125269066943261,tilt_failed,,
ScSe,725,1.4202826699381992,ok,8.715730879881907,1.2212453270876722e-15
ScSe,726,1.202590911972875,ok,8.713602987036168,1.8015477998289953e-11
ScSe,727,1.2024726550085851,ok,8.720695963188632,3.4439118223872356e-13
ScSe,728,1.185661417883195,ok,8.728498236956344,4.899769479038696e-11
ScSe,729,1.2561364407084632,ok,8.720695963188632,1.9124999361963546e-09
ScSe,730,1.0660600071307267,tilt_failed,,
ScSe,731,1.0424240006230945,tilt_failed,,
ScSe,732,1.409820015515751,ok,8.728498236956344,1.1300604896291588e-10
ScSe,733,1.0726942335467955,tilt_failed,,
ScSe,734,1.061400145447566,tilt_failed,,
ScSe,735,1.1868461361923732,ok,8.71289368942092,2.6645352591003757e-15
ScSe,736,1.0618319886389664,tilt_failed,,
ScSe,737,2.17654635165504,tilt_failed,,
ScSe,738,1.2833815855501252,ok,8.7171494751124,8.746336987996983e-13
ScSe,740,1.4677068654234613,tilt_failed,,
ScSe,741,1.1044192728748767,tilt_failed,,
ScSe,742,1.1658408473845685,ok,8.730626129802086,1.2319034681240737e-12
ScSe,743,1.4645744456970498,ok,8.7171494751124,6.632472349110685e-13
ScSe,744,1.3952164471847102,ok,8.707219308498946,3.624434086191286e-12
ScSe,745,1.1263477321343236,tilt_failed,,
ScSe,746,1.3173509635119567,ok,8.757579439181459,4.440892098500626e-16
ScSe,747,1.1167482788359062,tilt_failed,,
ScSe,748,1.694493506989641,ok,8.837730069704335,9.992007221626409e-16
ScSe,749,1.302262799573773,ok,8.700126332346478,4.707345624410664e-14
ScSe,751,1.4302325000328935,ok,8.698707737115985,1.2064159671254515e-09
ScSe,752,1.1843795937360242,ok,8.713602987036168,3.5367264672458987e-12
ScSe,753,1.2467991454991594,ok,8.69799843950074,2.1316282072803006e-14
ScSe,754,1.3084037010738316,ok,8.683812487195809,6.9686478809671826e-12
ScSe,755,1.127904637347318,tilt_failed,,
ScSe,756,1.1362818426184422,tilt_failed,,
ScSe,757,1.1008023808462577,tilt_failed,,
ScSe,758,1.3949927741481363,ok,8.752614355874734,6.48614495446509e-11
ScSe,759,1.4183842994842464,ok,8.73630051072406,2.0447732396178253e-10
ScSe,760,1.2102611209640577,ok,8.701544927576972,2.928848275018936e-10
ScSe,761,1.2663314026180976,ok,8.72282385603437,8.641389825925216e-10
ScSe,762,1.3777321774334297,ok,8.703672820422714,1.2656542480726785e-14
ScSe,763,1.3051459637563458,ok,8.694451951424504,1.1986966974575353e-11
ScSe,764,1.1478558696214831,tilt_failed,,
ScSe,765,1.1502605178984286,tilt_failed,,
ScSe,766,1.0838412212065316,tilt_failed,,
ScSe,767,1.1332403717730348,tilt_failed,,
ScSe,768,1.2320401148776585,ok,8.689486868117779,2.9879432261736838e-12
ScSe,769,1.2486667610503928,ok,8.705800713268452,4.608390336002799e-10
ScSe,770,1.250848039528919,ok,8.68310318958056,7.559508574672691e-13
ScSe,771,1.3936369998261762,ok,8.688068272887286,2.930988785010413e-14
ScSe,772,1.1205212158736564,tilt_failed,,
ScSe,773,1.3981100032596705,ok,8.7065100108837,5.74695846466966e-12
ScSe,774,1.2331029301613488,ok,8.715730879881907,4.773959005888173e-14
ScSe,775,1.1555018982998198,tilt_failed,,
ScSe,776,1.2044493992086103,ok,8.755451546335717,6.934453011808728e-13
ScSe,777,1.234105473032425,ok,8.698707737115985,6.78656109087683e-09
ScSe,778,1.1570272559376111,ok,8.731335427417331,5.164757510556228e-13
ScSe,779,1.1787220633211999,ok,8.729207534571593,7.21434023631673e-12
ScSe,780,1.1993280645351014,ok,8.695161249039753,3.9177106003762674e-11
ScSe,781,1.4811431690612211,ok,8.682393891965315,4.0118131039434957e-11
ScSe,782,1.1483026716648268,tilt_failed,,
ScSe,783,1.2774392044563967,ok,8.697289141885491,5.623501664331343e-12
ScSe,784,1.8278752279782176,ok,8.712184391805675,9.277023593767808e-13
ScSe,785,1.1108773276310777,tilt_failed,,
ScSe,787,1.1244237018254992,tilt_failed,,
ScSe,788,1.3448207846155091,ok,8.698707737115985,2.5527246982903762e-11
ScSe,789,1.2360806601057681,ok,8.690196165733024,1.4919177004912854e-12
ScSe,790,1.463730019930028,ok,8.719986665573387,2.515208041842243e-10
ScSe,791,1.3486661710751073,ok,8.723533153649619,6.479083936028474e-11
ScSe,792,1.4998417781302211,ok,8.737719105954554,2.220446049250313e-16
ScSe,793,1.262363712317896,ok,8.692324058578766,1.1102230246251565e-15
ScSe,794,1.648859186350943,ok,8.698707737115985,9.625611419039615e-11
ScSe,795,1.4578971675438661,ok,8.70863790372944,3.919798707840982e-09
ScSe,796,1.0771268421274127,tilt_failed,,
ScSe,797,1.3019344124387546,ok,8.685231082426299,9.868579287086732e-10
ScSe,798,1.5813757586167136,ok,8.749067867798502,8.093525849517391e-14
ScSe,799,1.7880193935350666,tilt_failed,,
ScSe,800,1.195687095530662,ok,8.7171494751124,3.4579668017897802e-09
ScSe,801,1.2236251517407148,ok,8.70863790372944,2.7533531010703882e-14
ScSe,802,1.0611425939610082,tilt_failed,,
ScSe,803,1.342126825185788,ok,8.681684594350067,1.7161250198682865e-09
ScSe,804,1.2612192930393813,ok,8.691614760963517,1.5725198920790717e-12
ScSe,806,1.1579681711987988,ok,8.73630051072406,6.661338147750939e-16
ScSe,807,1.2870565508573724,ok,8.705091415653207,1.9042101229160835e-11
ScSe,808,1.1858657415896154,ok,8.725661046495357,9.567824310607875e-11
ScSe,809,1.318700227235636,ok,8.70863790372944,8.641753979077293e-12
ScSe,810,1.3291901552686736,ok,8.70863790372944,5.8332125796312084e-09
ScSe,811,1.4888995687284132,ok,8.680265999119573,1.6120438317557273e-13
ScSe,812,1.1934895939338779,ok,8.716440177497155,1.3322676295501878e-14
ScSe,813,1.3317096472829055,ok,8.705800713268452,6.090217219423266e-11
ScSe,814,1.1474775913885171,tilt_failed,,
ScSe,815,1.2225593489689772,ok,8.728498236956344,4.107958417876034e-10
ScSe,816,1.197729369049827,ok,8.703672820422714,1.7430501486614958e-14
ScSe,817,1.1334106835406128,tilt_failed,,
ScSe,818,1.165560238853013,ok,8.7171494751124,2.7833860549719702e-08
ScSe,819,1.198483176689656,ok,8.731335427417331,2.4212564175840612e-08
ScSe,820,1.0501245364790412,tilt_failed,,
ScSe,821,1.0636832133118435,tilt_failed,,
ScSe,822,1.0747872770621276,tilt_failed,,
ScSe,823,1.151419329299825,ok,8.763963117718678,3.247191404653904e-11
HfRuSb,14,1.9239252842736108,ok,5.518821600173947,9.849809856632419e-11
HfRuSb,15,1.1274910127681486,tilt_failed,,
HfRuSb,16,1.3560845507149728,ok,5.4826872507254105,1.5029359978768753e-09
HfRuSb,17,1.9602118459046787,ok,5.496972923763204,5.551115123125783e-16
HfRuSb,18,1.2270725297391634,ok,5.511258596800998,4.4850878566649044e-10
HfRuSb,19,1.231716841418951,ok,5.475964581060566,1.1781686737322161e-12
HfRuSb,20,1.617458444836998,ok,5.502855259719944,4.440892098500626e-15
HfRuSb,21,1.1014773083297704,tilt_failed,,
HfRuSb,22,1.2230707005175832,ok,5.502435092865891,6.029021726305928e-11
HfRuSb,23,1.5082805379061974,ok,5.512519097363157,6.31050767196939e-13
HfRuSb,24,1.1107421871665006,ok,5.51756109961179,4.581235391043492e-11
HfRuSb,25,1.6580338897417757,ok,5.489830087244307,2.353672812205332e-14
HfRuSb,26,1.4011250231692336,ok,5.487309086119991,3.270272941335861e-12
HfRuSb,27,1.1878485234326608,ok,5.488149419828096,2.5364155220586326e-12
HfRuSb,28,1.2809142917378686,ok,5.5163005990496305,2.457073211559191e-09
HfRuSb,29,1.14417114939594,tilt_failed,,
HfRuSb,30,1.279423498252087,ok,5.498653591179416,4.3983705566574827e-11
HfRuSb,31,1.127390982145868,tilt_failed,,
HfRuSb,32,1.7694527128929365,ok,5.474704080498409,6.661338147750939e-16
HfRuSb,33,1.9449744748383688,ok,5.487729252974043,3.7214675785435247e-13
HfRuSb,34,1.3054588622848027,ok,5.512519097363157,2.2067259131119954e-09
HfRuSb,35,1.14630375947696,ok,5.4826872507254105,2.5162216754637257e-09
HfRuSb,37,1.310178753577754,ok,5.5036955934280485,3.720359575964949e-10
HfRuSb,38,1.7442216691830636,ok,5.478905749038937,8.43769498715119e-15
HfRuSb,39,1.1638444276297335,ok,5.481846917017306,8.335275802906494e-10
HfRuSb,40,1.4494239809659757,ok,5.469662078249776,2.5196511543867928e-11
HfRuSb,41,1.8840287893421606,ok,5.611678474919605,1.7719159473017498e-13
HfRuSb,42,1.351040894815895,ok,5.483107417579463,4.440892098500626e-16
HfRuSb,43,1.4702120347057033,ok,5.491510754660519,3.260727243770134e-10
HfRuSb,44,1.8297438469304954,ok,5.487729252974043,2.55351295663786e-14
HfRuSb,45,1.1493169231325773,tilt_failed,,
HfRuSb,46,1.2860263584590699,ok,5.475124247352461,3.887334898422523e-11
HfRuSb,47,1.2238275409651755,ok,5.47176291252004,3.6658009960888194e-11
HfRuSb,48,1.2894190733474804,ok,5.481426750163253,1.3244960683778118e-13
HfRuSb,49,1.177109438002338,ok,5.496972923763204,7.873368623734223e-12
HfRuSb,50,1.2680247255034056,ok,5.478485582184883,2.6423307986078726e-14
HfRuSb,51,1.179141649423787,ok,5.476804914768673,1.7035639565676775e-10
HfRuSb,52,1.3362714590165126,ok,5.495292256346993,3.1308289294429414e-14
HfRuSb,53,1.9706092067997634,ok,5.472603246228145,1.0856626708743988e-10
HfRuSb,54,1.5184273841127947,ok,5.531846772649583,1.0162992669648929e-10
HfRuSb,55,1.280423850703025,ok,5.504956093990208,1.9622081737225017e-12
HfRuSb,56,1.502562458544429,ok,5.555376116476538,8.928791039863881e-11
HfRuSb,57,1.2200550756937456,ok,5.479325915892989,2.2037927038809357e-13
HfRuSb,58,1.2345136582655487,ok,5.49025025409836,8.284262165147993e-12
HfRuSb,59,1.0660111121143323,tilt_failed,,
HfRuSb,60,1.3418071048269182,ok,5.499073758033468,1.065616483941767e-09
HfRuSb,61,1.1896608565745292,ok,5.5091577625307355,2.0241475162663392e-10
HfRuSb,62,1.4185845019768744,ok,5.5184014333198945,1.7586920808554396e-09
HfRuSb,63,1.2985196416877565,ok,5.491930921514571,1.1712630865190476e-11
HfRuSb,64,1.115432932623103,tilt_failed,,
HfRuSb,65,1.3555050736729355,ok,5.499914091741573,8.886513747086155e-10
HfRuSb,66,1.1061142576035432,tilt_failed,,
HfRuSb,67,1.2536100867170448,ok,5.490670420952412,1.063655830080279e-10
HfRuSb,68,1.3984362609311423,ok,5.48394775128757,1.7552870268389142e-10
HfRuSb,69,1.187244556731469,ok,5.506636761406417,3.668176873361517e-13
HfRuSb,70,1.1889132929168749,ok,5.484367918141622,4.155342736567036e-12
HfRuSb,71,1.090596341240824,tilt_failed,,
HfRuSb,72,1.4536873675875344,ok,5.50705692826047,4.2243986086987206e-13
HfRuSb,73,1.1491232568634893,ok,5.487309086119991,3.360125178097917e-09
HfRuSb,74,1.5519461116386573,ok,5.523443435568527,1.5543122344752192e-15
HfRuSb,75,1.213740225956765,ok,5.484367918141622,1.199040866595169e-14
HfRuSb,76,1.4834529496675941,ok,5.509577929384788,7.902567489281864e-13
HfRuSb,77,2.029600064598912,ok,5.609577640649341,1.1020406809336691e-11
HfRuSb,78,1.1109698597582736,tilt_failed,,
HfRuSb,79,1.1378123861639873,tilt_failed,,
HfRuSb,80,1.0891643986680541,tilt_failed,,
HfRuSb,81,1.310076556917332,ok,5.479746082747042,5.008038428400141e-11
HfRuSb,82,1.1809358978696127,ok,5.476804914768673,3.1086244689504383e-15
HfRuSb,83,1.272923944182704,ok,5.487309086119991,1.9984014443252818e-15
HfRuSb,84,1.6929295604882841,ok,5.475544414206514,4.5420467387202734e-10
HfRuSb,86,1.6552762156375826,ok,5.565880287827856,7.438494264988549e-15
HfRuSb,87,1.5277331202443705,ok,5.515880432195578,5.2241766468341666e-11
HfRuSb,88,1.180031941817787,ok,5.474704080498409,4.256962782278606e-09
HfRuSb,89,1.4650364878146038,ok,5.485628418703779,9.341194484591142e-11
HfRuSb,90,1.8204379516510834,ok,5.541930777146849,7.771561172376096e-16
HfRuSb,91,1.1367427913444363,tilt_failed,,
HfRuSb,92,1.4580521646341924,ok,5.478485582184883,2.564193302134754e-11
HfRuSb,93,1.4025405990429631,ok,5.488149419828096,6.159517340620368e-13
HfRuSb,94,1.1734459764579346,ok,5.472603246228145,3.4922398306491687e-11
HfRuSb,95,1.1885887029728321,ok,5.481426750163253,3.7978509226377355e-12
HfRuSb,96,1.183748064018879,ok,5.49487208949294,2.036149027162537e-13
HfRuSb,97,1.6691354279943689,ok,5.46714107712546,8.881784197001252e-16
HfRuSb,98,1.5274073571594127,ok,5.490670420952412,1.9134072104520783e-10
HfRuSb,99,1.349041702506478,ok,5.487309086119991,2.2601920335318937e-12
HfRuSb,100,1.2686733725284693,ok,5.4700822451038285,6.727951529228449e-14
HfRuSb,101,1.1952692111054526,ok,5.49487208949294,6.735967339466242e-11
HfRuSb,102,1.6428132221391716,ok,5.474283913644356,4.2354053597648544e-10
HfRuSb,103,1.4789924766230378,ok,5.53898960916848,5.551115123125783e-16
HfRuSb,104,1.604887959148538,ok,5.479325915892989,1.56026302988721e-11
HfRuSb,105,1.257899489985736,ok,5.481006583309199,1.6986412276764895e-14
HfRuSb,106,1.5614412208311628,ok,5.4868889192659385,1.863936782697806e-09
HfRuSb,107,1.081495084123776,tilt_failed,,
HfRuSb,108,1.3437669946107347,ok,5.504115760282101,4.551914400963142e-15
HfRuSb,109,1.3583402835227179,ok,5.519661933882054,5.747624598484435e-13
HfRuSb,110,1.575061788917229,ok,5.472603246228145,1.1299849944634843e-12
HfRuSb,111,1.436442909832728,ok,5.4847880849956745,2.001134813411909e-10
HfRuSb,112,1.1518957122218951,ok,5.488989753536202,1.1744494265997218e-11
HfRuSb,113,1.5055184596021824,ok,5.481006583309199,3.9882697144832946e-10
HfRuSb,114,1.0987198766030724,tilt_failed,,
HfRuSb,115,1.5235038680298332,ok,5.502435092865891,3.7653213880162184e-11
HfRuSb,116,1.333078688177768,ok,5.479325915892989,4.218847493575595e-15
HfRuSb,117,1.2540089392677942,ok,5.47806541533083,5.999645225074346e-13
HfRuSb,118,1.143882983505564,ok,5.488149419828096,8.681944052568724e-14
HfRuSb,119,1.3704393263599985,ok,5.486468752411886,4.29243307564775e-10
HfRuSb,120,1.144395344691357,tilt_failed,,
HfRuSb,121,1.1807788573901603,ok,5.47638474791462,3.876497012278435e-09
HfRuSb,122,1.2887006971178392,ok,5.513779597925314,5.551115123125783e-16
HfRuSb,123,1.189762463715359,ok,5.47638474791462,2.7392710322260427e-10
HfRuSb,124,1.610495299143263,ok,5.504115760282101,5.551115123125783e-16
HfRuSb,125,1.411138629723674,ok,5.47176291252004,1.2013723349468819e-11
HfRuSb,126,1.3527309829010998,ok,5.491510754660519,8.881784197001252e-16
HfRuSb,127,1.4372470134748843,ok,5.472603246228145,9.461189609538678e-10
HfRuSb,128,1.2414276531930049,ok,5.4826872507254105,2.8933216933424433e-09
HfRuSb,129,1.224222092828324,ok,5.474283913644356,2.427197332011133e-10
HfRuSb,130,1.3959931932380203,ok,5.47344357993625,3.1219999918619123e-09
HfRuSb,131,1.1674348404826378,ok,5.483527584433515,5.239297884429561e-11
HfRuSb,132,1.230716631784396,ok,5.473863746790304,3.612973586974988e-09
HfRuSb,133,1.9153698614104122,ok,5.47638474791462,5.608113973210038e-11
HfRuSb,134,1.2107274137413238,ok,5.481426750163253,6.2160290248414185e-09
HfRuSb,135,1.266400074302206,ok,5.481846917017306,3.531619441332623e-13
HfRuSb,136,2.0072148055446664,ok,5.488569586682148,2.1538326677728037e-12
HfRuSb,137,1.2307455302633798,ok,5.4805864164551465,1.0803986594254411e-09
HfRuSb,138,1.4948158524550723,ok,5.470502411957881,4.56536719539713e-09
HfRuSb,139,1.4394343085446633,ok,5.513779597925314,1.5543122344752192e-15
HfRuSb,140,1.208104391913723,ok,5.487729252974043,6.217248937900877e-15
HfRuSb,141,1.2125461951624,ok,5.508317428822629,5.551115123125783e-16
HfRuSb,142,1.3621005063639018,ok,5.481846917017306,1.1102230246251565e-16
HfRuSb,143,1.304415160359255,ok,5.484367918141622,1.0375478254331938e-11
HfRuSb,144,1.139162767366352,tilt_failed,,
HfRuSb,145,1.1809791869368715,ok,5.487309086119991,5.551115123125783e-15
HfRuSb,146,1.1077392885831656,tilt_failed,,
HfRuSb,147,1.5212991981750854,ok,5.4637797422930365,3.152078598134267e-11
HfRuSb,148,1.4085606637291095,ok,5.4700822451038285,1.5440981826486677e-12
HfRuSb,149,1.1147076984090543,tilt_failed,,
HfRuSb,150,1.465561536960908,ok,5.468821744541671,4.874334269544534e-10
HfRuSb,151,1.7782887116253359,ok,5.464199909147089,1.318305464792502e-10
HfRuSb,152,1.2889213397543617,ok,5.476804914768673,9.423573033018329e-13
HfRuSb,153,1.43422242156877,ok,5.477645248476778,1.1350753670313907e-09
HfRuSb,154,1.2790711157260268,ok,5.494031755784835,1.0685785589714669e-11
HfRuSb,155,1.1949958360842703,ok,5.50075442544968,3.550681970665437e-11
HfRuSb,156,1.392559330649519,ok,5.469241911395724,4.440892098500626e-16
HfRuSb,157,2.0146862980231384,tilt_failed,,
HfRuSb,158,1.2291977529804377,ok,5.500334258595625,1.7563002163711872e-09
HfRuSb,159,1.4098975511180125,ok,5.488569586682148,3.5565355105404706e-09
HfRuSb,160,1.3466578054063896,ok,5.482267083871358,1.0179144194211176e-09
HfRuSb,161,1.4437610677371713,ok,5.501174592303732,1.1013412404281553e-13
HfRuSb,162,1.3847319099428506,ok,5.482267083871358,1.1102230246251565e-16
HfRuSb,163,1.3262402355053773,ok,5.4868889192659385,2.247242392172666e-09
HfRuSb,164,1.1306879890665757,tilt_failed,,
HfRuSb,165,1.5011901098702691,ok,5.477645248476778,4.440892098500626e-16
HfRuSb,166,1.163640736073686,ok,5.481846917017306,3.3676483823796843e-10
HfRuSb,167,1.437761502755005,ok,5.513359431071262,4.11226608321158e-13
HfRuSb,168,1.1696486834562227,ok,5.47176291252004,3.78658215893779e-11
HfRuSb,169,1.0749564463438346,tilt_failed,,
HfRuSb,170,1.3618032272215541,ok,5.523443435568527,1.141969407925103e-09
HfRuSb,171,1.1735767108156834,ok,5.497393090617257,6.328271240363392e-14
HfRuSb,172,1.2153105527004915,ok,5.512939264217209,8.448797217397441e-12
HfRuSb,173,1.1474876084722654,ok,5.487729252974043,3.561595462997502e-13
HfRuSb,174,1.4111318283749357,ok,5.477645248476778,1.8209238561439633e-09
HfRuSb,175,1.0688908404978614,tilt_failed,,
HfRuSb,176,1.3773264423154874,ok,5.487309086119991,1.887379141862766e-15
HfRuSb,177,1.08263932881456,tilt_failed,,
HfRuSb,178,1.1739198743217025,ok,5.47176291252004,3.752553823233029e-14
HfRuSb,179,1.0942454571100102,tilt_failed,,
HfRuSb,180,1.1890158521657805,ok,5.481006583309199,8.297917908350882e-12
HfRuSb,181,1.3029027784610538,ok,5.475544414206514,8.992806499463768e-14
HfRuSb,182,1.2152116774250383,ok,5.473023413082197,5.086331356096707e-11
HfRuSb,183,1.1362457556679368,tilt_failed,,
HfRuSb,184,1.130157039069779,ok,5.507897261968576,8.715250743307479e-14
HfRuSb,185,1.3619305641256603,ok,5.483527584433515,1.6212808873206086e-11
HfRuSb,186,1.7866098777593447,ok,5.477225081622725,4.8234971572469476e-11
HfRuSb,187,1.2106070966716413,ok,5.496972923763204,4.440892098500626e-16
HfRuSb,188,1.1702211910012936,ok,5.473023413082197,2.0280332968525272e-11
HfRuSb,189,1.3859855782588169,ok,5.499914091741573,1.7253753981094633e-11
HfRuSb,190,1.3071560126575426,ok,5.48394775128757,1.3481704641549186e-10
HfRuSb,191,1.2391387765366944,ok,5.475964581060566,5.695444116327053e-14
HfRuSb,192,1.1338062824699524,tilt_failed,,
HfRuSb,193,1.3229109531003695,ok,5.488569586682148,7.604494811630502e-11
HfRuSb,194,1.2566149825846944,ok,5.5091577625307355,1.1102230246251565e-16
HfRuSb,195,1.1592174401246003,ok,5.475544414206514,9.57456336436735e-13
HfRuSb,196,1.22891909207467,ok,5.491930921514571,1.1285195000709791e-11
HfRuSb,197,1.1520028579943609,ok,5.486048585557832,5.300204719560497e-13
HfRuSb,198,1.1968238241844789,ok,5.463359575438984,1.5794032748317477e-12
HfRuSb,199,1.1699724372925584,ok,5.4868889192659385,6.388223283693151e-12
HfRuSb,200,1.1758533730359604,ok,5.491090587806465,6.439293542825908e-15
HfRuSb,201,1.3429071669566661,ok,5.486048585557832,5.551115123125783e-16
HfRuSb,202,1.3737057563015538,ok,5.497813257471309,5.579092743346337e-12
HfRuSb,203,1.1711131798216483,ok,5.474704080498409,2.7114865908117736e-11
HfRuSb,205,1.1570428018565817,tilt_failed,,
HfRuSb,206,1.213185281735262,ok,5.504956093990208,4.440892098500626e-16
HfRuSb,207,1.454830958553857,ok,5.46714107712546,2.2393198406689407e-13
HfRuSb,208,1.1445793727955857,tilt_failed,,
HfRuSb,209,1.3594724772282145,ok,5.498233424325363,2.0528023725319144e-12
HfRuSb,210,1.3993969673684326,ok,5.475964581060566,4.440892098500626e-16
HfRuSb,211,1.3193362365046746,ok,5.490670420952412,1.63202784619898e-13
HfRuSb,212,1.0923587376044432,tilt_failed,,
HfRuSb,213,1.5349021026957292,ok,5.504115760282101,3.1086244689504383e-15
HfRuSb,214,1.6340348762511054,ok,5.491510754660519,3.4861002973229915e-14
HfRuSb,215,1.3310843958225347,ok,5.485208251849727,6.671663221879953e-12
HfRuSb,216,1.3707452381475895,ok,5.469241911395724,1.8029870929581193e-09
HfRuSb,217,1.166656266846943,ok,5.502435092865891,2.5086599464430037e-12
HfRuSb,219,1.1421813151806643,tilt_failed,,
HfRuSb,220,1.2892005959333244,ok,5.4826872507254105,4.676259379721159e-13
HfRuSb,221,1.1354651202569948,tilt_failed,,
HfRuSb,222,1.6637425118184814,ok,5.496972923763204,1.326254661648818e-10
HfRuSb,223,1.0834378978178483,tilt_failed,,
HfRuSb,224,1.639569113494013,ok,5.4637797422930365,9.769962616701378e-15
HfRuSb,225,1.192358197028064,ok,5.492771255222676,4.0678127533055886e-11
HfRuSb,226,1.2700329486781816,ok,5.479325915892989,2.435451840199221e-11
HfRuSb,227,1.2446412551586832,ok,5.499914091741573,1.975114516383769e-10
HfRuSb,228,1.2234945806695061,ok,5.478485582184883,5.941380720742018e-11
HfRuSb,229,1.3120751034636033,ok,5.49025025409836,5.929701174522961e-12
HfRuSb,230,1.297968233710469,ok,5.478905749038937,2.0727046068369503e-07
HfRuSb,231,1.4521294238640576,ok,5.487729252974043,7.678746527517433e-12
HfRuSb,232,1.3388972283626686,ok,5.481006583309199,2.6758109061830737e-09
HfRuSb,233,1.2294966337985014,ok,5.4826872507254105,4.324918201348282e-11
HfRuSb,234,1.3367577334805303,ok,5.48394775128757,1.865174681370263e-14
HfRuSb,235,1.3456178525399523,ok,5.483527584433515,3.2011038264556646e-10
HfRuSb,236,1.5347393946965364,ok,5.483107417579463,2.9664057876743755e-09
HfRuSb,237,1.372552847769868,ok,5.517981266465842,6.425793230846466e-11
HfRuSb,238,1.2078153338483466,ok,5.5036955934280485,1.2434497875801753e-14
HfRuSb,239,1.136799695865502,tilt_failed,,
HfRuSb,240,1.2336936226850275,ok,5.488569586682148,2.1244450643109758e-10
HfRuSb,241,1.3908392611094291,ok,5.5015947591577845,5.860312235483889e-12
HfRuSb,242,1.1380664305711543,tilt_failed,,
HfRuSb,243,1.4565967152004817,ok,5.492351088368624,3.108624468950438e-14
HfRuSb,244,1.548177238737785,ok,5.494451922638888,3.8097303090012247e-11
HfRuSb,245,1.0806266280165349,tilt_failed,,
HfRuSb,246,1.680666722983827,ok,5.488569586682148,2.220446049250313e-16
HfRuSb,247,1.6023410315738542,ok,5.514619931633421,4.0190073491430667e-14
HfRuSb,248,1.280188717801789,ok,5.478905749038937,5.551115123125783e-16
HfRuSb,249,1.1619572733578234,ok,5.475964581060566,3.1530333899354446e-14
HfRuSb,250,1.6241687379889747,ok,5.483527584433515,2.0383694732117874e-13
HfRuSb,251,1.407138046146224,ok,5.477225081622725,4.6629367034256575e-15
HfRuSb,252,1.1634444275069369,ok,5.485628418703779,2.9450808458619804e-10
HfRuSb,253,1.145372048940466,ok,5.506216594552365,3.817057780963751e-12
HfRuSb,254,1.2480675339326317,ok,5.483107417579463,1.633734258987829e-09
HfRuSb,255,1.3171597627074,ok,5.4826872507254105,1.067464561188558e-09
HfRuSb,256,1.3561775969891958,ok,5.525124102984739,1.5335122061088668e-09
HfRuSb,257,1.2394352500850188,ok,5.470922578811933,6.661338147750939e-16
HfRuSb,258,1.637894953676489,ok,5.4826872507254105,3.3306690738754696e-15
HfRuSb,259,1.5415246566853025,ok,5.50537626084426,5.693223670277803e-13
HfRuSb,260,1.1629476523510323,ok,5.473863746790304,2.451857605834107e-10
HfRuSb,261,1.0955162848962736,tilt_failed,,
HfRuSb,262,1.0975952055705966,tilt_failed,,
HfRuSb,263,1.4034793707473983,ok,5.497393090617257,1.3358314454592346e-10
HfRuSb,264,1.1781617188091416,ok,5.468401577687617,4.6844750301033855e-12
HfRuSb,265,1.390207366972563,ok,5.488149419828096,2.220446049250313e-16
HfRuSb,266,1.1866622396078235,ok,5.500334258595625,1.0880185641326534e-14
HfRuSb,267,1.1944758847773556,ok,5.485208251849727,5.080202925000776e-11
HfRuSb,268,1.2652190542882067,ok,5.4847880849956745,1.0442258169263141e-09
HfRuSb,269,1.4254635342071718,ok,5.4994939248875205,1.1102230246251565e-16
HfRuSb,270,1.343134553718497,ok,5.489830087244307,3.3240077357277187e-13
HfRuSb,271,1.3767236353889774,ok,5.494451922638888,4.95754104434809e-10
HfRuSb,272,1.1123357058084111,ok,5.514199764779368,6.229973203986106e-10
HfRuSb,273,1.4168121091716548,ok,5.481426750163253,1.7404300223233804e-11
HfRuSb,274,1.5026162195969461,ok,5.488989753536202,2.788436148648543e-12
HfRuSb,275,1.2285917591153785,ok,5.47176291252004,2.0943247136528953e-12
HfRuSb,276,1.2002689769020587,ok,5.47176291252004,5.329070518200751e-15
HfRuSb,277,1.302667296554906,ok,5.4994939248875205,3.019806626980426e-14
HfRuSb,278,1.4852332540144135,ok,5.519241767028001,2.547739796909809e-10
HfRuSb,279,1.3858827829562197,ok,5.498653591179416,8.030243137113757e-12
HfRuSb,280,1.2044967441274137,ok,5.482267083871358,4.3192305287931276e-10
HfRuSb,281,1.238996724981717,ok,5.484367918141622,3.885780586188048e-15
HfRuSb,282,1.2101433517951088,ok,5.47344357993625,2.220446049250313e-16
HfRuSb,283,1.160886390548463,ok,5.508737595676681,1.2873171417737694e-09
HfRuSb,284,1.0712993897941343,tilt_failed,,
HfRuSb,286,1.147957650854384,ok,5.49487208949294,7.904787935331115e-13
HfRuSb,287,1.3506629482712298,ok,5.482267083871358,5.346789677673769e-11
HfRuSb,288,1.3733169691241391,ok,5.486048585557832,3.952393967665557e-14
HfRuSb,289,1.1352000177616108,tilt_failed,,
HfRuSb,291,1.3762486528236826,ok,5.494031755784835,1.9751378310672862e-10
HfRuSb,292,1.1922451821724587,ok,5.480166249601094,2.1222246182617255e-11
HfRuSb,293,1.1904444218079908,ok,5.483527584433515,5.030109773151992e-09
HfRuSb,294,1.149568554521543,tilt_failed,,
HfRuSb,295,1.0830228085601892,tilt_failed,,
HfRuSb,296,1.6428727676551007,ok,5.573863458054857,1.3147261057611104e-12
HfRuSb,297,1.3153787662995995,ok,5.4868889192659385,3.4342417798427505e-11
HfRuSb,298,1.546156860171355,ok,5.502435092865891,4.374278717023117e-14
HfRuSb,299,1.1303484304213467,tilt_failed,,
HfRuSb,300,1.1358105762881288,tilt_failed,,
HfRuSb,301,1.1203710110134675,ok,5.515040098487473,1.3766765505351941e-14
HfRuSb,302,1.1659907139018306,ok,5.480166249601094,3.1581015580428584e-10
HfRuSb,303,1.2387421296396957,ok,5.465040242855196,1.1657341758564144e-14
HfRuSb,304,1.2173154420689452,ok,5.525964436692844,2.4424906541753444e-15
HfRuSb,305,1.1558965557084193,ok,5.487729252974043,8.271161533457416e-14
HfRuSb,306,1.8258196744662636,ok,5.486048585557832,5.885270049077462e-11
HfRuSb,307,1.1436358108272733,tilt_failed,,
HfRuSb,308,1.1480605101444028,ok,5.486048585557832,5.96189764223709e-14
HfRuSb,309,1.1982749686549095,ok,5.529745938379319,1.286240003395278e-10
HfRuSb,310,1.6516077338534148,ok,5.485628418703779,4.440892098500626e-16
HfRuSb,311,1.3152829920740927,ok,5.4805864164551465,1.0373035763677763e-11
HfRuSb,312,1.1979141060348635,ok,5.473863746790304,7.771561172376096e-16
HfRuSb,313,1.172221976858001,ok,5.477645248476778,2.6756374893466273e-13
HfRuSb,314,1.0918696604343066,tilt_failed,,
HfRuSb,315,1.1608814571758115,ok,5.479746082747042,1.0787420290370164e-08
HfRuSb,316,1.3487329521883222,ok,5.494451922638888,4.440892098500626e-16
HfRuSb,317,1.4330893558471474,ok,5.480166249601094,4.4570303003865774e-10
HfRuSb,318,1.5619313928759844,ok,5.47638474791462,2.0350965357351924e-10
HfRuSb,319,1.2982022868066938,ok,5.469241911395724,5.551115123125783e-16
HfRuSb,320,1.166710430208393,ok,5.473023413082197,1.1323711968103112e-09
HfRuSb,321,1.21604499153276,ok,5.486468752411886,6.8833827526759706e-15
HfRuSb,322,1.2660816659977676,ok,5.5036955934280485,1.1670933108831605e-09
HfRuSb,323,1.20467944867305,ok,5.476804914768673,4.607135339895763e-09
HfRuSb,324,1.1284486720638658,tilt_failed,,
HfRuSb,325,1.1507006662044919,tilt_failed,,
HfRuSb,326,1.2148807908770896,ok,5.488569586682148,8.93729534823251e-14
HfRuSb,327,1.1862481748963218,ok,5.468401577687617,2.1812385231356757e-10
HfRuSb,328,1.4049626379081834,ok,5.466300743417353,2.0270451983606108e-11
HfRuSb,329,1.2341072324353346,ok,5.506636761406417,1.2656542480726785e-14
HfRuSb,330,1.1535173273721693,ok,5.482267083871358,1.89859239441148e-12
HfRuSb,331,1.1367278057719827,tilt_failed,,
HfRuSb,332,1.076155895798754,tilt_failed,,
HfRuSb,333,1.189435567980418,ok,5.47176291252004,1.6412438075263935e-10
HfRuSb,334,1.1108768669256595,tilt_failed,,
HfRuSb,335,1.3687987337976693,ok,5.46714107712546,1.509903313490213e-14
HfRuSb,336,1.2672968510267717,ok,5.508317428822629,5.551115123125783e-16
HfRuSb,337,1.2260974915502865,ok,5.466720910271405,3.6852743079407446e-11
HfRuSb,338,1.1506847238368165,tilt_failed,,
HfRuSb,339,1.1087154827616823,tilt_failed,,
HfRuSb,340,1.1215601641597521,tilt_failed,,
HfRuSb,342,1.1794689713014943,ok,5.475544414206514,9.74766600769783e-10
HfRuSb,343,1.2773082776931366,ok,5.51756109961179,1.6653345369377348e-14
HfRuSb,344,1.0860828738982202,tilt_failed,,
HfRuSb,345,1.1228328194471267,tilt_failed,,
HfRuSb,346,1.1417771517915833,tilt_failed,,
HfRuSb,347,1.0699845842885711,tilt_failed,,
HfRuSb,348,1.058250336694259,tilt_failed,,
HfRuSb,349,1.1911417433598366,ok,5.520922434444211,1.1588507931037384e-12
HfRuSb,350,1.1126864450648384,tilt_failed,,
HfRuSb,351,1.2296345688578563,ok,5.470502411957881,1.7763568394002505e-15
HfRuSb,352,1.2833141131667836,ok,5.531846772649583,2.886579864025407e-15
HfRuSb,353,1.1213262395890362,ok,5.520082100736106,8.279366081609396e-10
HfRuSb,354,1.265572794823797,ok,5.474704080498409,6.537625996116958e-11
HfRuSb,355,1.2629755899473643,ok,5.489409920390255,2.7656843482049e-09
HfRuSb,356,1.2253059371390322,ok,5.515460265341526,1.3988810110276972e-14
HfRuSb,357,1.62683960160354,ok,5.481006583309199,8.881784197001252e-16
HfRuSb,358,1.2735506324126102,ok,5.493191422076729,2.5919177915056935e-10
HfRuSb,359,1.1617670934855173,ok,5.478905749038937,4.6548344068142455e-09
HfRuSb,360,1.4385159754291021,ok,5.492351088368624,4.2196852012565955e-08
HfRuSb,361,1.126003105324922,tilt_failed,,
HfRuSb,362,1.2041685366719816,ok,5.482267083871358,1.417754802446325e-13
HfRuSb,363,1.341297163318002,ok,5.508737595676681,2.452482661396971e-13
HfRuSb,364,1.1151571200865276,tilt_failed,,
HfRuSb,365,1.282355370779571,ok,5.479325915892989,1.853430742215778e-10
HfRuSb,366,1.0990796052451637,tilt_failed,,
HfRuSb,367,1.2983283167696047,ok,5.485208251849727,1.4449219598589025e-10
HfRuSb,368,1.1527496212107444,ok,5.491090587806465,2.90878432451791e-14
HfRuSb,369,1.1350161946535426,tilt_failed,,
HfRuSb,370,1.6170668568800564,ok,5.462519241730879,3.5686620325492413e-10
HfRuSb,371,1.3892441979490942,ok,5.521342601298263,8.404388296412435e-14
HfRuSb,372,1.1976943296553733,ok,5.466300743417353,6.044716949205053e-10
HfRuSb,373,1.1401772786987514,ok,5.50705692826047,1.1874501382180824e-11
HfRuSb,374,1.060784695715523,tilt_failed,,
HfRuSb,375,3.0581518403717918,ok,5.654535494032988,5.551115123125783e-16
HfRuSb,376,1.4309905800329736,ok,5.503275426573996,2.2843527069937863e-10
HfRuSb,377,1.1250873382301165,tilt_failed,,
HfRuSb,378,1.2752228066140243,ok,5.481006583309199,1.9464430067728244e-12
HfRuSb,379,1.062726014870776,tilt_failed,,
HfRuSb,380,1.6884703933567151,ok,5.485628418703779,1.3313794511304877e-12
HfRuSb,381,2.194805806759194,ok,5.593611300195338,1.3877787807814457e-14
HfRuSb,382,1.335952112571216,ok,5.491090587806465,2.935003351467458e-10
HfRuSb,383,1.2506175753824262,ok,5.504535927136153,3.3306690738754696e-16
HfRuSb,384,1.2076858355504752,ok,5.475544414206514,1.199040866595169e-14
HfRuSb,385,1.2493459645091587,ok,5.496552756909152,5.725420137991932e-13
HfRuSb,386,1.1589997043852054,ok,5.483527584433515,4.2743586448068527e-14
HfRuSb,387,1.244557352503501,ok,5.524703936130686,7.319922445958582e-12
HfRuSb,388,1.443703752679078,ok,5.472183079374092,4.889999516421994e-10
HfRuSb,389,1.280235817579214,ok,5.477645248476778,6.771181393361303e-10
HfRuSb,390,1.4346304650873953,ok,5.537729108606321,4.440892098500626e-16
HfRuSb,391,1.4507604650236898,ok,5.546132445687377,6.588063428125679e-13
HfRuSb,392,1.2524885068141338,ok,5.473023413082197,1.502208357706536e-09
HfRuSb,393,1.2425825175964484,ok,5.481426750163253,3.337981002715651e-09
HfRuSb,394,1.1501490379880381,tilt_failed,,
HfRuSb,395,1.1849833024421326,ok,5.475124247352461,1.1910965547201613e-09
HfRuSb,396,1.0772152675790791,tilt_failed,,
HfRuSb,397,1.2087061825225405,ok,5.477645248476778,1.5211887305355276e-10
HfRuSb,398,1.1462464293265513,ok,5.52680477040095,2.502442697505103e-13
HfRuSb,399,1.3382816579563726,ok,5.496972923763204,6.661338147750939e-16
HfRuSb,400,1.251848147275931,ok,5.472603246228145,6.107870875737831e-10
HfRuSb,401,1.1570990566039872,ok,5.480166249601094,5.476730180475897e-13
HfRuSb,402,1.1421309306183856,tilt_failed,,
HfRuSb,403,1.4433773730875004,ok,5.480166249601094,8.073652857376601e-12
HfRuSb,404,1.0354218994671103,tilt_failed,,
HfRuSb,405,1.0861188873526317,tilt_failed,,
HfRuSb,406,1.3852308132637576,ok,5.4805864164551465,2.497881457230733e-09
HfRuSb,407,1.2139245009429938,ok,5.4994939248875205,7.771561172376096e-15
HfRuSb,408,1.0722434142159927,tilt_failed,,
HfRuSb,409,1.225654413129631,ok,5.475964581060566,6.176317235428996e-10
HfRuSb,410,1.2967234231405809,ok,5.52386360242258,1.9584334154387761e-13
HfRuSb,411,1.629279840195662,ok,5.488989753536202,9.978684545330907e-13
HfRuSb,412,1.2810387463453972,ok,5.482267083871358,2.595701431573616e-13
HfRuSb,413,1.2265862456647345,ok,5.475124247352461,8.292133646392585e-11
HfRuSb,414,1.2210204093548858,ok,5.54361144456306,6.679767849959717e-12
HfRuSb,415,1.5184719871753591,ok,5.473863746790304,1.1102230246251565e-15
HfRuSb,416,1.2722859334916767,ok,5.474704080498409,1.270095140171179e-13
HfRuSb,417,1.2274538988264538,ok,5.477645248476778,5.624389842751043e-13
HfRuSb,418,1.3000115511531272,ok,5.504956093990208,6.661338147750939e-16
HfRuSb,419,1.230501234521634,ok,5.515460265341526,1.1102230246251565e-15
HfRuSb,420,1.1476294123051554,ok,5.496552756909152,1.1112222253473192e-11
HfRuSb,421,1.355494102632078,ok,5.502855259719944,4.4919623576333834e-13
HfRuSb,422,1.1348860006354347,tilt_failed,,
HfRuSb,423,1.4870029114220686,ok,5.473863746790304,1.0084599821880147e-11
HfRuSb,424,1.259555766456639,ok,5.473863746790304,1.1102230246251565e-15
HfRuSb,425,1.1382302712731849,tilt_failed,,
HfRuSb,426,1.2079215767347853,ok,5.470502411957881,1.6542323066914832e-14
HfRuSb,427,1.1228121522925916,tilt_failed,,
HfRuSb,428,1.091789680613647,tilt_failed,,
HfRuSb,429,1.464779374919387,ok,5.4994939248875205,1.199040866595169e-14
HfRuSb,430,1.2473595095250318,ok,5.47176291252004,4.18554080283684e-14
HfRuSb,431,1.1313028508273888,tilt_failed,,
HfRuSb,432,1.5646356321412305,ok,5.504956093990208,6.248668249497769e-11
HfRuSb,433,1.364212406378156,ok,5.4847880849956745,4.242162177092723e-13
HfRuSb,434,1.0792536448618566,tilt_failed,,
HfRuSb,435,1.7627691213210244,ok,5.516720765903685,8.881784197001252e-16
HfRuSb,436,1.282370572736658,ok,5.472183079374092,3.6071436948503788e-09
HfRuSb,437,1.1825567466401468,ok,5.477645248476778,2.2737367544323206e-13
HfRuSb,438,1.079207962602121,tilt_failed,,
HfRuSb,439,1.2426391522277007,ok,5.474283913644356,1.3216469030297162e-09
HfRuSb,440,1.088967398875207,tilt_failed,,
HfRuSb,441,1.141053082360812,tilt_failed,,
HfRuSb,442,1.115629503130851,tilt_failed,,
HfRuSb,443,1.5270861343720454,ok,5.459578073752509,4.2414178835770144e-09
HfRuSb,444,1.1603186907265326,ok,5.4826872507254105,7.37188088351104e-14
HfRuSb,445,1.0731749302895968,tilt_failed,,
HfRuSb,446,1.19538450607341,ok,5.466720910271405,4.868444536398897e-10
HfRuSb,447,1.334275663041531,ok,5.50999809623884,2.162003909234045e-11
HfRuSb,448,1.2120314513289339,ok,5.47344357993625,1.6469048347289572e-12
HfRuSb,449,1.384121343184289,ok,5.499073758033468,1.5987211554602254e-14
HfRuSb,450,1.2299074987706504,ok,5.468821744541671,1.3843927115786414e-09
HfRuSb,451,1.11669371530544,tilt_failed,,
HfRuSb,452,1.205638357790363,ok,5.473023413082197,9.880651852256506e-12
HfRuSb,453,1.1321974221347502,tilt_failed,,
HfRuSb,454,1.359268164606965,ok,5.479746082747042,1.9066095369169034e-09
HfRuSb,455,1.1165295419048638,tilt_failed,,
HfRuSb,456,1.055208231200321,tilt_failed,,
HfRuSb,457,1.0850011837940292,tilt_failed,,
HfRuSb,458,1.1525242334089403,tilt_failed,,
HfRuSb,459,1.0470985878998593,tilt_failed,,
HfRuSb,460,1.2308036101152342,ok,5.4805864164551465,3.704614393029715e-11
HfRuSb,461,1.5920860236703889,ok,5.525544269838791,8.881784197001252e-15
HfRuSb,462,1.3854258155490178,ok,5.501174592303732,2.020605904817785e-14
HfRuSb,463,1.0849593328569764,tilt_failed,,
HfRuSb,464,1.0700449619782797,tilt_failed,,
HfRuSb,465,1.0275174753837455,tilt_failed,,
HfRuSb,466,1.1346531946558909,tilt_failed,,
HfRuSb,468,1.1318368862184758,tilt_failed,,
HfRuSb,469,1.2095694293509318,ok,5.491930921514571,5.551115123125783e-16
HfRuSb,470,1.5779870702348844,ok,5.457477239482245,2.2426505097428162e-14
HfRuSb,471,1.0261788586800569,tilt_failed,,
HfRuSb,472,1.1561157514912712,ok,5.485208251849727,3.432809592140984e-13
HfRuSb,473,1.6059346508109438,ok,5.5184014333198945,2.4488189254157078e-12
HfRuSb,474,1.466418119016077,ok,5.47638474791462,2.2051915848919634e-11
HfRuSb,475,1.2483124062073767,ok,5.490670420952412,3.786457813959032e-10
HfRuSb,476,1.1323394191215936,tilt_failed,,
HfRuSb,477,1.1157744171183464,tilt_failed,,
HfRuSb,478,1.0963608390268098,tilt_failed,,
HfRuSb,479,1.1736471207353616,ok,5.473863746790304,8.681944052568724e-14
HfRuSb,480,1.1117976181579046,ok,5.508317428822629,1.6508166389428425e-08
HfRuSb,481,1.3531850996477426,ok,5.473023413082197,1.6330006236131567e-09
HfRuSb,482,1.2741120260892569,ok,5.50075442544968,2.0905499553691698e-13
HfRuSb,483,1.038157275269428,tilt_failed,,
HfRuSb,484,1.3049020289038429,ok,5.496552756909152,2.4424906541753444e-15
HfRuSb,485,1.5024110348762156,ok,5.50075442544968,2.3139357097079483e-09
HfRuSb,486,1.0681606550782332,tilt_failed,,
HfRuSb,487,1.1638296211943198,ok,5.480166249601094,2.4174451329628255e-10
HfRuSb,488,1.2335539301771752,ok,5.462519241730879,5.99187366390197e-13
HfRuSb,489,1.0972661620780213,tilt_failed,,
HfRuSb,491,1.2202170726462003,ok,5.493611588930781,3.255111158395607e-08
HfRuSb,492,1.1300116197049772,tilt_failed,,
HfRuSb,493,1.0480165379512054,tilt_failed,,
HfRuSb,494,1.1551438206204423,ok,5.503275426573996,1.9539925233402755e-14
HfRuSb,495,1.5730292257311251,ok,5.49487208949294,8.713962884598914e-11
HfRuSb,496,1.074112088120181,tilt_failed,,
HfRuSb,497,1.0608326288277128,tilt_failed,,
HfRuSb,498,1.0502508991900386,tilt_failed,,
HfRuSb,499,1.036143690153636,tilt_failed,,
HfRuSb,500,1.0860823441511978,tilt_failed,,
HfRuSb,501,1.2897122051975274,ok,5.468401577687617,6.661338147750939e-16
HfRuSb,502,1.3294383485105485,ok,5.481426750163253,8.51541059887495e-12
HfRuSb,503,1.126419953921828,tilt_failed,,
HfRuSb,504,1.084408160751736,tilt_failed,,
HfRuSb,505,1.068016751025833,tilt_failed,,
HfRuSb,506,1.0842426831675613,tilt_failed,,
HfRuSb,507,1.3625354729752437,ok,5.498233424325363,1.4293555228306332e-10
HfRuSb,508,1.3992882063128023,ok,5.493191422076729,2.0463422067962256e-09
HfRuSb,509,1.0920591622104803,tilt_failed,,
HfRuSb,510,1.281007085547604,ok,5.475544414206514,1.709743457922741e-14
HfRuSb,511,1.3940162954417472,ok,5.465040242855196,8.375522497772181e-13
HfRuSb,512,1.028004033590029,tilt_failed,,
HfRuSb,513,1.0754531338532665,tilt_failed,,
HfRuSb,514,1.1290047319323775,tilt_failed,,
HfRuSb,515,1.1540961103684013,ok,5.4994939248875205,4.066635916899486e-12
HfRuSb,516,1.0732988848754477,tilt_failed,,
HfRuSb,517,2.552750373497472,ok,5.62890531593577,2.9976021664879227e-14
HfRuSb,518,1.207599905396106,ok,5.479325915892989,3.5540588250171368e-09
HfRuSb,519,1.2131314543922447,ok,5.560838285579223,7.270941626558169e-10
HfRuSb,520,1.0395397254286556,tilt_failed,,
HfRuSb,521,1.207242111858359,ok,5.484367918141622,2.3314683517128287e-15
HfRuSb,522,1.5948177636208922,ok,5.5709222900764885,3.9968028886505635e-15
HfRuSb,523,1.3898149719830528,ok,5.503275426573996,4.813163201333737e-10
HfRuSb,524,1.1620048108236,ok,5.486468752411886,4.56809978732764e-09
HfRuSb,525,1.1119655104691213,tilt_failed,,
HfRuSb,526,1.0638306187470297,tilt_failed,,
HfRuSb,527,1.161646340928487,ok,5.481426750163253,2.652322805829499e-13
HfRuSb,528,1.053579142661157,tilt_failed,,
HfRuSb,529,1.3579125363916082,ok,5.512519097363157,2.220446049250313e-16
HfRuSb,530,1.1953578692528664,ok,5.481426750163253,1.2545520178264269e-14
HfRuSb,531,1.2953720770768213,ok,5.4994939248875205,4.935829522878521e-12
HfRuSb,532,1.2254043502917111,ok,5.511678763655052,5.551115123125783e-16
HfRuSb,533,1.10342514216843,tilt_failed,,
HfRuSb,534,1.0419312588201404,tilt_failed,,
HfRuSb,535,1.1213214887456953,tilt_failed,,
HfRuSb,536,1.3334181003682204,ok,5.508317428822629,8.864242673212175e-12
HfRuSb,537,1.1916521869498526,ok,5.485208251849727,1.0304435082986174e-10
HfRuSb,538,1.0906362882662763,tilt_failed,,
HfRuSb,539,1.482813276329974,ok,5.504956093990208,3.552713678800501e-15
HfRuSb,540,1.07145714671719,tilt_failed,,
HfRuSb,541,1.3281704825123353,ok,5.4679814108335645,2.756697092820559e-10
HfRuSb,542,1.1450576885672918,ok,5.5036955934280485,7.978617766468687e-12
HfRuSb,543,1.3428091909843654,ok,5.483107417579463,7.693845560652335e-14
HfRuSb,544,1.1190120836294777,tilt_failed,,
HfRuSb,545,1.5559622718193424,ok,5.494451922638888,3.559996741842042e-11
HfRuSb,546,1.2035695009052403,ok,5.487729252974043,1.9984014443252818e-15
HfRuSb,547,1.1069042659343584,tilt_failed,,
HfRuSb,548,1.1702734019716694,ok,5.475544414206514,2.6113555762208307e-12
HfRuSb,549,1.3640783577535511,ok,5.476804914768673,1.2811973704174306e-13
HfRuSb,550,1.2579637141341493,ok,5.49487208949294,2.3817763317168783e-09
HfRuSb,551,1.1458396537656301,tilt_failed,,
HfRuSb,552,1.3127582868646086,ok,5.514199764779368,3.5172975643149584e-12
HfRuSb,553,1.1533645364784628,ok,5.491930921514571,2.886579864025407e-14
HfRuSb,554,1.084671925685571,tilt_failed,,
HfRuSb,555,1.0643603212308335,tilt_failed,,
HfRuSb,556,1.0425286930831037,tilt_failed,,
HfRuSb,557,1.0620238054284048,tilt_failed,,
HfRuSb,558,1.1908478712611241,ok,5.469241911395724,7.235434473784608e-11
HfRuSb,559,1.2926455505764893,ok,5.502014926011837,1.9984014443252818e-14
HfRuSb,560,1.2289021169568826,ok,5.508317428822629,2.489120021209601e-13
HfRuSb,561,1.0565281907190043,tilt_failed,,
HfRuSb,562,1.0504659159101686,tilt_failed,,
HfRuSb,563,1.5592580295757577,ok,5.48394775128757,3.2671265692840734e-10
HfRuSb,564,1.2228748677795211,ok,5.488149419828096,2.220446049250313e-16
HfRuSb,565,1.1516596580595817,tilt_failed,,
HfRuSb,566,1.2629731761539318,ok,5.484367918141622,1.1102230246251565e-16
HfRuSb,567,1.1452085085050603,tilt_failed,,
HfRuSb,568,1.3628011950194494,ok,5.498233424325363,2.6748159243084046e-11
HfRuSb,569,1.4058367581909883,ok,5.47344357993625,6.731060153697399e-12
HfRuSb,570,1.2754255202963283,ok,5.490670420952412,9.750397156338408e-10
HfRuSb,571,1.2449289984344638,ok,5.485208251849727,2.220446049250313e-16
HfRuSb,572,1.1195291822920295,tilt_failed,,
HfRuSb,573,1.0893441989326447,tilt_failed,,
HfRuSb,574,1.127657972110392,ok,5.496132590055099,2.2627455464885315e-12
HfRuSb,575,1.2345442914765088,ok,5.472603246228145,1.7035270971632599e-09
HfRuSb,576,1.4340606211930524,ok,5.4637797422930365,1.1102230246251565e-15
HfRuSb,577,1.6602213334994511,ok,5.564199620411644,2.3314683517128287e-15
HfRuSb,578,1.0847023047820183,tilt_failed,,
HfRuSb,579,1.111259314048245,tilt_failed,,
HfRuSb,580,1.1000405541497054,tilt_failed,,
HfRuSb,581,1.201168334522767,ok,5.4805864164551465,5.638518540962423e-10
HfRuSb,582,1.2244756908659498,ok,5.479746082747042,4.574118861455645e-14
HfRuSb,583,1.0470732876328228,tilt_failed,,
HfRuSb,584,1.1634785711065403,ok,5.476804914768673,6.548172226672477e-09
HfRuSb,585,1.5604574008513528,ok,5.550754281081957,1.1123213461416981e-11
HfRuSb,586,1.4024922045067219,ok,5.50075442544968,4.212186155427844e-13
HfRuSb,587,1.126071575809924,tilt_failed,,
HfRuSb,588,1.5116118118963864,ok,5.49487208949294,4.144684595530634e-12
HfRuSb,589,1.0921434205919514,tilt_failed,,
HfRuSb,590,1.1317148948873987,tilt_failed,,
HfRuSb,591,1.215493972786655,ok,5.488989753536202,2.6645352591003757e-15
HfRuSb,592,1.4333685868964163,ok,5.514199764779368,4.773959005888173e-14
HfRuSb,593,1.153969392702866,ok,5.486468752411886,2.7533531010703882e-14
HfRuSb,594,1.1201904677318644,tilt_failed,,
HfRuSb,595,1.1108004815198855,tilt_failed,,
HfRuSb,596,1.598968454006404,ok,5.517140932757737,3.3306690738754696e-16
HfRuSb,597,1.1653368917721894,ok,5.47638474791462,1.1369032382191335e-09
HfRuSb,598,1.0668108099770908,tilt_failed,,
HfRuSb,599,1.2880755585137602,ok,5.457897406336299,2.011391053713396e-12
HfRuSb,600,1.0518435470435687,tilt_failed,,
HfRuSb,601,1.1634299095579057,ok,5.50999809623884,5.508260514375252e-12
HfRuSb,602,1.0708559786703797,tilt_failed,,
HfRuSb,603,1.267706736756795,ok,5.489409920390255,5.457898577532205e-10
HfRuSb,604,1.075003899929044,tilt_failed,,
HfRuSb,605,1.1267107802498304,tilt_failed,,
HfRuSb,606,1.080174280003938,tilt_failed,,
HfRuSb,607,1.1174987870622635,tilt_failed,,
HfRuSb,608,1.0324524330012739,tilt_failed,,
HfRuSb,609,1.0969438634781392,tilt_failed,,
HfRuSb,610,1.038968298693158,tilt_failed,,
HfRuSb,611,1.1816142439104695,ok,5.487729252974043,1.1970711089048791e-09
HfRuSb,612,1.2446131482306675,ok,5.493191422076729,9.992007221626409e-16
HfRuSb,613,1.2674343291754524,ok,5.499073758033468,1.3197309911561206e-10
HfRuSb,614,1.308657603913992,ok,5.478905749038937,2.5079938126282286e-12
HfRuSb,615,1.2067154655634993,ok,5.489409920390255,9.992007221626409e-16
HfRuSb,616,1.3209555141205536,ok,5.48394775128757,6.217248937900877e-15
HfRuSb,617,1.1613872662236318,ok,5.47176291252004,1.7422504550168583e-09
HfRuSb,618,1.3333217814419691,ok,5.4868889192659385,1.39684375177751e-09
HfRuSb,619,1.2123112821016597,ok,5.4637797422930365,3.58331908589804e-09
HfRuSb,620,1.1571634233029482,ok,5.47806541533083,1.0578204978628492e-12
HfRuSb,621,1.1107861740245868,tilt_failed,,
HfRuSb,622,1.189229986348954,ok,5.506636761406417,2.058812675898025e-09
HfRuSb,623,1.1065458071595184,tilt_failed,,
HfRuSb,624,1.5427943384390168,ok,5.5091577625307355,2.13575390706211e-09
HfRuSb,625,1.194888263492166,ok,5.5604181187251704,4.440892098500626e-16
HfRuSb,626,1.1304261135410982,tilt_failed,,
HfRuSb,627,1.1285293684186026,tilt_failed,,
HfRuSb,628,1.064765498937828,tilt_failed,,
HfRuSb,629,1.0942427915594057,tilt_failed,,
HfRuSb,630,1.3228530138509245,ok,5.486048585557832,7.882583474838611e-14
HfRuSb,631,1.5058878697718867,ok,5.476804914768673,5.995204332975845e-15
HfRuSb,632,1.204551130844791,ok,5.487309086119991,3.9190872769268026e-14
HfRuSb,633,1.3835459500754543,ok,5.458737740044404,3.752553823233029e-14
HfRuSb,634,1.3900164560891362,ok,5.491090587806465,1.081912337497215e-12
HfRuSb,635,1.3392843280548152,ok,5.541090443438744,8.881784197001252e-16
HfRuSb,636,1.2430809820097486,ok,5.478905749038937,9.520115806793683e-10
HfRuSb,637,1.1384893634974496,tilt_failed,,
HfRuSb,638,1.0746514591658638,tilt_failed,,
HfRuSb,639,1.5507708726571419,ok,5.494451922638888,7.907008381380365e-13
HfRuSb,640,1.1039533760307219,tilt_failed,,
HfRuSb,641,1.716808061046379,tilt_failed,,
HfRuSb,642,1.15556227935999,tilt_failed,,
HfRuSb,643,1.1257512319527256,tilt_failed,,
HfRuSb,644,1.4381726871913751,ok,5.523443435568527,2.6412205755832474e-11
HfRuSb,645,1.1012523903786384,tilt_failed,,
HfRuSb,646,1.2754611503402158,ok,5.516720765903685,5.191777008306531e-10
HfRuSb,647,1.1300563841728593,ok,5.49487208949294,9.955634650005152e-09
HfRuSb,648,1.1963245022016702,ok,5.496132590055099,8.996867695287847e-10
HfRuSb,649,1.0656406908046188,tilt_failed,,
HfRuSb,650,2.171150857033295,ok,5.6276448153736105,5.10702591327572e-15
HfRuSb,651,1.185311113838804,ok,5.481006583309199,1.1130874000286894e-10
HfRuSb,652,1.124733224716892,tilt_failed,,
HfRuSb,653,1.0708683112253563,tilt_failed,,
HfRuSb,654,1.0815223431623415,tilt_failed,,
HfRuSb,655,1.2860278815882444,ok,5.4847880849956745,2.930988785010413e-14
HfRuSb,657,1.119462564835952,tilt_failed,,
HfRuSb,658,1.1010592881706607,tilt_failed,,
HfRuSb,659,1.3572512400163907,ok,5.520082100736106,2.6645352591003757e-15
HfRuSb,660,1.1724010134359886,ok,5.479746082747042,2.840342405718843e-10
HfRuSb,661,1.1827772243151622,ok,5.475544414206514,2.427976042440605e-09
HfRuSb,662,1.0910184168514014,tilt_failed,,
HfRuSb,663,1.0656478952176092,tilt_failed,,
HfRuSb,664,1.144183317283355,tilt_failed,,
HfRuSb,665,1.7602510401913272,tilt_failed,,
HfRuSb,666,1.1401459351239513,tilt_failed,,
HfRuSb,667,1.2263612534549424,ok,5.5226031018604225,1.7763568394002505e-15
HfRuSb,668,1.2798428607989982,ok,5.512098930509104,2.815681576784357e-09
HfRuSb,669,1.085232482929601,tilt_failed,,
HfRuSb,670,1.0554452661745461,tilt_failed,,
HfRuSb,671,1.652046949029803,ok,5.635627985600614,1.5681900222830336e-11
HfRuSb,672,1.2416838277420752,ok,5.474283913644356,1.132918203694544e-10
HfRuSb,673,1.2781876051672627,ok,5.50075442544968,1.1102230246251565e-15
HfRuSb,674,1.207933389330646,ok,5.472183079374092,3.019806626980426e-14
HfRuSb,675,1.162111940051532,ok,5.481006583309199,1.2031486917862821e-12
HfRuSb,676,1.5211645510157898,tilt_failed,,
HfRuSb,677,1.2450379848219353,ok,5.475544414206514,1.619789857798537e-10
HfRuSb,678,1.095180663218599,tilt_failed,,
HfRuSb,679,1.2782766486362338,ok,5.497813257471309,4.440892098500626e-16
HfRuSb,680,1.1024461824685508,tilt_failed,,
HfRuSb,681,1.4598782889936575,ok,5.500334258595625,4.988254254101321e-11
HfRuSb,682,1.1590535694655726,ok,5.483107417579463,4.1744385725905886e-14
HfRuSb,683,1.1638297000632745,ok,5.481006583309199,1.5572531042451487e-09
HfRuSb,684,1.3043870332739247,ok,5.481006583309199,6.523448448092495e-12
HfRuSb,685,1.051066528212449,tilt_failed,,
HfRuSb,686,1.2459973478485467,ok,5.515040098487473,1.376276870246329e-11
HfRuSb,687,1.0918641441484933,tilt_failed,,
HfRuSb,688,1.1282098749277671,tilt_failed,,
HfRuSb,689,1.0883580536584898,tilt_failed,,
HfRuSb,690,1.098963676579011,tilt_failed,,
HfRuSb,691,1.4079563797735437,ok,5.489830087244307,6.439293542825908e-14
HfRuSb,692,1.3161881356911644,ok,5.488149419828096,1.654650860771767e-10
HfRuSb,693,1.290646694739161,ok,5.481426750163253,5.764277943853813e-13
HfRuSb,694,1.0806030528811434,tilt_failed,,
HfRuSb,695,1.1980522977140051,ok,5.50999809623884,4.6480241877588924e-10
HfRuSb,696,1.1309207686708938,ok,5.509577929384788,4.4686254696557626e-11
HfRuSb,697,1.1128800884383643,tilt_failed,,
HfRuSb,698,1.367542812801651,ok,5.492771255222676,2.5763835509451383e-12
HfRuSb,699,1.3414247287486172,ok,5.486468752411886,1.264218951746443e-09
HfRuSb,700,1.0568522134567138,tilt_failed,,
HfRuSb,702,1.2833093941388976,ok,5.486048585557832,1.9624302183274267e-12
HfRuSb,703,1.372220349642347,ok,5.598653302443971,1.887379141862766e-15
HfRuSb,704,1.4778370921820265,ok,5.464199909147089,4.152833632531383e-10
HfRuSb,705,1.5750342033437736,ok,5.486048585557832,3.8551384307083936e-12
HfRuSb,706,1.582210124063084,ok,5.458737740044404,1.5543122344752192e-15
HfRuSb,707,1.197854660861849,ok,5.517981266465842,9.781064846947629e-14
HfRuSb,708,1.2301303063577644,ok,5.5057964276983125,2.1194157540094238e-13
HfRuSb,709,1.051692746799368,tilt_failed,,
HfRuSb,710,1.1335726263737174,tilt_failed,,
HfRuSb,711,1.1137075895269453,tilt_failed,,
HfRuSb,712,1.356362350517843,ok,5.492351088368624,5.10702591327572e-15
HfRuSb,713,1.071347758063508,tilt_failed,,
HfRuSb,714,1.2818253336298615,ok,5.489409920390255,3.6635876554669267e-09
HfRuSb,715,1.1231288354600832,tilt_failed,,
HfRuSb,717,1.503968082938417,ok,5.474704080498409,2.795935927224491e-09
HfRuSb,718,1.0690242340430005,tilt_failed,,
HfRuSb,719,1.207429093873524,ok,5.509577929384788,4.590405389137686e-09
HfRuSb,720,1.0735568160580529,tilt_failed,,
HfRuSb,721,1.0804971275286763,tilt_failed,,
HfRuSb,722,1.1738975698696268,ok,5.481426750163253,4.780620344035924e-12
HfRuSb,723,1.140768110589428,tilt_failed,,
HfRuSb,724,1.125269066943261,tilt_failed,,
HfRuSb,725,1.4202826699381992,ok,5.506216594552365,1.4654943925052066e-13
HfRuSb,726,1.202590911972875,ok,5.475964581060566,4.704388545384575e-09
HfRuSb,727,1.2024726550085851,ok,5.482267083871358,8.32511615200815e-10
HfRuSb,728,1.185661417883195,ok,5.468821744541671,6.458622525684632e-11
HfRuSb,729,1.2561364407084632,ok,5.47176291252004,5.440092820663267e-15
HfRuSb,730,1.0660600071307267,tilt_failed,,
HfRuSb,731,1.0424240006230945,tilt_failed,,
HfRuSb,732,1.409820015515751,ok,5.529325771525267,3.7636560534792807e-14
HfRuSb,733,1.0726942335467955,tilt_failed,,
HfRuSb,734,1.061400145447566,tilt_failed,,
HfRuSb,735,1.1868461361923732,ok,5.485208251849727,1.4843459794633418e-11
HfRuSb,736,1.0618319886389664,tilt_failed,,
HfRuSb,737,2.17654635165504,tilt_failed,,
HfRuSb,738,1.2833815855501252,ok,5.512939264217209,3.998978925778829e-11
HfRuSb,740,1.4677068654234613,tilt_failed,,
HfRuSb,741,1.1044192728748767,tilt_failed,,
HfRuSb,742,1.1658408473845685,ok,5.490670420952412,3.6449830931317706e-09
HfRuSb,743,1.4645744456970498,ok,5.50705692826047,2.6952884368824925e-11
HfRuSb,744,1.3952164471847102,ok,5.465040242855196,2.1986124032480348e-10
HfRuSb,745,1.1263477321343236,tilt_failed,,
HfRuSb,746,1.3173509635119567,ok,5.510838429946945,8.881784197001252e-16
HfRuSb,747,1.1167482788359062,tilt_failed,,
HfRuSb,748,1.694493506989641,ok,5.609997807503396,2.6645352591003757e-15
HfRuSb,749,1.302262799573773,ok,5.4868889192659385,1.2922107828217122e-11
HfRuSb,751,1.4302325000328935,ok,5.500334258595625,1.0989231746805217e-10
HfRuSb,752,1.1843795937360242,ok,5.4700822451038285,1.9684254226604025e-13
HfRuSb,753,1.2467991454991594,ok,5.464199909147089,1.7011059227911574e-11
HfRuSb,754,1.3084037010738316,ok,5.478905749038937,7.306344418367416e-11
HfRuSb,755,1.127904637347318,tilt_failed,,
HfRuSb,756,1.1362818426184422,tilt_failed,,
HfRuSb,757,1.1008023808462577,tilt_failed,,
HfRuSb,758,1.3949927741481363,ok,5.483107417579463,1.0008966988550583e-09
HfRuSb,759,1.4183842994842464,ok,5.481846917017306,2.6467117386630434e-09
HfRuSb,760,1.2102611209640577,ok,5.476804914768673,9.170442183403793e-14
HfRuSb,761,1.2663314026180976,ok,5.520082100736106,5.10702591327572e-14
HfRuSb,762,1.3777321774334297,ok,5.492351088368624,3.483879851273741e-13
HfRuSb,763,1.3051459637563458,ok,5.475544414206514,6.192145685091077e-10
HfRuSb,764,1.1478558696214831,tilt_failed,,
HfRuSb,765,1.1502605178984286,ok,5.479325915892989,4.529709940470639e-14
HfRuSb,766,1.0838412212065316,tilt_failed,,
HfRuSb,767,1.1332403717730348,tilt_failed,,
HfRuSb,768,1.2320401148776585,ok,5.485628418703779,9.46909217702796e-13
HfRuSb,769,1.2486667610503928,ok,5.489830087244307,7.327471962526033e-15
HfRuSb,770,1.250848039528919,ok,5.46714107712546,1.9240165016753963e-13
HfRuSb,771,1.3936369998261762,ok,5.481846917017306,6.689448994734448e-10
HfRuSb,772,1.1205212158736564,tilt_failed,,
HfRuSb,773,1.3981100032596705,ok,5.479325915892989,4.519207230657685e-11
HfRuSb,774,1.2331029301613488,ok,5.474283913644356,5.783351575416873e-11
HfRuSb,775,1.1555018982998198,tilt_failed,,
HfRuSb,776,1.2044493992086103,ok,5.472183079374092,1.4767804756843361e-09
HfRuSb,777,1.234105473032425,ok,5.491510754660519,3.8247183198336643e-13
HfRuSb,778,1.1570272559376111,ok,5.478905749038937,6.661338147750939e-14
HfRuSb,779,1.1787220633211999,ok,5.483527584433515,1.6480150577535824e-12
HfRuSb,780,1.1993280645351014,ok,5.487729252974043,5.211941989102797e-12
HfRuSb,781,1.4811431690612211,ok,5.460838574314668,5.502470257212622e-09
HfRuSb,782,1.1483026716648268,tilt_failed,,
HfRuSb,783,1.2774392044563967,ok,5.466300743417353,9.615013230046543e-10
HfRuSb,784,1.8278752279782176,ok,5.4679814108335645,1.6718848527830232e-11
HfRuSb,785,1.1108773276310777,tilt_failed,,
HfRuSb,787,1.1244237018254992,tilt_failed,,
HfRuSb,788,1.3448207846155091,ok,5.488149419828096,4.294411493077632e-10
HfRuSb,789,1.2360806601057681,ok,5.479325915892989,5.440092820663267e-15
HfRuSb,790,1.463730019930028,ok,5.50075442544968,1.985525299730284e-09
HfRuSb,791,1.3486661710751073,ok,5.475124247352461,6.641026617515422e-10
HfRuSb,792,1.4998417781302211,ok,5.495712423201047,1.7763568394002505e-15
HfRuSb,793,1.262363712317896,ok,5.459998240606561,1.3555823130673161e-12
HfRuSb,794,1.648859186350943,ok,5.477225081622725,2.3172403995630475e-09
HfRuSb,795,1.4578971675438661,ok,5.460838574314668,1.2434497875801753e-14
HfRuSb,796,1.0771268421274127,tilt_failed,,
HfRuSb,797,1.3019344124387546,ok,5.4658805765633005,1.1463274773859666e-11
HfRuSb,798,1.5813757586167136,ok,5.487309086119991,1.0086376178719547e-12
HfRuSb,799,1.7880193935350666,tilt_failed,,
HfRuSb,800,1.195687095530662,ok,5.47806541533083,3.9870107215733697e-11
HfRuSb,801,1.2236251517407148,ok,5.495712423201047,3.4996894271444035e-11
HfRuSb,802,1.0611425939610082,tilt_failed,,
HfRuSb,803,1.342126825185788,ok,5.4700822451038285,1.0059619803826081e-11
HfRuSb,804,1.2612192930393813,ok,5.47176291252004,6.898375204400509e-10
HfRuSb,806,1.1579681711987988,ok,5.497813257471309,3.0052627053578362e-12
HfRuSb,807,1.2870565508573724,ok,5.479746082747042,6.796354590221654e-10
HfRuSb,808,1.1858657415896154,ok,5.464199909147089,2.692257528025266e-11
HfRuSb,809,1.318700227235636,ok,5.476804914768673,3.916065249853773e-10
HfRuSb,810,1.3291901552686736,ok,5.473863746790304,5.784261958297066e-14
HfRuSb,811,1.4888995687284132,ok,5.4679814108335645,1.3237377860519928e-10
HfRuSb,812,1.1934895939338779,ok,5.466720910271405,1.6076029396572267e-13
HfRuSb,813,1.3317096472829055,ok,5.475124247352461,1.3136740584229756e-09
HfRuSb,814,1.1474775913885171,tilt_failed,,
HfRuSb,815,1.2225593489689772,ok,5.492351088368624,2.4424906541753444e-15
HfRuSb,816,1.197729369049827,ok,5.486048585557832,1.5170953382437347e-10
HfRuSb,817,1.1334106835406128,tilt_failed,,
HfRuSb,818,1.165560238853013,ok,5.482267083871358,2.733036019719748e-11
HfRuSb,819,1.198483176689656,ok,5.5091577625307355,1.7313817046726854e-10
HfRuSb,820,1.0501245364790412,tilt_failed,,
HfRuSb,821,1.0636832133118435,tilt_failed,,
HfRuSb,822,1.0747872770621276,tilt_failed,,
HfRuSb,823,1.151419329299825,ok,5.488149419828096,2.1094237467877974e-14
Pb3Y,14,1.9239252842736108,ok,4.012083227255916,7.940115231974687e-11
Pb3Y,15,1.1274910127681486,tilt_failed,,
Pb3Y,16,1.3560845507149728,ok,3.9929929675140197,1.2292595830132313e-09
Pb3Y,17,1.9602118459046787,ok,3.9999927294193816,4.440892098500626e-16
Pb3Y,18,1.2270725297391634,ok,4.003174439376364,2.9281510549594714e-10
Pb3Y,19,1.231716841418951,ok,3.992356625522623,6.885603198725221e-13
Pb3Y,20,1.617458444836998,ok,3.9999927294193816,3.9968028886505635e-15
Pb3Y,21,1.1014773083297704,tilt_failed,,
Pb3Y,22,1.2230707005175832,ok,3.9987200454365883,3.2971625429922824e-11
Pb3Y,23,1.5082805379061974,ok,4.006356149333348,5.17585974080248e-13
Pb3Y,24,1.1107421871665006,ok,4.0149467662172,4.739475478743316e-11
Pb3Y,25,1.6580338897417757,ok,3.9977655324494936,2.0872192862952943e-14
Pb3Y,26,1.4011250231692336,ok,3.9939474805011144,2.595479386968691e-12
Pb3Y,27,1.1878485234326608,ok,3.996811019462399,1.1084466677857563e-12
Pb3Y,28,1.2809142917378686,ok,4.007947004311838,1.9307009324620594e-09
Pb3Y,29,1.14417114939594,tilt_failed,,
Pb3Y,30,1.279423498252087,ok,3.996811019462399,3.361755318564974e-11
Pb3Y,31,1.127390982145868,tilt_failed,,
Pb3Y,32,1.7694527128929365,ok,3.986311376604356,8.881784197001252e-16
Pb3Y,33,1.9449744748383688,ok,3.9939474805011144,3.170796958329447e-13
Pb3Y,34,1.3054588622848027,ok,4.008265175307537,1.8509767052421466e-09
Pb3Y,35,1.14630375947696,ok,3.9987200454365883,5.295965110896361e-09
Pb3Y,37,1.310178753577754,ok,4.001265413402175,2.7773849886614244e-10
Pb3Y,38,1.7442216691830636,ok,3.986311376604356,7.327471962526033e-15
Pb3Y,39,1.1638444276297335,ok,3.9952201644839076,1.56887469682232e-09
Pb3Y,40,1.4494239809659757,ok,3.984084179634468,1.9847457011223923e-11
Pb3Y,41,1.8840287893421606,ok,4.0626724155719405,1.7541523789077473e-13
Pb3Y,42,1.351040894815895,ok,3.99108394153983,1.1102230246251565e-16
Pb3Y,43,1.4702120347057033,ok,3.9999927294193816,2.429783041435485e-10
Pb3Y,44,1.8297438469304954,ok,3.9939474805011144,1.4432899320127035e-14
Pb3Y,45,1.1493169231325773,tilt_failed,,
Pb3Y,46,1.2860263584590699,ok,3.9904475995484336,2.8315572109249842e-11
Pb3Y,47,1.2238275409651755,ok,3.9882204025785457,2.563216305873084e-11
Pb3Y,48,1.2894190733474804,ok,3.992674796518321,9.703349235223868e-14
Pb3Y,49,1.177109438002338,ok,3.9984018744408902,3.6899483468744165e-11
Pb3Y,50,1.2680247255034056,ok,3.996811019462399,1.9317880628477724e-14
Pb3Y,51,1.179141649423787,ok,3.992356625522623,3.1508129438861943e-13
Pb3Y,52,1.3362714590165126,ok,3.9952201644839076,2.353672812205332e-14
Pb3Y,53,1.9706092067997634,ok,3.992356625522623,8.908940252183584e-11
Pb3Y,54,1.5184273841127947,ok,4.0149467662172,9.116851718005137e-11
Pb3Y,55,1.280423850703025,ok,4.001583584397872,1.3951062527439717e-12
Pb3Y,56,1.502562458544429,ok,4.027673606045131,7.947176250411303e-11
Pb3Y,57,1.2200550756937456,ok,3.987584060587149,1.5432100042289676e-13
Pb3Y,58,1.2345136582655487,ok,3.995856506475304,5.67235147741485e-12
Pb3Y,59,1.0660111121143323,tilt_failed,,
Pb3Y,60,1.3418071048269182,ok,4.000947242406477,8.527520911627562e-10
Pb3Y,61,1.1896608565745292,ok,4.007947004311838,3.4886005195744474e-10
Pb3Y,62,1.4185845019768744,ok,4.008901517298932,1.4349406107783125e-09
Pb3Y,63,1.2985196416877565,ok,3.995538335479606,8.425038444670463e-12
Pb3Y,64,1.115432932623103,tilt_failed,,
Pb3Y,65,1.3555050736729355,ok,3.9987200454365883,7.441536276076022e-10
Pb3Y,66,1.1061142576035432,tilt_failed,,
Pb3Y,67,1.2536100867170448,ok,3.995856506475304,7.504319388118574e-11
Pb3Y,68,1.3984362609311423,ok,3.99108394153983,1.436668561893839e-10
Pb3Y,69,1.187244556731469,ok,4.004128952363459,1.5787371410169726e-13
Pb3Y,70,1.1889132929168749,ok,3.9952201644839076,1.127764548414234e-12
Pb3Y,71,1.090596341240824,tilt_failed,,
Pb3Y,72,1.4536873675875344,ok,3.999674558423683,3.433919815165609e-13
Pb3Y,73,1.1491232568634893,ok,4.000947242406477,8.332290413193277e-11
Pb3Y,74,1.5519461116386573,ok,4.0101742012817265,1.3322676295501878e-15
Pb3Y,75,1.213740225956765,ok,3.992674796518321,1.2656542480726785e-14
Pb3Y,76,1.4834529496675941,ok,4.006992491324743,6.59250432022418e-13
Pb3Y,77,2.029600064598912,ok,4.060445218602053,9.947376256036478e-12
Pb3Y,78,1.1109698597582736,tilt_failed,,
Pb3Y,79,1.1378123861639873,tilt_failed,,
Pb3Y,80,1.0891643986680541,tilt_failed,,
Pb3Y,81,1.310076556917332,ok,3.99108394153983,3.756439603819217e-11
Pb3Y,82,1.1809358978696127,ok,3.9974473614537955,3.0883677837323376e-09
Pb3Y,83,1.272923944182704,ok,3.9952201644839076,1.1102230246251565e-15
Pb3Y,84,1.6929295604882841,ok,3.9850386926215626,3.473570320267072e-10
Pb3Y,86,1.6552762156375826,ok,4.034355196954795,6.661338147750939e-15
Pb3Y,87,1.5277331202443705,ok,4.008265175307537,4.34334790355706e-11
Pb3Y,88,1.180031941817787,ok,3.996492848466701,2.0638468711808855e-10
Pb3Y,89,1.4650364878146038,ok,3.9952201644839076,8.591904965271624e-11
Pb3Y,90,1.8204379516510834,ok,4.023537383101054,1.1102230246251565e-15
Pb3Y,91,1.1367427913444363,tilt_failed,,
Pb3Y,92,1.4580521646341924,ok,3.9907657705441317,2.1616930467871498e-11
Pb3Y,93,1.4025405990429631,ok,3.990129428552735,3.590350239335294e-11
Pb3Y,94,1.1734459764579346,ok,3.9907657705441317,1.777030744776198e-10
Pb3Y,95,1.1885887029728321,ok,3.996811019462399,1.8898216325169415e-12
Pb3Y,96,1.183748064018879,ok,4.00031090041508,3.241851231905457e-14
Pb3Y,97,1.6691354279943689,ok,3.9885385735742442,4.440892098500626e-16
Pb3Y,98,1.5274073571594127,ok,3.9999927294193816,1.4717449481338463e-10
Pb3Y,99,1.349041702506478,ok,3.992674796518321,1.9038104426272184e-12
Pb3Y,100,1.2686733725284693,ok,3.987584060587149,6.17284001691587e-14
Pb3Y,101,1.1952692111054526,ok,3.9987200454365883,4.082756355217043e-11
Pb3Y,102,1.6428132221391716,ok,3.9879022315828476,3.2922686798997347e-10
Pb3Y,103,1.4789924766230378,ok,4.020037502148373,8.881784197001252e-16
Pb3Y,104,1.604887959148538,ok,3.989811257557037,1.2668532889392736e-11
Pb3Y,105,1.257899489985736,ok,3.989811257557037,1.27675647831893e-14
Pb3Y,106,1.5614412208311628,ok,3.9974473614537955,1.6055530238645588e-09
Pb3Y,107,1.081495084123776,tilt_failed,,
Pb3Y,108,1.3437669946107347,ok,3.9999927294193816,2.9976021664879227e-15
Pb3Y,109,1.3583402835227179,ok,4.0095378592903295,5.073719222536965e-13
Pb3Y,110,1.575061788917229,ok,3.987584060587149,8.548717289613705e-13
Pb3Y,111,1.436442909832728,ok,3.9914021125355283,1.6363221888582302e-10
Pb3Y,112,1.1518957122218951,ok,3.9974473614537955,3.141568005737838e-09
Pb3Y,113,1.5055184596021824,ok,3.995856506475304,3.169269291447563e-10
Pb3Y,114,1.0987198766030724,tilt_failed,,
Pb3Y,115,1.5235038680298332,ok,4.010492372277424,2.8159918841197396e-11
Pb3Y,116,1.333078688177768,ok,3.9891749155656404,6.661338147750939e-16
Pb3Y,117,1.2540089392677942,ok,3.9885385735742442,4.2521541843143495e-13
Pb3Y,118,1.143882983505564,ok,4.003492610372064,1.5520917884259688e-13
Pb3Y,119,1.3704393263599985,ok,3.994583822492511,3.523936698002217e-10
Pb3Y,120,1.144395344691357,tilt_failed,,
Pb3Y,121,1.1807788573901603,ok,3.99108394153983,6.716880385226887e-10
Pb3Y,122,1.2887006971178392,ok,4.006356149333348,3.3306690738754696e-16
Pb3Y,123,1.189762463715359,ok,3.9936293095054163,1.4643841694805815e-10
Pb3Y,124,1.610495299143263,ok,4.003174439376364,3.3306690738754696e-16
Pb3Y,125,1.411138629723674,ok,3.9879022315828476,9.968026404294505e-12
Pb3Y,126,1.3527309829010998,ok,3.994265651496813,1.3322676295501878e-15
Pb3Y,127,1.4372470134748843,ok,3.987584060587149,8.301528353626964e-10
Pb3Y,128,1.2414276531930049,ok,3.9907657705441317,2.2929008691718877e-09
Pb3Y,129,1.224222092828324,ok,3.986311376604356,1.8472179341699757e-10
Pb3Y,130,1.3959931932380203,ok,3.9859932056086578,2.3769812784735223e-09
Pb3Y,131,1.1674348404826378,ok,3.9984018744408902,1.0197220845498123e-10
Pb3Y,132,1.230716631784396,ok,3.986311376604356,2.9056912431713044e-09
Pb3Y,133,1.9153698614104122,ok,4.000947242406477,5.321898477461673e-11
Pb3Y,134,1.2107274137413238,ok,3.99108394153983,5.448859363710312e-09
Pb3Y,135,1.266400074302206,ok,3.9904475995484336,2.7255975254547593e-13
Pb3Y,136,2.0072148055446664,ok,3.994583822492511,1.7630341631047486e-12
Pb3Y,137,1.2307455302633798,ok,3.990129428552735,6.862133083984645e-10
Pb3Y,138,1.4948158524550723,ok,3.9888567445699423,2.988242098211913e-09
Pb3Y,139,1.4394343085446633,ok,4.004447123359158,1.3322676295501878e-15
Pb3Y,140,1.208104391913723,ok,3.9974473614537955,1.7763568394002505e-15
Pb3Y,141,1.2125461951624,ok,4.003174439376364,2.220446049250313e-16
Pb3Y,142,1.3621005063639018,ok,3.9907657705441317,2.220446049250313e-16
Pb3Y,143,1.304415160359255,ok,3.9920384545269245,7.699174631170536e-12
Pb3Y,144,1.139162767366352,tilt_failed,,
Pb3Y,145,1.1809791869368715,ok,4.012401398251614,6.146341879897932e-09
Pb3Y,146,1.1077392885831656,tilt_failed,,
Pb3Y,147,1.5212991981750854,ok,3.984084179634468,2.5408120052361483e-11
Pb3Y,148,1.4085606637291095,ok,3.9920384545269245,1.3486989303146402e-12
Pb3Y,149,1.1147076984090543,tilt_failed,,
Pb3Y,150,1.465561536960908,ok,3.9859932056086578,3.53304940858834e-10
Pb3Y,151,1.7782887116253359,ok,3.9834478376430713,2.410838195743281e-10
Pb3Y,152,1.2889213397543617,ok,3.989493086561339,7.762679388179095e-13
Pb3Y,153,1.43422242156877,ok,3.9891749155656404,8.837499620995004e-10
Pb3Y,154,1.2790711157260268,ok,3.9949019934882095,6.767142401997717e-12
Pb3Y,155,1.1949958360842703,ok,4.0028562683806665,2.089417527884052e-11
Pb3Y,156,1.392559330649519,ok,3.9847205216258645,6.661338147750939e-16
Pb3Y,157,2.0146862980231384,tilt_failed,,
Pb3Y,158,1.2291977529804377,ok,4.00031090041508,1.2783694103291054e-09
Pb3Y,159,1.4098975511180125,ok,3.9929929675140197,3.18722603864785e-09
Pb3Y,160,1.3466578054063896,ok,3.9977655324494936,8.120983885362421e-10
Pb3Y,161,1.4437610677371713,ok,4.000629071410778,7.416289804496046e-14
Pb3Y,162,1.3847319099428506,ok,3.9952201644839076,3.6156089233685407e-09
Pb3Y,163,1.3262402355053773,ok,3.9920384545269245,1.7855188438886671e-09
Pb3Y,164,1.1306879890665757,tilt_failed,,
Pb3Y,165,1.5011901098702691,ok,3.9888567445699423,6.661338147750939e-16
Pb3Y,166,1.163640736073686,ok,3.9961746774710027,5.522400314816878e-10
Pb3Y,167,1.437761502755005,ok,4.005719807341951,3.2729374765949615e-13
Pb3Y,168,1.1696486834562227,ok,3.9929929675140197,1.0173928366441487e-10
Pb3Y,169,1.0749564463438346,tilt_failed,,
Pb3Y,170,1.3618032272215541,ok,4.013355911238708,9.418301694097408e-10
Pb3Y,171,1.1735767108156834,ok,3.9977655324494936,5.3734794391857577e-14
Pb3Y,172,1.2153105527004915,ok,4.004447123359158,5.051958851254312e-12
Pb3Y,173,1.1474876084722654,ok,4.006356149333348,8.010259122670504e-13
Pb3Y,174,1.4111318283749357,ok,3.9885385735742442,1.8280366109735269e-09
Pb3Y,175,1.0688908404978614,tilt_failed,,
Pb3Y,176,1.3773264423154874,ok,3.99108394153983,8.881784197001252e-16
Pb3Y,177,1.08263932881456,tilt_failed,,
Pb3Y,178,1.1739198743217025,ok,3.9859932056086578,1.8059997941577421e-12
Pb3Y,179,1.0942454571100102,tilt_failed,,
Pb3Y,180,1.1890158521657805,ok,3.9952201644839076,3.910538559637189e-12
Pb3Y,181,1.3029027784610538,ok,3.9882204025785457,4.973799150320701e-14
Pb3Y,182,1.2152116774250383,ok,3.986311376604356,2.8350433112223072e-11
Pb3Y,183,1.1362457556679368,tilt_failed,,
Pb3Y,184,1.130157039069779,ok,4.0095378592903295,2.864375403532904e-13
Pb3Y,185,1.3619305641256603,ok,3.989811257557037,1.3086864925071495e-11
Pb3Y,186,1.7866098777593447,ok,3.9984018744408902,3.6005420867013527e-11
Pb3Y,187,1.2106070966716413,ok,4.001901755393572,2.220446049250313e-16
Pb3Y,188,1.1702211910012936,ok,3.9920384545269245,6.585743062004212e-11
Pb3Y,189,1.3859855782588169,ok,3.9999927294193816,1.4267032000248037e-11
Pb3Y,190,1.3071560126575426,ok,3.99108394153983,1.0527756444389524e-10
Pb3Y,191,1.2391387765366944,ok,3.9882204025785457,3.6415315207705135e-14
Pb3Y,192,1.1338062824699524,tilt_failed,,
Pb3Y,193,1.3229109531003695,ok,3.9933111385097178,5.481126663653413e-11
Pb3Y,194,1.2566149825846944,ok,4.004447123359158,6.661338147750939e-16
Pb3Y,195,1.1592174401246003,ok,3.9961746774710027,7.771561172376096e-15
Pb3Y,196,1.22891909207467,ok,3.998083703445192,7.813749647311852e-12
Pb3Y,197,1.1520028579943609,ok,3.9974473614537955,8.699707620962727e-13
Pb3Y,198,1.1968238241844789,ok,3.9856750346129592,1.9662049766111522e-13
Pb3Y,199,1.1699724372925584,ok,3.9952201644839076,1.5944578990456648e-11
Pb3Y,200,1.1758533730359604,ok,3.9999927294193816,2.4424906541753444e-14
Pb3Y,201,1.3429071669566661,ok,3.9920384545269245,3.955523464327371e-09
Pb3Y,202,1.3737057563015538,ok,3.9987200454365883,3.7689851239974814e-12
Pb3Y,203,1.1711131798216483,ok,3.9949019934882095,6.961109466629978e-11
Pb3Y,205,1.1570428018565817,tilt_failed,,
Pb3Y,206,1.213185281735262,ok,4.000947242406477,2.5816822013524643e-09
Pb3Y,207,1.454830958553857,ok,3.9859932056086578,1.4510614931850796e-13
Pb3Y,208,1.1445793727955857,tilt_failed,,
Pb3Y,209,1.3594724772282145,ok,4.001901755393572,1.4410694859634532e-12
Pb3Y,210,1.3993969673684326,ok,3.9869477185957525,3.5413154630958843e-09
Pb3Y,211,1.3193362365046746,ok,3.9961746774710027,1.2634338020234281e-13
Pb3Y,212,1.0923587376044432,tilt_failed,,
Pb3Y,213,1.5349021026957292,ok,4.006674320329045,6.661338147750939e-16
Pb3Y,214,1.6340348762511054,ok,3.9952201644839076,2.7755575615628914e-14
Pb3Y,215,1.3310843958225347,ok,3.9904475995484336,5.499045663270863e-12
Pb3Y,216,1.3707452381475895,ok,3.9850386926215626,1.3245029517605644e-09
Pb3Y,217,1.166656266846943,ok,4.0022199263892695,5.330624830435227e-12
Pb3Y,219,1.1421813151806643,tilt_failed,,
Pb3Y,220,1.2892005959333244,ok,3.992674796518321,2.6911806116913795e-13
Pb3Y,221,1.1354651202569948,tilt_failed,,
Pb3Y,222,1.6637425118184814,ok,4.003174439376364,1.166644558736607e-10
Pb3Y,223,1.0834378978178483,tilt_failed,,
Pb3Y,224,1.639569113494013,ok,3.9891749155656404,4.884981308350689e-15
Pb3Y,225,1.192358197028064,ok,3.9949019934882095,2.2459145654352142e-11
Pb3Y,226,1.2700329486781816,ok,3.9891749155656404,1.797695325933546e-11
Pb3Y,227,1.2446412551586832,ok,3.9974473614537955,1.6887302667356607e-10
Pb3Y,228,1.2234945806695061,ok,3.9936293095054163,3.7710612410535305e-11
Pb3Y,229,1.3120751034636033,ok,3.9952201644839076,4.392708419231894e-12
Pb3Y,230,1.297968233710469,ok,3.9933111385097178,1.8254738276546334e-07
Pb3Y,231,1.4521294238640576,ok,3.9961746774710027,5.424105609108665e-12
Pb3Y,232,1.3388972283626686,ok,3.9907657705441317,2.0958219604239048e-09
Pb3Y,233,1.2294966337985014,ok,3.99108394153983,2.44591014109119e-11
Pb3Y,234,1.3367577334805303,ok,3.9904475995484336,1.3322676295501878e-14
Pb3Y,235,1.3456178525399523,ok,3.9920384545269245,2.559392697776275e-10
Pb3Y,236,1.5347393946965364,ok,3.994265651496813,2.5415838322828677e-09
Pb3Y,237,1.372552847769868,ok,4.009856030286027,5.093037103165443e-11
Pb3Y,238,1.2078153338483466,ok,4.004128952363459,7.105427357601002e-15
Pb3Y,239,1.136799695865502,tilt_failed,,
Pb3Y,240,1.2336936226850275,ok,3.9971291904580974,1.623545742290844e-10
Pb3Y,241,1.3908392611094291,ok,3.999038216432287,4.944933351680447e-12
Pb3Y,242,1.1380664305711543,tilt_failed,,
Pb3Y,243,1.4565967152004817,ok,3.9961746774710027,2.1316282072803006e-14
Pb3Y,244,1.548177238737785,ok,4.000629071410778,3.056976893844876e-11
Pb3Y,245,1.0806266280165349,tilt_failed,,
Pb3Y,246,1.680666722983827,ok,3.9987200454365883,1.1102230246251565e-16
Pb3Y,247,1.6023410315738542,ok,4.013037740243011,3.552713678800501e-14
Pb3Y,248,1.280188717801789,ok,3.9939474805011144,3.839159212759569e-09
Pb3Y,249,1.1619572733578234,ok,3.995538335479606,1.7763568394002505e-15
Pb3Y,250,1.6241687379889747,ok,3.9949019934882095,1.2589929099249275e-13
Pb3Y,251,1.407138046146224,ok,3.9917202835312264,8.43769498715119e-15
Pb3Y,252,1.1634444275069369,ok,3.996492848466701,5.300964112109341e-10
Pb3Y,253,1.145372048940466,ok,4.00762883331614,9.144907053837414e-13
Pb3Y,254,1.2480675339326317,ok,3.995856506475304,1.2520415815231445e-09
Pb3Y,255,1.3171597627074,ok,3.9904475995484336,8.385856453685392e-10
Pb3Y,256,1.3561775969891958,ok,4.010810543273122,1.2870000620779365e-09
Pb3Y,257,1.2394352500850188,ok,3.9856750346129592,8.217846292346564e-09
Pb3Y,258,1.637894953676489,ok,3.998083703445192,1.9984014443252818e-15
Pb3Y,259,1.5415246566853025,ok,4.003492610372064,4.46975789714088e-13
Pb3Y,260,1.1629476523510323,ok,3.9920384545269245,4.6180259616335206e-10
Pb3Y,261,1.0955162848962736,tilt_failed,,
Pb3Y,262,1.0975952055705966,tilt_failed,,
Pb3Y,263,1.4034793707473983,ok,3.994583822492511,8.806955165141517e-11
Pb3Y,264,1.1781617188091416,ok,3.9885385735742442,1.8378021326981298e-10
Pb3Y,265,1.390207366972563,ok,4.001583584397872,2.220446049250313e-16
Pb3Y,266,1.1866622396078235,ok,4.0022199263892695,1.5543122344752192e-15
Pb3Y,267,1.1944758847773556,ok,3.9952201644839076,2.968492118782251e-11
Pb3Y,268,1.2652190542882067,ok,3.992674796518321,8.117080341207839e-10
Pb3Y,269,1.4254635342071718,ok,3.999674558423683,3.3306690738754696e-16
Pb3Y,270,1.343134553718497,ok,4.004447123359158,2.69340105774063e-13
Pb3Y,271,1.3767236353889774,ok,3.9971291904580974,4.0423109304299487e-10
Pb3Y,272,1.1123357058084111,ok,4.016855792191389,1.0834048103092186e-09
Pb3Y,273,1.4168121091716548,ok,3.9914021125355283,1.3911760632367987e-11
Pb3Y,274,1.5026162195969461,ok,3.9952201644839076,2.1811441541785825e-12
Pb3Y,275,1.2285917591153785,ok,3.9936293095054163,1.5216716775512396e-12
Pb3Y,276,1.2002689769020587,ok,3.989811257557037,1.0769163338864018e-14
Pb3Y,277,1.302667296554906,ok,3.998083703445192,1.8540724511240114e-14
Pb3Y,278,1.4852332540144135,ok,4.012719569247311,2.2284440959197127e-10
Pb3Y,279,1.3858827829562197,ok,4.008583346303235,5.582201367815287e-12
Pb3Y,280,1.2044967441274137,ok,3.992356625522623,3.380526969465336e-10
Pb3Y,281,1.238996724981717,ok,3.9891749155656404,2.7755575615628914e-15
Pb3Y,282,1.2101433517951088,ok,3.9885385735742442,4.73358352515163e-09
Pb3Y,283,1.160886390548463,ok,4.004447123359158,1.914681302395138e-09
Pb3Y,284,1.0712993897941343,tilt_failed,,
Pb3Y,286,1.147957650854384,ok,4.001265413402175,6.461245971589591e-08
Pb3Y,287,1.3506629482712298,ok,3.992674796518321,4.604627790172344e-11
Pb3Y,288,1.3733169691241391,ok,3.9933111385097178,3.2862601528904634e-14
Pb3Y,289,1.1352000177616108,tilt_failed,,
Pb3Y,291,1.3762486528236826,ok,3.996492848466701,1.468620780542551e-10
Pb3Y,292,1.1922451821724587,ok,3.992674796518321,1.1865730620286286e-11
Pb3Y,293,1.1904444218079908,ok,3.995856506475304,1.5482225501628477e-09
Pb3Y,294,1.149568554521543,tilt_failed,,
Pb3Y,295,1.0830228085601892,tilt_failed,,
Pb3Y,296,1.6428727676551007,ok,4.038491419898872,1.198818821990244e-12
Pb3Y,297,1.3153787662995995,ok,3.9929929675140197,2.994426928637495e-11
Pb3Y,298,1.546156860171355,ok,4.004447123359158,3.8191672047105385e-14
Pb3Y,299,1.1303484304213467,tilt_failed,,
Pb3Y,300,1.1358105762881288,tilt_failed,,
Pb3Y,301,1.1203710110134675,ok,4.015264937212898,6.461498003318411e-14
Pb3Y,302,1.1659907139018306,ok,3.9977655324494936,5.842624162255561e-10
Pb3Y,303,1.2387421296396957,ok,3.9859932056086578,1.3988810110276972e-14
Pb3Y,304,1.2173154420689452,ok,4.012719569247311,1.887379141862766e-15
Pb3Y,305,1.1558965557084193,ok,4.016855792191389,3.8036240823657863e-13
Pb3Y,306,1.8258196744662636,ok,3.996811019462399,4.5684123151090716e-11
Pb3Y,307,1.1436358108272733,tilt_failed,,
Pb3Y,308,1.1480605101444028,ok,3.996811019462399,5.1514348342607263e-14
Pb3Y,309,1.1982749686549095,ok,4.019719331152675,7.154143943921554e-11
Pb3Y,310,1.6516077338534148,ok,3.9974473614537955,8.881784197001252e-16
Pb3Y,311,1.3152829920740927,ok,3.99108394153983,8.207212687239007e-12
Pb3Y,312,1.1979141060348635,ok,3.990129428552735,6.661338147750939e-16
Pb3Y,313,1.172221976858001,ok,3.9920384545269245,1.6202594821379535e-12
Pb3Y,314,1.0918696604343066,tilt_failed,,
Pb3Y,315,1.1608814571758115,ok,3.9961746774710027,5.2735593669694936e-14
Pb3Y,316,1.3487329521883222,ok,3.995856506475304,2.220446049250313e-16
Pb3Y,317,1.4330893558471474,ok,3.992674796518321,3.070239618097048e-10
Pb3Y,318,1.5619313928759844,ok,3.986311376604356,1.6346901610120312e-10
Pb3Y,319,1.2982022868066938,ok,3.9850386926215626,0.0
Pb3Y,320,1.166710430208393,ok,3.994265651496813,2.2560022738815633e-09
Pb3Y,321,1.21604499153276,ok,3.992356625522623,8.43769498715119e-15
Pb3Y,322,1.2660816659977676,ok,4.001265413402175,8.850609134469778e-10
Pb3Y,323,1.20467944867305,ok,3.9891749155656404,3.302258466675312e-09
Pb3Y,324,1.1284486720638658,tilt_failed,,
Pb3Y,325,1.1507006662044919,tilt_failed,,
Pb3Y,326,1.2148807908770896,ok,3.9939474805011144,6.561418075534675e-14
Pb3Y,327,1.1862481748963218,ok,3.987265889591451,7.967693171906376e-11
Pb3Y,328,1.4049626379081834,ok,3.987265889591451,1.6151746606851702e-11
Pb3Y,329,1.2341072324353346,ok,3.999356387427985,3.885780586188048e-15
Pb3Y,330,1.1535173273721693,ok,3.9984018744408902,1.6798784585603244e-12
Pb3Y,331,1.1367278057719827,tilt_failed,,
Pb3Y,332,1.076155895798754,tilt_failed,,
Pb3Y,333,1.189435567980418,ok,3.9859932056086578,9.061418282385603e-11
Pb3Y,334,1.1108768669256595,tilt_failed,,
Pb3Y,335,1.3687987337976693,ok,3.9914021125355283,9.547918011776346e-15
Pb3Y,336,1.2672968510267717,ok,4.003492610372064,2.220446049250313e-16
Pb3Y,337,1.2260974915502865,ok,3.9885385735742442,2.327293913140238e-11
Pb3Y,338,1.1506847238368165,ok,4.003492610372064,1.177102859628576e-11
Pb3Y,339,1.1087154827616823,tilt_failed,,
Pb3Y,340,1.1215601641597521,tilt_failed,,
Pb3Y,342,1.1794689713014943,ok,3.9882204025785457,1.7699952614691483e-11
Pb3Y,343,1.2773082776931366,ok,4.0095378592903295,1.3322676295501878e-14
Pb3Y,344,1.0860828738982202,tilt_failed,,
Pb3Y,345,1.1228328194471267,tilt_failed,,
Pb3Y,346,1.1417771517915833,tilt_failed,,
Pb3Y,347,1.0699845842885711,tilt_failed,,
Pb3Y,348,1.058250336694259,tilt_failed,,
Pb3Y,349,1.1911417433598366,ok,4.014628595221502,3.2662761384472105e-13
Pb3Y,350,1.1126864450648384,tilt_failed,,
Pb3Y,351,1.2296345688578563,ok,3.9850386926215626,5.605751529635938e-09
Pb3Y,352,1.2833141131667836,ok,4.0149467662172,2.3314683517128287e-15
Pb3Y,353,1.1213262395890362,ok,4.014628595221502,1.0321470345076023e-09
Pb3Y,354,1.265572794823797,ok,3.9888567445699423,5.0611959068191936e-11
Pb3Y,355,1.2629755899473643,ok,3.995538335479606,2.1112369630316152e-09
Pb3Y,356,1.2253059371390322,ok,4.004765294354856,1.887379141862766e-14
Pb3Y,357,1.62683960160354,ok,3.994265651496813,4.440892098500626e-16
Pb3Y,358,1.2735506324126102,ok,3.994583822492511,2.051929737234559e-10
Pb3Y,359,1.1617670934855173,ok,3.999674558423683,7.883875219327763e-09
Pb3Y,360,1.4385159754291021,ok,3.9920384545269245,5.915268275202834e-13
Pb3Y,361,1.126003105324922,tilt_failed,,
Pb3Y,362,1.2041685366719816,ok,3.989493086561339,2.864375403532904e-14
Pb3Y,363,1.341297163318002,ok,4.000947242406477,1.921796055626146e-13
Pb3Y,364,1.1151571200865276,tilt_failed,,
Pb3Y,365,1.282355370779571,ok,3.992356625522623,1.2941292482082645e-10
Pb3Y,366,1.0990796052451637,tilt_failed,,
Pb3Y,367,1.2983283167696047,ok,3.99108394153983,9.855538607439485e-11
Pb3Y,368,1.1527496212107444,ok,4.008583346303235,1.1857181902996672e-13
Pb3Y,369,1.1350161946535426,tilt_failed,,
Pb3Y,370,1.6170668568800564,ok,3.9799479566903906,1.3268008913769336e-10
Pb3Y,371,1.3892441979490942,ok,4.008583346303235,7.327471962526033e-14
Pb3Y,372,1.1976943296553733,ok,3.989493086561339,4.184703694676273e-10
Pb3Y,373,1.1401772786987514,ok,4.006992491324743,1.8363754961114864e-11
Pb3Y,374,1.060784695715523,tilt_failed,,
Pb3Y,375,3.0581518403717918,ok,4.091307805184785,6.661338147750939e-16
Pb3Y,376,1.4309905800329736,ok,4.006674320329045,1.902697999156544e-10
Pb3Y,377,1.1250873382301165,tilt_failed,,
Pb3Y,378,1.2752228066140243,ok,3.9907657705441317,1.2794210135780304e-12
Pb3Y,379,1.062726014870776,tilt_failed,,
Pb3Y,380,1.6884703933567151,ok,3.995538335479606,9.188205751797796e-13
Pb3Y,381,2.194805806759194,ok,4.059172534619259,1.2656542480726785e-14
Pb3Y,382,1.335952112571216,ok,3.995538335479606,2.4103008477993626e-10
Pb3Y,383,1.2506175753824262,ok,4.00762883331614,2.220446049250313e-16
Pb3Y,384,1.2076858355504752,ok,3.9888567445699423,9.2148511043888e-15
Pb3Y,385,1.2493459645091587,ok,3.9977655324494936,3.247402347028583e-13
Pb3Y,386,1.1589997043852054,ok,3.9961746774710027,4.9182879990894435e-14
Pb3Y,387,1.244557352503501,ok,4.018446647169881,5.643929767984446e-12
Pb3Y,388,1.443703752679078,ok,3.9885385735742442,4.2293457624964503e-10
Pb3Y,389,1.280235817579214,ok,3.987584060587149,4.760498661937618e-10
Pb3Y,390,1.4346304650873953,ok,4.023537383101054,2.220446049250313e-16
Pb3Y,391,1.4507604650236898,ok,4.028628119032225,5.169198402654729e-13
Pb3Y,392,1.2524885068141338,ok,3.992356625522623,1.1741490002492583e-09
Pb3Y,393,1.2425825175964484,ok,3.9904475995484336,2.554674694010828e-09
Pb3Y,394,1.1501490379880381,tilt_failed,,
Pb3Y,395,1.1849833024421326,ok,3.9904475995484336,1.7500960680649769e-09
Pb3Y,396,1.0772152675790791,tilt_failed,,
Pb3Y,397,1.2087061825225405,ok,3.987584060587149,8.44527781040938e-11
Pb3Y,398,1.1462464293265513,ok,4.017173963187089,4.1300296516055823e-13
Pb3Y,399,1.3382816579563726,ok,3.9999927294193816,2.584947589312492e-09
Pb3Y,400,1.251848147275931,ok,3.9866295476000544,4.1680237039543044e-10
Pb3Y,401,1.1570990566039872,ok,3.9971291904580974,6.539213615042172e-13
Pb3Y,402,1.1421309306183856,tilt_failed,,
Pb3Y,403,1.4433773730875004,ok,3.9882204025785457,6.130984608887502e-12
Pb3Y,404,1.0354218994671103,tilt_failed,,
Pb3Y,405,1.0861188873526317,tilt_failed,,
Pb3Y,406,1.3852308132637576,ok,3.9939474805011144,2.0679042922466806e-09
Pb3Y,407,1.2139245009429938,ok,4.001265413402175,4.884981308350689e-15
Pb3Y,408,1.0722434142159927,tilt_failed,,
Pb3Y,409,1.225654413129631,ok,3.9882204025785457,4.30146807062215e-10
Pb3Y,410,1.2967234231405809,ok,4.0095378592903295,1.4344081478157023e-13
Pb3Y,411,1.629279840195662,ok,3.9939474805011144,7.789324740770098e-13
Pb3Y,412,1.2810387463453972,ok,3.9920384545269245,1.7785772854495008e-13
Pb3Y,413,1.2265862456647345,ok,3.994265651496813,4.7595039021075536e-11
Pb3Y,414,1.2210204093548858,ok,4.024173725092449,1.3668621789975077e-11
Pb3Y,415,1.5184719871753591,ok,3.9891749155656404,1.3322676295501878e-15
Pb3Y,416,1.2722859334916767,ok,3.9882204025785457,8.948397578478762e-14
Pb3Y,417,1.2274538988264538,ok,3.994583822492511,4.0234482412415673e-13
Pb3Y,418,1.3000115511531272,ok,4.008265175307537,6.661338147750939e-16
Pb3Y,419,1.230501234521634,ok,4.009219688294632,1.5543122344752192e-15
Pb3Y,420,1.1476294123051554,ok,4.0022199263892695,2.3768764734199976e-12
Pb3Y,421,1.355494102632078,ok,4.002538097384967,3.6415315207705135e-13
Pb3Y,422,1.1348860006354347,tilt_failed,,
Pb3Y,423,1.4870029114220686,ok,3.985356863617261,7.868594664728334e-12
Pb3Y,424,1.259555766456639,ok,3.99108394153983,8.881784197001252e-16
Pb3Y,425,1.1382302712731849,tilt_failed,,
Pb3Y,426,1.2079215767347853,ok,3.989811257557037,1.509903313490213e-14
Pb3Y,427,1.1228121522925916,tilt_failed,,
Pb3Y,428,1.091789680613647,tilt_failed,,
Pb3Y,429,1.464779374919387,ok,4.000947242406477,7.993605777301127e-15
Pb3Y,430,1.2473595095250318,ok,3.986311376604356,3.8191672047105385e-14
Pb3Y,431,1.1313028508273888,tilt_failed,,
Pb3Y,432,1.5646356321412305,ok,4.003810781367761,5.271316716459751e-11
Pb3Y,433,1.364212406378156,ok,3.9914021125355283,3.1186164761720647e-13
Pb3Y,434,1.0792536448618566,tilt_failed,,
Pb3Y,435,1.7627691213210244,ok,4.0095378592903295,4.440892098500626e-16
Pb3Y,436,1.282370572736658,ok,3.9856750346129592,2.633171902743925e-09
Pb3Y,437,1.1825567466401468,ok,3.9936293095054163,7.283063041541027e-14
Pb3Y,438,1.079207962602121,tilt_failed,,
Pb3Y,439,1.2426391522277007,ok,3.995538335479606,8.151518349208686e-10
Pb3Y,440,1.088967398875207,tilt_failed,,
Pb3Y,441,1.141053082360812,tilt_failed,,
Pb3Y,442,1.115629503130851,tilt_failed,,
Pb3Y,443,1.5270861343720454,ok,3.992674796518321,3.088058031508467e-09
Pb3Y,444,1.1603186907265326,ok,3.995856506475304,5.395683899678261e-14
Pb3Y,445,1.0731749302895968,tilt_failed,,
Pb3Y,446,1.19538450607341,ok,3.987265889591451,3.157161199141001e-10
Pb3Y,447,1.334275663041531,ok,4.001901755393572,1.592570519903802e-11
Pb3Y,448,1.2120314513289339,ok,3.9936293095054163,8.462119893692943e-13
Pb3Y,449,1.384121343184289,ok,3.998083703445192,1.7541523789077473e-14
Pb3Y,450,1.2299074987706504,ok,3.987265889591451,1.0087413127024547e-09
Pb3Y,451,1.11669371530544,tilt_failed,,
Pb3Y,452,1.205638357790363,ok,3.9866295476000544,3.2561731089231216e-12
Pb3Y,453,1.1321974221347502,tilt_failed,,
Pb3Y,454,1.359268164606965,ok,3.9949019934882095,1.4950398696811362e-09
Pb3Y,455,1.1165295419048638,tilt_failed,,
Pb3Y,456,1.055208231200321,tilt_failed,,
Pb3Y,457,1.0850011837940292,tilt_failed,,
Pb3Y,458,1.1525242334089403,tilt_failed,,
Pb3Y,459,1.0470985878998593,tilt_failed,,
Pb3Y,460,1.2308036101152342,ok,3.9907657705441317,2.2019275291995655e-11
Pb3Y,461,1.5920860236703889,ok,4.015264937212898,6.439293542825908e-15
Pb3Y,462,1.3854258155490178,ok,4.001583584397872,1.199040866595169e-14
Pb3Y,463,1.0849593328569764,tilt_failed,,
Pb3Y,464,1.0700449619782797,tilt_failed,,
Pb3Y,465,1.0275174753837455,tilt_failed,,
Pb3Y,466,1.1346531946558909,tilt_failed,,
Pb3Y,468,1.1318368862184758,tilt_failed,,
Pb3Y,469,1.2095694293509318,ok,3.996811019462399,2.220446049250313e-16
Pb3Y,470,1.5779870702348844,ok,3.9834478376430713,1.354472090042691e-14
Pb3Y,471,1.0261788586800569,tilt_failed,,
Pb3Y,472,1.1561157514912712,ok,4.003174439376364,4.9682480351975755e-12
Pb3Y,473,1.6059346508109438,ok,4.009219688294632,2.2148949341271873e-12
Pb3Y,474,1.466418119016077,ok,3.99108394153983,1.7078116698598933e-11
Pb3Y,475,1.2483124062073767,ok,3.9920384545269245,2.070263960263219e-10
Pb3Y,476,1.1323394191215936,tilt_failed,,
Pb3Y,477,1.1157744171183464,tilt_failed,,
Pb3Y,478,1.0963608390268098,tilt_failed,,
Pb3Y,479,1.1736471207353616,ok,3.992674796518321,1.113331649094107e-12
Pb3Y,480,1.1117976181579046,ok,4.012719569247311,2.242523677864483e-08
Pb3Y,481,1.3531850996477426,ok,3.989493086561339,1.3764582806885528e-09
Pb3Y,482,1.2741120260892569,ok,3.9977655324494936,1.318944953254686e-13
Pb3Y,483,1.038157275269428,tilt_failed,,
Pb3Y,484,1.3049020289038429,ok,4.000629071410778,1.9984014443252818e-15
Pb3Y,485,1.5024110348762156,ok,4.001583584397872,1.6827659266027695e-09
Pb3Y,486,1.0681606550782332,tilt_failed,,
Pb3Y,487,1.1638296211943198,ok,3.9949019934882095,4.797438002412946e-10
Pb3Y,488,1.2335539301771752,ok,3.987584060587149,3.971267759084185e-13
Pb3Y,489,1.0972661620780213,tilt_failed,,
Pb3Y,491,1.2202170726462003,ok,3.9977655324494936,2.802955689773512e-08
Pb3Y,492,1.1300116197049772,tilt_failed,,
Pb3Y,493,1.0480165379512054,tilt_failed,,
Pb3Y,494,1.1551438206204423,ok,4.003174439376364,7.907124954797951e-10
Pb3Y,495,1.5730292257311251,ok,3.9952201644839076,7.256684142475933e-11
Pb3Y,496,1.074112088120181,tilt_failed,,
Pb3Y,497,1.0608326288277128,tilt_failed,,
Pb3Y,498,1.0502508991900386,tilt_failed,,
Pb3Y,499,1.036143690153636,tilt_failed,,
Pb3Y,500,1.0860823441511978,tilt_failed,,
Pb3Y,501,1.2897122051975274,ok,3.984402350630166,6.661338147750939e-16
Pb3Y,502,1.3294383485105485,ok,3.9920384545269245,6.590950007989704e-12
Pb3Y,503,1.126419953921828,tilt_failed,,
Pb3Y,504,1.084408160751736,tilt_failed,,
Pb3Y,505,1.068016751025833,tilt_failed,,
Pb3Y,506,1.0842426831675613,tilt_failed,,
Pb3Y,507,1.3625354729752437,ok,3.9984018744408902,1.1447554015830974e-10
Pb3Y,508,1.3992882063128023,ok,3.9984018744408902,1.726267573332052e-09
Pb3Y,509,1.0920591622104803,tilt_failed,,
Pb3Y,510,1.281007085547604,ok,3.989811257557037,7.327471962526033e-15
Pb3Y,511,1.3940162954417472,ok,3.989493086561339,9.452438831658583e-13
Pb3Y,512,1.028004033590029,tilt_failed,,
Pb3Y,513,1.0754531338532665,tilt_failed,,
Pb3Y,514,1.1290047319323775,tilt_failed,,
Pb3Y,515,1.1540961103684013,ok,4.026400922062338,6.238898286881067e-12
Pb3Y,516,1.0732988848754477,tilt_failed,,
Pb3Y,517,2.552750373497472,ok,4.072535716438587,1.2627454637481605e-11
Pb3Y,518,1.207599905396106,ok,3.989493086561339,2.007414012794584e-09
Pb3Y,519,1.2131314543922447,ok,4.034673367950493,6.079718950502411e-10
Pb3Y,520,1.0395397254286556,tilt_failed,,
Pb3Y,521,1.207242111858359,ok,3.9961746774710027,6.661338147750939e-16
Pb3Y,522,1.5948177636208922,ok,4.038809590894571,3.1086244689504383e-15
Pb3Y,523,1.3898149719830528,ok,4.003492610372064,3.978188889419698e-10
Pb3Y,524,1.1620048108236,ok,4.016855792191389,7.565721493740796e-09
Pb3Y,525,1.1119655104691213,tilt_failed,,
Pb3Y,526,1.0638306187470297,tilt_failed,,
Pb3Y,527,1.161646340928487,ok,3.998083703445192,3.183009411600324e-13
Pb3Y,528,1.053579142661157,tilt_failed,,
Pb3Y,529,1.3579125363916082,ok,4.005719807341951,4.773959005888173e-15
Pb3Y,530,1.1953578692528664,ok,3.9917202835312264,9.769962616701378e-15
Pb3Y,531,1.2953720770768213,ok,4.001901755393572,3.842481888227667e-12
Pb3Y,532,1.2254043502917111,ok,4.007310662320442,6.661338147750939e-16
Pb3Y,533,1.10342514216843,tilt_failed,,
Pb3Y,534,1.0419312588201404,tilt_failed,,
Pb3Y,535,1.1213214887456953,tilt_failed,,
Pb3Y,536,1.3334181003682204,ok,4.003174439376364,7.27129467748e-12
Pb3Y,537,1.1916521869498526,ok,3.9929929675140197,5.91190429943822e-11
Pb3Y,538,1.0906362882662763,tilt_failed,,
Pb3Y,539,1.482813276329974,ok,4.00031090041508,2.7755575615628914e-15
Pb3Y,540,1.07145714671719,tilt_failed,,
Pb3Y,541,1.3281704825123353,ok,3.984402350630166,1.7846879529770376e-10
Pb3Y,542,1.1450576885672918,ok,4.006037978337648,6.709299782414746e-11
Pb3Y,543,1.3428091909843654,ok,3.9885385735742442,4.7406523151494184e-14
Pb3Y,544,1.1190120836294777,tilt_failed,,
Pb3Y,545,1.5559622718193424,ok,3.9984018744408902,3.049605012961365e-11
Pb3Y,546,1.2035695009052403,ok,3.9949019934882095,8.881784197001252e-16
Pb3Y,547,1.1069042659343584,tilt_failed,,
Pb3Y,548,1.1702734019716694,ok,3.9949019934882095,6.36346531024401e-12
Pb3Y,549,1.3640783577535511,ok,3.9882204025785457,8.282263763703668e-14
Pb3Y,550,1.2579637141341493,ok,3.999356387427985,1.8912482691035848e-09
Pb3Y,551,1.1458396537656301,tilt_failed,,
Pb3Y,552,1.3127582868646086,ok,4.006992491324743,2.8069768731597833e-12
Pb3Y,553,1.1533645364784628,ok,3.996811019462399,9.614531393253856e-14
Pb3Y,554,1.084671925685571,tilt_failed,,
Pb3Y,555,1.0643603212308335,tilt_failed,,
Pb3Y,556,1.0425286930831037,tilt_failed,,
Pb3Y,557,1.0620238054284048,tilt_failed,,
Pb3Y,558,1.1908478712611241,ok,3.9888567445699423,3.882838495172791e-11
Pb3Y,559,1.2926455505764893,ok,3.999038216432287,1.3766765505351941e-14
Pb3Y,560,1.2289021169568826,ok,4.00762883331614,1.871836019518014e-13
Pb3Y,561,1.0565281907190043,tilt_failed,,
Pb3Y,562,1.0504659159101686,tilt_failed,,
Pb3Y,563,1.5592580295757577,ok,3.9974473614537955,2.812818866715361e-10
Pb3Y,564,1.2228748677795211,ok,3.994583822492511,2.220446049250313e-16
Pb3Y,565,1.1516596580595817,tilt_failed,,
Pb3Y,566,1.2629731761539318,ok,3.9974473614537955,4.440892098500626e-16
Pb3Y,567,1.1452085085050603,tilt_failed,,
Pb3Y,568,1.3628011950194494,ok,4.001265413402175,2.1111112857852277e-11
Pb3Y,569,1.4058367581909883,ok,3.9882204025785457,5.090372567906343e-12
Pb3Y,570,1.2754255202963283,ok,3.996811019462399,7.877439811565523e-10
Pb3Y,571,1.2449289984344638,ok,3.9974473614537955,1.5543122344752192e-15
Pb3Y,572,1.1195291822920295,tilt_failed,,
Pb3Y,573,1.0893441989326447,tilt_failed,,
Pb3Y,574,1.127657972110392,ok,4.0095378592903295,3.689826222341708e-12
Pb3Y,575,1.2345442914765088,ok,3.9879022315828476,1.1947809408496823e-09
Pb3Y,576,1.4340606211930524,ok,3.9866295476000544,4.440892098500626e-16
Pb3Y,577,1.6602213334994511,ok,4.034991538946192,2.1094237467877974e-15
Pb3Y,578,1.0847023047820183,tilt_failed,,
Pb3Y,579,1.111259314048245,tilt_failed,,
Pb3Y,580,1.1000405541497054,tilt_failed,,
Pb3Y,581,1.201168334522767,ok,3.9939474805011144,3.9246472738341254e-10
Pb3Y,582,1.2244756908659498,ok,3.9914021125355283,2.864375403532904e-14
Pb3Y,583,1.0470732876328228,tilt_failed,,
Pb3Y,584,1.1634785711065403,ok,4.007947004311838,1.1579429748387327e-08
Pb3Y,585,1.5604574008513528,ok,4.025764580070941,1.0250911230968995e-11
Pb3Y,586,1.4024922045067219,ok,3.9984018744408902,3.4583447217073626e-13
Pb3Y,587,1.126071575809924,tilt_failed,,
Pb3Y,588,1.5116118118963864,ok,3.9974473614537955,3.5003111520381935e-12
Pb3Y,589,1.0921434205919514,tilt_failed,,
Pb3Y,590,1.1317148948873987,tilt_failed,,
Pb3Y,591,1.215493972786655,ok,3.9961746774710027,1.5543122344752192e-15
Pb3Y,592,1.4333685868964163,ok,4.005719807341951,3.708144902248023e-14
Pb3Y,593,1.153969392702866,ok,4.001265413402175,1.2090328738167955e-13
Pb3Y,594,1.1201904677318644,tilt_failed,,
Pb3Y,595,1.1108004815198855,tilt_failed,,
Pb3Y,596,1.598968454006404,ok,4.007310662320442,1.1102230246251565e-16
Pb3Y,597,1.1653368917721894,ok,3.9974473614537955,2.281949074145473e-09
Pb3Y,598,1.0668108099770908,tilt_failed,,
Pb3Y,599,1.2880755585137602,ok,3.9869477185957525,1.5485390747471683e-12
Pb3Y,600,1.0518435470435687,tilt_failed,,
Pb3Y,601,1.1634299095579057,ok,4.007310662320442,2.5432989048113086e-12
Pb3Y,602,1.0708559786703797,tilt_failed,,
Pb3Y,603,1.267706736756795,ok,3.994583822492511,4.165447986537174e-10
Pb3Y,604,1.075003899929044,tilt_failed,,
Pb3Y,605,1.1267107802498304,tilt_failed,,
Pb3Y,606,1.080174280003938,tilt_failed,,
Pb3Y,607,1.1174987870622635,tilt_failed,,
Pb3Y,608,1.0324524330012739,tilt_failed,,
Pb3Y,609,1.0969438634781392,tilt_failed,,
Pb3Y,610,1.038968298693158,tilt_failed,,
Pb3Y,611,1.1816142439104695,ok,3.992356625522623,3.3306690738754696e-16
Pb3Y,612,1.2446131482306675,ok,3.9984018744408902,1.3322676295501878e-15
Pb3Y,613,1.2674343291754524,ok,4.000629071410778,1.010804773216023e-10
Pb3Y,614,1.308657603913992,ok,3.99108394153983,1.8414159086432846e-12
Pb3Y,615,1.2067154655634993,ok,3.9936293095054163,2.55351295663786e-15
Pb3Y,616,1.3209555141205536,ok,3.9971291904580974,3.3306690738754696e-15
Pb3Y,617,1.1613872662236318,ok,3.9907657705441317,3.221153010990463e-09
Pb3Y,618,1.3333217814419691,ok,3.989493086561339,9.226583941313038e-10
Pb3Y,619,1.2123112821016597,ok,3.982811495651675,2.7725866047489944e-09
Pb3Y,620,1.1571634233029482,ok,4.001265413402175,6.254996520738132e-13
Pb3Y,621,1.1107861740245868,tilt_failed,,
Pb3Y,622,1.189229986348954,ok,4.005083465350554,1.4292658168102435e-09
Pb3Y,623,1.1065458071595184,tilt_failed,,
Pb3Y,624,1.5427943384390168,ok,4.001265413402175,1.7182022471473601e-09
Pb3Y,625,1.194888263492166,ok,4.033400683967701,6.661338147750939e-16
Pb3Y,626,1.1304261135410982,tilt_failed,,
Pb3Y,627,1.1285293684186026,tilt_failed,,
Pb3Y,628,1.064765498937828,tilt_failed,,
Pb3Y,629,1.0942427915594057,tilt_failed,,
Pb3Y,630,1.3228530138509245,ok,3.996492848466701,6.106226635438361e-14
Pb3Y,631,1.5058878697718867,ok,3.9888567445699423,4.6629367034256575e-15
Pb3Y,632,1.204551130844791,ok,3.9933111385097178,2.942091015256665e-14
Pb3Y,633,1.3835459500754543,ok,3.992356625522623,2.3314683517128287e-14
Pb3Y,634,1.3900164560891362,ok,3.9949019934882095,8.936185125207885e-13
Pb3Y,635,1.3392843280548152,ok,4.023537383101054,2.220446049250313e-16
Pb3Y,636,1.2430809820097486,ok,3.989493086561339,7.761906672953955e-10
Pb3Y,637,1.1384893634974496,tilt_failed,,
Pb3Y,638,1.0746514591658638,tilt_failed,,
Pb3Y,639,1.5507708726571419,ok,3.9987200454365883,6.024070131616099e-13
Pb3Y,640,1.1039533760307219,tilt_failed,,
Pb3Y,641,1.716808061046379,tilt_failed,,
Pb3Y,642,1.15556227935999,tilt_failed,,
Pb3Y,643,1.1257512319527256,tilt_failed,,
Pb3Y,644,1.4381726871913751,ok,4.018128476174184,2.2221335882477433e-11
Pb3Y,645,1.1012523903786384,tilt_failed,,
Pb3Y,646,1.2754611503402158,ok,4.005719807341951,3.6847858098099096e-10
Pb3Y,647,1.1300563841728593,ok,4.012401398251614,4.3520742565306136e-14
Pb3Y,648,1.1963245022016702,ok,3.999038216432287,6.255294060508731e-10
Pb3Y,649,1.0656406908046188,tilt_failed,,
Pb3Y,650,2.171150857033295,ok,4.073808400421379,4.773959005888173e-15
Pb3Y,651,1.185311113838804,ok,3.9914021125355283,7.039924199148118e-11
Pb3Y,652,1.124733224716892,tilt_failed,,
Pb3Y,653,1.0708683112253563,tilt_failed,,
Pb3Y,654,1.0815223431623415,tilt_failed,,
Pb3Y,655,1.2860278815882444,ok,3.995538335479606,1.7763568394002505e-14
Pb3Y,657,1.119462564835952,tilt_failed,,
Pb3Y,658,1.1010592881706607,tilt_failed,,
Pb3Y,659,1.3572512400163907,ok,4.008265175307537,2.9976021664879227e-15
Pb3Y,660,1.1724010134359886,ok,3.9907657705441317,1.051245757111019e-09
Pb3Y,661,1.1827772243151622,ok,3.996811019462399,4.069689918395625e-09
Pb3Y,662,1.0910184168514014,tilt_failed,,
Pb3Y,663,1.0656478952176092,tilt_failed,,
Pb3Y,664,1.144183317283355,tilt_failed,,
Pb3Y,665,1.7602510401913272,tilt_failed,,
Pb3Y,666,1.1401459351239513,tilt_failed,,
Pb3Y,667,1.2263612534549424,ok,4.010492372277424,6.661338147750939e-16
Pb3Y,668,1.2798428607989982,ok,4.004765294354856,2.520379016601737e-09
Pb3Y,669,1.085232482929601,tilt_failed,,
Pb3Y,670,1.0554452661745461,tilt_failed,,
Pb3Y,671,1.652046949029803,ok,4.0779446233654575,1.4171330775525348e-11
Pb3Y,672,1.2416838277420752,ok,3.9952201644839076,8.51523296319101e-11
Pb3Y,673,1.2781876051672627,ok,4.000629071410778,6.661338147750939e-16
Pb3Y,674,1.207933389330646,ok,3.992356625522623,1.6431300764452317e-14
Pb3Y,675,1.162111940051532,ok,3.9936293095054163,7.18169967939275e-12
Pb3Y,676,1.5211645510157898,tilt_failed,,
Pb3Y,677,1.2450379848219353,ok,3.9907657705441317,1.1281808820484684e-10
Pb3Y,678,1.095180663218599,tilt_failed,,
Pb3Y,679,1.2782766486362338,ok,4.001265413402175,4.440892098500626e-16
Pb3Y,680,1.1024461824685508,tilt_failed,,
Pb3Y,681,1.4598782889936575,ok,3.9987200454365883,3.995848096849386e-11
Pb3Y,682,1.1590535694655726,ok,3.9949019934882095,3.2862601528904634e-14
Pb3Y,683,1.1638297000632745,tilt_failed,,
Pb3Y,684,1.3043870332739247,ok,3.999038216432287,4.8472337255134335e-12
Pb3Y,685,1.051066528212449,tilt_failed,,
Pb3Y,686,1.2459973478485467,ok,4.007310662320442,1.0726308730113487e-11
Pb3Y,687,1.0918641441484933,tilt_failed,,
Pb3Y,688,1.1282098749277671,tilt_failed,,
Pb3Y,689,1.0883580536584898,tilt_failed,,
Pb3Y,690,1.098963676579011,tilt_failed,,
Pb3Y,691,1.4079563797735437,ok,3.994265651496813,3.9968028886505635e-14
Pb3Y,692,1.3161881356911644,ok,3.9904475995484336,1.053330755951265e-10
Pb3Y,693,1.290646694739161,ok,3.9917202835312264,4.3498538104813633e-13
Pb3Y,694,1.0806030528811434,tilt_failed,,
Pb3Y,695,1.1980522977140051,ok,4.00762883331614,3.4141844906798724e-10
Pb3Y,696,1.1309207686708938,ok,4.010810543273122,5.7224669447464294e-11
Pb3Y,697,1.1128800884383643,tilt_failed,,
Pb3Y,698,1.367542812801651,ok,3.9952201644839076,1.9354517988290354e-12
Pb3Y,699,1.3414247287486172,ok,3.992674796518321,1.0140780437595254e-09
Pb3Y,700,1.0568522134567138,tilt_failed,,
Pb3Y,702,1.2833093941388976,ok,3.9914021125355283,1.2565504192707522e-12
Pb3Y,703,1.372220349642347,ok,4.055672653666578,1.1102230246251565e-15
Pb3Y,704,1.4778370921820265,ok,3.989811257557037,2.957898370681278e-10
Pb3Y,705,1.5750342033437736,ok,3.9914021125355283,2.8068658508573208e-12
Pb3Y,706,1.582210124063084,ok,3.9824933246559766,6.661338147750939e-16
Pb3Y,707,1.197854660861849,ok,4.010810543273122,5.895284260759581e-14
Pb3Y,708,1.2301303063577644,ok,4.005083465350554,1.6253665080512292e-13
Pb3Y,709,1.051692746799368,tilt_failed,,
Pb3Y,710,1.1335726263737174,tilt_failed,,
Pb3Y,711,1.1137075895269453,tilt_failed,,
Pb3Y,712,1.356362350517843,ok,3.9936293095054163,2.9976021664879227e-15
Pb3Y,713,1.071347758063508,tilt_failed,,
Pb3Y,714,1.2818253336298615,ok,3.998083703445192,3.0976405884786118e-09
Pb3Y,715,1.1231288354600832,tilt_failed,,
Pb3Y,717,1.503968082938417,ok,3.9920384545269245,2.2309361025207863e-09
Pb3Y,718,1.0690242340430005,tilt_failed,,
Pb3Y,719,1.207429093873524,ok,4.004128952363459,3.794427883008211e-09
Pb3Y,720,1.0735568160580529,tilt_failed,,
Pb3Y,721,1.0804971275286763,tilt_failed,,
Pb3Y,722,1.1738975698696268,ok,3.9920384545269245,2.6765700766873124e-11
Pb3Y,723,1.140768110589428,tilt_failed,,
Pb3Y,724,1.125269066943261,tilt_failed,,
Pb3Y,725,1.4202826699381992,ok,4.001583584397872,1.2390088954816747e-13
Pb3Y,726,1.202590911972875,ok,3.9907657705441317,3.6351046617255633e-09
Pb3Y,727,1.2024726550085851,ok,3.9949019934882095,5.836058303287928e-10
Pb3Y,728,1.185661417883195,ok,3.990129428552735,2.3370749779871858e-11
Pb3Y,729,1.2561364407084632,ok,3.9914021125355283,2.1094237467877974e-15
Pb3Y,730,1.0660600071307267,tilt_failed,,
Pb3Y,731,1.0424240006230945,tilt_failed,,
Pb3Y,732,1.409820015515751,ok,4.012083227255916,2.453592884421596e-14
Pb3Y,733,1.0726942335467955,tilt_failed,,
Pb3Y,734,1.061400145447566,tilt_failed,,
Pb3Y,735,1.1868461361923732,ok,3.9936293095054163,9.939382650259176e-12
Pb3Y,736,1.0618319886389664,tilt_failed,,
Pb3Y,737,2.17654635165504,tilt_failed,,
Pb3Y,738,1.2833815855501252,ok,4.004128952363459,3.1664892929939015e-11
Pb3Y,740,1.4677068654234613,tilt_failed,,
Pb3Y,741,1.1044192728748767,tilt_failed,,
Pb3Y,742,1.1658408473845685,ok,3.999038216432287,5.661234592224673e-09
Pb3Y,743,1.4645744456970498,ok,4.001901755393572,2.1152857243578183e-11
Pb3Y,744,1.3952164471847102,ok,3.986311376604356,1.6761725341041256e-10
Pb3Y,745,1.1263477321343236,tilt_failed,,
Pb3Y,746,1.3173509635119567,ok,4.012719569247311,8.881784197001252e-16
Pb3Y,747,1.1167482788359062,tilt_failed,,
Pb3Y,748,1.694493506989641,ok,4.0633087575633375,2.55351295663786e-15
Pb3Y,749,1.302262799573773,ok,3.9920384545269245,8.321343614170473e-12
Pb3Y,751,1.4302325000328935,ok,3.9961746774710027,5.271194591927042e-11
Pb3Y,752,1.1843795937360242,ok,3.9888567445699423,4.7406523151494184e-14
Pb3Y,753,1.2467991454991594,ok,3.98376600863877,1.1285861134524566e-11
Pb3Y,754,1.3084037010738316,ok,3.9856750346129592,1.4615308963072948e-11
Pb3Y,755,1.127904637347318,tilt_failed,,
Pb3Y,756,1.1362818426184422,tilt_failed,,
Pb3Y,757,1.1008023808462577,tilt_failed,,
Pb3Y,758,1.3949927741481363,ok,4.0028562683806665,8.349925195716423e-10
Pb3Y,759,1.4183842994842464,ok,3.9984018744408902,2.233712104171559e-09
Pb3Y,760,1.2102611209640577,ok,3.9885385735742442,4.970045408558832e-08
Pb3Y,761,1.2663314026180976,ok,4.007947004311838,3.652633751016765e-14
Pb3Y,762,1.3777321774334297,ok,3.994265651496813,2.737809978725636e-13
Pb3Y,763,1.3051459637563458,ok,3.9866295476000544,4.880738035950571e-10
Pb3Y,764,1.1478558696214831,tilt_failed,,
Pb3Y,765,1.1502605178984286,ok,3.998083703445192,2.5160079575314853e-09
Pb3Y,766,1.0838412212065316,tilt_failed,,
Pb3Y,767,1.1332403717730348,tilt_failed,,
Pb3Y,768,1.2320401148776585,ok,3.9891749155656404,4.67847982577041e-13
Pb3Y,769,1.2486667610503928,ok,3.9939474805011144,3.885780586188048e-15
Pb3Y,770,1.250848039528919,ok,3.981538811668882,7.183142969324763e-14
Pb3Y,771,1.3936369998261762,ok,3.987265889591451,3.240840928953048e-10
Pb3Y,772,1.1205212158736564,tilt_failed,,
Pb3Y,773,1.3981100032596705,ok,3.9907657705441317,3.29678506716391e-11
Pb3Y,774,1.2331029301613488,ok,3.99108394153983,3.6606051523335736e-11
Pb3Y,775,1.1555018982998198,ok,3.9984018744408902,4.00679489587219e-13
Pb3Y,776,1.2044493992086103,ok,3.999356387427985,1.0383840454153415e-09
Pb3Y,777,1.234105473032425,ok,3.992674796518321,2.6068036618198676e-13
Pb3Y,778,1.1570272559376111,ok,3.994265651496813,1.099120794378905e-14
Pb3Y,779,1.1787220633211999,ok,3.996492848466701,7.711609129046337e-13
Pb3Y,780,1.1993280645351014,ok,3.9907657705441317,2.406630450479952e-12
Pb3Y,781,1.4811431690612211,ok,3.979311614698994,8.231546555492741e-10
Pb3Y,782,1.1483026716648268,tilt_failed,,
Pb3Y,783,1.2774392044563967,ok,3.9847205216258645,7.008558178256408e-10
Pb3Y,784,1.8278752279782176,ok,3.9882204025785457,1.4019452265756627e-11
Pb3Y,785,1.1108773276310777,tilt_failed,,
Pb3Y,787,1.1244237018254992,tilt_failed,,
Pb3Y,788,1.3448207846155091,ok,3.9920384545269245,3.6009151216376267e-10
Pb3Y,789,1.2360806601057681,ok,3.9866295476000544,1.887379141862766e-15
Pb3Y,790,1.463730019930028,ok,4.000947242406477,1.7390338058476118e-09
Pb3Y,791,1.3486661710751073,ok,3.9929929675140197,5.720838247569304e-10
Pb3Y,792,1.4998417781302211,ok,4.003174439376364,8.881784197001252e-16
Pb3Y,793,1.262363712317896,ok,3.981538811668882,8.770761894538737e-13
Pb3Y,794,1.648859186350943,ok,3.9882204025785457,1.8869625861839268e-09
Pb3Y,795,1.4578971675438661,ok,3.9856750346129592,1.1102230246251565e-14
Pb3Y,796,1.0771268421274127,tilt_failed,,
Pb3Y,797,1.3019344124387546,ok,3.981538811668882,4.2446046677468985e-12
Pb3Y,798,1.5813757586167136,ok,4.0028562683806665,8.580913757327835e-13
Pb3Y,799,1.7880193935350666,tilt_failed,,
Pb3Y,800,1.195687095530662,ok,3.992356625522623,2.458588888032409e-11
Pb3Y,801,1.2236251517407148,ok,3.995856506475304,2.355182715518822e-11
Pb3Y,802,1.0611425939610082,tilt_failed,,
Pb3Y,803,1.342126825185788,ok,3.9821751536602785,6.375011629700111e-12
Pb3Y,804,1.2612192930393813,ok,3.9850386926215626,4.901725692008085e-10
Pb3Y,806,1.1579681711987988,ok,4.001901755393572,6.527445250981145e-12
Pb3Y,807,1.2870565508573724,ok,3.990129428552735,5.461309182663854e-10
Pb3Y,808,1.1858657415896154,ok,3.9882204025785457,8.526623851423665e-12
Pb3Y,809,1.318700227235636,ok,3.990129428552735,3.0713609433519196e-10
Pb3Y,810,1.3291901552686736,ok,3.9891749155656404,3.697042672001771e-14
Pb3Y,811,1.4888995687284132,ok,3.981220640673184,5.472755582047739e-11
Pb3Y,812,1.1934895939338779,ok,3.9859932056086578,5.3512749786932545e-14
Pb3Y,813,1.3317096472829055,ok,3.989493086561339,1.0723910648380297e-09
Pb3Y,814,1.1474775913885171,tilt_failed,,
Pb3Y,815,1.2225593489689772,ok,3.999674558423683,8.881784197001252e-16
Pb3Y,816,1.197729369049827,ok,3.9920384545269245,8.479972279928916e-11
Pb3Y,817,1.1334106835406128,tilt_failed,,
Pb3Y,818,1.165560238853013,ok,3.9933111385097178,5.686251469683157e-11
Pb3Y,819,1.198483176689656,ok,4.006037978337648,1.0760525803732435e-10
Pb3Y,820,1.0501245364790412,tilt_failed,,
Pb3Y,821,1.0636832133118435,tilt_failed,,
Pb3Y,822,1.0747872770621276,tilt_failed,,
Pb3Y,823,1.151419329299825,ok,4.005719807341951,2.7755575615628914e-15
Hf2Zn,14,1.9239252842736108,ok,2.0006675431389676,5.679956505133532e-10
Hf2Zn,15,1.1274910127681486,tilt_failed,,
Hf2Zn,16,1.3560845507149728,ok,1.9825719156650154,1.1102230246251565e-16
Hf2Zn,17,1.9602118459046787,ok,1.9887799046524295,1.7008616737257398e-13
Hf2Zn,18,1.2270725297391634,ok,2.0027809010921294,6.661338147750939e-16
Hf2Zn,19,1.231716841418951,ok,1.9758355871893105,3.506550605436587e-11
Hf2Zn,20,1.617458444836998,ok,1.9967049969767885,4.618527782440651e-14
Hf2Zn,21,1.1014773083297704,tilt_failed,,
Hf2Zn,22,1.2230707005175832,ok,1.9974975062092244,2.3254895786806173e-09
Hf2Zn,23,1.5082805379061974,ok,2.0011958826272584,2.9745095275757194e-12
Hf2Zn,24,1.1107421871665006,ok,1.9978937608254421,1.8258727862985324e-11
Hf2Zn,25,1.6580338897417757,ok,1.9844211038740323,2.162714451969805e-13
Hf2Zn,26,1.4011250231692336,ok,1.9857419525947586,2.403455212629524e-11
Hf2Zn,27,1.1878485234326608,ok,1.984553188746105,4.0473846496524857e-10
Hf2Zn,28,1.2809142917378686,ok,2.0035734103245657,1.7763568394002505e-15
Hf2Zn,29,1.14417114939594,tilt_failed,,
Hf2Zn,30,1.279423498252087,ok,1.9952520633839894,3.369817758169802e-10
Hf2Zn,31,1.127390982145868,tilt_failed,,
Hf2Zn,32,1.7694527128929365,ok,1.980590642583926,3.552713678800501e-15
Hf2Zn,33,1.9449744748383688,ok,1.9864023769551218,1.4050982599655981e-12
Hf2Zn,34,1.3054588622848027,ok,1.9984221003137326,2.220446049250313e-16
Hf2Zn,35,1.14630375947696,ok,1.9780810300145455,4.32542890393961e-13
Hf2Zn,37,1.310178753577754,ok,1.9956483180002071,4.440892098500626e-16
Hf2Zn,38,1.7442216691830636,ok,1.9848173584902504,1.1324274851176597e-14
Hf2Zn,39,1.1638444276297335,ok,1.9803264728397805,3.9834802123550617e-13
Hf2Zn,40,1.4494239809659757,ok,1.9771564359100369,5.084552778811258e-10
Hf2Zn,41,1.8840287893421606,ok,2.051256049142789,2.4935609133081016e-13
Hf2Zn,42,1.351040894815895,ok,1.9848173584902504,3.1086244689504383e-15
Hf2Zn,43,1.4702120347057033,ok,1.9834965097695236,3.3958467149375338e-09
Hf2Zn,44,1.8297438469304954,ok,1.9865344618271945,2.327027459614328e-13
Hf2Zn,45,1.1493169231325773,tilt_failed,,
Hf2Zn,46,1.2860263584590699,ok,1.9767601812938191,4.1982217702241087e-10
Hf2Zn,47,1.2238275409651755,ok,1.9754393325730928,2.620657246765745e-09
Hf2Zn,48,1.2894190733474804,ok,1.9816473215605068,1.1013412404281553e-12
Hf2Zn,49,1.177109438002338,ok,1.9936670449191176,5.995204332975845e-13
Hf2Zn,50,1.2680247255034056,ok,1.974910993084802,4.933831121434196e-13
Hf2Zn,51,1.179141649423787,ok,1.977552690526255,1.3735679260662437e-12
Hf2Zn,52,1.3362714590165126,ok,1.9931387054308272,3.9168668308775523e-13
Hf2Zn,53,1.9706092067997634,ok,1.9727976351316396,4.903148997925655e-10
Hf2Zn,54,1.5184273841127947,ok,2.013479775730014,2.3819302086280913e-10
Hf2Zn,55,1.280423850703025,ok,1.9967049969767885,3.535194359471916e-11
Hf2Zn,56,1.502562458544429,ok,2.0256315839606964,2.1162160912524541e-10
Hf2Zn,57,1.2200550756937456,ok,1.9846852736181777,8.29558643999917e-12
Hf2Zn,58,1.2345136582655487,ok,1.9877232256758486,8.838729748106289e-11
Hf2Zn,59,1.0660111121143323,tilt_failed,,
Hf2Zn,60,1.3418071048269182,ok,1.9911574323497372,1.1102230246251565e-16
Hf2Zn,61,1.1896608565745292,ok,1.9959124877443526,2.964295475749168e-13
Hf2Zn,62,1.4185845019768744,ok,2.0041017498128566,5.551115123125783e-16
Hf2Zn,63,1.2985196416877565,ok,1.9893082441407204,1.0997203148122026e-10
Hf2Zn,64,1.115432932623103,tilt_failed,,
Hf2Zn,65,1.3555050736729355,ok,1.9948558087677712,4.440892098500626e-16
Hf2Zn,66,1.1061142576035432,tilt_failed,,
Hf2Zn,67,1.2536100867170448,ok,1.9883836500362118,1.0331931976637065e-09
Hf2Zn,68,1.3984362609311423,ok,1.9852136131064682,8.138534290935695e-10
Hf2Zn,69,1.187244556731469,ok,1.9978937608254421,3.728795050506051e-11
Hf2Zn,70,1.1889132929168749,ok,1.98230774592087,2.7669357915982573e-09
Hf2Zn,71,1.090596341240824,tilt_failed,,
Hf2Zn,72,1.4536873675875344,ok,2.001988391859694,1.1620060469397231e-10
Hf2Zn,73,1.1491232568634893,ok,1.981515236688434,4.000799691539214e-12
Hf2Zn,74,1.5519461116386573,ok,2.0091209749516166,1.887379141862766e-15
Hf2Zn,75,1.213740225956765,ok,1.984553188746105,4.849454171562684e-13
Hf2Zn,76,1.4834529496675941,ok,1.997233336465079,3.5473846082823e-12
Hf2Zn,77,2.029600064598912,ok,2.05178438863108,2.3257284986755167e-11
Hf2Zn,78,1.1109698597582736,tilt_failed,,
Hf2Zn,79,1.1378123861639873,tilt_failed,,
Hf2Zn,80,1.0891643986680541,tilt_failed,,
Hf2Zn,81,1.310076556917332,ok,1.9809868972001436,4.680156262537594e-10
Hf2Zn,82,1.1809358978696127,ok,1.9737222292361483,5.835387728581054e-11
Hf2Zn,83,1.272923944182704,ok,1.9849494433623227,9.9253938401489e-14
Hf2Zn,84,1.6929295604882841,ok,1.9825719156650154,4.074348858296162e-09
Hf2Zn,86,1.6552762156375826,ok,2.0305187242273846,3.1086244689504383e-15
Hf2Zn,87,1.5277331202443705,ok,2.001988391859694,2.257782849568457e-10
Hf2Zn,88,1.180031941817787,ok,1.9725334653874946,5.042144479716626e-11
Hf2Zn,89,1.4650364878146038,ok,1.983760679513669,1.8660317735452736e-10
Hf2Zn,90,1.8204379516510834,ok,2.01480062445074,6.439293542825908e-15
Hf2Zn,91,1.1367427913444363,ok,1.9858740374668313,1.8771650900362147e-12
Hf2Zn,92,1.4580521646341924,ok,1.9803264728397805,1.426245788138658e-10
Hf2Zn,93,1.4025405990429631,ok,1.9908932626055922,4.221067939624845e-13
Hf2Zn,94,1.1734459764579346,ok,1.97530724770102,4.605205106145149e-13
Hf2Zn,95,1.1885887029728321,ok,1.9787414543749087,2.3351331979171164e-10
Hf2Zn,96,1.183748064018879,ok,1.9887799046524295,2.6251933959997586e-10
Hf2Zn,97,1.6691354279943689,ok,1.970155937690187,9.214851104388799e-14
Hf2Zn,98,1.5274073571594127,ok,1.9829681702812332,1.5918135698456126e-09
Hf2Zn,99,1.349041702506478,ok,1.9874590559317031,8.024247932780781e-12
Hf2Zn,100,1.2686733725284693,ok,1.9745147384685842,1.2299050666797484e-12
Hf2Zn,101,1.1952692111054526,ok,1.9902328382452286,1.6576424677339219e-09
Hf2Zn,102,1.6428132221391716,ok,1.978345199758691,2.8025921583463287e-09
Hf2Zn,103,1.4789924766230378,ok,2.0155931336831756,8.881784197001252e-16
Hf2Zn,104,1.604887959148538,ok,1.9813831518163614,7.791567391279841e-11
Hf2Zn,105,1.257899489985736,ok,1.983760679513669,1.6686652060116103e-13
Hf2Zn,106,1.5614412208311628,ok,1.9825719156650154,1.1102230246251565e-16
Hf2Zn,107,1.081495084123776,tilt_failed,,
Hf2Zn,108,1.3437669946107347,ok,1.9988183549299507,1.021405182655144e-14
Hf2Zn,109,1.3583402835227179,ok,2.0058188531498002,1.4662715486224442e-12
Hf2Zn,110,1.575061788917229,ok,1.9770243510379641,9.92672610777845e-12
Hf2Zn,111,1.436442909832728,ok,1.9856098677226859,9.5316177173288e-10
Hf2Zn,112,1.1518957122218951,ok,1.9861382072109768,2.7977620220553945e-14
Hf2Zn,113,1.5055184596021824,ok,1.9778168602704,2.343081062505803e-09
Hf2Zn,114,1.0987198766030724,tilt_failed,,
Hf2Zn,115,1.5235038680298332,ok,1.9852136131064682,4.1038017428718376e-10
Hf2Zn,116,1.333078688177768,ok,1.98230774592087,7.882583474838611e-14
Hf2Zn,117,1.2540089392677942,ok,1.981515236688434,1.2974732399584354e-11
Hf2Zn,118,1.143882983505564,ok,1.9796660484794173,7.2444272802840715e-12
Hf2Zn,119,1.3704393263599985,ok,1.984553188746105,1.988180065026768e-09
Hf2Zn,120,1.144395344691357,ok,1.9757035023172378,2.5490720645393594e-13
Hf2Zn,121,1.1807788573901603,ok,1.978609369502836,3.100941725620032e-11
Hf2Zn,122,1.2887006971178392,ok,2.002384646475912,4.440892098500626e-16
Hf2Zn,123,1.189762463715359,ok,1.9759676720613832,4.218847493575595e-15
Hf2Zn,124,1.610495299143263,ok,1.9940632995353353,4.440892098500626e-16
Hf2Zn,125,1.411138629723674,ok,1.9762318418055287,5.7407412157317594e-11
Hf2Zn,126,1.3527309829010998,ok,1.9899686685010836,9.57012247226885e-14
Hf2Zn,127,1.4372470134748843,ok,1.9768922661658919,2.5437409956197143e-09
Hf2Zn,128,1.2414276531930049,ok,1.9849494433623227,6.661338147750939e-16
Hf2Zn,129,1.224222092828324,ok,1.9804585577118532,1.6286767490214515e-09
Hf2Zn,130,1.3959931932380203,ok,1.9788735392469814,6.217248937900877e-15
Hf2Zn,131,1.1674348404826378,ok,1.9788735392469814,5.551115123125783e-15
Hf2Zn,132,1.230716631784396,ok,1.9799302182235623,4.030109579389318e-14
Hf2Zn,133,1.9153698614104122,ok,1.970155937690187,2.991429326471007e-11
Hf2Zn,134,1.2107274137413238,ok,1.983364424897451,3.645972412869014e-13
Hf2Zn,135,1.266400074302206,ok,1.9842890190019595,2.6679769504767137e-12
Hf2Zn,136,2.0072148055446664,ok,1.9866665466992672,1.1195044891110228e-11
Hf2Zn,137,1.2307455302633798,ok,1.9832323400253786,3.1086244689504383e-15
Hf2Zn,138,1.4948158524550723,ok,1.9731938897478578,1.5987211554602254e-14
Hf2Zn,139,1.4394343085446633,ok,2.0035734103245657,2.6645352591003757e-15
Hf2Zn,140,1.208104391913723,ok,1.983364424897451,3.672617765460018e-13
Hf2Zn,141,1.2125461951624,ok,1.9998750339065317,3.1086244689504383e-15
Hf2Zn,142,1.3621005063639018,ok,1.983100255153306,7.549516567451064e-15
Hf2Zn,143,1.304415160359255,ok,1.9848173584902504,8.435185883115537e-11
Hf2Zn,144,1.139162767366352,tilt_failed,,
Hf2Zn,145,1.1809791869368715,ok,1.970552192306405,6.809264263551995e-11
Hf2Zn,146,1.1077392885831656,tilt_failed,,
Hf2Zn,147,1.5212991981750854,ok,1.9709484469226228,1.7677548314054548e-10
Hf2Zn,148,1.4085606637291095,ok,1.9710805317946956,2.844391389089651e-12
Hf2Zn,149,1.1147076984090543,tilt_failed,,
Hf2Zn,150,1.465561536960908,ok,1.9747789082127296,1.5264012276361427e-10
Hf2Zn,151,1.7782887116253359,ok,1.9727976351316396,2.7710167493921745e-11
Hf2Zn,152,1.2889213397543617,ok,1.9799302182235623,4.388045482528469e-12
Hf2Zn,153,1.43422242156877,ok,1.980062303095635,7.771561172376096e-16
Hf2Zn,154,1.2790711157260268,ok,1.9930066205587544,3.4707259288779824e-10
Hf2Zn,155,1.1949958360842703,ok,1.9930066205587544,8.52342307844367e-10
Hf2Zn,156,1.392559330649519,ok,1.9758355871893105,1.4432899320127035e-15
Hf2Zn,157,2.0146862980231384,tilt_failed,,
Hf2Zn,158,1.2291977529804377,ok,1.9926103659425363,1.7763568394002505e-15
Hf2Zn,159,1.4098975511180125,ok,1.9887799046524295,2.220446049250313e-16
Hf2Zn,160,1.3466578054063896,ok,1.9771564359100369,2.220446049250313e-16
Hf2Zn,161,1.4437610677371713,ok,1.9940632995353353,7.547296121401814e-13
Hf2Zn,162,1.3847319099428506,ok,1.9796660484794173,9.103828801926284e-15
Hf2Zn,163,1.3262402355053773,ok,1.987062801315485,4.440892098500626e-16
Hf2Zn,164,1.1306879890665757,tilt_failed,,
Hf2Zn,165,1.5011901098702691,ok,1.980854812328071,4.6629367034256575e-15
Hf2Zn,166,1.163640736073686,ok,1.9790056241190541,7.682743330406083e-13
Hf2Zn,167,1.437761502755005,ok,2.0015921372434757,3.107070156715963e-12
Hf2Zn,168,1.1696486834562227,ok,1.9720051258992042,8.29425417236962e-12
Hf2Zn,169,1.0749564463438346,tilt_failed,,
Hf2Zn,170,1.3618032272215541,ok,2.0046300893011466,6.661338147750939e-16
Hf2Zn,171,1.1735767108156834,ok,1.9937991297911903,2.1094237467877974e-15
Hf2Zn,172,1.2153105527004915,ok,2.002384646475912,2.7322166751275745e-10
Hf2Zn,173,1.1474876084722654,ok,1.9767601812938191,2.6645352591003757e-15
Hf2Zn,174,1.4111318283749357,ok,1.9819114913046523,2.4544124510583742e-09
Hf2Zn,175,1.0688908404978614,tilt_failed,,
Hf2Zn,176,1.3773264423154874,ok,1.989044074396575,1.5765166949677223e-14
Hf2Zn,177,1.08263932881456,tilt_failed,,
Hf2Zn,178,1.1739198743217025,ok,1.9780810300145455,2.4868995751603507e-14
Hf2Zn,179,1.0942454571100102,tilt_failed,,
Hf2Zn,180,1.1890158521657805,ok,1.9794018787352718,5.381051160213701e-10
Hf2Zn,181,1.3029027784610538,ok,1.9791377089911264,2.7349233988616106e-12
Hf2Zn,182,1.2152116774250383,ok,1.978345199758691,2.148014877079163e-09
Hf2Zn,183,1.1362457556679368,tilt_failed,,
Hf2Zn,184,1.130157039069779,ok,1.9939312146632626,7.933195211862198e-10
Hf2Zn,185,1.3619305641256603,ok,1.9866665466992672,8.468692413998724e-11
Hf2Zn,186,1.7866098777593447,ok,1.97081636205055,5.186198137607789e-10
Hf2Zn,187,1.2106070966716413,ok,1.9893082441407204,4.440892098500626e-15
Hf2Zn,188,1.1702211910012936,ok,1.9746468233406569,6.062461643807637e-11
Hf2Zn,189,1.3859855782588169,ok,1.9931387054308272,8.030998088770502e-11
Hf2Zn,190,1.3071560126575426,ok,1.9850815282343954,9.248066756839535e-10
Hf2Zn,191,1.2391387765366944,ok,1.980854812328071,1.1987077996877815e-12
Hf2Zn,192,1.1338062824699524,tilt_failed,,
Hf2Zn,193,1.3229109531003695,ok,1.988251565164139,7.559086689923333e-10
Hf2Zn,194,1.2566149825846944,ok,1.9992146095461685,1.7541523789077473e-14
Hf2Zn,195,1.1592174401246003,ok,1.9734580594920033,8.302801446369301e-09
Hf2Zn,196,1.22891909207467,ok,1.9871948861875577,1.4813794635415434e-10
Hf2Zn,197,1.1520028579943609,ok,1.9825719156650154,8.33292534974106e-09
Hf2Zn,198,1.1968238241844789,ok,1.9706842771784774,3.682346427780203e-09
Hf2Zn,199,1.1699724372925584,ok,1.9853456979785409,5.551115123125783e-16
Hf2Zn,200,1.1758533730359604,ok,1.9854777828506132,1.4210854715202004e-14
Hf2Zn,201,1.3429071669566661,ok,1.987062801315485,4.440892098500626e-16
Hf2Zn,202,1.3737057563015538,ok,1.9928745356866817,7.95876697878839e-11
Hf2Zn,203,1.1711131798216483,ok,1.9739863989802937,4.169509182361253e-11
Hf2Zn,205,1.1570428018565817,ok,1.973061804875785,1.1363847640666336e-09
Hf2Zn,206,1.213185281735262,ok,1.9985541851858053,2.1316282072803006e-14
Hf2Zn,207,1.454830958553857,ok,1.9731938897478578,7.771561172376096e-16
Hf2Zn,208,1.1445793727955857,tilt_failed,,
Hf2Zn,209,1.3594724772282145,ok,1.9887799046524295,3.2307490016592055e-11
Hf2Zn,210,1.3993969673684326,ok,1.9812510669442887,1.7763568394002505e-15
Hf2Zn,211,1.3193362365046746,ok,1.9878553105479209,1.474598221307133e-12
Hf2Zn,212,1.0923587376044432,tilt_failed,,
Hf2Zn,213,1.5349021026957292,ok,1.992478281070464,2.9753977059954195e-14
Hf2Zn,214,1.6340348762511054,ok,1.9895724138848654,1.936228954946273e-13
Hf2Zn,215,1.3310843958225347,ok,1.9878553105479209,3.204148057989187e-11
Hf2Zn,216,1.3707452381475895,ok,1.9754393325730928,3.1086244689504383e-15
Hf2Zn,217,1.166656266846943,ok,1.9945916390236262,4.576063972194788e-10
Hf2Zn,219,1.1421813151806643,tilt_failed,,
Hf2Zn,220,1.2892005959333244,ok,1.9817794064325795,1.0554002116691663e-11
Hf2Zn,221,1.1354651202569948,tilt_failed,,
Hf2Zn,222,1.6637425118184814,ok,1.9878553105479209,3.6952174653492875e-10
Hf2Zn,223,1.0834378978178483,tilt_failed,,
Hf2Zn,224,1.639569113494013,ok,1.9650046276793542,2.9751756613904945e-12
Hf2Zn,225,1.192358197028064,ok,1.9910253474776645,1.6241827882623738e-09
Hf2Zn,226,1.2700329486781816,ok,1.9827040005370882,2.1566592955934993e-10
Hf2Zn,227,1.2446412551586832,ok,1.9961766574884976,6.41409703128204e-10
Hf2Zn,228,1.2234945806695061,ok,1.9792697938631991,8.797723771714061e-09
Hf2Zn,229,1.3120751034636033,ok,1.9873269710596304,6.598610546859618e-11
Hf2Zn,230,1.297968233710469,ok,1.9787414543749087,2.0429213876127506e-12
Hf2Zn,231,1.4521294238640576,ok,1.9836285946415964,1.194275789373478e-10
Hf2Zn,232,1.3388972283626686,ok,1.9817794064325795,4.440892098500626e-16
Hf2Zn,233,1.2294966337985014,ok,1.9840248492578145,1.6673968872282785e-09
Hf2Zn,234,1.3367577334805303,ok,1.986006122338904,1.4410694859634532e-13
Hf2Zn,235,1.3456178525399523,ok,1.9834965097695236,1.884811418051413e-09
Hf2Zn,236,1.5347393946965364,ok,1.9809868972001436,4.440892098500626e-16
Hf2Zn,237,1.372552847769868,ok,2.0022525616038394,4.1558001484531815e-10
Hf2Zn,238,1.2078153338483466,ok,1.993534960047045,8.848477506262498e-13
Hf2Zn,239,1.136799695865502,ok,1.9784772846307637,2.3327174636378345e-09
Hf2Zn,240,1.2336936226850275,ok,1.9844211038740323,1.7092942616869777e-09
Hf2Zn,241,1.3908392611094291,ok,1.9971012515930062,2.155609024612204e-11
Hf2Zn,242,1.1380664305711543,tilt_failed,,
Hf2Zn,243,1.4565967152004817,ok,1.9895724138848654,3.836930773104541e-13
Hf2Zn,244,1.548177238737785,ok,1.9865344618271945,2.1152013474079467e-10
Hf2Zn,245,1.0806266280165349,tilt_failed,,
Hf2Zn,246,1.680666722983827,ok,1.9821756610487973,1.7763568394002505e-15
Hf2Zn,247,1.6023410315738542,ok,1.996440827232643,2.0827783941967937e-13
Hf2Zn,248,1.280188717801789,ok,1.977552690526255,3.3306690738754696e-15
Hf2Zn,249,1.1619572733578234,ok,1.9742505687244392,2.938527199347618e-11
Hf2Zn,250,1.6241687379889747,ok,1.9804585577118532,7.69762031893606e-12
Hf2Zn,251,1.407138046146224,ok,1.978609369502836,5.10702591327572e-15
Hf2Zn,252,1.1634444275069369,ok,1.9829681702812332,3.4772185131259903e-13
Hf2Zn,253,1.145372048940466,ok,1.9943274692794808,2.3522517267338117e-11
Hf2Zn,254,1.2480675339326317,ok,1.97979813335149,4.440892098500626e-16
Hf2Zn,255,1.3171597627074,ok,1.9850815282343954,4.440892098500626e-16
Hf2Zn,256,1.3561775969891958,ok,2.009913484184053,5.551115123125783e-16
Hf2Zn,257,1.2394352500850188,ok,1.9774206056541823,5.662137425588298e-15
Hf2Zn,258,1.637894953676489,ok,1.9767601812938191,6.727951529228449e-14
Hf2Zn,259,1.5415246566853025,ok,1.9951199785119167,4.479527859757582e-12
Hf2Zn,260,1.1629476523510323,ok,1.9747789082127296,5.129230373768223e-13
Hf2Zn,261,1.0955162848962736,tilt_failed,,
Hf2Zn,262,1.0975952055705966,tilt_failed,,
Hf2Zn,263,1.4034793707473983,ok,1.9965729121047158,2.69045385969946e-09
Hf2Zn,264,1.1781617188091416,ok,1.9726655502595674,2.8991475886641638e-11
Hf2Zn,265,1.390207366972563,ok,1.9792697938631991,2.842170943040401e-14
Hf2Zn,266,1.1866622396078235,ok,1.991949941582173,6.154787790535465e-11
Hf2Zn,267,1.1944758847773556,ok,1.983100255153306,1.7075116875986396e-09
Hf2Zn,268,1.2652190542882067,ok,1.9848173584902504,4.440892098500626e-16
Hf2Zn,269,1.4254635342071718,ok,1.9932707903028999,8.881784197001252e-16
Hf2Zn,270,1.343134553718497,ok,1.9803264728397805,2.355227124439807e-12
Hf2Zn,271,1.3767236353889774,ok,1.9899686685010836,2.477941851708465e-09
Hf2Zn,272,1.1123357058084111,ok,1.9939312146632626,5.559552818112934e-12
Hf2Zn,273,1.4168121091716548,ok,1.98230774592087,9.695000358078687e-11
Hf2Zn,274,1.5026162195969461,ok,1.9869307164434127,1.6434409388921267e-11
Hf2Zn,275,1.2285917591153785,ok,1.9712126166667683,1.0745915268728368e-10
Hf2Zn,276,1.2002689769020587,ok,1.974910993084802,1.9229062786507711e-13
Hf2Zn,277,1.302667296554906,ok,1.9952520633839894,1.0045297926808416e-12
Hf2Zn,278,1.4852332540144135,ok,2.0021204767317666,7.464919793420677e-10
Hf2Zn,279,1.3858827829562197,ok,1.9840248492578145,1.4048340268857373e-10
Hf2Zn,280,1.2044967441274137,ok,1.9832323400253786,3.0462512512485773e-09
Hf2Zn,281,1.238996724981717,ok,1.9885157349082845,2.329580972570966e-12
Hf2Zn,282,1.2101433517951088,ok,1.9772885207821096,3.7214675785435247e-13
Hf2Zn,283,1.160886390548463,ok,1.9992146095461685,1.5678347509151536e-11
Hf2Zn,284,1.0712993897941343,tilt_failed,,
Hf2Zn,286,1.147957650854384,ok,1.988251565164139,1.2501111257279263e-13
Hf2Zn,287,1.3506629482712298,ok,1.9819114913046523,1.6092949195467554e-10
Hf2Zn,288,1.3733169691241391,ok,1.9858740374668313,2.0161650127192843e-13
Hf2Zn,289,1.1352000177616108,tilt_failed,,
Hf2Zn,291,1.3762486528236826,ok,1.9911574323497372,1.6902181876332634e-09
Hf2Zn,292,1.1922451821724587,ok,1.980854812328071,6.835688681761098e-10
Hf2Zn,293,1.1904444218079908,ok,1.9811189820722164,9.454659277707833e-13
Hf2Zn,294,1.149568554521543,ok,1.9680425797370247,5.235811784132238e-13
Hf2Zn,295,1.0830228085601892,tilt_failed,,
Hf2Zn,296,1.6428727676551007,ok,2.034877525005782,2.7927660184445813e-12
Hf2Zn,297,1.3153787662995995,ok,1.9873269710596304,9.840883663514433e-11
Hf2Zn,298,1.546156860171355,ok,1.9920820264542458,2.2737367544323206e-13
Hf2Zn,299,1.1303484304213467,tilt_failed,,
Hf2Zn,300,1.1358105762881288,tilt_failed,,
Hf2Zn,301,1.1203710110134675,ok,1.9960445726164249,2.1076029810274122e-11
Hf2Zn,302,1.1659907139018306,ok,1.9766280964217464,1.2012613126444194e-13
Hf2Zn,303,1.2387421296396957,ok,1.9710805317946956,1.8918200339612667e-13
Hf2Zn,304,1.2173154420689452,ok,2.0092530598236893,8.43769498715119e-15
Hf2Zn,305,1.1558965557084193,ok,1.9675142402487342,1.5411072418203275e-09
Hf2Zn,306,1.8258196744662636,ok,1.9819114913046523,4.44624115303327e-10
Hf2Zn,307,1.1436358108272733,ok,1.9825719156650154,1.880046118785117e-10
Hf2Zn,308,1.1480605101444028,ok,1.9834965097695236,9.325873406851315e-15
Hf2Zn,309,1.1982749686549095,ok,2.005950938021873,4.440892098500626e-16
Hf2Zn,310,1.6516077338534148,ok,1.9803264728397805,5.551115123125783e-15
Hf2Zn,311,1.3152829920740927,ok,1.9817794064325795,6.659428564148584e-11
Hf2Zn,312,1.1979141060348635,ok,1.9762318418055287,6.439293542825908e-14
Hf2Zn,313,1.172221976858001,ok,1.9784772846307637,2.297041667986832e-09
Hf2Zn,314,1.0918696604343066,tilt_failed,,
Hf2Zn,315,1.1608814571758115,ok,1.9774206056541823,3.712641305497755e-11
Hf2Zn,316,1.3487329521883222,ok,1.9922141113263185,4.440892098500626e-16
Hf2Zn,317,1.4330893558471474,ok,1.9784772846307637,4.440892098500626e-16
Hf2Zn,318,1.5619313928759844,ok,1.98230774592087,1.308706032432383e-09
Hf2Zn,319,1.2982022868066938,ok,1.9759676720613832,1.7763568394002505e-15
Hf2Zn,320,1.166710430208393,ok,1.9725334653874946,7.194245199571014e-14
Hf2Zn,321,1.21604499153276,ok,1.9873269710596304,1.1177725411926076e-12
Hf2Zn,322,1.2660816659977676,ok,1.9965729121047158,4.440892098500626e-16
Hf2Zn,323,1.20467944867305,ok,1.980062303095635,1.7763568394002505e-14
Hf2Zn,324,1.1284486720638658,tilt_failed,,
Hf2Zn,325,1.1507006662044919,ok,1.9727976351316396,1.15230047725845e-12
Hf2Zn,326,1.2148807908770896,ok,1.9886478197803568,6.574651933988207e-11
Hf2Zn,327,1.1862481748963218,ok,1.9741184838523664,6.994405055138486e-15
Hf2Zn,328,1.4049626379081834,ok,1.9712126166667683,1.0440937003863837e-10
Hf2Zn,329,1.2341072324353346,ok,2.0022525616038394,3.4806602045023283e-12
Hf2Zn,330,1.1535173273721693,ok,1.9776847753983278,1.2431498941367636e-08
Hf2Zn,331,1.1367278057719827,tilt_failed,,
Hf2Zn,332,1.076155895798754,tilt_failed,,
Hf2Zn,333,1.189435567980418,ok,1.978345199758691,1.4654943925052066e-14
Hf2Zn,334,1.1108768669256595,tilt_failed,,
Hf2Zn,335,1.3687987337976693,ok,1.9685709192253151,1.9939605522267811e-13
Hf2Zn,336,1.2672968510267717,ok,1.9993466944182412,1.9984014443252818e-15
Hf2Zn,337,1.2260974915502865,ok,1.9700238528181147,7.633413900975938e-10
Hf2Zn,338,1.1506847238368165,ok,1.9751751628289473,8.22675261247241e-14
Hf2Zn,339,1.1087154827616823,tilt_failed,,
Hf2Zn,340,1.1215601641597521,tilt_failed,,
Hf2Zn,342,1.1794689713014943,ok,1.9796660484794173,4.214406601477094e-12
Hf2Zn,343,1.2773082776931366,ok,2.0026488162200566,3.341771304121721e-13
Hf2Zn,344,1.0860828738982202,tilt_failed,,
Hf2Zn,345,1.1228328194471267,tilt_failed,,
Hf2Zn,346,1.1417771517915833,tilt_failed,,
Hf2Zn,347,1.0699845842885711,tilt_failed,,
Hf2Zn,348,1.058250336694259,tilt_failed,,
Hf2Zn,349,1.1911417433598366,ok,2.001327967499331,5.923468382462715e-10
Hf2Zn,350,1.1126864450648384,tilt_failed,,
Hf2Zn,351,1.2296345688578563,ok,1.9778168602704,1.5790702079243601e-12
Hf2Zn,352,1.2833141131667836,ok,2.0132156059858684,4.3298697960381105e-15
Hf2Zn,353,1.1213262395890362,ok,2.001327967499331,1.0896306079644091e-10
Hf2Zn,354,1.265572794823797,ok,1.9790056241190541,4.421960575484718e-10
Hf2Zn,355,1.2629755899473643,ok,1.9869307164434127,4.440892098500626e-16
Hf2Zn,356,1.2253059371390322,ok,2.0062151077660184,3.3517633113433476e-13
Hf2Zn,357,1.62683960160354,ok,1.9784772846307637,3.2862601528904634e-14
Hf2Zn,358,1.2735506324126102,ok,1.991685771838028,1.407861827118495e-09
Hf2Zn,359,1.1617670934855173,ok,1.9739863989802937,1.4993450925260277e-11
Hf2Zn,360,1.4385159754291021,ok,1.9945916390236262,6.115565831521508e-10
Hf2Zn,361,1.126003105324922,tilt_failed,,
Hf2Zn,362,1.2041685366719816,ok,1.9857419525947586,1.1428591406570376e-10
Hf2Zn,363,1.341297163318002,ok,2.002516731347985,1.1959322421262186e-12
Hf2Zn,364,1.1151571200865276,tilt_failed,,
Hf2Zn,365,1.282355370779571,ok,1.978609369502836,2.971320522959786e-09
Hf2Zn,366,1.0990796052451637,tilt_failed,,
Hf2Zn,367,1.2983283167696047,ok,1.9869307164434127,1.8777936983127574e-09
Hf2Zn,368,1.1527496212107444,ok,1.9784772846307637,2.6075266390535035e-09
Hf2Zn,369,1.1350161946535426,tilt_failed,,
Hf2Zn,370,1.6170668568800564,ok,1.9742505687244392,1.1757705919990258e-11
Hf2Zn,371,1.3892441979490942,ok,2.008328465719181,1.9184653865522705e-13
Hf2Zn,372,1.1976943296553733,ok,1.9694955133298238,7.194245199571014e-14
Hf2Zn,373,1.1401772786987514,ok,1.9951199785119167,1.6142642778049776e-13
Hf2Zn,374,1.060784695715523,tilt_failed,,
Hf2Zn,375,3.0581518403717918,ok,2.0688233371284506,8.881784197001252e-16
Hf2Zn,376,1.4309905800329736,ok,1.9907611777335195,9.85324266622456e-10
Hf2Zn,377,1.1250873382301165,tilt_failed,,
Hf2Zn,378,1.2752228066140243,ok,1.98230774592087,3.210876009518415e-11
Hf2Zn,379,1.062726014870776,tilt_failed,,
Hf2Zn,380,1.6884703933567151,ok,1.98230774592087,2.343747418365183e-11
Hf2Zn,381,2.194805806759194,ok,2.034349185517491,1.7319479184152442e-14
Hf2Zn,382,1.335952112571216,ok,1.9889119895245022,1.3520797814692287e-09
Hf2Zn,383,1.2506175753824262,ok,1.9907611777335195,3.774758283725532e-15
Hf2Zn,384,1.2076858355504752,ok,1.9794018787352718,3.418687555267752e-11
Hf2Zn,385,1.2493459645091587,ok,1.9926103659425363,1.9180657062634054e-11
Hf2Zn,386,1.1589997043852054,ok,1.9813831518163614,2.455502468023951e-10
Hf2Zn,387,1.244557352503501,ok,2.002516731347985,5.453193452353844e-11
Hf2Zn,388,1.443703752679078,ok,1.9754393325730928,1.5399959085726778e-09
Hf2Zn,389,1.280235817579214,ok,1.9824398307929427,7.351933617449902e-09
Hf2Zn,390,1.4346304650873953,ok,2.00978139931198,1.3322676295501878e-15
Hf2Zn,391,1.4507604650236898,ok,2.0142722849624493,4.125810804112007e-12
Hf2Zn,392,1.2524885068141338,ok,1.973061804875785,1.3322676295501878e-15
Hf2Zn,393,1.2425825175964484,ok,1.9838927643857418,6.994405055138486e-15
Hf2Zn,394,1.1501490379880381,ok,1.9774206056541823,2.615685446016869e-13
Hf2Zn,395,1.1849833024421326,ok,1.9774206056541823,3.5078162596846596e-11
Hf2Zn,396,1.0772152675790791,tilt_failed,,
Hf2Zn,397,1.2087061825225405,ok,1.9829681702812332,4.9644719446462204e-09
Hf2Zn,398,1.1462464293265513,ok,2.0055546834056557,5.995204332975845e-15
Hf2Zn,399,1.3382816579563726,ok,1.9895724138848654,4.440892098500626e-16
Hf2Zn,400,1.251848147275931,ok,1.9787414543749087,8.881784197001252e-16
Hf2Zn,401,1.1570990566039872,ok,1.9772885207821096,1.175210151416195e-09
Hf2Zn,402,1.1421309306183856,ok,1.9844211038740323,1.8252066524837574e-13
Hf2Zn,403,1.4433773730875004,ok,1.9850815282343954,6.721023737554788e-11
Hf2Zn,404,1.0354218994671103,tilt_failed,,
Hf2Zn,405,1.0861188873526317,tilt_failed,,
Hf2Zn,406,1.3852308132637576,ok,1.9794018787352718,6.661338147750939e-16
Hf2Zn,407,1.2139245009429938,ok,1.9922141113263185,3.284039706841213e-13
Hf2Zn,408,1.0722434142159927,tilt_failed,,
Hf2Zn,409,1.225654413129631,ok,1.9804585577118532,6.846621491973792e-09
Hf2Zn,410,1.2967234231405809,ok,2.010441823672343,1.1546319456101628e-12
Hf2Zn,411,1.629279840195662,ok,1.9878553105479209,5.629718913269244e-12
Hf2Zn,412,1.2810387463453972,ok,1.9829681702812332,4.3016701312126315e-12
Hf2Zn,413,1.2265862456647345,ok,1.974910993084802,8.771867676671263e-09
Hf2Zn,414,1.2210204093548858,ok,2.0161214731714665,1.4317436125566019e-12
Hf2Zn,415,1.5184719871753591,ok,1.9766280964217464,1.0436096431476471e-14
Hf2Zn,416,1.2722859334916767,ok,1.978609369502836,1.552757922240744e-12
Hf2Zn,417,1.2274538988264538,ok,1.9762318418055287,6.338707336794869e-12
Hf2Zn,418,1.3000115511531272,ok,1.99128951722181,2.6867397195928788e-14
Hf2Zn,419,1.230501234521634,ok,2.001460052371404,5.81756864903582e-14
Hf2Zn,420,1.1476294123051554,ok,1.9894403290127927,1.4299672557172016e-13
Hf2Zn,421,1.355494102632078,ok,1.9940632995353353,3.2240876635114546e-12
Hf2Zn,422,1.1348860006354347,tilt_failed,,
Hf2Zn,423,1.4870029114220686,ok,1.9807227274559982,7.558642600713483e-11
Hf2Zn,424,1.259555766456639,ok,1.9751751628289473,6.483702463810914e-14
Hf2Zn,425,1.1382302712731849,tilt_failed,,
Hf2Zn,426,1.2079215767347853,ok,1.9739863989802937,3.134070780674847e-11
Hf2Zn,427,1.1228121522925916,tilt_failed,,
Hf2Zn,428,1.091789680613647,tilt_failed,,
Hf2Zn,429,1.464779374919387,ok,1.9918178567101004,8.126832540256146e-14
Hf2Zn,430,1.2473595095250318,ok,1.9779489451424728,6.078471059822732e-13
Hf2Zn,431,1.1313028508273888,ok,1.9747789082127296,1.276463379440429e-10
Hf2Zn,432,1.5646356321412305,ok,1.9947237238956985,2.4342350357642317e-10
Hf2Zn,433,1.364212406378156,ok,1.9866665466992672,3.4581226771024376e-12
Hf2Zn,434,1.0792536448618566,tilt_failed,,
Hf2Zn,435,1.7627691213210244,ok,2.001460052371404,1.7763568394002505e-15
Hf2Zn,436,1.282370572736658,ok,1.9782131148866182,1.9539925233402755e-14
Hf2Zn,437,1.1825567466401468,ok,1.9771564359100369,9.142664403327672e-11
Hf2Zn,438,1.079207962602121,tilt_failed,,
Hf2Zn,439,1.2426391522277007,ok,1.9726655502595674,2.55351295663786e-15
Hf2Zn,440,1.088967398875207,tilt_failed,,
Hf2Zn,441,1.141053082360812,tilt_failed,,
Hf2Zn,442,1.115629503130851,tilt_failed,,
Hf2Zn,443,1.5270861343720454,ok,1.959192893308158,1.2878587085651816e-14
Hf2Zn,444,1.1603186907265326,ok,1.9807227274559982,1.3738343795921537e-10
Hf2Zn,445,1.0731749302895968,tilt_failed,,
Hf2Zn,446,1.19538450607341,ok,1.9718730410271315,5.551115123125783e-15
Hf2Zn,447,1.334275663041531,ok,2.0027809010921294,2.3916979507987435e-10
Hf2Zn,448,1.2120314513289339,ok,1.9725334653874946,4.942712905631197e-11
Hf2Zn,449,1.384121343184289,ok,1.9952520633839894,4.971578704271451e-13
Hf2Zn,450,1.2299074987706504,ok,1.973854314108221,4.440892098500626e-16
Hf2Zn,451,1.11669371530544,tilt_failed,,
Hf2Zn,452,1.205638357790363,ok,1.9794018787352718,2.143209276717073e-09
Hf2Zn,453,1.1321974221347502,tilt_failed,,
Hf2Zn,454,1.359268164606965,ok,1.9770243510379641,1.3322676295501878e-15
Hf2Zn,455,1.1165295419048638,tilt_failed,,
Hf2Zn,456,1.055208231200321,tilt_failed,,
Hf2Zn,457,1.0850011837940292,tilt_failed,,
Hf2Zn,458,1.1525242334089403,tilt_failed,,
Hf2Zn,459,1.0470985878998593,tilt_failed,,
Hf2Zn,460,1.2308036101152342,ok,1.9825719156650154,1.0708447462093318e-09
Hf2Zn,461,1.5920860236703889,ok,2.0058188531498002,7.083222897108499e-14
Hf2Zn,462,1.3854258155490178,ok,1.9923461961983913,4.221067939624845e-13
Hf2Zn,463,1.0849593328569764,tilt_failed,,
Hf2Zn,464,1.0700449619782797,tilt_failed,,
Hf2Zn,465,1.0275174753837455,tilt_failed,,
Hf2Zn,466,1.1346531946558909,tilt_failed,,
Hf2Zn,468,1.1318368862184758,tilt_failed,,
Hf2Zn,469,1.2095694293509318,ok,1.9887799046524295,7.105427357601002e-15
Hf2Zn,470,1.5779870702348844,ok,1.9652687974234992,5.10702591327572e-14
Hf2Zn,471,1.0261788586800569,tilt_failed,,
Hf2Zn,472,1.1561157514912712,ok,1.9772885207821096,7.47806261358619e-11
Hf2Zn,473,1.6059346508109438,ok,2.0041017498128566,5.2025050933934835e-12
Hf2Zn,474,1.466418119016077,ok,1.9772885207821096,1.646132119503818e-10
Hf2Zn,475,1.2483124062073767,ok,1.991685771838028,1.9984014443252818e-15
Hf2Zn,476,1.1323394191215936,tilt_failed,,
Hf2Zn,477,1.1157744171183464,tilt_failed,,
Hf2Zn,478,1.0963608390268098,tilt_failed,,
Hf2Zn,479,1.1736471207353616,ok,1.9750430779568746,1.3145040611561853e-13
Hf2Zn,480,1.1117976181579046,ok,1.9910253474776645,8.406373375180465e-10
Hf2Zn,481,1.3531850996477426,ok,1.9762318418055287,4.440892098500626e-16
Hf2Zn,482,1.2741120260892569,ok,1.9968370818488608,2.9949376312288223e-12
Hf2Zn,483,1.038157275269428,tilt_failed,,
Hf2Zn,484,1.3049020289038429,ok,1.9891761592686477,5.972999872483342e-14
Hf2Zn,485,1.5024110348762156,ok,1.9911574323497372,9.325873406851315e-15
Hf2Zn,486,1.0681606550782332,tilt_failed,,
Hf2Zn,487,1.1638296211943198,ok,1.9791377089911264,1.3011813848606835e-13
Hf2Zn,488,1.2335539301771752,ok,1.9675142402487342,5.489919630008444e-11
Hf2Zn,489,1.0972661620780213,tilt_failed,,
Hf2Zn,491,1.2202170726462003,ok,1.9899686685010836,8.79296635503124e-14
Hf2Zn,492,1.1300116197049772,tilt_failed,,
Hf2Zn,493,1.0480165379512054,tilt_failed,,
Hf2Zn,494,1.1551438206204423,ok,1.9956483180002071,1.2356782264077992e-12
Hf2Zn,495,1.5730292257311251,ok,1.9928745356866817,3.712075091755196e-10
Hf2Zn,496,1.074112088120181,tilt_failed,,
Hf2Zn,497,1.0608326288277128,tilt_failed,,
Hf2Zn,498,1.0502508991900386,tilt_failed,,
Hf2Zn,499,1.036143690153636,tilt_failed,,
Hf2Zn,500,1.0860823441511978,tilt_failed,,
Hf2Zn,501,1.2897122051975274,ok,1.9759676720613832,8.104628079763643e-15
Hf2Zn,502,1.3294383485105485,ok,1.9816473215605068,6.100320248947355e-11
Hf2Zn,503,1.126419953921828,tilt_failed,,
Hf2Zn,504,1.084408160751736,tilt_failed,,
Hf2Zn,505,1.068016751025833,tilt_failed,,
Hf2Zn,506,1.0842426831675613,tilt_failed,,
Hf2Zn,507,1.3625354729752437,ok,1.9939312146632626,7.097771259623187e-10
Hf2Zn,508,1.3992882063128023,ok,1.9881194802920663,2.220446049250313e-16
Hf2Zn,509,1.0920591622104803,tilt_failed,,
Hf2Zn,510,1.281007085547604,ok,1.9770243510379641,2.2530866061742927e-12
Hf2Zn,511,1.3940162954417472,ok,1.9679104948649524,3.679279103607769e-13
Hf2Zn,512,1.028004033590029,tilt_failed,,
Hf2Zn,513,1.0754531338532665,tilt_failed,,
Hf2Zn,514,1.1290047319323775,tilt_failed,,
Hf2Zn,515,1.1540961103684013,ok,1.9712126166667683,3.6637359812630166e-14
Hf2Zn,516,1.0732988848754477,tilt_failed,,
Hf2Zn,517,2.552750373497472,tilt_failed,,
Hf2Zn,518,1.207599905396106,ok,1.9824398307929427,8.348877145181177e-14
Hf2Zn,519,1.2131314543922447,ok,2.023914480623752,7.771561172376096e-16
Hf2Zn,520,1.0395397254286556,tilt_failed,,
Hf2Zn,521,1.207242111858359,ok,1.9819114913046523,1.6431300764452317e-14
Hf2Zn,522,1.5948177636208922,ok,2.03131123345982,3.952393967665557e-14
Hf2Zn,523,1.3898149719830528,ok,1.993534960047045,2.1778499004199148e-09
Hf2Zn,524,1.1620048108236,ok,1.9664575612721529,1.5573320411021996e-11
Hf2Zn,525,1.1119655104691213,tilt_failed,,
Hf2Zn,526,1.0638306187470297,tilt_failed,,
Hf2Zn,527,1.161646340928487,ok,1.9778168602704,3.5062797110185784e-10
Hf2Zn,528,1.053579142661157,tilt_failed,,
Hf2Zn,529,1.3579125363916082,ok,2.001460052371404,8.704148513061227e-14
Hf2Zn,530,1.1953578692528664,ok,1.9836285946415964,3.0966340602844866e-12
Hf2Zn,531,1.2953720770768213,ok,1.9914216020938826,2.801936460627985e-11
Hf2Zn,532,1.2254043502917111,ok,1.998686270057878,1.7763568394002505e-15
Hf2Zn,533,1.10342514216843,tilt_failed,,
Hf2Zn,534,1.0419312588201404,tilt_failed,,
Hf2Zn,535,1.1213214887456953,tilt_failed,,
Hf2Zn,536,1.3334181003682204,ok,1.9998750339065317,4.2528647270501097e-11
Hf2Zn,537,1.1916521869498526,ok,1.9858740374668313,2.7481750208835365e-09
Hf2Zn,538,1.0906362882662763,tilt_failed,,
Hf2Zn,539,1.482813276329974,ok,1.9992146095461685,1.0325074129013956e-14
Hf2Zn,540,1.07145714671719,tilt_failed,,
Hf2Zn,541,1.3281704825123353,ok,1.9747789082127296,4.470634973330334e-09
Hf2Zn,542,1.1450576885672918,ok,1.993534960047045,2.510214258677479e-13
Hf2Zn,543,1.3428091909843654,ok,1.9881194802920663,4.6097570205461125e-12
Hf2Zn,544,1.1190120836294777,tilt_failed,,
Hf2Zn,545,1.5559622718193424,ok,1.9893082441407204,1.211237776743701e-10
Hf2Zn,546,1.2035695009052403,ok,1.986270292083049,7.061018436615996e-14
Hf2Zn,547,1.1069042659343584,tilt_failed,,
Hf2Zn,548,1.1702734019716694,ok,1.9745147384685842,1.6540502301154447e-10
Hf2Zn,549,1.3640783577535511,ok,1.9812510669442887,1.829203455372408e-12
Hf2Zn,550,1.2579637141341493,ok,1.9886478197803568,0.0
Hf2Zn,551,1.1458396537656301,tilt_failed,,
Hf2Zn,552,1.3127582868646086,ok,2.002912985964202,1.9160339981283414e-11
Hf2Zn,553,1.1533645364784628,ok,1.9885157349082845,3.5403813214429647e-10
Hf2Zn,554,1.084671925685571,tilt_failed,,
Hf2Zn,555,1.0643603212308335,tilt_failed,,
Hf2Zn,556,1.0425286930831037,tilt_failed,,
Hf2Zn,557,1.0620238054284048,tilt_failed,,
Hf2Zn,558,1.1908478712611241,ok,1.9731938897478578,2.7555318027339126e-09
Hf2Zn,559,1.2926455505764893,ok,1.9969691667209335,1.8474111129762605e-13
Hf2Zn,560,1.2289021169568826,ok,1.9953841482560621,3.9970249332554886e-12
Hf2Zn,561,1.0565281907190043,tilt_failed,,
Hf2Zn,562,1.0504659159101686,tilt_failed,,
Hf2Zn,563,1.5592580295757577,ok,1.9803264728397805,1.058590992641939e-09
Hf2Zn,564,1.2228748677795211,ok,1.987062801315485,6.084022174945858e-14
Hf2Zn,565,1.1516596580595817,ok,1.971344701538841,9.445777493510832e-13
Hf2Zn,566,1.2629731761539318,ok,1.9803264728397805,1.3322676295501878e-15
Hf2Zn,567,1.1452085085050603,tilt_failed,,
Hf2Zn,568,1.3628011950194494,ok,1.9907611777335195,1.627165069351122e-10
Hf2Zn,569,1.4058367581909883,ok,1.9764960115496737,6.87672141452822e-11
Hf2Zn,570,1.2754255202963283,ok,1.9873269710596304,4.538230680140032e-09
Hf2Zn,571,1.2449289984344638,ok,1.980854812328071,2.0650148258027912e-14
Hf2Zn,572,1.1195291822920295,tilt_failed,,
Hf2Zn,573,1.0893441989326447,tilt_failed,,
Hf2Zn,574,1.127657972110392,ok,1.9819114913046523,4.1389114358025836e-13
Hf2Zn,575,1.2345442914765088,ok,1.9767601812938191,1.3322676295501878e-15
Hf2Zn,576,1.4340606211930524,ok,1.9689671738415333,1.9984014443252818e-15
Hf2Zn,577,1.6602213334994511,ok,2.027877026785932,3.774758283725532e-15
Hf2Zn,578,1.0847023047820183,tilt_failed,,
Hf2Zn,579,1.111259314048245,tilt_failed,,
Hf2Zn,580,1.1000405541497054,tilt_failed,,
Hf2Zn,581,1.201168334522767,ok,1.980062303095635,1.7763568394002505e-15
Hf2Zn,582,1.2244756908659498,ok,1.980854812328071,9.261924560632906e-12
Hf2Zn,583,1.0470732876328228,tilt_failed,,
Hf2Zn,584,1.1634785711065403,ok,1.9648725428072815,1.4481749133210542e-11
Hf2Zn,585,1.5604574008513528,ok,2.0227257167750983,2.1146639994640282e-11
Hf2Zn,586,1.4024922045067219,ok,1.9965729121047158,1.7505996652289468e-12
Hf2Zn,587,1.126071575809924,tilt_failed,,
Hf2Zn,588,1.5116118118963864,ok,1.9908932626055922,1.6469270391894497e-11
Hf2Zn,589,1.0921434205919514,tilt_failed,,
Hf2Zn,590,1.1317148948873987,tilt_failed,,
Hf2Zn,591,1.215493972786655,ok,1.9866665466992672,1.2434497875801753e-14
Hf2Zn,592,1.4333685868964163,ok,2.003045070836275,2.6401103525586223e-13
Hf2Zn,593,1.153969392702866,ok,1.9794018787352718,1.5330429148363578e-09
Hf2Zn,594,1.1201904677318644,tilt_failed,,
Hf2Zn,595,1.1108004815198855,tilt_failed,,
Hf2Zn,596,1.598968454006404,ok,2.005026343917365,8.881784197001252e-16
Hf2Zn,597,1.1653368917721894,ok,1.973061804875785,6.279421427279885e-13
Hf2Zn,598,1.0668108099770908,tilt_failed,,
Hf2Zn,599,1.2880755585137602,ok,1.9627591848541193,1.6124546142748386e-11
Hf2Zn,600,1.0518435470435687,tilt_failed,,
Hf2Zn,601,1.1634299095579057,ok,1.9971012515930062,5.730724783603591e-10
Hf2Zn,602,1.0708559786703797,tilt_failed,,
Hf2Zn,603,1.267706736756795,ok,1.9881194802920663,3.8016447767574846e-09
Hf2Zn,604,1.075003899929044,tilt_failed,,
Hf2Zn,605,1.1267107802498304,tilt_failed,,
Hf2Zn,606,1.080174280003938,tilt_failed,,
Hf2Zn,607,1.1174987870622635,tilt_failed,,
Hf2Zn,608,1.0324524330012739,tilt_failed,,
Hf2Zn,609,1.0969438634781392,tilt_failed,,
Hf2Zn,610,1.038968298693158,tilt_failed,,
Hf2Zn,611,1.1816142439104695,ok,1.9894403290127927,3.682094629198218e-10
Hf2Zn,612,1.2446131482306675,ok,1.9886478197803568,1.7985612998927536e-13
Hf2Zn,613,1.2674343291754524,ok,1.9923461961983913,9.477958418102617e-10
Hf2Zn,614,1.308657603913992,ok,1.9803264728397805,2.3361312884162544e-11
Hf2Zn,615,1.2067154655634993,ok,1.9897044987569381,4.630518191106603e-12
Hf2Zn,616,1.3209555141205536,ok,1.978609369502836,5.17585974080248e-13
Hf2Zn,617,1.1613872662236318,ok,1.9739863989802937,4.328426506106098e-12
Hf2Zn,618,1.3333217814419691,ok,1.9898365836290108,2.2426505097428162e-14
Hf2Zn,619,1.2123112821016597,ok,1.9727976351316396,3.530509218307998e-14
Hf2Zn,620,1.1571634233029482,ok,1.9709484469226228,7.511791189074302e-09
Hf2Zn,621,1.1107861740245868,tilt_failed,,
Hf2Zn,622,1.189229986348954,ok,1.9959124877443526,4.440892098500626e-16
Hf2Zn,623,1.1065458071595184,tilt_failed,,
Hf2Zn,624,1.5427943384390168,ok,2.0027809010921294,6.80566714095221e-14
Hf2Zn,625,1.194888263492166,ok,2.025235329344479,4.440892098500626e-16
Hf2Zn,626,1.1304261135410982,tilt_failed,,
Hf2Zn,627,1.1285293684186026,tilt_failed,,
Hf2Zn,628,1.064765498937828,tilt_failed,,
Hf2Zn,629,1.0942427915594057,tilt_failed,,
Hf2Zn,630,1.3228530138509245,ok,1.983100255153306,7.256417688950023e-13
Hf2Zn,631,1.5058878697718867,ok,1.97979813335149,7.593925488436071e-14
Hf2Zn,632,1.204551130844791,ok,1.9879873954199936,6.582734357607478e-12
Hf2Zn,633,1.3835459500754543,ok,1.9585324689477948,3.884892407768348e-12
Hf2Zn,634,1.3900164560891362,ok,1.9898365836290108,4.756639526704021e-12
Hf2Zn,635,1.3392843280548152,ok,2.0141402000903774,1.6431300764452317e-14
Hf2Zn,636,1.2430809820097486,ok,1.9819114913046523,3.4895756284569757e-09
Hf2Zn,637,1.1384893634974496,tilt_failed,,
Hf2Zn,638,1.0746514591658638,tilt_failed,,
Hf2Zn,639,1.5507708726571419,ok,1.9895724138848654,3.919975455346503e-12
Hf2Zn,640,1.1039533760307219,tilt_failed,,
Hf2Zn,641,1.716808061046379,tilt_failed,,
Hf2Zn,642,1.15556227935999,ok,1.9605137420288843,1.596589527252945e-11
Hf2Zn,643,1.1257512319527256,tilt_failed,,
Hf2Zn,644,1.4381726871913751,ok,2.0011958826272584,1.0258438543075954e-10
Hf2Zn,645,1.1012523903786384,tilt_failed,,
Hf2Zn,646,1.2754611503402158,ok,2.006479277510164,2.1094237467877974e-15
Hf2Zn,647,1.1300563841728593,ok,1.9784772846307637,3.923084079815453e-12
Hf2Zn,648,1.1963245022016702,ok,1.9911574323497372,0.0
Hf2Zn,649,1.0656406908046188,tilt_failed,,
Hf2Zn,650,2.171150857033295,ok,2.0575961230022752,6.772360450213455e-15
Hf2Zn,651,1.185311113838804,ok,1.9827040005370882,2.266900223091284e-09
Hf2Zn,652,1.124733224716892,tilt_failed,,
Hf2Zn,653,1.0708683112253563,tilt_failed,,
Hf2Zn,654,1.0815223431623415,tilt_failed,,
Hf2Zn,655,1.2860278815882444,ok,1.9828360854091605,5.81534820298657e-13
Hf2Zn,657,1.119462564835952,tilt_failed,,
Hf2Zn,658,1.1010592881706607,tilt_failed,,
Hf2Zn,659,1.3572512400163907,ok,2.0075359564867448,8.104628079763643e-15
Hf2Zn,660,1.1724010134359886,ok,1.9827040005370882,1.1213252548714081e-14
Hf2Zn,661,1.1827772243151622,ok,1.9714767864109133,4.310551915409633e-12
Hf2Zn,662,1.0910184168514014,tilt_failed,,
Hf2Zn,663,1.0656478952176092,tilt_failed,,
Hf2Zn,664,1.144183317283355,ok,1.9795339636073446,5.88418203051333e-14
Hf2Zn,665,1.7602510401913272,tilt_failed,,
Hf2Zn,666,1.1401459351239513,tilt_failed,,
Hf2Zn,667,1.2263612534549424,ok,2.0081963808471084,5.007105841059456e-14
Hf2Zn,668,1.2798428607989982,ok,2.002384646475912,1.5543122344752192e-15
Hf2Zn,669,1.085232482929601,tilt_failed,,
Hf2Zn,670,1.0554452661745461,tilt_failed,,
Hf2Zn,671,1.652046949029803,ok,2.0618228389085997,3.5400793407802666e-11
Hf2Zn,672,1.2416838277420752,ok,1.9717409561550587,9.898613040348891e-10
Hf2Zn,673,1.2781876051672627,ok,1.9939312146632626,9.059419880941277e-14
Hf2Zn,674,1.207933389330646,ok,1.9722692956433492,1.106226221736506e-12
Hf2Zn,675,1.162111940051532,ok,1.9813831518163614,2.4584334568089616e-10
Hf2Zn,676,1.5211645510157898,tilt_failed,,
Hf2Zn,677,1.2450379848219353,ok,1.9774206056541823,1.872561217197699e-09
Hf2Zn,678,1.095180663218599,tilt_failed,,
Hf2Zn,679,1.2782766486362338,ok,1.9908932626055922,3.9968028886505635e-15
Hf2Zn,680,1.1024461824685508,tilt_failed,,
Hf2Zn,681,1.4598782889936575,ok,1.994987893639844,2.8104540916729093e-10
Hf2Zn,682,1.1590535694655726,ok,1.9821756610487973,2.0833290648170077e-10
Hf2Zn,683,1.1638297000632745,ok,1.98230774592087,6.10178574333986e-13
Hf2Zn,684,1.3043870332739247,ok,1.974910993084802,6.516143180590461e-11
Hf2Zn,685,1.051066528212449,tilt_failed,,
Hf2Zn,686,1.2459973478485467,ok,2.0026488162200566,1.8280266189663053e-10
Hf2Zn,687,1.0918641441484933,tilt_failed,,
Hf2Zn,688,1.1282098749277671,tilt_failed,,
Hf2Zn,689,1.0883580536584898,tilt_failed,,
Hf2Zn,690,1.098963676579011,tilt_failed,,
Hf2Zn,691,1.4079563797735437,ok,1.9886478197803568,1.2962964035523328e-12
Hf2Zn,692,1.3161881356911644,ok,1.9914216020938826,4.469693060116242e-09
Hf2Zn,693,1.290646694739161,ok,1.9821756610487973,6.792344464656708e-12
Hf2Zn,694,1.0806030528811434,tilt_failed,,
Hf2Zn,695,1.1980522977140051,ok,1.9978937608254421,4.440892098500626e-16
Hf2Zn,696,1.1309207686708938,ok,1.994195384407408,4.35984581770299e-12
Hf2Zn,697,1.1128800884383643,tilt_failed,,
Hf2Zn,698,1.367542812801651,ok,1.9914216020938826,2.135891463694861e-11
Hf2Zn,699,1.3414247287486172,ok,1.9871948861875577,6.661338147750939e-16
Hf2Zn,700,1.0568522134567138,tilt_failed,,
Hf2Zn,702,1.2833093941388976,ok,1.9878553105479209,5.304023886765208e-11
Hf2Zn,703,1.372220349642347,ok,2.043859296306721,2.4424906541753444e-15
Hf2Zn,704,1.4778370921820265,ok,1.9657971369117901,5.460171204063613e-09
Hf2Zn,705,1.5750342033437736,ok,1.9866665466992672,4.913580653465033e-11
Hf2Zn,706,1.582210124063084,ok,1.9672500705045888,5.329070518200751e-15
Hf2Zn,707,1.197854660861849,ok,2.002384646475912,1.652011860642233e-12
Hf2Zn,708,1.2301303063577644,ok,1.9963087423605703,1.617372902273928e-12
Hf2Zn,709,1.051692746799368,tilt_failed,,
Hf2Zn,710,1.1335726263737174,tilt_failed,,
Hf2Zn,711,1.1137075895269453,tilt_failed,,
Hf2Zn,712,1.356362350517843,ok,1.9930066205587544,4.363176486776865e-14
Hf2Zn,713,1.071347758063508,tilt_failed,,
Hf2Zn,714,1.2818253336298615,ok,1.9848173584902504,4.440892098500626e-16
Hf2Zn,715,1.1231288354600832,tilt_failed,,
Hf2Zn,717,1.503968082938417,ok,1.9747789082127296,2.4424906541753444e-15
Hf2Zn,718,1.0690242340430005,tilt_failed,,
Hf2Zn,719,1.207429093873524,ok,2.0007996280110403,1.7019907594395534e-08
Hf2Zn,720,1.0735568160580529,tilt_failed,,
Hf2Zn,721,1.0804971275286763,tilt_failed,,
Hf2Zn,722,1.1738975698696268,ok,1.9832323400253786,2.291500322826323e-13
Hf2Zn,723,1.140768110589428,tilt_failed,,
Hf2Zn,724,1.125269066943261,tilt_failed,,
Hf2Zn,725,1.4202826699381992,ok,1.9990825246740958,1.170175067954915e-12
Hf2Zn,726,1.202590911972875,ok,1.978345199758691,2.6219547977213153e-08
Hf2Zn,727,1.2024726550085851,ok,1.9804585577118532,8.881784197001252e-16
Hf2Zn,728,1.185661417883195,ok,1.972137210771277,1.0688102403122457e-08
Hf2Zn,729,1.2561364407084632,ok,1.9734580594920033,7.249756350802272e-14
Hf2Zn,730,1.0660600071307267,tilt_failed,,
Hf2Zn,731,1.0424240006230945,tilt_failed,,
Hf2Zn,732,1.409820015515751,ok,2.0137439454741592,6.507017147328042e-13
Hf2Zn,733,1.0726942335467955,tilt_failed,,
Hf2Zn,734,1.061400145447566,tilt_failed,,
Hf2Zn,735,1.1868461361923732,ok,1.9850815282343954,1.8719714667270182e-10
Hf2Zn,736,1.0618319886389664,tilt_failed,,
Hf2Zn,737,2.17654635165504,tilt_failed,,
Hf2Zn,738,1.2833815855501252,ok,2.0037054951966384,7.314808758707159e-10
Hf2Zn,740,1.4677068654234613,tilt_failed,,
Hf2Zn,741,1.1044192728748767,tilt_failed,,
Hf2Zn,742,1.1658408473845685,ok,1.9861382072109768,2.87339041449286e-11
Hf2Zn,743,1.4645744456970498,ok,1.9993466944182412,1.5918288909233524e-10
Hf2Zn,744,1.3952164471847102,ok,1.969891767946042,1.8306913762700106e-09
Hf2Zn,745,1.1263477321343236,ok,1.9801943879677077,1.851852005074761e-13
Hf2Zn,746,1.3173509635119567,ok,1.9932707903028999,1.687538997430238e-14
Hf2Zn,747,1.1167482788359062,tilt_failed,,
Hf2Zn,748,1.694493506989641,ok,2.0488785214454817,3.885780586188048e-15
Hf2Zn,749,1.302262799573773,ok,1.9878553105479209,2.0490142915718934e-10
Hf2Zn,751,1.4302325000328935,ok,1.998950439802023,7.548406344426439e-13
Hf2Zn,752,1.1843795937360242,ok,1.9742505687244392,1.0668976813121844e-10
Hf2Zn,753,1.2467991454991594,ok,1.9720051258992042,7.944374047497149e-10
Hf2Zn,754,1.3084037010738316,ok,1.986006122338904,4.0489722685776997e-11
Hf2Zn,755,1.127904637347318,tilt_failed,,
Hf2Zn,756,1.1362818426184422,tilt_failed,,
Hf2Zn,757,1.1008023808462577,tilt_failed,,
Hf2Zn,758,1.3949927741481363,ok,1.9746468233406569,4.160665145747089e-09
Hf2Zn,759,1.4183842994842464,ok,1.9770243510379641,4.440892098500626e-16
Hf2Zn,760,1.2102611209640577,ok,1.980854812328071,4.340938719593623e-11
Hf2Zn,761,1.2663314026180976,ok,2.0080642959750357,1.815436689867056e-12
Hf2Zn,762,1.3777321774334297,ok,1.991685771838028,3.7556624477019795e-12
Hf2Zn,763,1.3051459637563458,ok,1.9817794064325795,3.700787676308437e-09
Hf2Zn,764,1.1478558696214831,tilt_failed,,
Hf2Zn,765,1.1502605178984286,ok,1.9757035023172378,1.0036416142611415e-13
Hf2Zn,766,1.0838412212065316,tilt_failed,,
Hf2Zn,767,1.1332403717730348,tilt_failed,,
Hf2Zn,768,1.2320401148776585,ok,1.9903649231173013,2.346611793768716e-11
Hf2Zn,769,1.2486667610503928,ok,1.9895724138848654,7.316369732279782e-14
Hf2Zn,770,1.250848039528919,ok,1.9778168602704,3.963496197911809e-14
Hf2Zn,771,1.3936369998261762,ok,1.9871948861875577,3.2862601528904634e-14
Hf2Zn,772,1.1205212158736564,tilt_failed,,
Hf2Zn,773,1.3981100032596705,ok,1.9811189820722164,4.37506919581665e-10
Hf2Zn,774,1.2331029301613488,ok,1.9764960115496737,1.7662142859364849e-09
Hf2Zn,775,1.1555018982998198,ok,1.9692313435856788,2.299855861309652e-09
Hf2Zn,776,1.2044493992086103,ok,1.9667217310162983,2.6645352591003757e-15
Hf2Zn,777,1.234105473032425,ok,1.992478281070464,2.0357271424131795e-11
Hf2Zn,778,1.1570272559376111,ok,1.978345199758691,1.935589466484089e-10
Hf2Zn,779,1.1787220633211999,ok,1.9807227274559982,2.1014567863630873e-10
Hf2Zn,780,1.1993280645351014,ok,1.9903649231173013,2.6896040949964117e-10
Hf2Zn,781,1.4811431690612211,ok,1.9722692956433492,6.003508801200041e-11
Hf2Zn,782,1.1483026716648268,ok,1.969891767946042,2.5002222514558525e-13
Hf2Zn,783,1.2774392044563967,ok,1.9726655502595674,6.661338147750939e-16
Hf2Zn,784,1.8278752279782176,ok,1.9720051258992042,6.201705815556124e-11
Hf2Zn,785,1.1108773276310777,tilt_failed,,
Hf2Zn,787,1.1244237018254992,tilt_failed,,
Hf2Zn,788,1.3448207846155091,ok,1.9899686685010836,1.6414105630246922e-09
Hf2Zn,789,1.2360806601057681,ok,1.9852136131064682,3.290701044988964e-13
Hf2Zn,790,1.463730019930028,ok,1.994195384407408,2.220446049250313e-16
Hf2Zn,791,1.3486661710751073,ok,1.9754393325730928,2.10284101243019e-09
Hf2Zn,792,1.4998417781302211,ok,1.9865344618271945,1.4654943925052066e-14
Hf2Zn,793,1.262363712317896,ok,1.969363428457751,3.434741380203832e-11
Hf2Zn,794,1.648859186350943,ok,1.9804585577118532,4.440892098500626e-16
Hf2Zn,795,1.4578971675438661,ok,1.9665896461442256,8.79296635503124e-14
Hf2Zn,796,1.0771268421274127,tilt_failed,,
Hf2Zn,797,1.3019344124387546,ok,1.9754393325730928,3.650951097000643e-09
Hf2Zn,798,1.5813757586167136,ok,1.97979813335149,3.992361996552063e-12
Hf2Zn,799,1.7880193935350666,tilt_failed,,
Hf2Zn,800,1.195687095530662,ok,1.9787414543749087,9.94526461184364e-10
Hf2Zn,801,1.2236251517407148,ok,1.9923461961983913,9.366842856906032e-10
Hf2Zn,802,1.0611425939610082,tilt_failed,,
Hf2Zn,803,1.342126825185788,ok,1.980062303095635,5.165761152170489e-10
Hf2Zn,804,1.2612192930393813,ok,1.978345199758691,5.551115123125783e-16
Hf2Zn,806,1.1579681711987988,ok,1.9908932626055922,9.545859547266389e-09
Hf2Zn,807,1.2870565508573724,ok,1.9829681702812332,3.5075656823480017e-09
Hf2Zn,808,1.1858657415896154,ok,1.9687030040973879,7.623217057606269e-09
Hf2Zn,809,1.318700227235636,ok,1.9791377089911264,2.5665738423441553e-09
Hf2Zn,810,1.3291901552686736,ok,1.9780810300145455,1.7669199436909366e-12
Hf2Zn,811,1.4888995687284132,ok,1.9790056241190541,1.7363888105137448e-12
Hf2Zn,812,1.1934895939338779,ok,1.9737222292361483,1.5214349780023895e-09
Hf2Zn,813,1.3317096472829055,ok,1.9772885207821096,6.661338147750939e-16
Hf2Zn,814,1.1474775913885171,ok,1.969891767946042,7.133360568900571e-11
Hf2Zn,815,1.2225593489689772,ok,1.98679863157134,3.108624468950438e-14
Hf2Zn,816,1.197729369049827,ok,1.987062801315485,4.440892098500626e-16
Hf2Zn,817,1.1334106835406128,tilt_failed,,
Hf2Zn,818,1.165560238853013,ok,1.9820435761767246,8.659739592076221e-15
Hf2Zn,819,1.198483176689656,ok,1.9984221003137326,4.440892098500626e-16
Hf2Zn,820,1.0501245364790412,tilt_failed,,
Hf2Zn,821,1.0636832133118435,tilt_failed,,
Hf2Zn,822,1.0747872770621276,tilt_failed,,
Hf2Zn,823,1.151419329299825,ok,1.9780810300145455,4.465298797384776e-09
