target,key,donor_r,status,Tc,moment_err
lam0.60,0,1.2495659770880998,ok,6.1032867431640625,3.652633751016765e-13
lam0.60,1,2.2706842351618963,ok,6.1055755615234375,1.4439560658274786e-12
lam0.60,2,1.7162466041892894,ok,6.1128997802734375,1.0446747911174725e-09
lam0.60,3,1.2264104119995611,ok,6.1128997802734375,7.771561172376096e-15
lam0.60,4,2.7885031630110895,ok,6.1179351806640625,1.2366330182089769e-11
lam0.60,7,1.9197329454372796,ok,6.1783599853515625,6.439293542825908e-14
lam0.60,8,1.2087205694286438,ok,6.0977935791015625,1.9330959055707808e-10
lam0.60,9,1.5422059283046299,ok,6.1096954345703125,8.970602038971265e-14
lam0.60,10,1.2488199371162336,ok,6.1481475830078125,7.33201277469675e-10
lam0.50,0,1.2495659770880998,ok,6.6585540771484375,3.65374397404139e-13
lam0.50,1,2.2706842351618963,ok,6.6631317138671875,1.4439560658274786e-12
lam0.50,2,1.7162466041892894,ok,6.6750335693359375,1.0446747911174725e-09
lam0.50,3,1.2264104119995611,ok,6.6768646240234375,7.993605777301127e-15
lam0.50,4,2.7885031630110895,ok,6.6819000244140625,1.2366552226694694e-11
lam0.50,7,1.9197329454372796,ok,6.7784881591796875,6.439293542825908e-14
lam0.50,8,1.2087205694286438,ok,6.6530609130859375,1.933092574901707e-10
lam0.50,9,1.5422059283046299,ok,6.6667938232421875,8.948397578478762e-14
lam0.50,10,1.2488199371162336,ok,6.7290496826171875,7.33201277469675e-10
lam0.60,11,1.6041167302560164,ok,6.1293792724609375,1.9095836023552692e-14
lam0.60,12,1.7261148456153768,ok,6.0968780517578125,5.826354954052704e-10
lam0.60,13,1.790288721762513,ok,6.2140655517578125,3.140820936664568e-11
lam0.60,14,1.9239252842736108,ok,6.1637115478515625,7.136735646895431e-12
lam0.60,15,1.1274910127681486,tilt_failed,,
lam0.60,16,1.3560845507149728,ok,6.1092376708984375,1.1529110999219938e-10
lam0.60,17,1.9602118459046787,ok,6.1362457275390625,7.479912245145215e-10
lam0.60,18,1.2270725297391634,ok,6.1504364013671875,1.4854784069484595e-13
lam0.60,19,1.231716841418951,ok,6.1005401611328125,2.220446049250313e-16
lam0.60,20,1.617458444836998,ok,6.1394500732421875,6.661338147750939e-16
lam0.60,21,1.1014773083297704,tilt_failed,,
lam0.60,22,1.2230707005175832,ok,6.1376190185546875,3.441691376337985e-14
lam0.60,23,1.5082805379061974,ok,6.1508941650390625,5.684341886080802e-14
lam0.60,24,1.1107421871665006,ok,6.1540985107421875,8.478113766585693e-10
lam0.60,25,1.6580338897417757,ok,6.1197662353515625,8.881784197001252e-16
lam0.60,26,1.4011250231692336,ok,6.1179351806640625,9.947598300641403e-14
lam0.60,27,1.1878485234326608,ok,6.1151885986328125,1.5543122344752192e-15
lam0.60,28,1.2809142917378686,ok,6.1554718017578125,8.198375311962991e-11
lam0.60,29,1.14417114939594,tilt_failed,,
lam0.60,30,1.279423498252087,ok,6.1334991455078125,1.1526335441658375e-12
lam0.60,31,1.127390982145868,tilt_failed,,
lam0.60,32,1.7694527128929365,ok,6.0977935791015625,7.771561172376096e-16
lam0.60,33,1.9449744748383688,ok,6.1165618896484375,5.950795411990839e-14
lam0.60,34,1.3054588622848027,ok,6.1490631103515625,3.120905756048842e-10
lam0.60,35,1.14630375947696,tilt_failed,,
lam0.60,37,1.310178753577754,ok,6.1431121826171875,9.660938715683187e-12
lam0.60,38,1.7442216691830636,ok,6.1051177978515625,5.1192750039064094e-09
lam0.60,39,1.1638444276297335,ok,6.1064910888671875,6.196154700432999e-13
lam0.60,40,1.4494239809659757,ok,6.0918426513671875,7.980283101005625e-13
lam0.60,41,1.8840287893421606,ok,6.2804412841796875,1.0658141036401503e-13
lam0.60,42,1.351040894815895,ok,6.1110687255859375,2.2212065520221813e-09
lam0.60,43,1.4702120347057033,ok,6.1238861083984375,9.033884751374899e-12
lam0.60,44,1.8297438469304954,ok,6.1174774169921875,4.440892098500626e-16
lam0.60,45,1.1493169231325773,tilt_failed,,
lam0.60,46,1.2860263584590699,ok,6.0991668701171875,7.744915819785092e-13
lam0.60,47,1.2238275409651755,ok,6.0936737060546875,1.8340884366807586e-13
lam0.60,48,1.2894190733474804,ok,6.1051177978515625,2.3314683517128287e-15
lam0.60,49,1.177109438002338,ok,6.1284637451171875,4.701350420077688e-12
lam0.60,50,1.2680247255034056,ok,6.0996246337890625,3.3306690738754696e-16
lam0.60,51,1.179141649423787,ok,6.0987091064453125,1.655053871729706e-11
lam0.60,52,1.3362714590165126,ok,6.1280059814453125,7.771561172376096e-16
lam0.60,53,1.9706092067997634,ok,6.0923004150390625,9.5750074535772e-12
lam0.60,54,1.5184273841127947,ok,6.1760711669921875,2.6189383994790205e-11
lam0.60,55,1.280423850703025,ok,6.1444854736328125,1.199040866595169e-14
lam0.60,56,1.502562458544429,ok,6.2076568603515625,2.2411628108898185e-11
lam0.60,57,1.2200550756937456,ok,6.1037445068359375,1.3166193690850037e-09
lam0.60,58,1.2345136582655487,ok,6.1202239990234375,1.1657341758564144e-13
lam0.60,59,1.0660111121143323,tilt_failed,,
lam0.60,60,1.3418071048269182,ok,6.1344146728515625,6.373412908544651e-11
lam0.60,61,1.1896608565745292,ok,6.1458587646484375,2.886579864025407e-15
lam0.60,62,1.4185845019768744,ok,6.1595916748046875,1.1446021908056991e-10
lam0.60,63,1.2985196416877565,ok,6.1229705810546875,2.107203300738547e-13
lam0.60,64,1.115432932623103,tilt_failed,,
lam0.60,65,1.3555050736729355,ok,6.1344146728515625,9.513345666789519e-11
lam0.60,66,1.1061142576035432,tilt_failed,,
lam0.60,67,1.2536100867170448,ok,6.1193084716796875,4.829470157119431e-13
lam0.60,68,1.3984362609311423,ok,6.1138153076171875,1.2451373265776056e-11
lam0.60,69,1.187244556731469,ok,6.1408233642578125,1.2789758141451557e-09
lam0.60,70,1.1889132929168749,ok,6.1115264892578125,1.3804513088189196e-12
lam0.60,71,1.090596341240824,tilt_failed,,
lam0.60,72,1.4536873675875344,ok,6.1449432373046875,1.4952143967406073e-09
lam0.60,73,1.1491232568634893,tilt_failed,,
lam0.60,74,1.5519461116386573,ok,6.1655426025390625,6.661338147750939e-16
lam0.60,75,1.213740225956765,ok,6.1119842529296875,2.264089360437538e-09
lam0.60,76,1.4834529496675941,ok,6.1463165283203125,7.482903185973555e-14
lam0.60,77,2.029600064598912,ok,6.2776947021484375,3.294142736365302e-12
lam0.60,78,1.1109698597582736,tilt_failed,,
lam0.60,79,1.1378123861639873,tilt_failed,,
lam0.60,80,1.0891643986680541,tilt_failed,,
lam0.60,81,1.310076556917332,ok,6.1064910888671875,1.099120794378905e-12
lam0.60,82,1.1809358978696127,ok,6.0950469970703125,2.776023855233234e-11
lam0.60,83,1.272923944182704,ok,6.1165618896484375,1.4598731112869245e-09
lam0.60,84,1.6929295604882841,ok,6.1019134521484375,8.794964756475565e-12
lam0.60,86,1.6552762156375826,ok,6.2213897705078125,5.218048215738236e-15
lam0.60,87,1.5277331202443705,ok,6.1568450927734375,5.212275056010185e-12
lam0.60,88,1.180031941817787,ok,6.0932159423828125,1.3820211641757396e-10
lam0.60,89,1.4650364878146038,ok,6.1106109619140625,3.747158139333351e-11
lam0.60,90,1.8204379516510834,ok,6.1916351318359375,6.661338147750939e-16
lam0.60,91,1.1367427913444363,tilt_failed,,
lam0.60,92,1.4580521646341924,ok,6.1028289794921875,3.2320812692887557e-12
lam0.60,93,1.4025405990429631,ok,6.1220550537109375,8.269096518631613e-11
lam0.60,94,1.1734459764579346,ok,6.0936737060546875,8.808509477375992e-13
lam0.60,95,1.1885887029728321,ok,6.1037445068359375,1.0852763132618293e-10
lam0.60,96,1.183748064018879,ok,6.1252593994140625,6.741274205523951e-13
lam0.60,97,1.6691354279943689,ok,6.0849761962890625,5.377669420880693e-10
lam0.60,98,1.5274073571594127,ok,6.1220550537109375,7.923217637539892e-12
lam0.60,99,1.349041702506478,ok,6.1170196533203125,4.25659507641285e-13
lam0.60,100,1.2686733725284693,ok,6.0900115966796875,4.440892098500626e-16
lam0.60,101,1.1952692111054526,ok,6.1248016357421875,4.6629367034256575e-15
lam0.60,102,1.6428132221391716,ok,6.0996246337890625,1.492250767398673e-11
lam0.60,103,1.4789924766230378,ok,6.1856842041015625,6.661338147750939e-16
lam0.60,104,1.604887959148538,ok,6.1060333251953125,9.874323581016142e-13
lam0.60,105,1.257899489985736,ok,6.1060333251953125,5.091352894837087e-09
lam0.60,106,1.5614412208311628,ok,6.1142730712890625,3.0335445266871375e-10
lam0.60,107,1.081495084123776,tilt_failed,,
lam0.60,108,1.3437669946107347,ok,6.1394500732421875,2.6731308278016286e-09
lam0.60,109,1.3583402835227179,ok,6.1591339111328125,1.226796442210798e-13
lam0.60,110,1.575061788917229,ok,6.0932159423828125,6.084022174945858e-14
lam0.60,111,1.436442909832728,ok,6.1133575439453125,1.534528060176399e-11
lam0.60,112,1.1518957122218951,tilt_failed,,
lam0.60,113,1.5055184596021824,ok,6.1055755615234375,2.1146417950035357e-11
lam0.60,114,1.0987198766030724,tilt_failed,,
lam0.60,115,1.5235038680298332,ok,6.1362457275390625,1.0675904604795505e-12
lam0.60,116,1.333078688177768,ok,6.1064910888671875,2.4812036869548137e-09
lam0.60,117,1.2540089392677942,ok,6.1037445068359375,1.9984014443252818e-15
lam0.60,118,1.143882983505564,tilt_failed,,
lam0.60,119,1.3704393263599985,ok,6.1147308349609375,3.781863711083133e-11
lam0.60,120,1.144395344691357,tilt_failed,,
lam0.60,121,1.1807788573901603,ok,6.0991668701171875,6.029143850838636e-11
lam0.60,122,1.2887006971178392,ok,6.1527252197265625,5.910958389421239e-10
lam0.60,123,1.189762463715359,ok,6.0977935791015625,7.459330930714714e-10
lam0.60,124,1.610495299143263,ok,6.1412811279296875,7.236371502017391e-10
lam0.60,125,1.411138629723674,ok,6.0923004150390625,7.813749647311852e-13
lam0.60,126,1.3527309829010998,ok,6.1248016357421875,2.2745723082806535e-09
lam0.60,127,1.4372470134748843,ok,6.0945892333984375,1.7011370090358469e-10
lam0.60,128,1.2414276531930049,ok,6.1083221435546875,8.688505470644259e-11
lam0.60,129,1.224222092828324,ok,6.0973358154296875,3.3366642782084455e-12
lam0.60,130,1.3959931932380203,ok,6.0991668701171875,8.449640986896156e-11
lam0.60,131,1.1674348404826378,ok,6.1074066162109375,3.064215547965432e-14
lam0.60,132,1.230716631784396,ok,6.0955047607421875,1.4867806985563448e-10
lam0.60,133,1.9153698614104122,ok,6.0950469970703125,4.129807607000657e-12
lam0.60,134,1.2107274137413238,ok,6.1064910888671875,4.98332597409501e-10
lam0.60,135,1.266400074302206,ok,6.1074066162109375,9.103828801926284e-15
lam0.60,136,2.0072148055446664,ok,6.1183929443359375,1.7474910407599964e-13
lam0.60,137,1.2307455302633798,ok,6.1069488525390625,1.8354207043103088e-12
lam0.60,138,1.4948158524550723,ok,6.0950469970703125,7.347900066179136e-12
lam0.60,139,1.4394343085446633,ok,6.1550140380859375,4.440892098500626e-16
lam0.60,140,1.208104391913723,ok,6.1147308349609375,6.589615519914105e-10
lam0.60,141,1.2125461951624,ok,6.1454010009765625,1.8365597931335742e-10
lam0.60,142,1.3621005063639018,ok,6.1101531982421875,9.492910901798268e-10
lam0.60,143,1.304415160359255,ok,6.1119842529296875,2.864375403532904e-13
lam0.60,144,1.139162767366352,tilt_failed,,
lam0.60,145,1.1809791869368715,ok,6.1064910888671875,3.9383274419435566e-11
lam0.60,146,1.1077392885831656,tilt_failed,,
lam0.60,147,1.5212991981750854,ok,6.0813140869140625,1.9322321520576224e-12
lam0.60,148,1.4085606637291095,ok,6.0863494873046875,4.3209880118411093e-13
lam0.60,149,1.1147076984090543,tilt_failed,,
lam0.60,150,1.465561536960908,ok,6.0936737060546875,1.5298873279334657e-13
lam0.60,151,1.7782887116253359,ok,6.0822296142578125,1.7763568394002505e-15
lam0.60,152,1.2889213397543617,ok,6.0996246337890625,6.772360450213455e-14
lam0.60,153,1.43422242156877,ok,6.1046600341796875,4.7171822004088426e-11
lam0.60,154,1.2790711157260268,ok,6.1243438720703125,6.102895966364486e-13
lam0.60,155,1.1949958360842703,ok,6.1312103271484375,2.8199664825478976e-14
lam0.60,156,1.392559330649519,ok,6.0923004150390625,1.0116716353536503e-09
lam0.60,157,2.0146862980231384,tilt_failed,,
lam0.60,158,1.2291977529804377,ok,6.1371612548828125,2.5651036850149467e-11
lam0.60,159,1.4098975511180125,ok,6.1179351806640625,1.5264189912045367e-09
lam0.60,160,1.3466578054063896,ok,6.1060333251953125,5.989964080299615e-11
lam0.60,161,1.4437610677371713,ok,6.1362457275390625,3.774758283725532e-15
lam0.60,162,1.3847319099428506,ok,6.1092376708984375,1.6773715749707208e-10
lam0.60,163,1.3262402355053773,ok,6.1174774169921875,1.2585821274058162e-10
lam0.60,164,1.1306879890665757,tilt_failed,,
lam0.60,165,1.5011901098702691,ok,6.1023712158203125,3.3306690738754696e-16
lam0.60,166,1.163640736073686,ok,6.1055755615234375,6.294964549624638e-14
lam0.60,167,1.437761502755005,ok,6.1545562744140625,1.5765166949677223e-14
lam0.60,168,1.1696486834562227,ok,6.0909271240234375,6.494804694057166e-13
lam0.60,169,1.0749564463438346,tilt_failed,,
lam0.60,170,1.3618032272215541,ok,6.1692047119140625,1.0646572512484909e-10
lam0.60,171,1.1735767108156834,ok,6.1298370361328125,2.8683921904359977e-10
lam0.60,172,1.2153105527004915,ok,6.1559295654296875,8.215650382226158e-15
lam0.60,173,1.1474876084722654,ok,6.1092376708984375,5.278000259067994e-13
lam0.60,174,1.4111318283749357,ok,6.1014556884765625,3.71044861502412e-09
lam0.60,175,1.0688908404978614,tilt_failed,,
lam0.60,176,1.3773264423154874,ok,6.1183929443359375,1.4330825415242998e-09
lam0.60,177,1.08263932881456,tilt_failed,,
lam0.60,178,1.1739198743217025,ok,6.0936737060546875,3.8355518761079566e-10
lam0.60,179,1.0942454571100102,tilt_failed,,
lam0.60,180,1.1890158521657805,ok,6.1037445068359375,4.769070693910749e-10
lam0.60,181,1.3029027784610538,ok,6.1023712158203125,3.0673326101293696e-09
lam0.60,182,1.2152116774250383,ok,6.0964202880859375,7.771561172376096e-16
lam0.60,183,1.1362457556679368,tilt_failed,,
lam0.60,184,1.130157039069779,tilt_failed,,
lam0.60,185,1.3619305641256603,ok,6.1110687255859375,1.0391687510491465e-12
lam0.60,186,1.7866098777593447,ok,6.0991668701171875,1.3860024239420454e-12
lam0.60,187,1.2106070966716413,ok,6.1257171630859375,1.4235013168217847e-10
lam0.60,188,1.1702211910012936,ok,6.0936737060546875,2.0039525594484076e-13
lam0.60,189,1.3859855782588169,ok,6.1334991455078125,1.56052948341312e-12
lam0.60,190,1.3071560126575426,ok,6.1128997802734375,5.650369061527272e-12
lam0.60,191,1.2391387765366944,ok,6.0982513427734375,5.4712232522291515e-09
lam0.60,192,1.1338062824699524,tilt_failed,,
lam0.60,193,1.3229109531003695,ok,6.1174774169921875,5.064837438339964e-13
lam0.60,194,1.2566149825846944,ok,6.1472320556640625,2.226068218647015e-09
lam0.60,195,1.1592174401246003,tilt_failed,,
lam0.60,196,1.22891909207467,ok,6.1215972900390625,9.214851104388799e-14
lam0.60,197,1.1520028579943609,ok,6.1115264892578125,1.6889822873622506e-12
lam0.60,198,1.1968238241844789,ok,6.0790252685546875,6.63047394766636e-12
lam0.60,199,1.1699724372925584,ok,6.1138153076171875,2.906279439329751e-09
lam0.60,200,1.1758533730359604,ok,6.1174774169921875,1.3192447134713348e-10
lam0.60,201,1.3429071669566661,ok,6.1142730712890625,3.713451768305731e-10
lam0.60,202,1.3737057563015538,ok,6.1302947998046875,9.992007221626409e-15
lam0.60,203,1.1711131798216483,ok,6.0950469970703125,1.9917401061775308e-13
lam0.60,205,1.1570428018565817,tilt_failed,,
lam0.60,206,1.213185281735262,ok,6.1408233642578125,9.829692615426211e-11
lam0.60,207,1.454830958553857,ok,6.0845184326171875,5.011820736200434e-09
lam0.60,208,1.1445793727955857,tilt_failed,,
lam0.60,209,1.3594724772282145,ok,6.1334991455078125,2.1316282072803006e-14
lam0.60,210,1.3993969673684326,ok,6.1009979248046875,1.3624412709134504e-10
lam0.60,211,1.3193362365046746,ok,6.1197662353515625,5.773159728050814e-15
lam0.60,212,1.0923587376044432,tilt_failed,,
lam0.60,213,1.5349021026957292,ok,6.1371612548828125,2.220446049250313e-16
lam0.60,214,1.6340348762511054,ok,6.1225128173828125,1.5543122344752192e-15
lam0.60,215,1.3310843958225347,ok,6.1124420166015625,5.060396546241464e-13
lam0.60,216,1.3707452381475895,ok,6.0932159423828125,2.297628753922254e-11
lam0.60,217,1.166656266846943,ok,6.1367034912109375,2.144404431803082e-09
lam0.60,219,1.1421813151806643,tilt_failed,,
lam0.60,220,1.2892005959333244,ok,6.1106109619140625,1.3322676295501878e-15
lam0.60,221,1.1354651202569948,tilt_failed,,
lam0.60,222,1.6637425118184814,ok,6.1257171630859375,2.8109514715879413e-11
lam0.60,223,1.0834378978178483,tilt_failed,,
lam0.60,224,1.639569113494013,ok,6.0822296142578125,2.1983015408011397e-10
lam0.60,225,1.192358197028064,ok,6.1243438720703125,2.37879493880655e-09
lam0.60,226,1.2700329486781816,ok,6.1060333251953125,3.7991831902672857e-13
lam0.60,227,1.2446412551586832,ok,6.1330413818359375,2.166378187951068e-11
lam0.60,228,1.2234945806695061,ok,6.1000823974609375,4.881650639276813e-13
lam0.60,229,1.3120751034636033,ok,6.1215972900390625,1.0369483049998962e-13
lam0.60,230,1.297968233710469,ok,6.1009979248046875,7.327471962526033e-15
lam0.60,231,1.4521294238640576,ok,6.1188507080078125,9.9253938401489e-14
lam0.60,232,1.3388972283626686,ok,6.1087799072265625,1.210305189403016e-10
lam0.60,233,1.2294966337985014,ok,6.1096954345703125,7.815970093361102e-14
lam0.60,234,1.3367577334805303,ok,6.1119842529296875,2.220446049250313e-16
lam0.60,235,1.3456178525399523,ok,6.1119842529296875,1.9481749546912397e-11
lam0.60,236,1.5347393946965364,ok,6.1101531982421875,4.07660571966062e-10
lam0.60,237,1.372552847769868,ok,6.1609649658203125,3.5726976932437537e-12
lam0.60,238,1.2078153338483466,ok,6.1394500732421875,8.634994941303376e-10
lam0.60,239,1.136799695865502,tilt_failed,,
lam0.60,240,1.2336936226850275,ok,6.1170196533203125,6.078693104427657e-12
lam0.60,241,1.3908392611094291,ok,6.1348724365234375,6.682432385218817e-13
lam0.60,242,1.1380664305711543,tilt_failed,,
lam0.60,243,1.4565967152004817,ok,6.1225128173828125,4.440892098500626e-16
lam0.60,244,1.548177238737785,ok,6.1261749267578125,2.722044811775959e-12
lam0.60,245,1.0806266280165349,tilt_failed,,
lam0.60,246,1.680666722983827,ok,6.1165618896484375,1.1313914249910795e-09
lam0.60,247,1.6023410315738542,ok,6.1495208740234375,2.220446049250313e-15
lam0.60,248,1.280188717801789,ok,6.1005401611328125,2.9243207855245146e-10
lam0.60,249,1.1619572733578234,ok,6.0968780517578125,1.0714347742357688e-08
lam0.60,250,1.6241687379889747,ok,6.1138153076171875,2.220446049250313e-16
lam0.60,251,1.407138046146224,ok,6.1000823974609375,2.220446049250313e-15
lam0.60,252,1.1634444275069369,ok,6.1115264892578125,5.81756864903582e-14
lam0.60,253,1.145372048940466,ok,6.1389923095703125,1.456901266294608e-11
lam0.60,254,1.2480675339326317,ok,6.1087799072265625,5.0397908069044206e-11
lam0.60,255,1.3171597627074,ok,6.1092376708984375,3.656386304839998e-11
lam0.60,256,1.3561775969891958,ok,6.1682891845703125,1.5553802690249086e-10
lam0.60,257,1.2394352500850188,ok,6.0918426513671875,7.763915066405502e-10
lam0.60,258,1.637894953676489,ok,6.1078643798828125,3.4768004031349165e-09
lam0.60,259,1.5415246566853025,ok,6.1426544189453125,2.042810365310288e-14
lam0.60,260,1.1629476523510323,ok,6.0950469970703125,1.6275869541004795e-13
lam0.60,261,1.0955162848962736,tilt_failed,,
lam0.60,262,1.0975952055705966,tilt_failed,,
lam0.60,263,1.4034793707473983,ok,6.1312103271484375,1.2303491558895985e-12
lam0.60,264,1.1781617188091416,ok,6.0877227783203125,4.533606490220166e-09
lam0.60,265,1.390207366972563,ok,6.1151885986328125,8.698577413923658e-10
lam0.60,266,1.1866622396078235,ok,6.1334991455078125,6.832312493543213e-13
lam0.60,267,1.1944758847773556,ok,6.1110687255859375,4.550286814009041e-09
lam0.60,268,1.2652190542882067,ok,6.1115264892578125,3.2206459721351166e-11
lam0.60,269,1.4254635342071718,ok,6.1325836181640625,1.9900703307484946e-09
lam0.60,270,1.343134553718497,ok,6.1119842529296875,2.731148640577885e-14
lam0.60,271,1.3767236353889774,ok,6.1280059814453125,4.0699665859733614e-11
lam0.60,272,1.1123357058084111,ok,6.1463165283203125,1.254552017826427e-13
lam0.60,273,1.4168121091716548,ok,6.1087799072265625,9.598988270909103e-13
lam0.60,274,1.5026162195969461,ok,6.1174774169921875,1.5520917884259688e-13
lam0.60,275,1.2285917591153785,ok,6.0890960693359375,1.509903313490213e-14
lam0.60,276,1.2002689769020587,ok,6.0913848876953125,1.2204648403013607e-10
lam0.60,277,1.302667296554906,ok,6.1325836181640625,1.3322676295501878e-15
lam0.60,278,1.4852332540144135,ok,6.1577606201171875,4.8860249179938364e-11
lam0.60,279,1.3858827829562197,ok,6.1307525634765625,8.615330671091215e-14
lam0.60,280,1.2044967441274137,ok,6.1069488525390625,6.203593194697987e-12
lam0.60,281,1.238996724981717,ok,6.1106109619140625,9.075185047890955e-12
lam0.60,282,1.2101433517951088,ok,6.0950469970703125,7.135736446173269e-11
lam0.60,283,1.160886390548463,ok,6.1449432373046875,9.026113190202523e-14
lam0.60,284,1.0712993897941343,tilt_failed,,
lam0.60,286,1.147957650854384,ok,6.1243438720703125,1.2785883463095615e-11
lam0.60,287,1.3506629482712298,ok,6.1092376708984375,5.2589044230444415e-12
lam0.60,288,1.3733169691241391,ok,6.1119842529296875,3.6637359812630166e-15
lam0.60,289,1.1352000177616108,tilt_failed,,
lam0.60,291,1.3762486528236826,ok,6.1248016357421875,1.6654455592401973e-11
lam0.60,292,1.1922451821724587,ok,6.1037445068359375,3.397282455352979e-13
lam0.60,293,1.1904444218079908,ok,6.1078643798828125,9.945377854592152e-13
lam0.60,294,1.149568554521543,tilt_failed,,
lam0.60,295,1.0830228085601892,tilt_failed,,
lam0.60,296,1.6428727676551007,ok,6.2314605712890625,4.4353409833775004e-13
lam0.60,297,1.3153787662995995,ok,6.1147308349609375,5.444755757366693e-12
lam0.60,298,1.546156860171355,ok,6.1339569091796875,3.552713678800501e-15
lam0.60,299,1.1303484304213467,tilt_failed,,
lam0.60,300,1.1358105762881288,tilt_failed,,
lam0.60,301,1.1203710110134675,tilt_failed,,
lam0.60,302,1.1659907139018306,ok,6.1014556884765625,2.483568906086475e-13
lam0.60,303,1.2387421296396957,ok,6.0817718505859375,2.3731925313796864e-09
lam0.60,304,1.2173154420689452,ok,6.1678314208984375,3.801492454158506e-10
lam0.60,305,1.1558965557084193,tilt_failed,,
lam0.60,306,1.8258196744662636,ok,6.1147308349609375,2.530642362330582e-12
lam0.60,307,1.1436358108272733,tilt_failed,,
lam0.60,308,1.1480605101444028,tilt_failed,,
lam0.60,309,1.1982749686549095,ok,6.1737823486328125,1.1102230246251565e-15
lam0.60,310,1.6516077338534148,ok,6.1133575439453125,1.0653786741698923e-09
lam0.60,311,1.3152829920740927,ok,6.1060333251953125,4.4164671919588727e-13
lam0.60,312,1.1979141060348635,ok,6.0955047607421875,6.307596667198823e-10
lam0.60,313,1.172221976858001,ok,6.1009979248046875,1.2012986161380468e-09
lam0.60,314,1.0918696604343066,tilt_failed,,
lam0.60,315,1.1608814571758115,ok,6.1023712158203125,5.35504973697698e-12
lam0.60,316,1.3487329521883222,ok,6.1266326904296875,6.241605010615103e-10
lam0.60,317,1.4330893558471474,ok,6.1092376708984375,4.60875781982395e-12
lam0.60,318,1.5619313928759844,ok,6.1014556884765625,1.6513235223669653e-11
lam0.60,319,1.2982022868066938,ok,6.0895538330078125,6.844671496253341e-10
lam0.60,320,1.166710430208393,ok,6.0932159423828125,2.5655033653038117e-12
lam0.60,321,1.21604499153276,ok,6.1147308349609375,1.2000047622251486e-09
lam0.60,322,1.2660816659977676,ok,6.1380767822265625,1.9630741476817093e-11
lam0.60,323,1.20467944867305,ok,6.1005401611328125,2.1228796498462543e-11
lam0.60,324,1.1284486720638658,tilt_failed,,
lam0.60,325,1.1507006662044919,tilt_failed,,
lam0.60,326,1.2148807908770896,ok,6.1156463623046875,1.5543122344752192e-15
lam0.60,327,1.1862481748963218,ok,6.0877227783203125,6.881939462743958e-12
lam0.60,328,1.4049626379081834,ok,6.0845184326171875,1.0860201626883281e-12
lam0.60,329,1.2341072324353346,ok,6.1417388916015625,1.2989609388114332e-14
lam0.60,330,1.1535173273721693,tilt_failed,,
lam0.60,331,1.1367278057719827,tilt_failed,,
lam0.60,332,1.076155895798754,tilt_failed,,
lam0.60,333,1.189435567980418,ok,6.0941314697265625,3.1326030658362924e-10
lam0.60,334,1.1108768669256595,tilt_failed,,
lam0.60,335,1.3687987337976693,ok,6.0831451416015625,1.1102230246251565e-15
lam0.60,336,1.2672968510267717,ok,6.1463165283203125,1.2780132507828057e-10
lam0.60,337,1.2260974915502865,ok,6.0831451416015625,1.4654943925052066e-14
lam0.60,338,1.1506847238368165,tilt_failed,,
lam0.60,339,1.1087154827616823,tilt_failed,,
lam0.60,340,1.1215601641597521,tilt_failed,,
lam0.60,342,1.1794689713014943,ok,6.0987091064453125,1.604602006821665e-10
lam0.60,343,1.2773082776931366,ok,6.1595916748046875,3.3306690738754696e-16
lam0.60,344,1.0860828738982202,tilt_failed,,
lam0.60,345,1.1228328194471267,tilt_failed,,
lam0.60,346,1.1417771517915833,tilt_failed,,
lam0.60,347,1.0699845842885711,tilt_failed,,
lam0.60,348,1.058250336694259,tilt_failed,,
lam0.60,349,1.1911417433598366,ok,6.1618804931640625,1.2101430968414206e-13
lam0.60,350,1.1126864450648384,tilt_failed,,
lam0.60,351,1.2296345688578563,ok,6.0913848876953125,1.339369726238715e-10
lam0.60,352,1.2833141131667836,ok,6.1760711669921875,1.4293430883327574e-09
lam0.60,353,1.1213262395890362,ok,6.1577606201171875,5.995204332975845e-15
lam0.60,354,1.265572794823797,ok,6.0950469970703125,2.0736745653948674e-12
lam0.60,355,1.2629755899473643,ok,6.1188507080078125,9.408651635567367e-11
lam0.60,356,1.2253059371390322,ok,6.1540985107421875,1.4039721607517208e-09
lam0.60,357,1.62683960160354,ok,6.1078643798828125,1.3333518733560368e-09
lam0.60,358,1.2735506324126102,ok,6.1257171630859375,9.548584145591121e-12
lam0.60,359,1.1617670934855173,ok,6.0991668701171875,8.069100942975638e-13
lam0.60,360,1.4385159754291021,ok,6.1225128173828125,5.2735593669694936e-14
lam0.60,361,1.126003105324922,tilt_failed,,
lam0.60,362,1.2041685366719816,ok,6.1092376708984375,1.1428153978698674e-09
lam0.60,363,1.341297163318002,ok,6.1454010009765625,1.3211653993039363e-14
lam0.60,364,1.1151571200865276,tilt_failed,,
lam0.60,365,1.282355370779571,ok,6.1069488525390625,1.8023360581764791e-12
lam0.60,366,1.0990796052451637,tilt_failed,,
lam0.60,367,1.2983283167696047,ok,6.1133575439453125,3.383293645242702e-12
lam0.60,368,1.1527496212107444,ok,6.1133575439453125,1.685906969584039e-11
lam0.60,369,1.1350161946535426,tilt_failed,,
lam0.60,370,1.6170668568800564,ok,6.0803985595703125,1.9479506896402654e-10
lam0.60,371,1.3892441979490942,ok,6.1623382568359375,2.3869795029440866e-14
lam0.60,372,1.1976943296553733,ok,6.0808563232421875,5.540012892879531e-13
lam0.60,373,1.1401772786987514,ok,6.1421966552734375,6.216447356877097e-10
lam0.60,374,1.060784695715523,tilt_failed,,
lam0.60,375,3.0581518403717918,ok,6.3349151611328125,4.440892098500626e-16
lam0.60,376,1.4309905800329736,ok,6.1357879638671875,2.318678582469147e-11
lam0.60,377,1.1250873382301165,tilt_failed,,
lam0.60,378,1.2752228066140243,ok,6.1078643798828125,7.771561172376096e-15
lam0.60,379,1.062726014870776,tilt_failed,,
lam0.60,380,1.6884703933567151,ok,6.1156463623046875,1.3100631690576847e-14
lam0.60,381,2.194805806759194,ok,6.2575531005859375,4.440892098500626e-15
lam0.60,382,1.335952112571216,ok,6.1215972900390625,2.2719159886719353e-11
lam0.60,383,1.2506175753824262,ok,6.1394500732421875,2.2074364558477555e-10
lam0.60,384,1.2076858355504752,ok,6.0973358154296875,1.2876160138119985e-09
lam0.60,385,1.2493459645091587,ok,6.1280059814453125,4.6629367034256575e-15
lam0.60,386,1.1589997043852054,ok,6.1087799072265625,5.329070518200751e-15
lam0.60,387,1.244557352503501,ok,6.1641693115234375,2.2737367544323206e-13
lam0.60,388,1.443703752679078,ok,6.0927581787109375,1.0214695755905723e-10
lam0.60,389,1.280235817579214,ok,6.1014556884765625,1.7956747200287282e-12
lam0.60,390,1.4346304650873953,ok,6.1870574951171875,2.5537127967822926e-10
lam0.60,391,1.4507604650236898,ok,6.1962127685546875,2.886579864025407e-14
lam0.60,392,1.2524885068141338,ok,6.0909271240234375,5.0817128283142665e-11
lam0.60,393,1.2425825175964484,ok,6.1074066162109375,4.107680862119878e-11
lam0.60,394,1.1501490379880381,tilt_failed,,
lam0.60,395,1.1849833024421326,ok,6.0977935791015625,5.129230373768223e-14
lam0.60,396,1.0772152675790791,tilt_failed,,
lam0.60,397,1.2087061825225405,ok,6.1009979248046875,3.3306690738754696e-16
lam0.60,398,1.1462464293265513,ok,6.1687469482421875,2.830802259268239e-11
lam0.60,399,1.3382816579563726,ok,6.1307525634765625,2.7260615986790526e-10
lam0.60,400,1.251848147275931,ok,6.0927581787109375,6.613598557692058e-13
lam0.60,401,1.1570990566039872,ok,6.1028289794921875,1.4789841573659146e-09
lam0.60,402,1.1421309306183856,tilt_failed,,
lam0.60,403,1.4433773730875004,ok,6.1055755615234375,2.657873920952625e-13
lam0.60,404,1.0354218994671103,tilt_failed,,
lam0.60,405,1.0861188873526317,tilt_failed,,
lam0.60,406,1.3852308132637576,ok,6.1051177978515625,2.3267765492107628e-10
lam0.60,407,1.2139245009429938,ok,6.1316680908203125,1.4680181514847845e-09
lam0.60,408,1.0722434142159927,tilt_failed,,
lam0.60,409,1.225654413129631,ok,6.0987091064453125,1.0144107776000055e-12
lam0.60,410,1.2967234231405809,ok,6.1650848388671875,1.2545520178264269e-14
lam0.60,411,1.629279840195662,ok,6.1193084716796875,6.128431095930864e-14
lam0.60,412,1.2810387463453972,ok,6.1087799072265625,8.881784197001252e-16
lam0.60,413,1.2265862456647345,ok,6.0936737060546875,9.95759030786303e-13
lam0.60,414,1.2210204093548858,ok,6.1925506591796875,4.440892098500626e-16
lam0.60,415,1.5184719871753591,ok,6.0973358154296875,2.248805808235943e-09
lam0.60,416,1.2722859334916767,ok,6.0973358154296875,1.7763568394002505e-15
lam0.60,417,1.2274538988264538,ok,6.0977935791015625,8.215650382226158e-15
lam0.60,418,1.3000115511531272,ok,6.1371612548828125,2.220446049250313e-16
lam0.60,419,1.230501234521634,ok,6.1531829833984375,7.942098090296668e-10
lam0.60,420,1.1476294123051554,ok,6.1257171630859375,2.476019389519024e-12
lam0.60,421,1.355494102632078,ok,6.1367034912109375,1.8207657603852567e-14
lam0.60,422,1.1348860006354347,tilt_failed,,
lam0.60,423,1.4870029114220686,ok,6.0973358154296875,2.944311461305915e-13
lam0.60,424,1.259555766456639,ok,6.0945892333984375,2.991751291148148e-10
lam0.60,425,1.1382302712731849,tilt_failed,,
lam0.60,426,1.2079215767347853,ok,6.0890960693359375,2.2797916887640213e-09
lam0.60,427,1.1228121522925916,tilt_failed,,
lam0.60,428,1.091789680613647,tilt_failed,,
lam0.60,429,1.464779374919387,ok,6.1325836181640625,2.220446049250313e-16
lam0.60,430,1.2473595095250318,ok,6.0932159423828125,8.708287091430122e-09
lam0.60,431,1.1313028508273888,tilt_failed,,
lam0.60,432,1.5646356321412305,ok,6.1408233642578125,7.762235298969244e-12
lam0.60,433,1.364212406378156,ok,6.1119842529296875,1.3988810110276972e-14
lam0.60,434,1.0792536448618566,tilt_failed,,
lam0.60,435,1.7627691213210244,ok,6.1573028564453125,3.3306690738754696e-16
lam0.60,436,1.282370572736658,ok,6.0955047607421875,5.630562682767959e-11
lam0.60,437,1.1825567466401468,ok,6.0991668701171875,1.773026170326375e-13
lam0.60,438,1.079207962602121,tilt_failed,,
lam0.60,439,1.2426391522277007,ok,6.0927581787109375,2.6514124229493063e-11
lam0.60,440,1.088967398875207,tilt_failed,,
lam0.60,441,1.141053082360812,tilt_failed,,
lam0.60,442,1.115629503130851,tilt_failed,,
lam0.60,443,1.5270861343720454,ok,6.0680389404296875,5.213429687955795e-11
lam0.60,444,1.1603186907265326,ok,6.1074066162109375,9.947598300641403e-14
lam0.60,445,1.0731749302895968,tilt_failed,,
lam0.60,446,1.19538450607341,ok,6.0836029052734375,4.5075054799781356e-14
lam0.60,447,1.334275663041531,ok,6.1476898193359375,2.311484337269576e-13
lam0.60,448,1.2120314513289339,ok,6.0932159423828125,6.661338147750939e-16
lam0.60,449,1.384121343184289,ok,6.1330413818359375,2.220446049250313e-16
lam0.60,450,1.2299074987706504,ok,6.0872650146484375,7.456035788777626e-12
lam0.60,451,1.11669371530544,tilt_failed,,
lam0.60,452,1.205638357790363,ok,6.0950469970703125,4.1226628777479846e-09
lam0.60,453,1.1321974221347502,tilt_failed,,
lam0.60,454,1.359268164606965,ok,6.1042022705078125,8.837708342923634e-11
lam0.60,455,1.1165295419048638,tilt_failed,,
lam0.60,456,1.055208231200321,tilt_failed,,
lam0.60,457,1.0850011837940292,tilt_failed,,
lam0.60,458,1.1525242334089403,tilt_failed,,
lam0.60,459,1.0470985878998593,tilt_failed,,
lam0.60,460,1.2308036101152342,ok,6.1060333251953125,1.2212453270876722e-14
lam0.60,461,1.5920860236703889,ok,6.1673736572265625,4.440892098500626e-16
lam0.60,462,1.3854258155490178,ok,6.1385345458984375,4.440892098500626e-16
lam0.60,463,1.0849593328569764,tilt_failed,,
lam0.60,464,1.0700449619782797,tilt_failed,,
lam0.60,465,1.0275174753837455,tilt_failed,,
lam0.60,466,1.1346531946558909,tilt_failed,,
lam0.60,468,1.1318368862184758,tilt_failed,,
lam0.60,469,1.2095694293509318,ok,6.1215972900390625,1.1725576065657606e-10
lam0.60,470,1.5779870702348844,ok,6.0717010498046875,2.886579864025407e-15
lam0.60,471,1.0261788586800569,tilt_failed,,
lam0.60,472,1.1561157514912712,tilt_failed,,
lam0.60,473,1.6059346508109438,ok,6.1573028564453125,7.462919171530302e-13
lam0.60,474,1.466418119016077,ok,6.1005401611328125,9.261480471423056e-13
lam0.60,475,1.2483124062073767,ok,6.1229705810546875,6.910028105266974e-13
lam0.60,476,1.1323394191215936,tilt_failed,,
lam0.60,477,1.1157744171183464,tilt_failed,,
lam0.60,478,1.0963608390268098,tilt_failed,,
lam0.60,479,1.1736471207353616,ok,6.0945892333984375,9.026113190202523e-14
lam0.60,480,1.1117976181579046,ok,6.1408233642578125,2.9731772599461692e-12
lam0.60,481,1.3531850996477426,ok,6.0941314697265625,1.9024914976739637e-10
lam0.60,482,1.2741120260892569,ok,6.1344146728515625,9.992007221626409e-16
lam0.60,483,1.038157275269428,tilt_failed,,
lam0.60,484,1.3049020289038429,ok,6.1275482177734375,2.1420567541952096e-09
lam0.60,485,1.5024110348762156,ok,6.1408233642578125,4.827604982438061e-11
lam0.60,486,1.0681606550782332,tilt_failed,,
lam0.60,487,1.1638296211943198,ok,6.1032867431640625,2.9554136915521667e-13
lam0.60,488,1.2335539301771752,ok,6.0753631591796875,1.887379141862766e-15
lam0.60,489,1.0972661620780213,tilt_failed,,
lam0.60,491,1.2202170726462003,ok,6.1229705810546875,3.6620126930841934e-09
lam0.60,492,1.1300116197049772,tilt_failed,,
lam0.60,493,1.0480165379512054,tilt_failed,,
lam0.60,494,1.1551438206204423,ok,6.1376190185546875,1.0447198661722723e-13
lam0.60,495,1.5730292257311251,ok,6.1284637451171875,8.181233468462779e-12
lam0.60,496,1.074112088120181,tilt_failed,,
lam0.60,497,1.0608326288277128,tilt_failed,,
lam0.60,498,1.0502508991900386,tilt_failed,,
lam0.60,499,1.036143690153636,tilt_failed,,
lam0.60,500,1.0860823441511978,tilt_failed,,
lam0.60,501,1.2897122051975274,ok,6.0886383056640625,1.6765662191886577e-09
lam0.60,502,1.3294383485105485,ok,6.1069488525390625,3.5060843117662444e-13
lam0.60,503,1.126419953921828,tilt_failed,,
lam0.60,504,1.084408160751736,tilt_failed,,
lam0.60,505,1.068016751025833,tilt_failed,,
lam0.60,506,1.0842426831675613,tilt_failed,,
lam0.60,507,1.3625354729752437,ok,6.1302947998046875,5.6561422212553225e-12
lam0.60,508,1.3992882063128023,ok,6.1234283447265625,2.4301161083428724e-10
lam0.60,509,1.0920591622104803,tilt_failed,,
lam0.60,510,1.281007085547604,ok,6.1019134521484375,1.2480310118689886e-09
lam0.60,511,1.3940162954417472,ok,6.0813140869140625,3.9683811792201595e-12
lam0.60,512,1.028004033590029,tilt_failed,,
lam0.60,513,1.0754531338532665,tilt_failed,,
lam0.60,514,1.1290047319323775,tilt_failed,,
lam0.60,515,1.1540961103684013,tilt_failed,,
lam0.60,516,1.0732988848754477,tilt_failed,,
lam0.60,517,2.552750373497472,ok,6.3024139404296875,2.0883295093199195e-13
lam0.60,518,1.207599905396106,ok,6.1037445068359375,5.706790595638722e-11
lam0.60,519,1.2131314543922447,ok,6.2154388427734375,7.457057193960281e-11
lam0.60,520,1.0395397254286556,tilt_failed,,
lam0.60,521,1.207242111858359,ok,6.1087799072265625,1.1260126164813755e-10
lam0.60,522,1.5948177636208922,ok,6.2287139892578125,1.4432899320127035e-15
lam0.60,523,1.3898149719830528,ok,6.1385345458984375,4.5175641005812395e-11
lam0.60,524,1.1620048108236,ok,6.1019134521484375,3.6703973194107675e-13
lam0.60,525,1.1119655104691213,tilt_failed,,
lam0.60,526,1.0638306187470297,tilt_failed,,
lam0.60,527,1.161646340928487,ok,6.1046600341796875,3.7192471324942744e-14
lam0.60,528,1.053579142661157,tilt_failed,,
lam0.60,529,1.3579125363916082,ok,6.1499786376953125,6.217248937900877e-15
lam0.60,530,1.1953578692528664,ok,6.1060333251953125,1.0323408794477018e-11
lam0.60,531,1.2953720770768213,ok,6.1321258544921875,2.4513724383723456e-13
lam0.60,532,1.2254043502917111,ok,6.1495208740234375,6.216684944604367e-10
lam0.60,533,1.10342514216843,tilt_failed,,
lam0.60,534,1.0419312588201404,tilt_failed,,
lam0.60,535,1.1213214887456953,tilt_failed,,
lam0.60,536,1.3334181003682204,ok,6.1454010009765625,7.172040739078511e-13
lam0.60,537,1.1916521869498526,ok,6.1115264892578125,1.7763568394002505e-15
lam0.60,538,1.0906362882662763,tilt_failed,,
lam0.60,539,1.482813276329974,ok,6.1399078369140625,1.0945544470786217e-09
lam0.60,540,1.07145714671719,tilt_failed,,
lam0.60,541,1.3281704825123353,ok,6.0918426513671875,5.049294315995212e-13
lam0.60,542,1.1450576885672918,ok,6.1371612548828125,2.0337065365083618e-12
lam0.60,543,1.3428091909843654,ok,6.1087799072265625,3.133907577890227e-10
lam0.60,544,1.1190120836294777,tilt_failed,,
lam0.60,545,1.5559622718193424,ok,6.1252593994140625,5.362155164334581e-12
lam0.60,546,1.2035695009052403,ok,6.1151885986328125,3.3801639265362837e-10
lam0.60,547,1.1069042659343584,tilt_failed,,
lam0.60,548,1.1702734019716694,ok,6.0950469970703125,1.0110882464609006e-08
lam0.60,549,1.3640783577535511,ok,6.1009979248046875,8.881784197001252e-16
lam0.60,550,1.2579637141341493,ok,6.1275482177734375,1.231010848812275e-10
lam0.60,551,1.1458396537656301,tilt_failed,,
lam0.60,552,1.3127582868646086,ok,6.1508941650390625,1.8351986597053838e-13
lam0.60,553,1.1533645364784628,ok,6.1225128173828125,1.887379141862766e-15
lam0.60,554,1.084671925685571,tilt_failed,,
lam0.60,555,1.0643603212308335,tilt_failed,,
lam0.60,556,1.0425286930831037,tilt_failed,,
lam0.60,557,1.0620238054284048,tilt_failed,,
lam0.60,558,1.1908478712611241,ok,6.0872650146484375,2.000621890374532e-13
lam0.60,559,1.2926455505764893,ok,6.1367034912109375,4.440892098500626e-16
lam0.60,560,1.2289021169568826,ok,6.1421966552734375,8.881784197001252e-16
lam0.60,561,1.0565281907190043,tilt_failed,,
lam0.60,562,1.0504659159101686,tilt_failed,,
lam0.60,563,1.5592580295757577,ok,6.1083221435546875,5.0560666764454254e-11
lam0.60,564,1.2228748677795211,ok,6.1161041259765625,6.542917319052322e-10
lam0.60,565,1.1516596580595817,tilt_failed,,
lam0.60,566,1.2629731761539318,ok,6.1069488525390625,5.032512184754978e-10
lam0.60,567,1.1452085085050603,tilt_failed,,
lam0.60,568,1.3628011950194494,ok,6.1307525634765625,1.3766765505351941e-12
lam0.60,569,1.4058367581909883,ok,6.0973358154296875,1.6964207816272392e-13
lam0.60,570,1.2754255202963283,ok,6.1179351806640625,4.4334536042356376e-11
lam0.60,571,1.2449289984344638,ok,6.1115264892578125,5.760159016432453e-10
lam0.60,572,1.1195291822920295,tilt_failed,,
lam0.60,573,1.0893441989326447,tilt_failed,,
lam0.60,574,1.127657972110392,tilt_failed,,
lam0.60,575,1.2345442914765088,ok,6.0945892333984375,5.555556015224283e-12
lam0.60,576,1.4340606211930524,ok,6.0799407958984375,2.220446049250313e-16
lam0.60,577,1.6602213334994511,ok,6.2191009521484375,7.343345931332124e-10
lam0.60,578,1.0847023047820183,tilt_failed,,
lam0.60,579,1.111259314048245,tilt_failed,,
lam0.60,580,1.1000405541497054,tilt_failed,,
lam0.60,581,1.201168334522767,ok,6.1037445068359375,2.9768409959274322e-12
lam0.60,582,1.2244756908659498,ok,6.1037445068359375,6.661338147750939e-16
lam0.60,583,1.0470732876328228,tilt_failed,,
lam0.60,584,1.1634785711065403,tilt_failed,,
lam0.60,585,1.5604574008513528,ok,6.2012481689453125,4.112044038606655e-12
lam0.60,586,1.4024922045067219,ok,6.1344146728515625,4.3520742565306136e-14
lam0.60,587,1.126071575809924,tilt_failed,,
lam0.60,588,1.5116118118963864,ok,6.1257171630859375,4.68292071786891e-13
lam0.60,589,1.0921434205919514,tilt_failed,,
lam0.60,590,1.1317148948873987,tilt_failed,,
lam0.60,591,1.215493972786655,ok,6.1151885986328125,6.391178697384703e-10
lam0.60,592,1.4333685868964163,ok,6.1531829833984375,6.661338147750939e-16
lam0.60,593,1.153969392702866,ok,6.1101531982421875,1.5446532941609803e-11
lam0.60,594,1.1201904677318644,tilt_failed,,
lam0.60,595,1.1108004815198855,tilt_failed,,
lam0.60,596,1.598968454006404,ok,6.1573028564453125,1.0229375124737317e-09
lam0.60,597,1.1653368917721894,ok,6.0964202880859375,4.773959005888173e-13
lam0.60,598,1.0668108099770908,tilt_failed,,
lam0.60,599,1.2880755585137602,ok,6.0684967041015625,3.785860513971784e-14
lam0.60,600,1.0518435470435687,tilt_failed,,
lam0.60,601,1.1634299095579057,ok,6.1472320556640625,3.100852907778062e-13
lam0.60,602,1.0708559786703797,tilt_failed,,
lam0.60,603,1.267706736756795,ok,6.1179351806640625,2.3202106902431296e-11
lam0.60,604,1.075003899929044,tilt_failed,,
lam0.60,605,1.1267107802498304,tilt_failed,,
lam0.60,606,1.080174280003938,tilt_failed,,
lam0.60,607,1.1174987870622635,tilt_failed,,
lam0.60,608,1.0324524330012739,tilt_failed,,
lam0.60,609,1.0969438634781392,tilt_failed,,
lam0.60,610,1.038968298693158,tilt_failed,,
lam0.60,611,1.1816142439104695,ok,6.1165618896484375,1.4654943925052066e-14
lam0.60,612,1.2446131482306675,ok,6.1238861083984375,1.886135692075186e-11
lam0.60,613,1.2674343291754524,ok,6.1307525634765625,2.872369009310205e-12
lam0.60,614,1.308657603913992,ok,6.1032867431640625,5.839773109528323e-14
lam0.60,615,1.2067154655634993,ok,6.1174774169921875,2.2572399505094154e-10
lam0.60,616,1.3209555141205536,ok,6.1128997802734375,1.6259487090053426e-09
lam0.60,617,1.1613872662236318,tilt_failed,,
lam0.60,618,1.3333217814419691,ok,6.1174774169921875,2.862488024391041e-11
lam0.60,619,1.2123112821016597,ok,6.0813140869140625,2.457656300691724e-11
lam0.60,620,1.1571634233029482,tilt_failed,,
lam0.60,621,1.1107861740245868,tilt_failed,,
lam0.60,622,1.189229986348954,ok,6.1421966552734375,5.438538508428792e-12
lam0.60,623,1.1065458071595184,tilt_failed,,
lam0.60,624,1.5427943384390168,ok,6.1463165283203125,1.3991885428055184e-10
lam0.60,625,1.194888263492166,ok,6.2140655517578125,9.994316485517629e-11
lam0.60,626,1.1304261135410982,tilt_failed,,
lam0.60,627,1.1285293684186026,tilt_failed,,
lam0.60,628,1.064765498937828,tilt_failed,,
lam0.60,629,1.0942427915594057,tilt_failed,,
lam0.60,630,1.3228530138509245,ok,6.1115264892578125,1.6653345369377348e-15
lam0.60,631,1.5058878697718867,ok,6.1019134521484375,2.220446049250313e-16
lam0.60,632,1.204551130844791,ok,6.1142730712890625,1.4317269592112325e-09
lam0.60,633,1.3835459500754543,ok,6.0680389404296875,1.3238874441157122e-09
lam0.60,634,1.3900164560891362,ok,6.1193084716796875,1.0191847366058937e-13
lam0.60,635,1.3392843280548152,ok,6.1888885498046875,1.1102230246251565e-15
lam0.60,636,1.2430809820097486,ok,6.1032867431640625,3.4527714021237443e-11
lam0.60,637,1.1384893634974496,tilt_failed,,
lam0.60,638,1.0746514591658638,tilt_failed,,
lam0.60,639,1.5507708726571419,ok,6.1238861083984375,9.170442183403793e-14
lam0.60,640,1.1039533760307219,tilt_failed,,
lam0.60,641,1.716808061046379,ok,6.2163543701171875,2.0903279107642447e-12
lam0.60,642,1.15556227935999,tilt_failed,,
lam0.60,643,1.1257512319527256,tilt_failed,,
lam0.60,644,1.4381726871913751,ok,6.1623382568359375,3.3280045386163692e-12
lam0.60,645,1.1012523903786384,tilt_failed,,
lam0.60,646,1.2754611503402158,ok,6.1554718017578125,5.111133738466833e-12
lam0.60,647,1.1300563841728593,tilt_failed,,
lam0.60,648,1.1963245022016702,ok,6.1270904541015625,2.2299939672620894e-12
lam0.60,649,1.0656406908046188,tilt_failed,,
lam0.60,650,2.171150857033295,ok,6.3005828857421875,2.7755575615628914e-15
lam0.60,651,1.185311113838804,ok,6.1060333251953125,4.3520742565306136e-14
lam0.60,652,1.124733224716892,tilt_failed,,
lam0.60,653,1.0708683112253563,tilt_failed,,
lam0.60,654,1.0815223431623415,tilt_failed,,
lam0.60,655,1.2860278815882444,ok,6.1106109619140625,2.220446049250313e-16
lam0.60,657,1.119462564835952,tilt_failed,,
lam0.60,658,1.1010592881706607,tilt_failed,,
lam0.60,659,1.3572512400163907,ok,6.1609649658203125,7.656473233197403e-10
lam0.60,660,1.1724010134359886,ok,6.1060333251953125,7.593925488436071e-14
lam0.60,661,1.1827772243151622,ok,6.0945892333984375,4.483080573436382e-13
lam0.60,662,1.0910184168514014,tilt_failed,,
lam0.60,663,1.0656478952176092,tilt_failed,,
lam0.60,664,1.144183317283355,tilt_failed,,
lam0.60,665,1.7602510401913272,tilt_failed,,
lam0.60,666,1.1401459351239513,tilt_failed,,
lam0.60,667,1.2263612534549424,ok,6.1637115478515625,7.801281842745311e-10
lam0.60,668,1.2798428607989982,ok,6.1499786376953125,6.056508627949597e-10
lam0.60,669,1.085232482929601,tilt_failed,,
lam0.60,670,1.0554452661745461,tilt_failed,,
lam0.60,671,1.652046949029803,ok,6.3111114501953125,4.519495888644087e-12
lam0.60,672,1.2416838277420752,ok,6.0932159423828125,2.8965718712470334e-12
lam0.60,673,1.2781876051672627,ok,6.1357879638671875,1.921885317557326e-09
lam0.60,674,1.207933389330646,ok,6.0909271240234375,1.478516642450245e-09
lam0.60,675,1.162111940051532,ok,6.1064910888671875,2.0710766435172445e-11
lam0.60,676,1.5211645510157898,tilt_failed,,
lam0.60,677,1.2450379848219353,ok,6.0959625244140625,3.079758670310184e-13
lam0.60,678,1.095180663218599,tilt_failed,,
lam0.60,679,1.2782766486362338,ok,6.1284637451171875,1.8045331895422123e-09
lam0.60,680,1.1024461824685508,tilt_failed,,
lam0.60,681,1.4598782889936575,ok,6.1353302001953125,3.027578188152802e-12
lam0.60,682,1.1590535694655726,ok,6.1083221435546875,4.3298697960381105e-14
lam0.60,683,1.1638297000632745,tilt_failed,,
lam0.60,684,1.3043870332739247,ok,6.1032867431640625,1.7719159473017498e-13
lam0.60,685,1.051066528212449,tilt_failed,,
lam0.60,686,1.2459973478485467,ok,6.1545562744140625,5.297984273511247e-13
lam0.60,687,1.0918641441484933,tilt_failed,,
lam0.60,688,1.1282098749277671,tilt_failed,,
lam0.60,689,1.0883580536584898,tilt_failed,,
lam0.60,690,1.098963676579011,tilt_failed,,
lam0.60,691,1.4079563797735437,ok,6.1202239990234375,4.440892098500626e-16
lam0.60,692,1.3161881356911644,ok,6.1165618896484375,3.7414515929867775e-13
lam0.60,693,1.290646694739161,ok,6.1074066162109375,5.773159728050814e-15
lam0.60,694,1.0806030528811434,tilt_failed,,
lam0.60,695,1.1980522977140051,ok,6.1444854736328125,5.230760269370194e-11
lam0.60,696,1.1309207686708938,ok,6.1426544189453125,8.745979496183054e-10
lam0.60,697,1.1128800884383643,tilt_failed,,
lam0.60,698,1.367542812801651,ok,6.1220550537109375,6.539213615042172e-14
lam0.60,699,1.3414247287486172,ok,6.1142730712890625,4.87532236803645e-11
lam0.60,700,1.0568522134567138,tilt_failed,,
lam0.60,702,1.2833093941388976,ok,6.1147308349609375,8.43769498715119e-15
lam0.60,703,1.372220349642347,ok,6.2635040283203125,3.3306690738754696e-16
lam0.60,704,1.4778370921820265,ok,6.0799407958984375,1.3956391597957918e-11
lam0.60,705,1.5750342033437736,ok,6.1174774169921875,6.88338275267597e-14
lam0.60,706,1.582210124063084,ok,6.0739898681640625,1.7763568394002505e-15
lam0.60,707,1.197854660861849,ok,6.1563873291015625,9.060974193175753e-12
lam0.60,708,1.2301303063577644,ok,6.1380767822265625,4.9960036108132044e-15
lam0.60,709,1.051692746799368,tilt_failed,,
lam0.60,710,1.1335726263737174,tilt_failed,,
lam0.60,711,1.1137075895269453,tilt_failed,,
lam0.60,712,1.356362350517843,ok,6.1220550537109375,9.549446788881255e-10
lam0.60,713,1.071347758063508,tilt_failed,,
lam0.60,714,1.2818253336298615,ok,6.1165618896484375,4.243596585240539e-10
lam0.60,715,1.1231288354600832,tilt_failed,,
lam0.60,717,1.503968082938417,ok,6.0964202880859375,1.5684209486721556e-10
lam0.60,718,1.0690242340430005,tilt_failed,,
lam0.60,719,1.207429093873524,ok,6.1454010009765625,2.5107493861753483e-10
lam0.60,720,1.0735568160580529,tilt_failed,,
lam0.60,721,1.0804971275286763,tilt_failed,,
lam0.60,722,1.1738975698696268,ok,6.1069488525390625,1.9952928198563313e-12
lam0.60,723,1.140768110589428,tilt_failed,,
lam0.60,724,1.125269066943261,tilt_failed,,
lam0.60,725,1.4202826699381992,ok,6.1426544189453125,3.1086244689504383e-15
lam0.60,726,1.202590911972875,ok,6.0977935791015625,6.669431673600457e-11
lam0.60,727,1.2024726550085851,ok,6.1060333251953125,2.51687559682523e-12
lam0.60,728,1.185661417883195,ok,6.0872650146484375,1.3169465518103607e-12
lam0.60,729,1.2561364407084632,ok,6.0886383056640625,3.5588155755661433e-09
lam0.60,730,1.0660600071307267,tilt_failed,,
lam0.60,731,1.0424240006230945,tilt_failed,,
lam0.60,732,1.409820015515751,ok,6.1728668212890625,2.079640903929203e-10
lam0.60,733,1.0726942335467955,tilt_failed,,
lam0.60,734,1.061400145447566,tilt_failed,,
lam0.60,735,1.1868461361923732,ok,6.1110687255859375,4.440892098500626e-15
lam0.60,736,1.0618319886389664,tilt_failed,,
lam0.60,737,2.17654635165504,tilt_failed,,
lam0.60,738,1.2833815855501252,ok,6.1527252197265625,1.745270594710746e-12
lam0.60,740,1.4677068654234613,tilt_failed,,
lam0.60,741,1.1044192728748767,tilt_failed,,
lam0.60,742,1.1658408473845685,ok,6.1165618896484375,1.3578027591165664e-12
lam0.60,743,1.4645744456970498,ok,6.1444854736328125,1.3022916078853086e-12
lam0.60,744,1.3952164471847102,ok,6.0840606689453125,7.535083668130937e-12
lam0.60,745,1.1263477321343236,tilt_failed,,
lam0.60,746,1.3173509635119567,ok,6.1435699462890625,2.220446049250313e-16
lam0.60,747,1.1167482788359062,tilt_failed,,
lam0.60,748,1.694493506989641,ok,6.2781524658203125,1.1102230246251565e-15
lam0.60,749,1.302262799573773,ok,6.1156463623046875,9.792167077193881e-14
lam0.60,751,1.4302325000328935,ok,6.1348724365234375,3.921820868058035e-09
lam0.60,752,1.1843795937360242,ok,6.0881805419921875,2.8177460364986473e-13
lam0.60,753,1.2467991454991594,ok,6.0826873779296875,3.907985046680551e-14
lam0.60,754,1.3084037010738316,ok,6.1046600341796875,6.027767174288101e-11
lam0.60,755,1.127904637347318,tilt_failed,,
lam0.60,756,1.1362818426184422,tilt_failed,,
lam0.60,757,1.1008023808462577,tilt_failed,,
lam0.60,758,1.3949927741481363,ok,6.1023712158203125,1.0425571517203025e-10
lam0.60,759,1.4183842994842464,ok,6.1032867431640625,3.1772051656275835e-10
lam0.60,760,1.2102611209640577,ok,6.1000823974609375,6.58178178625235e-10
lam0.60,761,1.2663314026180976,ok,6.1609649658203125,1.287928652615733e-09
lam0.60,762,1.3777321774334297,ok,6.1229705810546875,1.8207657603852567e-14
lam0.60,763,1.3051459637563458,ok,6.0973358154296875,2.521427511226193e-11
lam0.60,764,1.1478558696214831,tilt_failed,,
lam0.60,765,1.1502605178984286,tilt_failed,,
lam0.60,766,1.0838412212065316,tilt_failed,,
lam0.60,767,1.1332403717730348,tilt_failed,,
lam0.60,768,1.2320401148776585,ok,6.1128997802734375,1.1276912736946088e-10
lam0.60,769,1.2486667610503928,ok,6.1179351806640625,1.1268681543441517e-09
lam0.60,770,1.250848039528919,ok,6.0877227783203125,6.889266934706484e-12
lam0.60,771,1.3936369998261762,ok,6.1101531982421875,1.9761969838327786e-14
lam0.60,772,1.1205212158736564,tilt_failed,,
lam0.60,773,1.3981100032596705,ok,6.1037445068359375,7.597034112905021e-12
lam0.60,774,1.2331029301613488,ok,6.0950469970703125,1.5343282200319663e-13
lam0.60,775,1.1555018982998198,tilt_failed,,
lam0.60,776,1.2044493992086103,ok,6.0854339599609375,4.849676216167609e-12
lam0.60,777,1.234105473032425,ok,6.1229705810546875,1.6431300764452317e-14
lam0.60,778,1.1570272559376111,ok,6.1032867431640625,1.2188309250760199e-09
lam0.60,779,1.1787220633211999,ok,6.1074066162109375,9.7577501634305e-13
lam0.60,780,1.1993280645351014,ok,6.1161041259765625,1.9213630686465422e-10
lam0.60,781,1.4811431690612211,ok,6.0799407958984375,2.8085616055051332e-09
lam0.60,782,1.1483026716648268,tilt_failed,,
lam0.60,783,1.2774392044563967,ok,6.0872650146484375,1.447286734901354e-11
lam0.60,784,1.8278752279782176,ok,6.0858917236328125,1.5336620862171912e-12
lam0.60,785,1.1108773276310777,tilt_failed,,
lam0.60,787,1.1244237018254992,tilt_failed,,
lam0.60,788,1.3448207846155091,ok,6.1161041259765625,4.261624386714402e-11
lam0.60,789,1.2360806601057681,ok,6.1060333251953125,4.764633132481322e-12
lam0.60,790,1.463730019930028,ok,6.1334991455078125,3.6336467168496256e-10
lam0.60,791,1.3486661710751073,ok,6.0950469970703125,9.7821861722025e-11
lam0.60,792,1.4998417781302211,ok,6.1238861083984375,2.220446049250313e-16
lam0.60,793,1.262363712317896,ok,6.0767364501953125,2.4424906541753444e-15
lam0.60,794,1.648859186350943,ok,6.1032867431640625,1.6782930600811596e-10
lam0.60,795,1.4578971675438661,ok,6.0762786865234375,2.220446049250313e-16
lam0.60,796,1.0771268421274127,tilt_failed,,
lam0.60,797,1.3019344124387546,ok,6.0881805419921875,3.3995268822195612e-09
lam0.60,798,1.5813757586167136,ok,6.1087799072265625,1.213473765915296e-13
lam0.60,799,1.7880193935350666,tilt_failed,,
lam0.60,800,1.195687095530662,ok,6.0996246337890625,5.10702591327572e-15
lam0.60,801,1.2236251517407148,ok,6.1307525634765625,1.5543122344752192e-13
lam0.60,802,1.0611425939610082,tilt_failed,,
lam0.60,803,1.342126825185788,ok,6.0927581787109375,4.4586501157795055e-09
lam0.60,804,1.2612192930393813,ok,6.0964202880859375,5.424105609108665e-12
lam0.60,806,1.1579681711987988,ok,6.1284637451171875,5.573319583618286e-14
lam0.60,807,1.2870565508573724,ok,6.1032867431640625,3.700473261147863e-11
lam0.60,808,1.1858657415896154,ok,6.0794830322265625,3.1235014574804154e-12
lam0.60,809,1.318700227235636,ok,6.1000823974609375,1.7238432903354806e-11
lam0.60,810,1.3291901552686736,ok,6.0941314697265625,5.551115123125783e-16
lam0.60,811,1.4888995687284132,ok,6.0895538330078125,9.049316851417188e-12
lam0.60,812,1.1934895939338779,ok,6.0858917236328125,1.6653345369377348e-15
lam0.60,813,1.3317096472829055,ok,6.0987091064453125,1.0360556856880976e-10
lam0.60,814,1.1474775913885171,tilt_failed,,
lam0.60,815,1.2225593489689772,ok,6.1197662353515625,6.959455234323286e-10
lam0.60,816,1.197729369049827,ok,6.1147308349609375,1.8451906669270102e-13
lam0.60,817,1.1334106835406128,tilt_failed,,
lam0.60,818,1.165560238853013,ok,6.1078643798828125,9.62851243180296e-09
lam0.60,819,1.198483176689656,ok,6.1449432373046875,5.295763827461997e-14
lam0.60,820,1.0501245364790412,tilt_failed,,
lam0.60,821,1.0636832133118435,tilt_failed,,
lam0.60,822,1.0747872770621276,tilt_failed,,
lam0.60,823,1.151419329299825,ok,6.1096954345703125,7.111755628841365e-12
lam0.50,11,1.6041167302560164,ok,6.7066192626953125,1.9095836023552692e-14
lam0.50,12,1.7261148456153768,ok,6.6498565673828125,5.826354954052704e-10
lam0.50,13,1.790288721762513,ok,6.8123626708984375,3.140820936664568e-11
lam0.50,14,1.9239252842736108,ok,6.7482757568359375,7.136957691500356e-12
lam0.50,15,1.1274910127681486,tilt_failed,,
lam0.50,16,1.3560845507149728,ok,6.6704559326171875,1.1529110999219938e-10
lam0.50,17,1.9602118459046787,ok,6.7102813720703125,7.479910024699166e-10
lam0.50,18,1.2270725297391634,ok,6.7386627197265625,1.4854784069484595e-13
lam0.50,19,1.231716841418951,ok,6.6526031494140625,4.440892098500626e-16
lam0.50,20,1.617458444836998,ok,6.7203521728515625,5.551115123125783e-16
lam0.50,21,1.1014773083297704,tilt_failed,,
lam0.50,22,1.2230707005175832,ok,6.7185211181640625,3.441691376337985e-14
lam0.50,23,1.5082805379061974,ok,6.7345428466796875,5.684341886080802e-14
lam0.50,24,1.1107421871665006,ok,6.7281341552734375,8.478111546139644e-10
lam0.50,25,1.6580338897417757,ok,6.6832733154296875,1.1102230246251565e-15
lam0.50,26,1.4011250231692336,ok,6.6855621337890625,9.969802761133906e-14
lam0.50,27,1.1878485234326608,ok,6.6768646240234375,1.1102230246251565e-15
lam0.50,28,1.2809142917378686,ok,6.7418670654296875,8.198375311962991e-11
lam0.50,29,1.14417114939594,tilt_failed,,
lam0.50,30,1.279423498252087,ok,6.7134857177734375,1.1528555887707626e-12
lam0.50,31,1.127390982145868,tilt_failed,,
lam0.50,32,1.7694527128929365,ok,6.6571807861328125,6.661338147750939e-16
lam0.50,33,1.9449744748383688,ok,6.6837310791015625,5.928590951498336e-14
lam0.50,34,1.3054588622848027,ok,6.7276763916015625,3.1209035356027925e-10
lam0.50,35,1.14630375947696,tilt_failed,,
lam0.50,37,1.310178753577754,ok,6.7244720458984375,9.660938715683187e-12
lam0.50,38,1.7442216691830636,ok,6.6722869873046875,5.119273782661082e-09
lam0.50,39,1.1638444276297335,ok,6.6594696044921875,6.187272916235997e-13
lam0.50,40,1.4494239809659757,ok,6.6484832763671875,7.982503547054876e-13
lam0.50,41,1.8840287893421606,ok,6.9126129150390625,1.0658141036401503e-13
lam0.50,42,1.351040894815895,ok,6.6764068603515625,2.2212065520221813e-09
lam0.50,43,1.4702120347057033,ok,6.6873931884765625,9.034328840584749e-12
lam0.50,44,1.8297438469304954,ok,6.6851043701171875,4.440892098500626e-16
lam0.50,45,1.1493169231325773,tilt_failed,,
lam0.50,46,1.2860263584590699,ok,6.6530609130859375,7.742695373735842e-13
lam0.50,47,1.2238275409651755,ok,6.6452789306640625,1.8340884366807586e-13
lam0.50,48,1.2894190733474804,ok,6.6631317138671875,2.6645352591003757e-15
lam0.50,49,1.177109438002338,ok,6.6997528076171875,4.7019055315900005e-12
lam0.50,50,1.2680247255034056,ok,6.6452789306640625,4.440892098500626e-16
lam0.50,51,1.179141649423787,ok,6.6489410400390625,1.6549428494272433e-11
lam0.50,52,1.3362714590165126,ok,6.7047882080078125,8.881784197001252e-16
lam0.50,53,1.9706092067997634,ok,6.6374969482421875,9.575229498182125e-12
lam0.50,54,1.5184273841127947,ok,6.7739105224609375,2.6190161150907443e-11
lam0.50,55,1.280423850703025,ok,6.7267608642578125,1.2212453270876722e-14
lam0.50,56,1.502562458544429,ok,6.8178558349609375,2.2411628108898185e-11
lam0.50,57,1.2200550756937456,ok,6.6681671142578125,1.3166201462411209e-09
lam0.50,58,1.2345136582655487,ok,6.6878509521484375,1.1657341758564144e-13
lam0.50,59,1.0660111121143323,tilt_failed,,
lam0.50,60,1.3418071048269182,ok,6.7075347900390625,6.373390704084159e-11
lam0.50,61,1.1896608565745292,ok,6.7212677001953125,3.1086244689504383e-15
lam0.50,62,1.4185845019768744,ok,6.7478179931640625,1.1446021908056991e-10
lam0.50,63,1.2985196416877565,ok,6.6942596435546875,2.107203300738547e-13
lam0.50,64,1.115432932623103,tilt_failed,,
lam0.50,65,1.3555050736729355,ok,6.7125701904296875,9.513367871250011e-11
lam0.50,66,1.1061142576035432,tilt_failed,,
lam0.50,67,1.2536100867170448,ok,6.6864776611328125,4.827249711070181e-13
lam0.50,68,1.3984362609311423,ok,6.6809844970703125,1.245115122117113e-11
lam0.50,69,1.187244556731469,ok,6.7180633544921875,1.2789755921005508e-09
lam0.50,70,1.1889132929168749,ok,6.6709136962890625,1.3802292642139946e-12
lam0.50,71,1.090596341240824,tilt_failed,,
lam0.50,72,1.4536873675875344,ok,6.7327117919921875,1.4952139526513974e-09
lam0.50,73,1.1491232568634893,tilt_failed,,
lam0.50,74,1.5519461116386573,ok,6.7592620849609375,7.771561172376096e-16
lam0.50,75,1.213740225956765,ok,6.6754913330078125,2.2640895824821428e-09
lam0.50,76,1.4834529496675941,ok,6.7240142822265625,7.505107646466058e-14
lam0.50,77,2.029600064598912,ok,6.9116973876953125,3.294142736365302e-12
lam0.50,78,1.1109698597582736,tilt_failed,,
lam0.50,79,1.1378123861639873,tilt_failed,,
lam0.50,80,1.0891643986680541,tilt_failed,,
lam0.50,81,1.310076556917332,ok,6.6672515869140625,1.099120794378905e-12
lam0.50,82,1.1809358978696127,ok,6.6342926025390625,2.7760571619239727e-11
lam0.50,83,1.272923944182704,ok,6.6819000244140625,1.4598731112869245e-09
lam0.50,84,1.6929295604882841,ok,6.6672515869140625,8.794964756475565e-12
lam0.50,86,1.6552762156375826,ok,6.8366241455078125,5.218048215738236e-15
lam0.50,87,1.5277331202443705,ok,6.7427825927734375,5.21205301140526e-12
lam0.50,88,1.180031941817787,ok,6.6315460205078125,1.3820100619454934e-10
lam0.50,89,1.4650364878146038,ok,6.6704559326171875,3.747158139333351e-11
lam0.50,90,1.8204379516510834,ok,6.7899322509765625,6.661338147750939e-16
lam0.50,91,1.1367427913444363,tilt_failed,,
lam0.50,92,1.4580521646341924,ok,6.6613006591796875,3.2320812692887557e-12
lam0.50,93,1.4025405990429631,ok,6.6997528076171875,8.269118723092106e-11
lam0.50,94,1.1734459764579346,ok,6.6374969482421875,8.801848139228241e-13
lam0.50,95,1.1885887029728321,ok,6.6539764404296875,1.0852641008085584e-10
lam0.50,96,1.183748064018879,ok,6.6915130615234375,6.7390537594747e-13
lam0.50,97,1.6691354279943689,ok,6.6287994384765625,5.377669420880693e-10
lam0.50,98,1.5274073571594127,ok,6.6837310791015625,7.923217637539892e-12
lam0.50,99,1.349041702506478,ok,6.6864776611328125,4.2588155224621005e-13
lam0.50,100,1.2686733725284693,ok,6.6397857666015625,5.551115123125783e-16
lam0.50,101,1.1952692111054526,ok,6.6938018798828125,4.884981308350689e-15
lam0.50,102,1.6428132221391716,ok,6.6580963134765625,1.492250767398673e-11
lam0.50,103,1.4789924766230378,ok,6.7848968505859375,4.440892098500626e-16
lam0.50,104,1.604887959148538,ok,6.6677093505859375,9.872103134966892e-13
lam0.50,105,1.257899489985736,ok,6.6690826416015625,5.091352561770179e-09
lam0.50,106,1.5614412208311628,ok,6.6736602783203125,3.0335445266871375e-10
lam0.50,107,1.081495084123776,tilt_failed,,
lam0.50,108,1.3437669946107347,ok,6.7217254638671875,2.673130494734721e-09
lam0.50,109,1.3583402835227179,ok,6.7482757568359375,1.2378986724570495e-13
lam0.50,110,1.575061788917229,ok,6.6466522216796875,6.106226635438361e-14
lam0.50,111,1.436442909832728,ok,6.6805267333984375,1.5345502646368914e-11
lam0.50,112,1.1518957122218951,tilt_failed,,
lam0.50,113,1.5055184596021824,ok,6.6580963134765625,2.1146417950035357e-11
lam0.50,114,1.0987198766030724,tilt_failed,,
lam0.50,115,1.5235038680298332,ok,6.6970062255859375,1.0675904604795505e-12
lam0.50,116,1.333078688177768,ok,6.6704559326171875,2.4812039089994187e-09
lam0.50,117,1.2540089392677942,ok,6.6658782958984375,1.9984014443252818e-15
lam0.50,118,1.143882983505564,tilt_failed,,
lam0.50,119,1.3704393263599985,ok,6.6782379150390625,3.781863711083133e-11
lam0.50,120,1.144395344691357,tilt_failed,,
lam0.50,121,1.1807788573901603,ok,6.6516876220703125,6.029177157529375e-11
lam0.50,122,1.2887006971178392,ok,6.7382049560546875,5.91095616897519e-10
lam0.50,123,1.189762463715359,ok,6.6461944580078125,7.459333151160763e-10
lam0.50,124,1.610495299143263,ok,6.7185211181640625,7.236371502017391e-10
lam0.50,125,1.411138629723674,ok,6.6439056396484375,7.815970093361102e-13
lam0.50,126,1.3527309829010998,ok,6.6988372802734375,2.2745723082806535e-09
lam0.50,127,1.4372470134748843,ok,6.6489410400390625,1.7011370090358469e-10
lam0.50,128,1.2414276531930049,ok,6.6727447509765625,8.68838334611155e-11
lam0.50,129,1.224222092828324,ok,6.6567230224609375,3.3368863228133705e-12
lam0.50,130,1.3959931932380203,ok,6.6594696044921875,8.449618782435664e-11
lam0.50,131,1.1674348404826378,ok,6.6576385498046875,3.064215547965432e-14
lam0.50,132,1.230716631784396,ok,6.6539764404296875,1.4867795883333201e-10
lam0.50,133,1.9153698614104122,ok,6.6301727294921875,4.129807607000657e-12
lam0.50,134,1.2107274137413238,ok,6.6681671142578125,4.983324863871985e-10
lam0.50,135,1.266400074302206,ok,6.6709136962890625,7.993605777301127e-15
lam0.50,136,2.0072148055446664,ok,6.6860198974609375,1.7497114868092467e-13
lam0.50,137,1.2307455302633798,ok,6.6695404052734375,1.835642748915234e-12
lam0.50,138,1.4948158524550723,ok,6.6457366943359375,7.348122110784061e-12
lam0.50,139,1.4394343085446633,ok,6.7450714111328125,5.551115123125783e-16
lam0.50,140,1.208104391913723,ok,6.6745758056640625,6.589619960806203e-10
lam0.50,141,1.2125461951624,ok,6.7285919189453125,1.8365642340256727e-10
lam0.50,142,1.3621005063639018,ok,6.6745758056640625,9.492910901798268e-10
lam0.50,143,1.304415160359255,ok,6.6768646240234375,2.864375403532904e-13
lam0.50,144,1.139162767366352,tilt_failed,,
lam0.50,145,1.1809791869368715,ok,6.6320037841796875,3.938271930792325e-11
lam0.50,146,1.1077392885831656,tilt_failed,,
lam0.50,147,1.5212991981750854,ok,6.6274261474609375,1.9324541966625475e-12
lam0.50,148,1.4085606637291095,ok,6.6265106201171875,4.3232084578903596e-13
lam0.50,149,1.1147076984090543,tilt_failed,,
lam0.50,150,1.465561536960908,ok,6.6471099853515625,1.5298873279334657e-13
lam0.50,151,1.7782887116253359,ok,6.6301727294921875,1.7763568394002505e-15
lam0.50,152,1.2889213397543617,ok,6.6562652587890625,6.7390537594747e-14
lam0.50,153,1.43422242156877,ok,6.6658782958984375,4.71715999594835e-11
lam0.50,154,1.2790711157260268,ok,6.6992950439453125,6.100675520315235e-13
lam0.50,155,1.1949958360842703,ok,6.7006683349609375,2.7755575615628914e-14
lam0.50,156,1.392559330649519,ok,6.6484832763671875,1.0116716353536503e-09
lam0.50,157,2.0146862980231384,tilt_failed,,
lam0.50,158,1.2291977529804377,ok,6.7134857177734375,2.5651036850149467e-11
lam0.50,159,1.4098975511180125,ok,6.6887664794921875,1.5264189912045367e-09
lam0.50,160,1.3466578054063896,ok,6.6571807861328125,5.989964080299615e-11
lam0.50,161,1.4437610677371713,ok,6.7130279541015625,3.552713678800501e-15
lam0.50,162,1.3847319099428506,ok,6.6663360595703125,1.6773715749707208e-10
lam0.50,163,1.3262402355053773,ok,6.6883087158203125,1.258579906959767e-10
lam0.50,164,1.1306879890665757,tilt_failed,,
lam0.50,165,1.5011901098702691,ok,6.6622161865234375,4.440892098500626e-16
lam0.50,166,1.163640736073686,ok,6.6567230224609375,6.306066779870889e-14
lam0.50,167,1.437761502755005,ok,6.7418670654296875,1.5765166949677223e-14
lam0.50,168,1.1696486834562227,ok,6.6301727294921875,6.494804694057166e-13
lam0.50,169,1.0749564463438346,tilt_failed,,
lam0.50,170,1.3618032272215541,ok,6.7583465576171875,1.0646572512484909e-10
lam0.50,171,1.1735767108156834,ok,6.7047882080078125,2.868382198428776e-10
lam0.50,172,1.2153105527004915,ok,6.7459869384765625,8.215650382226158e-15
lam0.50,173,1.1474876084722654,ok,6.6493988037109375,5.270228697895618e-13
lam0.50,174,1.4111318283749357,ok,6.6622161865234375,3.710448837068725e-09
lam0.50,175,1.0688908404978614,tilt_failed,,
lam0.50,176,1.3773264423154874,ok,6.6919708251953125,1.4330825415242998e-09
lam0.50,177,1.08263932881456,tilt_failed,,
lam0.50,178,1.1739198743217025,ok,6.6475677490234375,3.835545214769809e-10
lam0.50,179,1.0942454571100102,tilt_failed,,
lam0.50,180,1.1890158521657805,ok,6.6558074951171875,4.769065142795625e-10
lam0.50,181,1.3029027784610538,ok,6.6626739501953125,3.0673326101293696e-09
lam0.50,182,1.2152116774250383,ok,6.6539764404296875,8.881784197001252e-16
lam0.50,183,1.1362457556679368,tilt_failed,,
lam0.50,184,1.130157039069779,tilt_failed,,
lam0.50,185,1.3619305641256603,ok,6.6791534423828125,1.0391687510491465e-12
lam0.50,186,1.7866098777593447,ok,6.6416168212890625,1.3860024239420454e-12
lam0.50,187,1.2106070966716413,ok,6.6915130615234375,1.4235013168217847e-10
lam0.50,188,1.1702211910012936,ok,6.6384124755859375,2.0061730054976579e-13
lam0.50,189,1.3859855782588169,ok,6.7079925537109375,1.560751528018045e-12
lam0.50,190,1.3071560126575426,ok,6.6800689697265625,5.650591106132197e-12
lam0.50,191,1.2391387765366944,ok,6.6562652587890625,5.4712234742737564e-09
lam0.50,192,1.1338062824699524,tilt_failed,,
lam0.50,193,1.3229109531003695,ok,6.6869354248046875,5.064837438339964e-13
lam0.50,194,1.2566149825846944,ok,6.7295074462890625,2.226067774557805e-09
lam0.50,195,1.1592174401246003,tilt_failed,,
lam0.50,196,1.22891909207467,ok,6.6873931884765625,9.237055564881302e-14
lam0.50,197,1.1520028579943609,ok,6.6663360595703125,1.6888712650597881e-12
lam0.50,198,1.1968238241844789,ok,6.6191864013671875,6.630695992271285e-12
lam0.50,199,1.1699724372925584,ok,6.6759490966796875,2.9062788842182385e-09
lam0.50,200,1.1758533730359604,ok,6.6768646240234375,1.3192424930252855e-10
lam0.50,201,1.3429071669566661,ok,6.6823577880859375,3.7134539887517803e-10
lam0.50,202,1.3737057563015538,ok,6.7047882080078125,1.021405182655144e-14
lam0.50,203,1.1711131798216483,ok,6.6365814208984375,1.98507876802978e-13
lam0.50,205,1.1570428018565817,tilt_failed,,
lam0.50,206,1.213185281735262,ok,6.7235565185546875,9.829692615426211e-11
lam0.50,207,1.454830958553857,ok,6.6315460205078125,5.011820958245039e-09
lam0.50,208,1.1445793727955857,tilt_failed,,
lam0.50,209,1.3594724772282145,ok,6.7043304443359375,2.1538326677728037e-14
lam0.50,210,1.3993969673684326,ok,6.6631317138671875,1.3624412709134504e-10
lam0.50,211,1.3193362365046746,ok,6.6869354248046875,6.217248937900877e-15
lam0.50,212,1.0923587376044432,tilt_failed,,
lam0.50,213,1.5349021026957292,ok,6.7070770263671875,4.440892098500626e-16
lam0.50,214,1.6340348762511054,ok,6.6938018798828125,1.5543122344752192e-15
lam0.50,215,1.3310843958225347,ok,6.6814422607421875,5.058176100192213e-13
lam0.50,216,1.3707452381475895,ok,6.6489410400390625,2.297628753922254e-11
lam0.50,217,1.166656266846943,ok,6.7121124267578125,2.144404431803082e-09
lam0.50,219,1.1421813151806643,tilt_failed,,
lam0.50,220,1.2892005959333244,ok,6.6722869873046875,1.1102230246251565e-15
lam0.50,221,1.1354651202569948,tilt_failed,,
lam0.50,222,1.6637425118184814,ok,6.6896820068359375,2.8109514715879413e-11
lam0.50,223,1.0834378978178483,tilt_failed,,
lam0.50,224,1.639569113494013,ok,6.6205596923828125,2.1983015408011397e-10
lam0.50,225,1.192358197028064,ok,6.6983795166015625,2.378795160851155e-09
lam0.50,226,1.2700329486781816,ok,6.6699981689453125,3.7969627442180354e-13
lam0.50,227,1.2446412551586832,ok,6.7130279541015625,2.1662671656486054e-11
lam0.50,228,1.2234945806695061,ok,6.6507720947265625,4.871658632055187e-13
lam0.50,229,1.3120751034636033,ok,6.6915130615234375,1.0369483049998962e-13
lam0.50,230,1.297968233710469,ok,6.6539764404296875,7.993605777301127e-15
lam0.50,231,1.4521294238640576,ok,6.6832733154296875,9.9253938401489e-14
lam0.50,232,1.3388972283626686,ok,6.6722869873046875,1.210305189403016e-10
lam0.50,233,1.2294966337985014,ok,6.6741180419921875,7.793765632868599e-14
lam0.50,234,1.3367577334805303,ok,6.6800689697265625,4.440892098500626e-16
lam0.50,235,1.3456178525399523,ok,6.6768646240234375,1.9481749546912397e-11
lam0.50,236,1.5347393946965364,ok,6.6695404052734375,4.07660571966062e-10
lam0.50,237,1.372552847769868,ok,6.7478179931640625,3.5726976932437537e-12
lam0.50,238,1.2078153338483466,ok,6.7144012451171875,8.634994941303376e-10
lam0.50,239,1.136799695865502,tilt_failed,,
lam0.50,240,1.2336936226850275,ok,6.6796112060546875,6.078915149032582e-12
lam0.50,241,1.3908392611094291,ok,6.7144012451171875,6.67021993194794e-13
lam0.50,242,1.1380664305711543,tilt_failed,,
lam0.50,243,1.4565967152004817,ok,6.6928863525390625,5.551115123125783e-16
lam0.50,244,1.548177238737785,ok,6.6924285888671875,2.722044811775959e-12
lam0.50,245,1.0806266280165349,tilt_failed,,
lam0.50,246,1.680666722983827,ok,6.6754913330078125,1.1313916470356844e-09
lam0.50,247,1.6023410315738542,ok,6.7226409912109375,2.220446049250313e-15
lam0.50,248,1.280188717801789,ok,6.6521453857421875,2.9243185650784653e-10
lam0.50,249,1.1619572733578234,ok,6.6384124755859375,1.0714347520313083e-08
lam0.50,250,1.6241687379889747,ok,6.6745758056640625,4.440892098500626e-16
lam0.50,251,1.407138046146224,ok,6.6539764404296875,2.4424906541753444e-15
lam0.50,252,1.1634444275069369,ok,6.6686248779296875,5.839773109528323e-14
lam0.50,253,1.145372048940466,ok,6.7061614990234375,1.4569234707551004e-11
lam0.50,254,1.2480675339326317,ok,6.6654205322265625,5.039768602443928e-11
lam0.50,255,1.3171597627074,ok,6.6750335693359375,3.6564085093004906e-11
lam0.50,256,1.3561775969891958,ok,6.7629241943359375,1.5553802690249086e-10
lam0.50,257,1.2394352500850188,ok,6.6471099853515625,7.763908405067355e-10
lam0.50,258,1.637894953676489,ok,6.6594696044921875,3.4768004031349165e-09
lam0.50,259,1.5415246566853025,ok,6.7203521728515625,2.020605904817785e-14
lam0.50,260,1.1629476523510323,ok,6.6411590576171875,1.6275869541004795e-13
lam0.50,261,1.0955162848962736,tilt_failed,,
lam0.50,262,1.0975952055705966,tilt_failed,,
lam0.50,263,1.4034793707473983,ok,6.7130279541015625,1.2305712004945235e-12
lam0.50,264,1.1781617188091416,ok,6.6306304931640625,4.533606379197863e-09
lam0.50,265,1.390207366972563,ok,6.6690826416015625,8.698575193477609e-10
lam0.50,266,1.1866622396078235,ok,6.7052459716796875,6.834532939592464e-13
lam0.50,267,1.1944758847773556,ok,6.6704559326171875,4.550286814009041e-09
lam0.50,268,1.2652190542882067,ok,6.6764068603515625,3.220668176595609e-11
lam0.50,269,1.4254635342071718,ok,6.7075347900390625,1.9900705527930995e-09
lam0.50,270,1.343134553718497,ok,6.6617584228515625,2.7977620220553945e-14
lam0.50,271,1.3767236353889774,ok,6.7011260986328125,4.069988790433854e-11
lam0.50,272,1.1123357058084111,ok,6.7089080810546875,1.247890679678676e-13
lam0.50,273,1.4168121091716548,ok,6.6713714599609375,9.598988270909103e-13
lam0.50,274,1.5026162195969461,ok,6.6837310791015625,1.5543122344752192e-13
lam0.50,275,1.2285917591153785,ok,6.6292572021484375,1.4876988529977098e-14
lam0.50,276,1.2002689769020587,ok,6.6374969482421875,1.2204681709704346e-10
lam0.50,277,1.302667296554906,ok,6.7102813720703125,1.2212453270876722e-15
lam0.50,278,1.4852332540144135,ok,6.7391204833984375,4.8860249179938364e-11
lam0.50,279,1.3858827829562197,ok,6.6896820068359375,8.637535131583718e-14
lam0.50,280,1.2044967441274137,ok,6.6672515869140625,6.203815239302912e-12
lam0.50,281,1.238996724981717,ok,6.6800689697265625,9.07585118170573e-12
lam0.50,282,1.2101433517951088,ok,6.6489410400390625,7.135758650633761e-11
lam0.50,283,1.160886390548463,ok,6.7249298095703125,9.015010959956271e-14
lam0.50,284,1.0712993897941343,tilt_failed,,
lam0.50,286,1.147957650854384,ok,6.6864776611328125,1.2784884262373453e-11
lam0.50,287,1.3506629482712298,ok,6.6695404052734375,5.2591264676493665e-12
lam0.50,288,1.3733169691241391,ok,6.6768646240234375,3.885780586188048e-15
lam0.50,289,1.1352000177616108,tilt_failed,,
lam0.50,291,1.3762486528236826,ok,6.6970062255859375,1.6654455592401973e-11
lam0.50,292,1.1922451821724587,ok,6.6594696044921875,3.3950620093037287e-13
lam0.50,293,1.1904444218079908,ok,6.6631317138671875,9.947598300641403e-13
lam0.50,294,1.149568554521543,tilt_failed,,
lam0.50,295,1.0830228085601892,tilt_failed,,
lam0.50,296,1.6428727676551007,ok,6.8508148193359375,4.4364512064021255e-13
lam0.50,297,1.3153787662995995,ok,6.6823577880859375,5.44420064585438e-12
lam0.50,298,1.546156860171355,ok,6.7034149169921875,3.774758283725532e-15
lam0.50,299,1.1303484304213467,tilt_failed,,
lam0.50,300,1.1358105762881288,tilt_failed,,
lam0.50,301,1.1203710110134675,tilt_failed,,
lam0.50,302,1.1659907139018306,ok,6.6466522216796875,2.4924506902834764e-13
lam0.50,303,1.2387421296396957,ok,6.6255950927734375,2.373192642401989e-09
lam0.50,304,1.2173154420689452,ok,6.7601776123046875,3.801494674604555e-10
lam0.50,305,1.1558965557084193,tilt_failed,,
lam0.50,306,1.8258196744662636,ok,6.6745758056640625,2.530642362330582e-12
lam0.50,307,1.1436358108272733,tilt_failed,,
lam0.50,308,1.1480605101444028,tilt_failed,,
lam0.50,309,1.1982749686549095,ok,6.7606353759765625,1.2212453270876722e-15
lam0.50,310,1.6516077338534148,ok,6.6713714599609375,1.0653786741698923e-09
lam0.50,311,1.3152829920740927,ok,6.6663360595703125,4.4164671919588727e-13
lam0.50,312,1.1979141060348635,ok,6.6466522216796875,6.307601108090921e-10
lam0.50,313,1.172221976858001,ok,6.6535186767578125,1.2012988381826517e-09
lam0.50,314,1.0918696604343066,tilt_failed,,
lam0.50,315,1.1608814571758115,ok,6.6489410400390625,5.354383603162205e-12
lam0.50,316,1.3487329521883222,ok,6.7015838623046875,6.241605010615103e-10
lam0.50,317,1.4330893558471474,ok,6.6681671142578125,4.60875781982395e-12
lam0.50,318,1.5619313928759844,ok,6.6649627685546875,1.6513235223669653e-11
lam0.50,319,1.2982022868066938,ok,6.6429901123046875,6.84467371669939e-10
lam0.50,320,1.166710430208393,ok,6.6320037841796875,2.5652813206988867e-12
lam0.50,321,1.21604499153276,ok,6.6828155517578125,1.2000047622251486e-09
lam0.50,322,1.2660816659977676,ok,6.7166900634765625,1.9630741476817093e-11
lam0.50,323,1.20467944867305,ok,6.6580963134765625,2.1228796498462543e-11
lam0.50,324,1.1284486720638658,tilt_failed,,
lam0.50,325,1.1507006662044919,tilt_failed,,
lam0.50,326,1.2148807908770896,ok,6.6828155517578125,1.2212453270876722e-15
lam0.50,327,1.1862481748963218,ok,6.6329193115234375,6.88116230662672e-12
lam0.50,328,1.4049626379081834,ok,6.6292572021484375,1.0864642518981782e-12
lam0.50,329,1.2341072324353346,ok,6.7281341552734375,1.2878587085651816e-14
lam0.50,330,1.1535173273721693,tilt_failed,,
lam0.50,331,1.1367278057719827,tilt_failed,,
lam0.50,332,1.076155895798754,tilt_failed,,
lam0.50,333,1.189435567980418,ok,6.6489410400390625,3.1325964044981447e-10
lam0.50,334,1.1108768669256595,tilt_failed,,
lam0.50,335,1.3687987337976693,ok,6.6205596923828125,8.881784197001252e-16
lam0.50,336,1.2672968510267717,ok,6.7290496826171875,1.2780132507828057e-10
lam0.50,337,1.2260974915502865,ok,6.6246795654296875,1.4654943925052066e-14
lam0.50,338,1.1506847238368165,tilt_failed,,
lam0.50,339,1.1087154827616823,tilt_failed,,
lam0.50,340,1.1215601641597521,tilt_failed,,
lam0.50,342,1.1794689713014943,ok,6.6553497314453125,1.6045997863756156e-10
lam0.50,343,1.2773082776931366,ok,6.7464447021484375,4.440892098500626e-16
lam0.50,344,1.0860828738982202,tilt_failed,,
lam0.50,345,1.1228328194471267,tilt_failed,,
lam0.50,346,1.1417771517915833,tilt_failed,,
lam0.50,347,1.0699845842885711,tilt_failed,,
lam0.50,348,1.058250336694259,tilt_failed,,
lam0.50,349,1.1911417433598366,ok,6.7436981201171875,1.20570220474292e-13
lam0.50,350,1.1126864450648384,tilt_failed,,
lam0.50,351,1.2296345688578563,ok,6.6466522216796875,1.3393641751235918e-10
lam0.50,352,1.2833141131667836,ok,6.7739105224609375,1.4293443095780844e-09
lam0.50,353,1.1213262395890362,ok,6.7363739013671875,5.329070518200751e-15
lam0.50,354,1.265572794823797,ok,6.6484832763671875,2.0738966099997924e-12
lam0.50,355,1.2629755899473643,ok,6.6855621337890625,9.408651635567367e-11
lam0.50,356,1.2253059371390322,ok,6.7450714111328125,1.4039728268855356e-09
lam0.50,357,1.62683960160354,ok,6.6645050048828125,1.3333518733560368e-09
lam0.50,358,1.2735506324126102,ok,6.7011260986328125,9.548584145591121e-12
lam0.50,359,1.1617670934855173,ok,6.6374969482421875,8.069100942975638e-13
lam0.50,360,1.4385159754291021,ok,6.7011260986328125,5.3512749786932545e-14
lam0.50,361,1.126003105324922,tilt_failed,,
lam0.50,362,1.2041685366719816,ok,6.6750335693359375,1.1428159529813797e-09
lam0.50,363,1.341297163318002,ok,6.7336273193359375,1.2878587085651816e-14
lam0.50,364,1.1151571200865276,tilt_failed,,
lam0.50,365,1.282355370779571,ok,6.6649627685546875,1.802114013571554e-12
lam0.50,366,1.0990796052451637,tilt_failed,,
lam0.50,367,1.2983283167696047,ok,6.6823577880859375,3.383293645242702e-12
lam0.50,368,1.1527496212107444,ok,6.6548919677734375,1.6858070495118227e-11
lam0.50,369,1.1350161946535426,tilt_failed,,
lam0.50,370,1.6170668568800564,ok,6.6315460205078125,1.9479706736547087e-10
lam0.50,371,1.3892441979490942,ok,6.7555999755859375,2.3425705819590803e-14
lam0.50,372,1.1976943296553733,ok,6.6182708740234375,5.536682223805656e-13
lam0.50,373,1.1401772786987514,ok,6.7153167724609375,6.216449577323147e-10
lam0.50,374,1.060784695715523,tilt_failed,,
lam0.50,375,3.0581518403717918,ok,6.9794464111328125,1.2212453270876722e-15
lam0.50,376,1.4309905800329736,ok,6.7038726806640625,2.318678582469147e-11
lam0.50,377,1.1250873382301165,tilt_failed,,
lam0.50,378,1.2752228066140243,ok,6.6704559326171875,7.771561172376096e-15
lam0.50,379,1.062726014870776,tilt_failed,,
lam0.50,380,1.6884703933567151,ok,6.6782379150390625,1.3100631690576847e-14
lam0.50,381,2.194805806759194,ok,6.8686676025390625,4.9960036108132044e-15
lam0.50,382,1.335952112571216,ok,6.6915130615234375,2.2719159886719353e-11
lam0.50,383,1.2506175753824262,ok,6.7089080810546875,2.2074342354017062e-10
lam0.50,384,1.2076858355504752,ok,6.6526031494140625,1.2876162358566035e-09
lam0.50,385,1.2493459645091587,ok,6.7011260986328125,3.4416913763379853e-15
lam0.50,386,1.1589997043852054,ok,6.6613006591796875,5.329070518200751e-15
lam0.50,387,1.244557352503501,ok,6.7436981201171875,2.275957200481571e-13
lam0.50,388,1.443703752679078,ok,6.6439056396484375,1.0214695755905723e-10
lam0.50,389,1.280235817579214,ok,6.6635894775390625,1.7953416531213406e-12
lam0.50,390,1.4346304650873953,ok,6.7794036865234375,2.5537127967822926e-10
lam0.50,391,1.4507604650236898,ok,6.7917633056640625,2.9531932455029164e-14
lam0.50,392,1.2524885068141338,ok,6.6352081298828125,5.0816684193932815e-11
lam0.50,393,1.2425825175964484,ok,6.6704559326171875,4.107725271040863e-11
lam0.50,394,1.1501490379880381,tilt_failed,,
lam0.50,395,1.1849833024421326,ok,6.6489410400390625,5.0182080713057076e-14
lam0.50,396,1.0772152675790791,tilt_failed,,
lam0.50,397,1.2087061825225405,ok,6.6622161865234375,1.2212453270876722e-15
lam0.50,398,1.1462464293265513,ok,6.7542266845703125,2.830802259268239e-11
lam0.50,399,1.3382816579563726,ok,6.7015838623046875,2.726063819125102e-10
lam0.50,400,1.251848147275931,ok,6.6471099853515625,6.59916565837193e-13
lam0.50,401,1.1570990566039872,ok,6.6480255126953125,1.4789836022544023e-09
lam0.50,402,1.1421309306183856,tilt_failed,,
lam0.50,403,1.4433773730875004,ok,6.6713714599609375,2.6556534749033744e-13
lam0.50,404,1.0354218994671103,tilt_failed,,
lam0.50,405,1.0861188873526317,tilt_failed,,
lam0.50,406,1.3852308132637576,ok,6.6608428955078125,2.3267765492107628e-10
lam0.50,407,1.2139245009429938,ok,6.7038726806640625,1.4680181514847845e-09
lam0.50,408,1.0722434142159927,tilt_failed,,
lam0.50,409,1.225654413129631,ok,6.6562652587890625,1.0141887329950805e-12
lam0.50,410,1.2967234231405809,ok,6.7601776123046875,1.27675647831893e-14
lam0.50,411,1.629279840195662,ok,6.6892242431640625,6.128431095930864e-14
lam0.50,412,1.2810387463453972,ok,6.6713714599609375,1.1102230246251565e-15
lam0.50,413,1.2265862456647345,ok,6.6370391845703125,9.96203119996153e-13
lam0.50,414,1.2210204093548858,ok,6.7917633056640625,4.440892098500626e-16
lam0.50,415,1.5184719871753591,ok,6.6512298583984375,2.248805808235943e-09
lam0.50,416,1.2722859334916767,ok,6.6535186767578125,1.7763568394002505e-15
lam0.50,417,1.2274538988264538,ok,6.6461944580078125,8.215650382226158e-15
lam0.50,418,1.3000115511531272,ok,6.7047882080078125,4.440892098500626e-16
lam0.50,419,1.230501234521634,ok,6.7350006103515625,7.942095869850618e-10
lam0.50,420,1.1476294123051554,ok,6.6878509521484375,2.475797344914099e-12
lam0.50,421,1.355494102632078,ok,6.7116546630859375,1.8207657603852567e-14
lam0.50,422,1.1348860006354347,tilt_failed,,
lam0.50,423,1.4870029114220686,ok,6.6580963134765625,2.944311461305915e-13
lam0.50,424,1.259555766456639,ok,6.6439056396484375,2.991749070702099e-10
lam0.50,425,1.1382302712731849,tilt_failed,,
lam0.50,426,1.2079215767347853,ok,6.6342926025390625,2.2797917997863237e-09
lam0.50,427,1.1228121522925916,tilt_failed,,
lam0.50,428,1.091789680613647,tilt_failed,,
lam0.50,429,1.464779374919387,ok,6.7057037353515625,4.440892098500626e-16
lam0.50,430,1.2473595095250318,ok,6.6484832763671875,8.70828698040782e-09
lam0.50,431,1.1313028508273888,tilt_failed,,
lam0.50,432,1.5646356321412305,ok,6.7166900634765625,7.762235298969244e-12
lam0.50,433,1.364212406378156,ok,6.6791534423828125,1.4099832412739488e-14
lam0.50,434,1.0792536448618566,tilt_failed,,
lam0.50,435,1.7627691213210244,ok,6.7414093017578125,4.440892098500626e-16
lam0.50,436,1.282370572736658,ok,6.6530609130859375,5.630562682767959e-11
lam0.50,437,1.1825567466401468,ok,6.6489410400390625,1.7763568394002505e-13
lam0.50,438,1.079207962602121,tilt_failed,,
lam0.50,439,1.2426391522277007,ok,6.6329193115234375,2.651434627409799e-11
lam0.50,440,1.088967398875207,tilt_failed,,
lam0.50,441,1.141053082360812,tilt_failed,,
lam0.50,442,1.115629503130851,tilt_failed,,
lam0.50,443,1.5270861343720454,ok,6.5898895263671875,5.213429687955795e-11
lam0.50,444,1.1603186907265326,ok,6.6594696044921875,9.992007221626409e-14
lam0.50,445,1.0731749302895968,tilt_failed,,
lam0.50,446,1.19538450607341,ok,6.6265106201171875,4.574118861455645e-14
lam0.50,447,1.334275663041531,ok,6.7359161376953125,2.311484337269576e-13
lam0.50,448,1.2120314513289339,ok,6.6370391845703125,8.881784197001252e-16
lam0.50,449,1.384121343184289,ok,6.7111968994140625,4.440892098500626e-16
lam0.50,450,1.2299074987706504,ok,6.6347503662109375,7.455702721870239e-12
lam0.50,451,1.11669371530544,tilt_failed,,
lam0.50,452,1.205638357790363,ok,6.6507720947265625,4.122662544681077e-09
lam0.50,453,1.1321974221347502,tilt_failed,,
lam0.50,454,1.359268164606965,ok,6.6571807861328125,8.837708342923634e-11
lam0.50,455,1.1165295419048638,tilt_failed,,
lam0.50,456,1.055208231200321,tilt_failed,,
lam0.50,457,1.0850011837940292,tilt_failed,,
lam0.50,458,1.1525242334089403,tilt_failed,,
lam0.50,459,1.0470985878998593,tilt_failed,,
lam0.50,460,1.2308036101152342,ok,6.6677093505859375,1.2434497875801753e-14
lam0.50,461,1.5920860236703889,ok,6.7542266845703125,5.551115123125783e-16
lam0.50,462,1.3854258155490178,ok,6.7144012451171875,1.2212453270876722e-15
lam0.50,463,1.0849593328569764,tilt_failed,,
lam0.50,464,1.0700449619782797,tilt_failed,,
lam0.50,465,1.0275174753837455,tilt_failed,,
lam0.50,466,1.1346531946558909,tilt_failed,,
lam0.50,468,1.1318368862184758,tilt_failed,,
lam0.50,469,1.2095694293509318,ok,6.6901397705078125,1.1725576065657606e-10
lam0.50,470,1.5779870702348844,ok,6.6086578369140625,2.6645352591003757e-15
lam0.50,471,1.0261788586800569,tilt_failed,,
lam0.50,472,1.1561157514912712,tilt_failed,,
lam0.50,473,1.6059346508109438,ok,6.7436981201171875,7.465139617579553e-13
lam0.50,474,1.466418119016077,ok,6.6553497314453125,9.261480471423056e-13
lam0.50,475,1.2483124062073767,ok,6.6992950439453125,6.907807659217724e-13
lam0.50,476,1.1323394191215936,tilt_failed,,
lam0.50,477,1.1157744171183464,tilt_failed,,
lam0.50,478,1.0963608390268098,tilt_failed,,
lam0.50,479,1.1736471207353616,ok,6.6388702392578125,8.970602038971265e-14
lam0.50,480,1.1117976181579046,ok,6.7038726806640625,2.9733993045510942e-12
lam0.50,481,1.3531850996477426,ok,6.6457366943359375,1.9024914976739637e-10
lam0.50,482,1.2741120260892569,ok,6.7153167724609375,9.992007221626409e-16
lam0.50,483,1.038157275269428,tilt_failed,,
lam0.50,484,1.3049020289038429,ok,6.6956329345703125,2.1420565321506047e-09
lam0.50,485,1.5024110348762156,ok,6.7171478271484375,4.827604982438061e-11
lam0.50,486,1.0681606550782332,tilt_failed,,
lam0.50,487,1.1638296211943198,ok,6.6539764404296875,2.957634137601417e-13
lam0.50,488,1.2335539301771752,ok,6.6104888916015625,1.887379141862766e-15
lam0.50,489,1.0972661620780213,tilt_failed,,
lam0.50,491,1.2202170726462003,ok,6.6915130615234375,3.662012804106496e-09
lam0.50,492,1.1300116197049772,tilt_failed,,
lam0.50,493,1.0480165379512054,tilt_failed,,
lam0.50,494,1.1551438206204423,ok,6.7089080810546875,1.0402789740737717e-13
lam0.50,495,1.5730292257311251,ok,6.7052459716796875,8.181455513067704e-12
lam0.50,496,1.074112088120181,tilt_failed,,
lam0.50,497,1.0608326288277128,tilt_failed,,
lam0.50,498,1.0502508991900386,tilt_failed,,
lam0.50,499,1.036143690153636,tilt_failed,,
lam0.50,500,1.0860823441511978,tilt_failed,,
lam0.50,501,1.2897122051975274,ok,6.6420745849609375,1.6765663302109601e-09
lam0.50,502,1.3294383485105485,ok,6.6672515869140625,3.5083047578154947e-13
lam0.50,503,1.126419953921828,tilt_failed,,
lam0.50,504,1.084408160751736,tilt_failed,,
lam0.50,505,1.068016751025833,tilt_failed,,
lam0.50,506,1.0842426831675613,tilt_failed,,
lam0.50,507,1.3625354729752437,ok,6.7057037353515625,5.655809154347935e-12
lam0.50,508,1.3992882063128023,ok,6.6910552978515625,2.430113887896823e-10
lam0.50,509,1.0920591622104803,tilt_failed,,
lam0.50,510,1.281007085547604,ok,6.6590118408203125,1.2480312339135935e-09
lam0.50,511,1.3940162954417472,ok,6.6191864013671875,3.9683811792201595e-12
lam0.50,512,1.028004033590029,tilt_failed,,
lam0.50,513,1.0754531338532665,tilt_failed,,
lam0.50,514,1.1290047319323775,tilt_failed,,
lam0.50,515,1.1540961103684013,tilt_failed,,
lam0.50,516,1.0732988848754477,tilt_failed,,
lam0.50,517,2.552750373497472,ok,6.9432830810546875,2.0905499553691698e-13
lam0.50,518,1.207599905396106,ok,6.6645050048828125,5.7068128000992147e-11
lam0.50,519,1.2131314543922447,ok,6.8215179443359375,7.457057193960281e-11
lam0.50,520,1.0395397254286556,tilt_failed,,
lam0.50,521,1.207242111858359,ok,6.6654205322265625,1.1260126164813755e-10
lam0.50,522,1.5948177636208922,ok,6.8434906005859375,1.5543122344752192e-15
lam0.50,523,1.3898149719830528,ok,6.7134857177734375,4.5175641005812395e-11
lam0.50,524,1.1620048108236,ok,6.6173553466796875,3.680389326632394e-13
lam0.50,525,1.1119655104691213,tilt_failed,,
lam0.50,526,1.0638306187470297,tilt_failed,,
lam0.50,527,1.161646340928487,ok,6.6493988037109375,3.7192471324942744e-14
lam0.50,528,1.053579142661157,tilt_failed,,
lam0.50,529,1.3579125363916082,ok,6.7345428466796875,5.995204332975845e-15
lam0.50,530,1.1953578692528664,ok,6.6654205322265625,1.0321854482242543e-11
lam0.50,531,1.2953720770768213,ok,6.7029571533203125,2.4513724383723456e-13
lam0.50,532,1.2254043502917111,ok,6.7299652099609375,6.216682724158318e-10
lam0.50,533,1.10342514216843,tilt_failed,,
lam0.50,534,1.0419312588201404,tilt_failed,,
lam0.50,535,1.1213214887456953,tilt_failed,,
lam0.50,536,1.3334181003682204,ok,6.7290496826171875,7.169820293029261e-13
lam0.50,537,1.1916521869498526,ok,6.6745758056640625,1.5543122344752192e-15
lam0.50,538,1.0906362882662763,tilt_failed,,
lam0.50,539,1.482813276329974,ok,6.7230987548828125,1.0945536699225045e-09
lam0.50,540,1.07145714671719,tilt_failed,,
lam0.50,541,1.3281704825123353,ok,6.6461944580078125,5.049294315995212e-13
lam0.50,542,1.1450576885672918,ok,6.7034149169921875,2.0334844919034367e-12
lam0.50,543,1.3428091909843654,ok,6.6777801513671875,3.13389869610603e-10
lam0.50,544,1.1190120836294777,tilt_failed,,
lam0.50,545,1.5559622718193424,ok,6.6942596435546875,5.362155164334581e-12
lam0.50,546,1.2035695009052403,ok,6.6800689697265625,3.3801672572053576e-10
lam0.50,547,1.1069042659343584,tilt_failed,,
lam0.50,548,1.1702734019716694,ok,6.6379547119140625,1.0110881021319074e-08
lam0.50,549,1.3640783577535511,ok,6.6608428955078125,2.220446049250313e-16
lam0.50,550,1.2579637141341493,ok,6.6970062255859375,1.2310086283662258e-10
lam0.50,551,1.1458396537656301,tilt_failed,,
lam0.50,552,1.3127582868646086,ok,6.7345428466796875,1.8340884366807586e-13
lam0.50,553,1.1533645364784628,ok,6.6892242431640625,2.6645352591003757e-15
lam0.50,554,1.084671925685571,tilt_failed,,
lam0.50,555,1.0643603212308335,tilt_failed,,
lam0.50,556,1.0425286930831037,tilt_failed,,
lam0.50,557,1.0620238054284048,tilt_failed,,
lam0.50,558,1.1908478712611241,ok,6.6315460205078125,2.0028423364237824e-13
lam0.50,559,1.2926455505764893,ok,6.7176055908203125,6.661338147750939e-16
lam0.50,560,1.2289021169568826,ok,6.7157745361328125,1.1102230246251565e-15
lam0.50,561,1.0565281907190043,tilt_failed,,
lam0.50,562,1.0504659159101686,tilt_failed,,
lam0.50,563,1.5592580295757577,ok,6.6626739501953125,5.0560666764454254e-11
lam0.50,564,1.2228748677795211,ok,6.6823577880859375,6.542917319052322e-10
lam0.50,565,1.1516596580595817,tilt_failed,,
lam0.50,566,1.2629731761539318,ok,6.6608428955078125,5.032512184754978e-10
lam0.50,567,1.1452085085050603,tilt_failed,,
lam0.50,568,1.3628011950194494,ok,6.7015838623046875,1.3766765505351941e-12
lam0.50,569,1.4058367581909883,ok,6.6526031494140625,1.6986412276764895e-13
lam0.50,570,1.2754255202963283,ok,6.6828155517578125,4.43347580869613e-11
lam0.50,571,1.2449289984344638,ok,6.6681671142578125,5.760161236878503e-10
lam0.50,572,1.1195291822920295,tilt_failed,,
lam0.50,573,1.0893441989326447,tilt_failed,,
lam0.50,574,1.127657972110392,tilt_failed,,
lam0.50,575,1.2345442914765088,ok,6.6484832763671875,5.555556015224283e-12
lam0.50,576,1.4340606211930524,ok,6.6205596923828125,8.881784197001252e-16
lam0.50,577,1.6602213334994511,ok,6.8302154541015625,7.343348151778173e-10
lam0.50,578,1.0847023047820183,tilt_failed,,
lam0.50,579,1.111259314048245,tilt_failed,,
lam0.50,580,1.1000405541497054,tilt_failed,,
lam0.50,581,1.201168334522767,ok,6.6576385498046875,2.9771740628348198e-12
lam0.50,582,1.2244756908659498,ok,6.6626739501953125,2.220446049250313e-16
lam0.50,583,1.0470732876328228,tilt_failed,,
lam0.50,584,1.1634785711065403,tilt_failed,,
lam0.50,585,1.5604574008513528,ok,6.8082427978515625,4.111710971699267e-12
lam0.50,586,1.4024922045067219,ok,6.7139434814453125,4.3520742565306136e-14
lam0.50,587,1.126071575809924,tilt_failed,,
lam0.50,588,1.5116118118963864,ok,6.6970062255859375,4.685141163918161e-13
lam0.50,589,1.0921434205919514,tilt_failed,,
lam0.50,590,1.1317148948873987,tilt_failed,,
lam0.50,591,1.215493972786655,ok,6.6786956787109375,6.391179807607728e-10
lam0.50,592,1.4333685868964163,ok,6.7400360107421875,6.661338147750939e-16
lam0.50,593,1.153969392702866,ok,6.6585540771484375,1.5446310897004878e-11
lam0.50,594,1.1201904677318644,tilt_failed,,
lam0.50,595,1.1108004815198855,tilt_failed,,
lam0.50,596,1.598968454006404,ok,6.7464447021484375,1.0229375124737317e-09
lam0.50,597,1.1653368917721894,ok,6.6356658935546875,4.773959005888173e-13
lam0.50,598,1.0668108099770908,tilt_failed,,
lam0.50,599,1.2880755585137602,ok,6.5981292724609375,3.774758283725532e-14
lam0.50,600,1.0518435470435687,tilt_failed,,
lam0.50,601,1.1634299095579057,ok,6.7249298095703125,3.113065361048939e-13
lam0.50,602,1.0708559786703797,tilt_failed,,
lam0.50,603,1.267706736756795,ok,6.6864776611328125,2.320266201394361e-11
lam0.50,604,1.075003899929044,tilt_failed,,
lam0.50,605,1.1267107802498304,tilt_failed,,
lam0.50,606,1.080174280003938,tilt_failed,,
lam0.50,607,1.1174987870622635,tilt_failed,,
lam0.50,608,1.0324524330012739,tilt_failed,,
lam0.50,609,1.0969438634781392,tilt_failed,,
lam0.50,610,1.038968298693158,tilt_failed,,
lam0.50,611,1.1816142439104695,ok,6.6851043701171875,1.4654943925052066e-14
lam0.50,612,1.2446131482306675,ok,6.6910552978515625,1.8861578965356784e-11
lam0.50,613,1.2674343291754524,ok,6.7029571533203125,2.87259105391513e-12
lam0.50,614,1.308657603913992,ok,6.6613006591796875,5.839773109528323e-14
lam0.50,615,1.2067154655634993,ok,6.6873931884765625,2.2572377300633661e-10
lam0.50,616,1.3209555141205536,ok,6.6690826416015625,1.6259487090053426e-09
lam0.50,617,1.1613872662236318,tilt_failed,,
lam0.50,618,1.3333217814419691,ok,6.6924285888671875,2.862488024391041e-11
lam0.50,619,1.2123112821016597,ok,6.6297149658203125,2.4574897672380303e-11
lam0.50,620,1.1571634233029482,tilt_failed,,
lam0.50,621,1.1107861740245868,tilt_failed,,
lam0.50,622,1.189229986348954,ok,6.7189788818359375,5.438316463823867e-12
lam0.50,623,1.1065458071595184,tilt_failed,,
lam0.50,624,1.5427943384390168,ok,6.7340850830078125,1.3991952041436662e-10
lam0.50,625,1.194888263492166,ok,6.8219757080078125,9.994316485517629e-11
lam0.50,626,1.1304261135410982,tilt_failed,,
lam0.50,627,1.1285293684186026,tilt_failed,,
lam0.50,628,1.064765498937828,tilt_failed,,
lam0.50,629,1.0942427915594057,tilt_failed,,
lam0.50,630,1.3228530138509245,ok,6.6709136962890625,1.7763568394002505e-15
lam0.50,631,1.5058878697718867,ok,6.6613006591796875,7.771561172376096e-16
lam0.50,632,1.204551130844791,ok,6.6800689697265625,1.4317257379659054e-09
lam0.50,633,1.3835459500754543,ok,6.5889739990234375,1.3238874441157122e-09
lam0.50,634,1.3900164560891362,ok,6.6887664794921875,1.0125233984581428e-13
lam0.50,635,1.3392843280548152,ok,6.7853546142578125,5.551115123125783e-16
lam0.50,636,1.2430809820097486,ok,6.6635894775390625,3.452793606584237e-11
lam0.50,637,1.1384893634974496,tilt_failed,,
lam0.50,638,1.0746514591658638,tilt_failed,,
lam0.50,639,1.5507708726571419,ok,6.6924285888671875,9.137135492665038e-14
lam0.50,640,1.1039533760307219,tilt_failed,,
lam0.50,641,1.716808061046379,ok,6.8320465087890625,2.0898838215543947e-12
lam0.50,642,1.15556227935999,tilt_failed,,
lam0.50,643,1.1257512319527256,tilt_failed,,
lam0.50,644,1.4381726871913751,ok,6.7409515380859375,3.3282265832212943e-12
lam0.50,645,1.1012523903786384,tilt_failed,,
lam0.50,646,1.2754611503402158,ok,6.7464447021484375,5.1105786269545206e-12
lam0.50,647,1.1300563841728593,tilt_failed,,
lam0.50,648,1.1963245022016702,ok,6.6974639892578125,2.2304380564719395e-12
lam0.50,649,1.0656406908046188,tilt_failed,,
lam0.50,650,2.171150857033295,ok,6.9368743896484375,2.55351295663786e-15
lam0.50,651,1.185311113838804,ok,6.6663360595703125,4.3520742565306136e-14
lam0.50,652,1.124733224716892,tilt_failed,,
lam0.50,653,1.0708683112253563,tilt_failed,,
lam0.50,654,1.0815223431623415,tilt_failed,,
lam0.50,655,1.2860278815882444,ok,6.6695404052734375,4.440892098500626e-16
lam0.50,657,1.119462564835952,tilt_failed,,
lam0.50,658,1.1010592881706607,tilt_failed,,
lam0.50,659,1.3572512400163907,ok,6.7528533935546875,7.656466571859255e-10
lam0.50,660,1.1724010134359886,ok,6.6631317138671875,7.616129948928574e-14
lam0.50,661,1.1827772243151622,ok,6.6352081298828125,4.4853010194856324e-13
lam0.50,662,1.0910184168514014,tilt_failed,,
lam0.50,663,1.0656478952176092,tilt_failed,,
lam0.50,664,1.144183317283355,tilt_failed,,
lam0.50,665,1.7602510401913272,tilt_failed,,
lam0.50,666,1.1401459351239513,tilt_failed,,
lam0.50,667,1.2263612534549424,ok,6.7555999755859375,7.801287393860434e-10
lam0.50,668,1.2798428607989982,ok,6.7359161376953125,6.056491974604228e-10
lam0.50,669,1.085232482929601,tilt_failed,,
lam0.50,670,1.0554452661745461,tilt_failed,,
lam0.50,671,1.652046949029803,ok,6.9519805908203125,4.519495888644087e-12
lam0.50,672,1.2416838277420752,ok,6.6352081298828125,2.8965718712470334e-12
lam0.50,673,1.2781876051672627,ok,6.7116546630859375,1.921885317557326e-09
lam0.50,674,1.207933389330646,ok,6.6342926025390625,1.478516642450245e-09
lam0.50,675,1.162111940051532,ok,6.6594696044921875,2.071010030135767e-11
lam0.50,676,1.5211645510157898,tilt_failed,,
lam0.50,677,1.2450379848219353,ok,6.6475677490234375,3.077538224260934e-13
lam0.50,678,1.095180663218599,tilt_failed,,
lam0.50,679,1.2782766486362338,ok,6.6979217529296875,1.8045334115868172e-09
lam0.50,680,1.1024461824685508,tilt_failed,,
lam0.50,681,1.4598782889936575,ok,6.7144012451171875,3.027800232757727e-12
lam0.50,682,1.1590535694655726,ok,6.6626739501953125,4.340972026284362e-14
lam0.50,683,1.1638297000632745,tilt_failed,,
lam0.50,684,1.3043870332739247,ok,6.6498565673828125,1.7719159473017498e-13
lam0.50,685,1.051066528212449,tilt_failed,,
lam0.50,686,1.2459973478485467,ok,6.7404937744140625,5.300204719560497e-13
lam0.50,687,1.0918641441484933,tilt_failed,,
lam0.50,688,1.1282098749277671,tilt_failed,,
lam0.50,689,1.0883580536584898,tilt_failed,,
lam0.50,690,1.098963676579011,tilt_failed,,
lam0.50,691,1.4079563797735437,ok,6.6905975341796875,8.881784197001252e-16
lam0.50,692,1.3161881356911644,ok,6.6901397705078125,3.743672039036028e-13
lam0.50,693,1.290646694739161,ok,6.6690826416015625,5.995204332975845e-15
lam0.50,694,1.0806030528811434,tilt_failed,,
lam0.50,695,1.1980522977140051,ok,6.7203521728515625,5.2307935760609325e-11
lam0.50,696,1.1309207686708938,ok,6.7111968994140625,8.745979496183054e-10
lam0.50,697,1.1128800884383643,tilt_failed,,
lam0.50,698,1.367542812801651,ok,6.6938018798828125,6.517009154549669e-14
lam0.50,699,1.3414247287486172,ok,6.6814422607421875,4.8753445724969424e-11
lam0.50,700,1.0568522134567138,tilt_failed,,
lam0.50,702,1.2833093941388976,ok,6.6846466064453125,8.43769498715119e-15
lam0.50,703,1.372220349642347,ok,6.8883514404296875,4.440892098500626e-16
lam0.50,704,1.4778370921820265,ok,6.6159820556640625,1.3956169553352993e-11
lam0.50,705,1.5750342033437736,ok,6.6878509521484375,6.905587213168474e-14
lam0.50,706,1.582210124063084,ok,6.6146087646484375,1.9984014443252818e-15
lam0.50,707,1.197854660861849,ok,6.7395782470703125,9.061418282385603e-12
lam0.50,708,1.2301303063577644,ok,6.7121124267578125,4.884981308350689e-15
lam0.50,709,1.051692746799368,tilt_failed,,
lam0.50,710,1.1335726263737174,tilt_failed,,
lam0.50,711,1.1137075895269453,tilt_failed,,
lam0.50,712,1.356362350517843,ok,6.6965484619140625,9.549454560442427e-10
lam0.50,713,1.071347758063508,tilt_failed,,
lam0.50,714,1.2818253336298615,ok,6.6782379150390625,4.2435943647944896e-10
lam0.50,715,1.1231288354600832,tilt_failed,,
lam0.50,717,1.503968082938417,ok,6.6457366943359375,1.5684209486721556e-10
lam0.50,718,1.0690242340430005,tilt_failed,,
lam0.50,719,1.207429093873524,ok,6.7281341552734375,2.5107516066213975e-10
lam0.50,720,1.0735568160580529,tilt_failed,,
lam0.50,721,1.0804971275286763,tilt_failed,,
lam0.50,722,1.1738975698696268,ok,6.6645050048828125,1.9957369090661814e-12
lam0.50,723,1.140768110589428,tilt_failed,,
lam0.50,724,1.125269066943261,tilt_failed,,
lam0.50,725,1.4202826699381992,ok,6.7258453369140625,3.3306690738754696e-15
lam0.50,726,1.202590911972875,ok,6.6507720947265625,6.669464980291195e-11
lam0.50,727,1.2024726550085851,ok,6.6613006591796875,2.517097641430155e-12
lam0.50,728,1.185661417883195,ok,6.6278839111328125,1.3170575741128232e-12
lam0.50,729,1.2561364407084632,ok,6.6324615478515625,3.5588153535215383e-09
lam0.50,730,1.0660600071307267,tilt_failed,,
lam0.50,731,1.0424240006230945,tilt_failed,,
lam0.50,732,1.409820015515751,ok,6.7716217041015625,2.0796342425910552e-10
lam0.50,733,1.0726942335467955,tilt_failed,,
lam0.50,734,1.061400145447566,tilt_failed,,
lam0.50,735,1.1868461361923732,ok,6.6727447509765625,4.440892098500626e-15
lam0.50,736,1.0618319886389664,tilt_failed,,
lam0.50,737,2.17654635165504,tilt_failed,,
lam0.50,738,1.2833815855501252,ok,6.7418670654296875,1.745270594710746e-12
lam0.50,740,1.4677068654234613,tilt_failed,,
lam0.50,741,1.1044192728748767,tilt_failed,,
lam0.50,742,1.1658408473845685,ok,6.6759490966796875,1.3580248037214915e-12
lam0.50,743,1.4645744456970498,ok,6.7281341552734375,1.3025136524902337e-12
lam0.50,744,1.3952164471847102,ok,6.6287994384765625,7.535305712735862e-12
lam0.50,745,1.1263477321343236,tilt_failed,,
lam0.50,746,1.3173509635119567,ok,6.7116546630859375,8.881784197001252e-16
lam0.50,747,1.1167482788359062,tilt_failed,,
lam0.50,748,1.694493506989641,ok,6.9071197509765625,1.2212453270876722e-15
lam0.50,749,1.302262799573773,ok,6.6855621337890625,9.781064846947629e-14
lam0.50,751,1.4302325000328935,ok,6.7185211181640625,3.92182064601343e-09
lam0.50,752,1.1843795937360242,ok,6.6342926025390625,2.80109269112927e-13
lam0.50,753,1.2467991454991594,ok,6.6301727294921875,3.930189507173054e-14
lam0.50,754,1.3084037010738316,ok,6.6732025146484375,6.027844889899825e-11
lam0.50,755,1.127904637347318,tilt_failed,,
lam0.50,756,1.1362818426184422,tilt_failed,,
lam0.50,757,1.1008023808462577,tilt_failed,,
lam0.50,758,1.3949927741481363,ok,6.6448211669921875,1.0425549312742532e-10
lam0.50,759,1.4183842994842464,ok,6.6512298583984375,3.177202945181534e-10
lam0.50,760,1.2102611209640577,ok,6.6585540771484375,6.581775124914202e-10
lam0.50,761,1.2663314026180976,ok,6.7537689208984375,1.2879270983034985e-09
lam0.50,762,1.3777321774334297,ok,6.6970062255859375,1.7985612998927536e-14
lam0.50,763,1.3051459637563458,ok,6.6567230224609375,2.5214053067657005e-11
lam0.50,764,1.1478558696214831,tilt_failed,,
lam0.50,765,1.1502605178984286,tilt_failed,,
lam0.50,766,1.0838412212065316,tilt_failed,,
lam0.50,767,1.1332403717730348,tilt_failed,,
lam0.50,768,1.2320401148776585,ok,6.6851043701171875,1.1276923839176334e-10
lam0.50,769,1.2486667610503928,ok,6.6878509521484375,1.1268691535448738e-09
lam0.50,770,1.250848039528919,ok,6.6443634033203125,6.889933068521259e-12
lam0.50,771,1.3936369998261762,ok,6.6809844970703125,1.942890293094024e-14
lam0.50,772,1.1205212158736564,tilt_failed,,
lam0.50,773,1.3981100032596705,ok,6.6631317138671875,7.597256157509946e-12
lam0.50,774,1.2331029301613488,ok,6.6448211669921875,1.532107773982716e-13
lam0.50,775,1.1555018982998198,tilt_failed,,
lam0.50,776,1.2044493992086103,ok,6.6146087646484375,4.849898260772534e-12
lam0.50,777,1.234105473032425,ok,6.6983795166015625,1.6209256159527285e-14
lam0.50,778,1.1570272559376111,ok,6.6526031494140625,1.2188294817860879e-09
lam0.50,779,1.1787220633211999,ok,6.6608428955078125,9.761080832504376e-13
lam0.50,780,1.1993280645351014,ok,6.6883087158203125,1.921360848200493e-10
lam0.50,781,1.4811431690612211,ok,6.6315460205078125,2.8085613834605283e-09
lam0.50,782,1.1483026716648268,tilt_failed,,
lam0.50,783,1.2774392044563967,ok,6.6384124755859375,1.4472645304408616e-11
lam0.50,784,1.8278752279782176,ok,6.6306304931640625,1.5336620862171912e-12
lam0.50,785,1.1108773276310777,tilt_failed,,
lam0.50,787,1.1244237018254992,tilt_failed,,
lam0.50,788,1.3448207846155091,ok,6.6864776611328125,4.261568875563171e-11
lam0.50,789,1.2360806601057681,ok,6.6732025146484375,4.764633132481322e-12
lam0.50,790,1.463730019930028,ok,6.7084503173828125,3.6336444964035763e-10
lam0.50,791,1.3486661710751073,ok,6.6420745849609375,9.782130661051269e-11
lam0.50,792,1.4998417781302211,ok,6.6855621337890625,2.220446049250313e-16
lam0.50,793,1.262363712317896,ok,6.6219329833984375,1.3322676295501878e-15
lam0.50,794,1.648859186350943,ok,6.6645050048828125,1.6782930600811596e-10
lam0.50,795,1.4578971675438661,ok,6.6150665283203125,4.440892098500626e-16
lam0.50,796,1.0771268421274127,tilt_failed,,
lam0.50,797,1.3019344124387546,ok,6.6448211669921875,3.3995268822195612e-09
lam0.50,798,1.5813757586167136,ok,6.6576385498046875,1.2212453270876722e-13
lam0.50,799,1.7880193935350666,tilt_failed,,
lam0.50,800,1.195687095530662,ok,6.6526031494140625,4.884981308350689e-15
lam0.50,801,1.2236251517407148,ok,6.7084503173828125,1.5543122344752192e-13
lam0.50,802,1.0611425939610082,tilt_failed,,
lam0.50,803,1.342126825185788,ok,6.6539764404296875,4.4586501157795055e-09
lam0.50,804,1.2612192930393813,ok,6.6562652587890625,5.424105609108665e-12
lam0.50,806,1.1579681711987988,ok,6.6942596435546875,5.595524044110789e-14
lam0.50,807,1.2870565508573724,ok,6.6635894775390625,3.7003622388454005e-11
lam0.50,808,1.1858657415896154,ok,6.6155242919921875,3.1232794128754904e-12
lam0.50,809,1.318700227235636,ok,6.6562652587890625,1.7238432903354806e-11
lam0.50,810,1.3291901552686736,ok,6.6461944580078125,4.440892098500626e-16
lam0.50,811,1.4888995687284132,ok,6.6484832763671875,9.048206628392563e-12
lam0.50,812,1.1934895939338779,ok,6.6297149658203125,1.7763568394002505e-15
lam0.50,813,1.3317096472829055,ok,6.6539764404296875,1.0360556856880976e-10
lam0.50,814,1.1474775913885171,tilt_failed,,
lam0.50,815,1.2225593489689772,ok,6.6819000244140625,6.959455234323286e-10
lam0.50,816,1.197729369049827,ok,6.6832733154296875,1.8385293287792592e-13
lam0.50,817,1.1334106835406128,tilt_failed,,
lam0.50,818,1.165560238853013,ok,6.6658782958984375,9.628511210557633e-09
lam0.50,819,1.198483176689656,ok,6.7235565185546875,5.3290705182007514e-14
lam0.50,820,1.0501245364790412,tilt_failed,,
lam0.50,821,1.0636832133118435,tilt_failed,,
lam0.50,822,1.0747872770621276,tilt_failed,,
lam0.50,823,1.151419329299825,ok,6.6526031494140625,7.111644606538903e-12
lam0.40,0,1.2495659770880998,ok,8.041915893554684,3.6504133049675147e-13
lam0.40,1,2.2706842351618963,ok,8.051528930664059,1.4439560658274786e-12
lam0.40,2,1.7162466041892894,ok,8.072586059570309,1.0446750131620774e-09
lam0.40,3,1.2264104119995611,ok,8.077621459960934,7.993605777301127e-15
lam0.40,4,2.7885031630110895,ok,8.081741333007809,1.2366330182089769e-11
lam0.40,7,1.9197329454372796,ok,8.249740600585934,6.417089082333405e-14
lam0.40,8,1.2087205694286438,ok,8.036422729492184,1.9331025669089286e-10
lam0.40,9,1.5422059283046299,ok,8.054733276367184,8.970602038971265e-14
lam0.40,10,1.2488199371162336,ok,8.163223266601559,7.33201277469675e-10
lam0.40,11,1.6041167302560164,ok,8.133010864257809,1.9095836023552692e-14
lam0.40,12,1.7261148456153768,ok,8.029098510742184,5.826357174498753e-10
lam0.40,13,1.790288721762513,ok,8.282699584960934,3.1408431411250604e-11
lam0.40,14,1.9239252842736108,ok,8.189773559570309,7.136513602290506e-12
lam0.40,15,1.1274910127681486,tilt_failed,,
lam0.40,16,1.3560845507149728,ok,8.065719604492184,1.152913320368043e-10
lam0.40,17,1.9602118459046787,ok,8.130722045898434,7.479910024699166e-10
lam0.40,18,1.2270725297391634,ok,8.186111450195309,1.4854784069484595e-13
lam0.40,19,1.231716841418951,ok,8.030471801757809,2.220446049250313e-16
lam0.40,20,1.617458444836998,ok,8.154067993164059,4.440892098500626e-16
lam0.40,21,1.1014773083297704,tilt_failed,,
lam0.40,22,1.2230707005175832,ok,8.152694702148434,3.441691376337985e-14
lam0.40,23,1.5082805379061974,ok,8.174209594726559,5.706546346573305e-14
lam0.40,24,1.1107421871665006,ok,8.150405883789059,8.478105995024521e-10
lam0.40,25,1.6580338897417757,ok,8.083572387695309,8.881784197001252e-16
lam0.40,26,1.4011250231692336,ok,8.093185424804684,9.947598300641403e-14
lam0.40,27,1.1878485234326608,ok,8.073959350585934,1.3322676295501878e-15
lam0.40,28,1.2809142917378686,ok,8.186111450195309,8.198397516423483e-11
lam0.40,29,1.14417114939594,tilt_failed,,
lam0.40,30,1.279423498252087,ok,8.144912719726559,1.1526335441658375e-12
lam0.40,31,1.127390982145868,tilt_failed,,
lam0.40,32,1.7694527128929365,ok,8.048782348632809,8.881784197001252e-16
lam0.40,33,1.9449744748383688,ok,8.089981079101559,5.928590951498336e-14
lam0.40,34,1.3054588622848027,ok,8.157730102539059,3.1209035356027925e-10
lam0.40,35,1.14630375947696,tilt_failed,,
lam0.40,37,1.310178753577754,ok,8.158645629882809,9.660938715683187e-12
lam0.40,38,1.7442216691830636,ok,8.078079223632809,5.119274670839502e-09
lam0.40,39,1.1638444276297335,ok,8.041000366210934,6.190603585309873e-13
lam0.40,40,1.4494239809659757,ok,8.034133911132809,7.982503547054876e-13
lam0.40,41,1.8840287893421606,ok,8.450698852539059,1.0691447727140257e-13
lam0.40,42,1.351040894815895,ok,8.079910278320309,2.2212063299775764e-09
lam0.40,43,1.4702120347057033,ok,8.087234497070309,9.034106795979824e-12
lam0.40,44,1.8297438469304954,ok,8.092269897460934,8.881784197001252e-16
lam0.40,45,1.1493169231325773,tilt_failed,,
lam0.40,46,1.2860263584590699,ok,8.034133911132809,7.742695373735842e-13
lam0.40,47,1.2238275409651755,ok,8.022689819335934,1.8340884366807586e-13
lam0.40,48,1.2894190733474804,ok,8.051986694335934,2.6645352591003757e-15
lam0.40,49,1.177109438002338,ok,8.115615844726559,4.702016553892463e-12
lam0.40,50,1.2680247255034056,ok,8.011703491210934,2.220446049250313e-16
lam0.40,51,1.179141649423787,ok,8.024520874023434,1.654931747196997e-11
lam0.40,52,1.3362714590165126,ok,8.130722045898434,7.771561172376096e-16
lam0.40,53,1.9706092067997634,ok,8.002090454101559,9.575229498182125e-12
lam0.40,54,1.5184273841127947,ok,8.241043090820309,2.6188828883277893e-11
lam0.40,55,1.280423850703025,ok,8.162765502929684,1.199040866595169e-14
lam0.40,56,1.502562458544429,ok,8.310623168945309,2.2411628108898185e-11
lam0.40,57,1.2200550756937456,ok,8.068466186523434,1.3166195911296086e-09
lam0.40,58,1.2345136582655487,ok,8.095932006835934,1.1679546219056647e-13
lam0.40,59,1.0660111121143323,tilt_failed,,
lam0.40,60,1.3418071048269182,ok,8.126602172851559,6.373412908544651e-11
lam0.40,61,1.1896608565745292,ok,8.145828247070309,3.1086244689504383e-15
lam0.40,62,1.4185845019768744,ok,8.196640014648434,1.1446021908056991e-10
lam0.40,63,1.2985196416877565,ok,8.108749389648434,2.107203300738547e-13
lam0.40,64,1.115432932623103,tilt_failed,,
lam0.40,65,1.3555050736729355,ok,8.140792846679684,9.513345666789519e-11
lam0.40,66,1.1061142576035432,tilt_failed,,
lam0.40,67,1.2536100867170448,ok,8.093643188476559,4.827249711070181e-13
lam0.40,68,1.3984362609311423,ok,8.088150024414059,1.2451373265776056e-11
lam0.40,69,1.187244556731469,ok,8.145370483398434,1.2789768133458779e-09
lam0.40,70,1.1889132929168749,ok,8.062973022460934,1.3804513088189196e-12
lam0.40,71,1.090596341240824,tilt_failed,,
lam0.40,72,1.4536873675875344,ok,8.180160522460934,1.4952141746960024e-09
lam0.40,73,1.1491232568634893,tilt_failed,,
lam0.40,74,1.5519461116386573,ok,8.218154907226559,8.881784197001252e-16
lam0.40,75,1.213740225956765,ok,8.076248168945309,2.2640895824821428e-09
lam0.40,76,1.4834529496675941,ok,8.152694702148434,7.482903185973555e-14
lam0.40,77,2.029600064598912,ok,8.452987670898434,3.294364780970227e-12
lam0.40,78,1.1109698597582736,tilt_failed,,
lam0.40,79,1.1378123861639873,tilt_failed,,
lam0.40,80,1.0891643986680541,tilt_failed,,
lam0.40,81,1.310076556917332,ok,8.061141967773434,1.099120794378905e-12
lam0.40,82,1.1809358978696127,ok,7.989273071289059,2.7759905485424952e-11
lam0.40,83,1.272923944182704,ok,8.084945678710934,1.4598731112869245e-09
lam0.40,84,1.6929295604882841,ok,8.070297241210934,8.79474271187064e-12
lam0.40,86,1.6552762156375826,ok,8.338546752929684,5.329070518200751e-15
lam0.40,87,1.5277331202443705,ok,8.186569213867184,5.212275056010185e-12
lam0.40,88,1.180031941817787,ok,7.984237670898434,1.3820045108303702e-10
lam0.40,89,1.4650364878146038,ok,8.062973022460934,3.7471803437938433e-11
lam0.40,90,1.8204379516510834,ok,8.259353637695309,5.551115123125783e-16
lam0.40,91,1.1367427913444363,tilt_failed,,
lam0.40,92,1.4580521646341924,ok,8.051071166992184,3.2323033138936808e-12
lam0.40,93,1.4025405990429631,ok,8.126602172851559,8.269118723092106e-11
lam0.40,94,1.1734459764579346,ok,8.000717163085934,8.819611707622244e-13
lam0.40,95,1.1885887029728321,ok,8.028640747070309,1.0852641008085584e-10
lam0.40,96,1.183748064018879,ok,8.097763061523434,6.7390537594747e-13
lam0.40,97,1.6691354279943689,ok,7.989730834960934,5.377669420880693e-10
lam0.40,98,1.5274073571594127,ok,8.080825805664059,7.923439682144817e-12
lam0.40,99,1.349041702506478,ok,8.097763061523434,4.2588155224621005e-13
lam0.40,100,1.2686733725284693,ok,8.013076782226559,4.440892098500626e-16
lam0.40,101,1.1952692111054526,ok,8.104171752929684,4.6629367034256575e-15
lam0.40,102,1.6428132221391716,ok,8.047409057617184,1.4922285629381804e-11
lam0.40,103,1.4789924766230378,ok,8.255233764648434,2.220446049250313e-16
lam0.40,104,1.604887959148538,ok,8.063888549804684,9.872103134966892e-13
lam0.40,105,1.257899489985736,ok,8.067550659179684,5.091354005060111e-09
lam0.40,106,1.5614412208311628,ok,8.066177368164059,3.0335445266871375e-10
lam0.40,107,1.081495084123776,tilt_failed,,
lam0.40,108,1.3437669946107347,ok,8.158187866210934,2.6731319380246532e-09
lam0.40,109,1.3583402835227179,ok,8.197097778320309,1.233457780358549e-13
lam0.40,110,1.575061788917229,ok,8.026351928710934,6.084022174945858e-14
lam0.40,111,1.436442909832728,ok,8.087692260742184,1.534528060176399e-11
lam0.40,112,1.1518957122218951,tilt_failed,,
lam0.40,113,1.5055184596021824,ok,8.037796020507809,2.1146417950035357e-11
lam0.40,114,1.0987198766030724,tilt_failed,,
lam0.40,115,1.5235038680298332,ok,8.094100952148434,1.0673684158746255e-12
lam0.40,116,1.333078688177768,ok,8.069839477539059,2.4812036869548137e-09
lam0.40,117,1.2540089392677942,ok,8.062515258789059,1.9984014443252818e-15
lam0.40,118,1.143882983505564,tilt_failed,,
lam0.40,119,1.3704393263599985,ok,8.078994750976559,3.781841506622641e-11
lam0.40,120,1.144395344691357,tilt_failed,,
lam0.40,121,1.1807788573901603,ok,8.030471801757809,6.029121646378144e-11
lam0.40,122,1.2887006971178392,ok,8.181991577148434,5.910958389421239e-10
lam0.40,123,1.189762463715359,ok,8.017196655273434,7.459330930714714e-10
lam0.40,124,1.610495299143263,ok,8.144912719726559,7.236373722463441e-10
lam0.40,125,1.411138629723674,ok,8.020858764648434,7.813749647311852e-13
lam0.40,126,1.3527309829010998,ok,8.118820190429684,2.2745725303252584e-09
lam0.40,127,1.4372470134748843,ok,8.030471801757809,1.7011370090358469e-10
lam0.40,128,1.2414276531930049,ok,8.073501586914059,8.688516572874505e-11
lam0.40,129,1.224222092828324,ok,8.048324584960934,3.3351099659739702e-12
lam0.40,130,1.3959931932380203,ok,8.051986694335934,8.449640986896156e-11
lam0.40,131,1.1674348404826378,ok,8.033218383789059,3.0753177782116836e-14
lam0.40,132,1.230716631784396,ok,8.042831420898434,1.4867751474412216e-10
lam0.40,133,1.9153698614104122,ok,7.977828979492184,4.129585562395732e-12
lam0.40,134,1.2107274137413238,ok,8.064346313476559,4.983320422979887e-10
lam0.40,135,1.266400074302206,ok,8.070297241210934,8.881784197001252e-15
lam0.40,136,2.0072148055446664,ok,8.093643188476559,1.7497114868092467e-13
lam0.40,137,1.2307455302633798,ok,8.068008422851559,1.835642748915234e-12
lam0.40,138,1.4948158524550723,ok,8.020401000976559,7.348122110784061e-12
lam0.40,139,1.4394343085446633,ok,8.197097778320309,1.6653345369377348e-15
lam0.40,140,1.208104391913723,ok,8.067550659179684,6.589617740360154e-10
lam0.40,141,1.2125461951624,ok,8.166885375976559,1.8365597931335742e-10
lam0.40,142,1.3621005063639018,ok,8.076248168945309,9.492913122244317e-10
lam0.40,143,1.304415160359255,ok,8.079910278320309,2.8621549574836536e-13
lam0.40,144,1.139162767366352,tilt_failed,,
lam0.40,145,1.1809791869368715,ok,7.965011596679684,3.938271930792325e-11
lam0.40,146,1.1077392885831656,tilt_failed,,
lam0.40,147,1.5212991981750854,ok,7.993392944335934,1.9322321520576224e-12
lam0.40,148,1.4085606637291095,ok,7.981948852539059,4.3232084578903596e-13
lam0.40,149,1.1147076984090543,tilt_failed,,
lam0.40,150,1.465561536960908,ok,8.027725219726559,1.5298873279334657e-13
lam0.40,151,1.7782887116253359,ok,7.998886108398434,1.7763568394002505e-15
lam0.40,152,1.2889213397543617,ok,8.043289184570309,6.750155989720952e-14
lam0.40,153,1.43422242156877,ok,8.060684204101559,4.71715999594835e-11
lam0.40,154,1.2790711157260268,ok,8.120193481445309,6.10178574333986e-13
lam0.40,155,1.1949958360842703,ok,8.112411499023434,2.7977620220553945e-14
lam0.40,156,1.392559330649519,ok,8.032760620117184,1.0116716353536503e-09
lam0.40,157,2.0146862980231384,tilt_failed,,
lam0.40,158,1.2291977529804377,ok,8.138961791992184,2.5651258894754392e-11
lam0.40,159,1.4098975511180125,ok,8.101882934570309,1.5264189912045367e-09
lam0.40,160,1.3466578054063896,ok,8.033676147460934,5.989986284760107e-11
lam0.40,161,1.4437610677371713,ok,8.138961791992184,3.552713678800501e-15
lam0.40,162,1.3847319099428506,ok,8.053817749023434,1.67737379541677e-10
lam0.40,163,1.3262402355053773,ok,8.101425170898434,1.2585821274058162e-10
lam0.40,164,1.1306879890665757,tilt_failed,,
lam0.40,165,1.5011901098702691,ok,8.055191040039059,8.881784197001252e-16
lam0.40,166,1.163640736073686,ok,8.034133911132809,6.294964549624638e-14
lam0.40,167,1.437761502755005,ok,8.188400268554684,1.5765166949677223e-14
lam0.40,168,1.1696486834562227,ok,7.984695434570309,6.494804694057166e-13
lam0.40,169,1.0749564463438346,tilt_failed,,
lam0.40,170,1.3618032272215541,ok,8.208999633789059,1.0646594716945401e-10
lam0.40,171,1.1735767108156834,ok,8.127059936523434,2.8683988517741454e-10
lam0.40,172,1.2153105527004915,ok,8.197555541992184,8.215650382226158e-15
lam0.40,173,1.1474876084722654,ok,8.008041381835934,5.275779813018744e-13
lam0.40,174,1.4111318283749357,ok,8.056106567382809,3.71044861502412e-09
lam0.40,175,1.0688908404978614,tilt_failed,,
lam0.40,176,1.3773264423154874,ok,8.110122680664059,1.4330825415242998e-09
lam0.40,177,1.08263932881456,tilt_failed,,
lam0.40,178,1.1739198743217025,ok,8.028640747070309,3.835554096554006e-10
lam0.40,179,1.0942454571100102,tilt_failed,,
lam0.40,180,1.1890158521657805,ok,8.033676147460934,4.769064032572601e-10
lam0.40,181,1.3029027784610538,ok,8.055191040039059,3.0673323880847647e-09
lam0.40,182,1.2152116774250383,ok,8.042831420898434,5.551115123125783e-16
lam0.40,183,1.1362457556679368,tilt_failed,,
lam0.40,184,1.130157039069779,tilt_failed,,
lam0.40,185,1.3619305641256603,ok,8.087234497070309,1.0391687510491465e-12
lam0.40,186,1.7866098777593447,ok,8.001632690429684,1.3860024239420454e-12
lam0.40,187,1.2106070966716413,ok,8.095474243164059,1.4235013168217847e-10
lam0.40,188,1.1702211910012936,ok,8.002548217773434,2.007283228522283e-13
lam0.40,189,1.3859855782588169,ok,8.130264282226559,1.560307438808195e-12
lam0.40,190,1.3071560126575426,ok,8.086776733398434,5.650369061527272e-12
lam0.40,191,1.2391387765366944,ok,8.044204711914059,5.4712234742737564e-09
lam0.40,192,1.1338062824699524,tilt_failed,,
lam0.40,193,1.3229109531003695,ok,8.098220825195309,5.064837438339964e-13
lam0.40,194,1.2566149825846944,ok,8.166427612304684,2.2260686627362247e-09
lam0.40,195,1.1592174401246003,tilt_failed,,
lam0.40,196,1.22891909207467,ok,8.091812133789059,9.237055564881302e-14
lam0.40,197,1.1520028579943609,ok,8.050613403320309,1.688427175849938e-12
lam0.40,198,1.1968238241844789,ok,7.973709106445309,6.631140081481135e-12
lam0.40,199,1.1699724372925584,ok,8.073501586914059,2.9062795503520533e-09
lam0.40,200,1.1758533730359604,ok,8.068923950195309,1.3192280601259654e-10
lam0.40,201,1.3429071669566661,ok,8.090896606445309,3.713451768305731e-10
lam0.40,202,1.3737057563015538,ok,8.125686645507809,9.992007221626409e-15
lam0.40,203,1.1711131798216483,ok,7.995681762695309,1.9895196601282805e-13
lam0.40,205,1.1570428018565817,tilt_failed,,
lam0.40,206,1.213185281735262,ok,8.160018920898434,9.829670410965718e-11
lam0.40,207,1.454830958553857,ok,7.999343872070309,5.011820958245039e-09
lam0.40,208,1.1445793727955857,tilt_failed,,
lam0.40,209,1.3594724772282145,ok,8.117904663085934,2.1538326677728037e-14
lam0.40,210,1.3993969673684326,ok,8.059310913085934,1.3624412709134504e-10
lam0.40,211,1.3193362365046746,ok,8.094100952148434,5.995204332975845e-15
lam0.40,212,1.0923587376044432,tilt_failed,,
lam0.40,213,1.5349021026957292,ok,8.119735717773434,3.3306690738754696e-16
lam0.40,214,1.6340348762511054,ok,8.108749389648434,1.7763568394002505e-15
lam0.40,215,1.3310843958225347,ok,8.090896606445309,5.053735208093713e-13
lam0.40,216,1.3707452381475895,ok,8.032760620117184,2.297628753922254e-11
lam0.40,217,1.166656266846943,ok,8.134841918945309,2.144404653847687e-09
lam0.40,219,1.1421813151806643,tilt_failed,,
lam0.40,220,1.2892005959333244,ok,8.068923950195309,1.7763568394002505e-15
lam0.40,221,1.1354651202569948,tilt_failed,,
lam0.40,222,1.6637425118184814,ok,8.090438842773434,2.810973676048434e-11
lam0.40,223,1.0834378978178483,tilt_failed,,
lam0.40,224,1.639569113494013,ok,7.971420288085934,2.1982993203550905e-10
lam0.40,225,1.192358197028064,ok,8.118362426757809,2.37879493880655e-09
lam0.40,226,1.2700329486781816,ok,8.069381713867184,3.801403636316536e-13
lam0.40,227,1.2446412551586832,ok,8.143539428710934,2.1662671656486054e-11
lam0.40,228,1.2234945806695061,ok,8.026351928710934,4.874989301129062e-13
lam0.40,229,1.3120751034636033,ok,8.102798461914059,1.0369483049998962e-13
lam0.40,230,1.297968233710469,ok,8.034133911132809,6.994405055138486e-15
lam0.40,231,1.4521294238640576,ok,8.084487915039059,9.9253938401489e-14
lam0.40,232,1.3388972283626686,ok,8.071212768554684,1.2103074098490652e-10
lam0.40,233,1.2294966337985014,ok,8.075790405273434,7.793765632868599e-14
lam0.40,234,1.3367577334805303,ok,8.087692260742184,8.881784197001252e-16
lam0.40,235,1.3456178525399523,ok,8.078994750976559,1.9481971591517322e-11
lam0.40,236,1.5347393946965364,ok,8.061141967773434,4.07660571966062e-10
lam0.40,237,1.372552847769868,ok,8.193435668945309,3.5726976932437537e-12
lam0.40,238,1.2078153338483466,ok,8.136215209960934,8.634992720857326e-10
lam0.40,239,1.136799695865502,tilt_failed,,
lam0.40,240,1.2336936226850275,ok,8.078536987304684,6.078915149032582e-12
lam0.40,241,1.3908392611094291,ok,8.144912719726559,6.67021993194794e-13
lam0.40,242,1.1380664305711543,tilt_failed,,
lam0.40,243,1.4565967152004817,ok,8.106002807617184,4.440892098500626e-16
lam0.40,244,1.548177238737785,ok,8.097763061523434,2.722044811775959e-12
lam0.40,245,1.0806266280165349,tilt_failed,,
lam0.40,246,1.680666722983827,ok,8.067092895507809,1.1313914249910795e-09
lam0.40,247,1.6023410315738542,ok,8.141708374023434,2.4424906541753444e-15
lam0.40,248,1.280188717801789,ok,8.029098510742184,2.9243207855245146e-10
lam0.40,249,1.1619572733578234,ok,7.997512817382809,1.0714348408491503e-08
lam0.40,250,1.6241687379889747,ok,8.068923950195309,8.881784197001252e-16
lam0.40,251,1.407138046146224,ok,8.034591674804684,2.220446049250313e-15
lam0.40,252,1.1634444275069369,ok,8.057479858398434,5.839773109528323e-14
lam0.40,253,1.145372048940466,ok,8.116073608398434,1.4569567774458392e-11
lam0.40,254,1.2480675339326317,ok,8.051986694335934,5.039768602443928e-11
lam0.40,255,1.3171597627074,ok,8.078994750976559,3.6564085093004906e-11
lam0.40,256,1.3561775969891958,ok,8.224563598632809,1.5553802690249086e-10
lam0.40,257,1.2394352500850188,ok,8.029556274414059,7.76392172774365e-10
lam0.40,258,1.637894953676489,ok,8.037338256835934,3.4768004031349165e-09
lam0.40,259,1.5415246566853025,ok,8.149032592773434,1.9984014443252818e-14
lam0.40,260,1.1629476523510323,ok,8.008041381835934,1.6275869541004795e-13
lam0.40,261,1.0955162848962736,tilt_failed,,
lam0.40,262,1.0975952055705966,tilt_failed,,
lam0.40,263,1.4034793707473983,ok,8.148117065429684,1.230016088982211e-12
lam0.40,264,1.1781617188091416,ok,7.992019653320309,4.533606379197863e-09
lam0.40,265,1.390207366972563,ok,8.051071166992184,8.698577413923658e-10
lam0.40,266,1.1866622396078235,ok,8.121566772460934,6.834532939592464e-13
lam0.40,267,1.1944758847773556,ok,8.062973022460934,4.550286814009041e-09
lam0.40,268,1.2652190542882067,ok,8.077621459960934,3.220668176595609e-11
lam0.40,269,1.4254635342071718,ok,8.129806518554684,1.9900705527930995e-09
lam0.40,270,1.343134553718497,ok,8.035964965820309,2.7755575615628914e-14
lam0.40,271,1.3767236353889774,ok,8.118820190429684,4.069944381512869e-11
lam0.40,272,1.1123357058084111,ok,8.110580444335934,1.2523315717771766e-13
lam0.40,273,1.4168121091716548,ok,8.068466186523434,9.601208716958354e-13
lam0.40,274,1.5026162195969461,ok,8.088607788085934,1.5520917884259688e-13
lam0.40,275,1.2285917591153785,ok,7.984695434570309,1.509903313490213e-14
lam0.40,276,1.2002689769020587,ok,8.004837036132809,1.220463730078336e-10
lam0.40,277,1.302667296554906,ok,8.138046264648434,1.6653345369377348e-15
lam0.40,278,1.4852332540144135,ok,8.175125122070309,4.886047122454329e-11
lam0.40,279,1.3858827829562197,ok,8.082199096679684,8.637535131583718e-14
lam0.40,280,1.2044967441274137,ok,8.060226440429684,6.204814440025075e-12
lam0.40,281,1.238996724981717,ok,8.090896606445309,9.07629527091558e-12
lam0.40,282,1.2101433517951088,ok,8.030014038085934,7.135758650633761e-11
lam0.40,283,1.160886390548463,ok,8.157730102539059,8.959499808725013e-14
lam0.40,284,1.0712993897941343,tilt_failed,,
lam0.40,286,1.147957650854384,ok,8.085403442382809,1.278521732928084e-11
lam0.40,287,1.3506629482712298,ok,8.063888549804684,5.2593485122542916e-12
lam0.40,288,1.3733169691241391,ok,8.078536987304684,2.6645352591003757e-15
lam0.40,289,1.1352000177616108,tilt_failed,,
lam0.40,291,1.3762486528236826,ok,8.112869262695309,1.6654233547797048e-11
lam0.40,292,1.1922451821724587,ok,8.045120239257809,3.397282455352979e-13
lam0.40,293,1.1904444218079908,ok,8.047866821289059,9.947598300641403e-13
lam0.40,294,1.149568554521543,tilt_failed,,
lam0.40,295,1.0830228085601892,tilt_failed,,
lam0.40,296,1.6428727676551007,ok,8.360977172851559,4.4364512064021255e-13
lam0.40,297,1.3153787662995995,ok,8.089065551757809,5.445421891181468e-12
lam0.40,298,1.546156860171355,ok,8.115615844726559,3.3306690738754696e-15
lam0.40,299,1.1303484304213467,tilt_failed,,
lam0.40,300,1.1358105762881288,tilt_failed,,
lam0.40,301,1.1203710110134675,tilt_failed,,
lam0.40,302,1.1659907139018306,ok,8.012161254882809,2.4868995751603507e-13
lam0.40,303,1.2387421296396957,ok,7.987442016601559,2.3731930864911988e-09
lam0.40,304,1.2173154420689452,ok,8.216781616210934,3.8014968950506045e-10
lam0.40,305,1.1558965557084193,tilt_failed,,
lam0.40,306,1.8258196744662636,ok,8.068008422851559,2.530642362330582e-12
lam0.40,307,1.1436358108272733,tilt_failed,,
lam0.40,308,1.1480605101444028,tilt_failed,,
lam0.40,309,1.1982749686549095,ok,8.206710815429684,1.6653345369377348e-15
lam0.40,310,1.6516077338534148,ok,8.060226440429684,1.0653786741698923e-09
lam0.40,311,1.3152829920740927,ok,8.060226440429684,4.4164671919588727e-13
lam0.40,312,1.1979141060348635,ok,8.023147583007809,6.307601108090921e-10
lam0.40,313,1.172221976858001,ok,8.033218383789059,1.2012986161380468e-09
lam0.40,314,1.0918696604343066,tilt_failed,,
lam0.40,315,1.1608814571758115,ok,8.018569946289059,5.354827692372055e-12
lam0.40,316,1.3487329521883222,ok,8.122940063476559,6.241605010615103e-10
lam0.40,317,1.4330893558471474,ok,8.059310913085934,4.60875781982395e-12
lam0.40,318,1.5619313928759844,ok,8.063430786132809,1.6513457268274578e-11
lam0.40,319,1.2982022868066938,ok,8.022689819335934,6.84467371669939e-10
lam0.40,320,1.166710430208393,ok,7.986984252929684,2.5652813206988867e-12
lam0.40,321,1.21604499153276,ok,8.090896606445309,1.2000047622251486e-09
lam0.40,322,1.2660816659977676,ok,8.145828247070309,1.9630741476817093e-11
lam0.40,323,1.20467944867305,ok,8.046951293945309,2.1228796498462543e-11
lam0.40,324,1.1284486720638658,tilt_failed,,
lam0.40,325,1.1507006662044919,tilt_failed,,
lam0.40,326,1.2148807908770896,ok,8.089523315429684,8.881784197001252e-16
lam0.40,327,1.1862481748963218,ok,7.997970581054684,6.880607195114408e-12
lam0.40,328,1.4049626379081834,ok,7.992477416992184,1.0864642518981782e-12
lam0.40,329,1.2341072324353346,ok,8.171920776367184,1.3211653993039363e-14
lam0.40,330,1.1535173273721693,tilt_failed,,
lam0.40,331,1.1367278057719827,tilt_failed,,
lam0.40,332,1.076155895798754,tilt_failed,,
lam0.40,333,1.189435567980418,ok,8.032302856445309,3.1325964044981447e-10
lam0.40,334,1.1108768669256595,tilt_failed,,
lam0.40,335,1.3687987337976693,ok,7.970962524414059,8.881784197001252e-16
lam0.40,336,1.2672968510267717,ok,8.167343139648434,1.2780132507828057e-10
lam0.40,337,1.2260974915502865,ok,7.981948852539059,1.509903313490213e-14
lam0.40,338,1.1506847238368165,tilt_failed,,
lam0.40,339,1.1087154827616823,tilt_failed,,
lam0.40,340,1.1215601641597521,tilt_failed,,
lam0.40,342,1.1794689713014943,ok,8.041458129882809,1.6046008965986402e-10
lam0.40,343,1.2773082776931366,ok,8.191604614257809,8.881784197001252e-16
lam0.40,344,1.0860828738982202,tilt_failed,,
lam0.40,345,1.1228328194471267,tilt_failed,,
lam0.40,346,1.1417771517915833,tilt_failed,,
lam0.40,347,1.0699845842885711,tilt_failed,,
lam0.40,348,1.058250336694259,tilt_failed,,
lam0.40,349,1.1911417433598366,ok,8.180160522460934,1.212363542890671e-13
lam0.40,350,1.1126864450648384,tilt_failed,,
lam0.40,351,1.2296345688578563,ok,8.030014038085934,1.3393552933393948e-10
lam0.40,352,1.2833141131667836,ok,8.240585327148434,1.4293428662881524e-09
lam0.40,353,1.1213262395890362,ok,8.166885375976559,5.551115123125783e-15
lam0.40,354,1.265572794823797,ok,8.028640747070309,2.07467376611703e-12
lam0.40,355,1.2629755899473643,ok,8.091812133789059,9.408651635567367e-11
lam0.40,356,1.2253059371390322,ok,8.197555541992184,1.4039720497294184e-09
lam0.40,357,1.62683960160354,ok,8.051528930664059,1.3333520954006417e-09
lam0.40,358,1.2735506324126102,ok,8.122940063476559,9.548584145591121e-12
lam0.40,359,1.1617670934855173,ok,7.991561889648434,8.069100942975638e-13
lam0.40,360,1.4385159754291021,ok,8.128890991210934,5.3290705182007514e-14
lam0.40,361,1.126003105324922,tilt_failed,,
lam0.40,362,1.2041685366719816,ok,8.078994750976559,1.1428156199144723e-09
lam0.40,363,1.341297163318002,ok,8.180160522460934,1.27675647831893e-14
lam0.40,364,1.1151571200865276,tilt_failed,,
lam0.40,365,1.282355370779571,ok,8.054733276367184,1.802114013571554e-12
lam0.40,366,1.0990796052451637,tilt_failed,,
lam0.40,367,1.2983283167696047,ok,8.091354370117184,3.383293645242702e-12
lam0.40,368,1.1527496212107444,ok,8.016281127929684,1.6858514584328077e-11
lam0.40,369,1.1350161946535426,tilt_failed,,
lam0.40,370,1.6170668568800564,ok,8.007125854492184,1.9479529100863147e-10
lam0.40,371,1.3892441979490942,ok,8.213577270507809,2.353672812205332e-14
lam0.40,372,1.1976943296553733,ok,7.968215942382809,5.53335155473178e-13
lam0.40,373,1.1401772786987514,ok,8.134841918945309,6.216447356877097e-10
lam0.40,374,1.060784695715523,tilt_failed,,
lam0.40,375,3.0581518403717918,ok,8.544082641601559,8.881784197001252e-16
lam0.40,376,1.4309905800329736,ok,8.113327026367184,2.318678582469147e-11
lam0.40,377,1.1250873382301165,tilt_failed,,
lam0.40,378,1.2752228066140243,ok,8.067550659179684,7.549516567451064e-15
lam0.40,379,1.062726014870776,tilt_failed,,
lam0.40,380,1.6884703933567151,ok,8.075332641601559,1.3100631690576847e-14
lam0.40,381,2.194805806759194,ok,8.365554809570309,5.10702591327572e-15
lam0.40,382,1.335952112571216,ok,8.103256225585934,2.2719159886719353e-11
lam0.40,383,1.2506175753824262,ok,8.121566772460934,2.2074386762938047e-10
lam0.40,384,1.2076858355504752,ok,8.036422729492184,1.2876152366558813e-09
lam0.40,385,1.2493459645091587,ok,8.120651245117184,3.552713678800501e-15
lam0.40,386,1.1589997043852054,ok,8.042373657226559,5.329070518200751e-15
lam0.40,387,1.244557352503501,ok,8.176956176757809,2.275957200481571e-13
lam0.40,388,1.443703752679078,ok,8.019943237304684,1.0214717960366215e-10
lam0.40,389,1.280235817579214,ok,8.059310913085934,1.794120407794253e-12
lam0.40,390,1.4346304650873953,ok,8.236923217773434,2.5537105763362433e-10
lam0.40,391,1.4507604650236898,ok,8.255691528320309,2.90878432451791e-14
lam0.40,392,1.2524885068141338,ok,7.998428344726559,5.0817128283142665e-11
lam0.40,393,1.2425825175964484,ok,8.068923950195309,4.107814088882833e-11
lam0.40,394,1.1501490379880381,tilt_failed,,
lam0.40,395,1.1849833024421326,ok,8.026351928710934,5.1514348342607263e-14
lam0.40,396,1.0772152675790791,tilt_failed,,
lam0.40,397,1.2087061825225405,ok,8.057022094726559,1.1102230246251565e-16
lam0.40,398,1.1462464293265513,ok,8.198013305664059,2.830802259268239e-11
lam0.40,399,1.3382816579563726,ok,8.116531372070309,2.7260682600172004e-10
lam0.40,400,1.251848147275931,ok,8.029556274414059,6.608047442568932e-13
lam0.40,401,1.1570990566039872,ok,8.014450073242184,1.4789848234997294e-09
lam0.40,402,1.1421309306183856,tilt_failed,,
lam0.40,403,1.4433773730875004,ok,8.073959350585934,2.6645352591003757e-13
lam0.40,404,1.0354218994671103,tilt_failed,,
lam0.40,405,1.0861188873526317,tilt_failed,,
lam0.40,406,1.3852308132637576,ok,8.045578002929684,2.326778769656812e-10
lam0.40,407,1.2139245009429938,ok,8.120651245117184,1.4680183735293895e-09
lam0.40,408,1.0722434142159927,tilt_failed,,
lam0.40,409,1.225654413129631,ok,8.044662475585934,1.0160761121369433e-12
lam0.40,410,1.2967234231405809,ok,8.221359252929684,1.2101430968414206e-14
lam0.40,411,1.629279840195662,ok,8.100967407226559,6.128431095930864e-14
lam0.40,412,1.2810387463453972,ok,8.068466186523434,1.1102230246251565e-15
lam0.40,413,1.2265862456647345,ok,7.998886108398434,9.947598300641403e-13
lam0.40,414,1.2210204093548858,ok,8.263015747070309,8.881784197001252e-16
lam0.40,415,1.5184719871753591,ok,8.032760620117184,2.248805808235943e-09
lam0.40,416,1.2722859334916767,ok,8.039169311523434,1.5543122344752192e-15
lam0.40,417,1.2274538988264538,ok,8.016738891601559,8.215650382226158e-15
lam0.40,418,1.3000115511531272,ok,8.113327026367184,1.1102230246251565e-16
lam0.40,419,1.230501234521634,ok,8.171463012695309,7.942098090296668e-10
lam0.40,420,1.1476294123051554,ok,8.086776733398434,2.476019389519024e-12
lam0.40,421,1.355494102632078,ok,8.133926391601559,1.7985612998927536e-14
lam0.40,422,1.1348860006354347,tilt_failed,,
lam0.40,423,1.4870029114220686,ok,8.052444458007809,2.9465319073551655e-13
lam0.40,424,1.259555766456639,ok,8.015823364257809,2.991749070702099e-10
lam0.40,425,1.1382302712731849,tilt_failed,,
lam0.40,426,1.2079215767347853,ok,7.998886108398434,2.279790467518694e-09
lam0.40,427,1.1228121522925916,tilt_failed,,
lam0.40,428,1.091789680613647,tilt_failed,,
lam0.40,429,1.464779374919387,ok,8.123397827148434,0.0
lam0.40,430,1.2473595095250318,ok,8.031845092773434,8.708286425296308e-09
lam0.40,431,1.1313028508273888,tilt_failed,,
lam0.40,432,1.5646356321412305,ok,8.141708374023434,7.762235298969244e-12
lam0.40,433,1.364212406378156,ok,8.084945678710934,1.4210854715202004e-14
lam0.40,434,1.0792536448618566,tilt_failed,,
lam0.40,435,1.7627691213210244,ok,8.181991577148434,2.220446049250313e-16
lam0.40,436,1.282370572736658,ok,8.041000366210934,5.630607091688944e-11
lam0.40,437,1.1825567466401468,ok,8.022689819335934,1.766364832178624e-13
lam0.40,438,1.079207962602121,tilt_failed,,
lam0.40,439,1.2426391522277007,ok,7.989273071289059,2.6514679341005376e-11
lam0.40,440,1.088967398875207,tilt_failed,,
lam0.40,441,1.141053082360812,tilt_failed,,
lam0.40,442,1.115629503130851,tilt_failed,,
lam0.40,443,1.5270861343720454,ok,7.909622192382809,5.2134518924162876e-11
lam0.40,444,1.1603186907265326,ok,8.038253784179684,9.969802761133906e-14
lam0.40,445,1.0731749302895968,tilt_failed,,
lam0.40,446,1.19538450607341,ok,7.987442016601559,4.4297898682543746e-14
lam0.40,447,1.334275663041531,ok,8.182907104492184,2.311484337269576e-13
lam0.40,448,1.2120314513289339,ok,7.999343872070309,8.881784197001252e-16
lam0.40,449,1.384121343184289,ok,8.139419555664059,8.881784197001252e-16
lam0.40,450,1.2299074987706504,ok,8.003921508789059,7.456146811080089e-12
lam0.40,451,1.11669371530544,tilt_failed,,
lam0.40,452,1.205638357790363,ok,8.035507202148434,4.122662988770287e-09
lam0.40,453,1.1321974221347502,tilt_failed,,
lam0.40,454,1.359268164606965,ok,8.036422729492184,8.837708342923634e-11
lam0.40,455,1.1165295419048638,tilt_failed,,
lam0.40,456,1.055208231200321,tilt_failed,,
lam0.40,457,1.0850011837940292,tilt_failed,,
lam0.40,458,1.1525242334089403,tilt_failed,,
lam0.40,459,1.0470985878998593,tilt_failed,,
lam0.40,460,1.2308036101152342,ok,8.063430786132809,1.2212453270876722e-14
lam0.40,461,1.5920860236703889,ok,8.200759887695309,8.881784197001252e-16
lam0.40,462,1.3854258155490178,ok,8.138046264648434,5.551115123125783e-16
lam0.40,463,1.0849593328569764,tilt_failed,,
lam0.40,464,1.0700449619782797,tilt_failed,,
lam0.40,465,1.0275174753837455,tilt_failed,,
lam0.40,466,1.1346531946558909,tilt_failed,,
lam0.40,468,1.1318368862184758,tilt_failed,,
lam0.40,469,1.2095694293509318,ok,8.099594116210934,1.1725553861197113e-10
lam0.40,470,1.5779870702348844,ok,7.956771850585934,2.886579864025407e-15
lam0.40,471,1.0261788586800569,tilt_failed,,
lam0.40,472,1.1561157514912712,tilt_failed,,
lam0.40,473,1.6059346508109438,ok,8.188400268554684,7.460698725481052e-13
lam0.40,474,1.466418119016077,ok,8.037796020507809,9.263700917472306e-13
lam0.40,475,1.2483124062073767,ok,8.122940063476559,6.907807659217724e-13
lam0.40,476,1.1323394191215936,tilt_failed,,
lam0.40,477,1.1157744171183464,tilt_failed,,
lam0.40,478,1.0963608390268098,tilt_failed,,
lam0.40,479,1.1736471207353616,ok,8.003005981445309,9.059419880941277e-14
lam0.40,480,1.1117976181579046,ok,8.105087280273434,2.9731772599461692e-12
lam0.40,481,1.3531850996477426,ok,8.022689819335934,1.9024914976739637e-10
lam0.40,482,1.2741120260892569,ok,8.148117065429684,9.992007221626409e-16
lam0.40,483,1.038157275269428,tilt_failed,,
lam0.40,484,1.3049020289038429,ok,8.105087280273434,2.1420563101059997e-09
lam0.40,485,1.5024110348762156,ok,8.141708374023434,4.827604982438061e-11
lam0.40,486,1.0681606550782332,tilt_failed,,
lam0.40,487,1.1638296211943198,ok,8.030014038085934,2.9665159217984183e-13
lam0.40,488,1.2335539301771752,ok,7.955398559570309,1.6653345369377348e-15
lam0.40,489,1.0972661620780213,tilt_failed,,
lam0.40,491,1.2202170726462003,ok,8.100967407226559,3.662012804106496e-09
lam0.40,492,1.1300116197049772,tilt_failed,,
lam0.40,493,1.0480165379512054,tilt_failed,,
lam0.40,494,1.1551438206204423,ok,8.125686645507809,1.0447198661722723e-13
lam0.40,495,1.5730292257311251,ok,8.130722045898434,8.181233468462779e-12
lam0.40,496,1.074112088120181,tilt_failed,,
lam0.40,497,1.0608326288277128,tilt_failed,,
lam0.40,498,1.0502508991900386,tilt_failed,,
lam0.40,499,1.036143690153636,tilt_failed,,
lam0.40,500,1.0860823441511978,tilt_failed,,
lam0.40,501,1.2897122051975274,ok,8.021774291992184,1.6765655530548429e-09
lam0.40,502,1.3294383485105485,ok,8.061141967773434,3.5060843117662444e-13
lam0.40,503,1.126419953921828,tilt_failed,,
lam0.40,504,1.084408160751736,tilt_failed,,
lam0.40,505,1.068016751025833,tilt_failed,,
lam0.40,506,1.0842426831675613,tilt_failed,,
lam0.40,507,1.3625354729752437,ok,8.128433227539059,5.656808355070098e-12
lam0.40,508,1.3992882063128023,ok,8.099136352539059,2.4301161083428724e-10
lam0.40,509,1.0920591622104803,tilt_failed,,
lam0.40,510,1.281007085547604,ok,8.045578002929684,1.2480314559581984e-09
lam0.40,511,1.3940162954417472,ok,7.970504760742184,3.9686032238250846e-12
lam0.40,512,1.028004033590029,tilt_failed,,
lam0.40,513,1.0754531338532665,tilt_failed,,
lam0.40,514,1.1290047319323775,tilt_failed,,
lam0.40,515,1.1540961103684013,tilt_failed,,
lam0.40,516,1.0732988848754477,tilt_failed,,
lam0.40,517,2.552750373497472,ok,8.498306274414059,2.0894397323445446e-13
lam0.40,518,1.207599905396106,ok,8.059310913085934,5.706790595638722e-11
lam0.40,519,1.2131314543922447,ok,8.306961059570309,7.457079398420774e-11
lam0.40,520,1.0395397254286556,tilt_failed,,
lam0.40,521,1.207242111858359,ok,8.051986694335934,1.1260126164813755e-10
lam0.40,522,1.5948177636208922,ok,8.344955444335934,1.2212453270876722e-15
lam0.40,523,1.3898149719830528,ok,8.135757446289059,4.5175641005812395e-11
lam0.40,524,1.1620048108236,ok,7.931137084960934,3.668176873361517e-13
lam0.40,525,1.1119655104691213,tilt_failed,,
lam0.40,526,1.0638306187470297,tilt_failed,,
lam0.40,527,1.161646340928487,ok,8.015823364257809,3.697042672001771e-14
lam0.40,528,1.053579142661157,tilt_failed,,
lam0.40,529,1.3579125363916082,ok,8.174667358398434,6.106226635438361e-15
lam0.40,530,1.1953578692528664,ok,8.057022094726559,1.0322409593754855e-11
lam0.40,531,1.2953720770768213,ok,8.116989135742184,2.453592884421596e-13
lam0.40,532,1.2254043502917111,ok,8.163223266601559,6.216687165050416e-10
lam0.40,533,1.10342514216843,tilt_failed,,
lam0.40,534,1.0419312588201404,tilt_failed,,
lam0.40,535,1.1213214887456953,tilt_failed,,
lam0.40,536,1.3334181003682204,ok,8.167800903320309,7.174261185127762e-13
lam0.40,537,1.1916521869498526,ok,8.073959350585934,1.3322676295501878e-15
lam0.40,538,1.0906362882662763,tilt_failed,,
lam0.40,539,1.482813276329974,ok,8.160476684570309,1.0945536699225045e-09
lam0.40,540,1.07145714671719,tilt_failed,,
lam0.40,541,1.3281704825123353,ok,8.027725219726559,5.051514762044462e-13
lam0.40,542,1.1450576885672918,ok,8.110580444335934,2.0330404026935867e-12
lam0.40,543,1.3428091909843654,ok,8.087234497070309,3.133902026775104e-10
lam0.40,544,1.1190120836294777,tilt_failed,,
lam0.40,545,1.5559622718193424,ok,8.104629516601559,5.362155164334581e-12
lam0.40,546,1.2035695009052403,ok,8.082199096679684,3.3801672572053576e-10
lam0.40,547,1.1069042659343584,tilt_failed,,
lam0.40,548,1.1702734019716694,ok,7.998886108398434,1.011088268665361e-08
lam0.40,549,1.3640783577535511,ok,8.053817749023434,8.881784197001252e-16
lam0.40,550,1.2579637141341493,ok,8.108749389648434,1.231010848812275e-10
lam0.40,551,1.1458396537656301,tilt_failed,,
lam0.40,552,1.3127582868646086,ok,8.174667358398434,1.8285373215576328e-13
lam0.40,553,1.1533645364784628,ok,8.096847534179684,2.6645352591003757e-15
lam0.40,554,1.084671925685571,tilt_failed,,
lam0.40,555,1.0643603212308335,tilt_failed,,
lam0.40,556,1.0425286930831037,tilt_failed,,
lam0.40,557,1.0620238054284048,tilt_failed,,
lam0.40,558,1.1908478712611241,ok,7.995223999023434,1.9984014443252818e-13
lam0.40,559,1.2926455505764893,ok,8.150405883789059,8.881784197001252e-16
lam0.40,560,1.2289021169568826,ok,8.135757446289059,1.1102230246251565e-15
lam0.40,561,1.0565281907190043,tilt_failed,,
lam0.40,562,1.0504659159101686,tilt_failed,,
lam0.40,563,1.5592580295757577,ok,8.045578002929684,5.056088880905918e-11
lam0.40,564,1.2228748677795211,ok,8.087692260742184,6.542917319052322e-10
lam0.40,565,1.1516596580595817,tilt_failed,,
lam0.40,566,1.2629731761539318,ok,8.042373657226559,5.032516625647077e-10
lam0.40,567,1.1452085085050603,tilt_failed,,
lam0.40,568,1.3628011950194494,ok,8.115615844726559,1.376454505930269e-12
lam0.40,569,1.4058367581909883,ok,8.036422729492184,1.6986412276764895e-13
lam0.40,570,1.2754255202963283,ok,8.085403442382809,4.433520217617115e-11
lam0.40,571,1.2449289984344638,ok,8.055191040039059,5.760159016432453e-10
lam0.40,572,1.1195291822920295,tilt_failed,,
lam0.40,573,1.0893441989326447,tilt_failed,,
lam0.40,574,1.127657972110392,tilt_failed,,
lam0.40,575,1.2345442914765088,ok,8.029556274414059,5.555556015224283e-12
lam0.40,576,1.4340606211930524,ok,7.976913452148434,8.881784197001252e-16
lam0.40,577,1.6602213334994511,ok,8.324356079101559,7.343343710886074e-10
lam0.40,578,1.0847023047820183,tilt_failed,,
lam0.40,579,1.111259314048245,tilt_failed,,
lam0.40,580,1.1000405541497054,tilt_failed,,
lam0.40,581,1.201168334522767,ok,8.040084838867184,2.9779512189520574e-12
lam0.40,582,1.2244756908659498,ok,8.052902221679684,1.1102230246251565e-16
lam0.40,583,1.0470732876328228,tilt_failed,,
lam0.40,584,1.1634785711065403,tilt_failed,,
lam0.40,585,1.5604574008513528,ok,8.293685913085934,4.11226608321158e-12
lam0.40,586,1.4024922045067219,ok,8.144454956054684,4.340972026284362e-14
lam0.40,587,1.126071575809924,tilt_failed,,
lam0.40,588,1.5116118118963864,ok,8.112411499023434,4.687361609967411e-13
lam0.40,589,1.0921434205919514,tilt_failed,,
lam0.40,590,1.1317148948873987,tilt_failed,,
lam0.40,591,1.215493972786655,ok,8.078536987304684,6.391172036046555e-10
lam0.40,592,1.4333685868964163,ok,8.185195922851559,4.440892098500626e-16
lam0.40,593,1.153969392702866,ok,8.030929565429684,1.5447199075424578e-11
lam0.40,594,1.1201904677318644,tilt_failed,,
lam0.40,595,1.1108004815198855,tilt_failed,,
lam0.40,596,1.598968454006404,ok,8.196182250976559,1.0229372904291267e-09
lam0.40,597,1.1653368917721894,ok,7.990188598632809,4.773959005888173e-13
lam0.40,598,1.0668108099770908,tilt_failed,,
lam0.40,599,1.2880755585137602,ok,7.932510375976559,3.907985046680551e-14
lam0.40,600,1.0518435470435687,tilt_failed,,
lam0.40,601,1.1634299095579057,ok,8.153152465820309,3.1086244689504383e-13
lam0.40,602,1.0708559786703797,tilt_failed,,
lam0.40,603,1.267706736756795,ok,8.095932006835934,2.320188485782637e-11
lam0.40,604,1.075003899929044,tilt_failed,,
lam0.40,605,1.1267107802498304,tilt_failed,,
lam0.40,606,1.080174280003938,tilt_failed,,
lam0.40,607,1.1174987870622635,tilt_failed,,
lam0.40,608,1.0324524330012739,tilt_failed,,
lam0.40,609,1.0969438634781392,tilt_failed,,
lam0.40,610,1.038968298693158,tilt_failed,,
lam0.40,611,1.1816142439104695,ok,8.094558715820309,1.4654943925052066e-14
lam0.40,612,1.2446131482306675,ok,8.098220825195309,1.8861578965356784e-11
lam0.40,613,1.2674343291754524,ok,8.119735717773434,2.872369009310205e-12
lam0.40,614,1.308657603913992,ok,8.050155639648434,5.839773109528323e-14
lam0.40,615,1.2067154655634993,ok,8.098678588867184,2.2572332891712676e-10
lam0.40,616,1.3209555141205536,ok,8.056106567382809,1.6259487090053426e-09
lam0.40,617,1.1613872662236318,tilt_failed,,
lam0.40,618,1.3333217814419691,ok,8.113327026367184,2.8624658199305486e-11
lam0.40,619,1.2123112821016597,ok,7.999343872070309,2.4575896873102465e-11
lam0.40,620,1.1571634233029482,tilt_failed,,
lam0.40,621,1.1107861740245868,tilt_failed,,
lam0.40,622,1.189229986348954,ok,8.145370483398434,5.438538508428792e-12
lam0.40,623,1.1065458071595184,tilt_failed,,
lam0.40,624,1.5427943384390168,ok,8.180160522460934,1.3991996450357647e-10
lam0.40,625,1.194888263492166,ok,8.310165405273434,9.994360894438614e-11
lam0.40,626,1.1304261135410982,tilt_failed,,
lam0.40,627,1.1285293684186026,tilt_failed,,
lam0.40,628,1.064765498937828,tilt_failed,,
lam0.40,629,1.0942427915594057,tilt_failed,,
lam0.40,630,1.3228530138509245,ok,8.062515258789059,1.7763568394002505e-15
lam0.40,631,1.5058878697718867,ok,8.052444458007809,8.881784197001252e-16
lam0.40,632,1.204551130844791,ok,8.084945678710934,1.4317258489882079e-09
lam0.40,633,1.3835459500754543,ok,7.908248901367184,1.3238876661603172e-09
lam0.40,634,1.3900164560891362,ok,8.100051879882809,1.0125233984581428e-13
lam0.40,635,1.3392843280548152,ok,8.250656127929684,1.6653345369377348e-15
lam0.40,636,1.2430809820097486,ok,8.057479858398434,3.452793606584237e-11
lam0.40,637,1.1384893634974496,tilt_failed,,
lam0.40,638,1.0746514591658638,tilt_failed,,
lam0.40,639,1.5507708726571419,ok,8.100967407226559,9.137135492665038e-14
lam0.40,640,1.1039533760307219,tilt_failed,,
lam0.40,641,1.716808061046379,ok,8.334884643554684,2.0881074647149944e-12
lam0.40,642,1.15556227935999,tilt_failed,,
lam0.40,643,1.1257512319527256,tilt_failed,,
lam0.40,644,1.4381726871913751,ok,8.171005249023434,3.3282265832212943e-12
lam0.40,645,1.1012523903786384,tilt_failed,,
lam0.40,646,1.2754611503402158,ok,8.198928833007809,5.110467604652058e-12
lam0.40,647,1.1300563841728593,tilt_failed,,
lam0.40,648,1.1963245022016702,ok,8.111038208007809,2.2304380564719395e-12
lam0.40,649,1.0656406908046188,tilt_failed,,
lam0.40,650,2.171150857033295,ok,8.484115600585934,2.886579864025407e-15
lam0.40,651,1.185311113838804,ok,8.059768676757809,4.3520742565306136e-14
lam0.40,652,1.124733224716892,tilt_failed,,
lam0.40,653,1.0708683112253563,tilt_failed,,
lam0.40,654,1.0815223431623415,tilt_failed,,
lam0.40,655,1.2860278815882444,ok,8.060684204101559,8.881784197001252e-16
lam0.40,657,1.119462564835952,tilt_failed,,
lam0.40,658,1.1010592881706607,tilt_failed,,
lam0.40,659,1.3572512400163907,ok,8.208084106445309,7.656469902528329e-10
lam0.40,660,1.1724010134359886,ok,8.051986694335934,7.593925488436071e-14
lam0.40,661,1.1827772243151622,ok,7.992477416992184,4.4853010194856324e-13
lam0.40,662,1.0910184168514014,tilt_failed,,
lam0.40,663,1.0656478952176092,tilt_failed,,
lam0.40,664,1.144183317283355,tilt_failed,,
lam0.40,665,1.7602510401913272,tilt_failed,,
lam0.40,666,1.1401459351239513,tilt_failed,,
lam0.40,667,1.2263612534549424,ok,8.210830688476559,7.801278512076237e-10
lam0.40,668,1.2798428607989982,ok,8.179244995117184,6.056505297280523e-10
lam0.40,669,1.085232482929601,tilt_failed,,
lam0.40,670,1.0554452661745461,tilt_failed,,
lam0.40,671,1.652046949029803,ok,8.508377075195309,4.519495888644087e-12
lam0.40,672,1.2416838277420752,ok,7.995223999023434,2.8967939158519584e-12
lam0.40,673,1.2781876051672627,ok,8.136215209960934,1.921885317557326e-09
lam0.40,674,1.207933389330646,ok,7.995681762695309,1.4785168644948499e-09
lam0.40,675,1.162111940051532,ok,8.039169311523434,2.071143256898722e-11
lam0.40,676,1.5211645510157898,tilt_failed,,
lam0.40,677,1.2450379848219353,ok,8.024520874023434,3.0730973321624333e-13
lam0.40,678,1.095180663218599,tilt_failed,,
lam0.40,679,1.2782766486362338,ok,8.109664916992184,1.8045331895422123e-09
lam0.40,680,1.1024461824685508,tilt_failed,,
lam0.40,681,1.4598782889936575,ok,8.144454956054684,3.027800232757727e-12
lam0.40,682,1.1590535694655726,ok,8.046493530273434,4.340972026284362e-14
lam0.40,683,1.1638297000632745,tilt_failed,,
lam0.40,684,1.3043870332739247,ok,8.017654418945309,1.7719159473017498e-13
lam0.40,685,1.051066528212449,tilt_failed,,
lam0.40,686,1.2459973478485467,ok,8.184738159179684,5.300204719560497e-13
lam0.40,687,1.0918641441484933,tilt_failed,,
lam0.40,688,1.1282098749277671,tilt_failed,,
lam0.40,689,1.0883580536584898,tilt_failed,,
lam0.40,690,1.098963676579011,tilt_failed,,
lam0.40,691,1.4079563797735437,ok,8.103713989257809,6.661338147750939e-16
lam0.40,692,1.3161881356911644,ok,8.108749389648434,3.738120923912902e-13
lam0.40,693,1.290646694739161,ok,8.064346313476559,5.995204332975845e-15
lam0.40,694,1.0806030528811434,tilt_failed,,
lam0.40,695,1.1980522977140051,ok,8.145828247070309,5.2306603492979775e-11
lam0.40,696,1.1309207686708938,ok,8.122940063476559,8.745983937075152e-10
lam0.40,697,1.1128800884383643,tilt_failed,,
lam0.40,698,1.367542812801651,ok,8.108749389648434,6.483702463810914e-14
lam0.40,699,1.3414247287486172,ok,8.087692260742184,4.8752113457339874e-11
lam0.40,700,1.0568522134567138,tilt_failed,,
lam0.40,702,1.2833093941388976,ok,8.095932006835934,8.215650382226158e-15
lam0.40,703,1.372220349642347,ok,8.411331176757809,8.881784197001252e-16
lam0.40,704,1.4778370921820265,ok,7.962722778320309,1.3956613642562843e-11
lam0.40,705,1.5750342033437736,ok,8.100967407226559,6.905587213168474e-14
lam0.40,706,1.582210124063084,ok,7.970504760742184,1.7763568394002505e-15
lam0.40,707,1.197854660861849,ok,8.177413940429684,9.061418282385603e-12
lam0.40,708,1.2301303063577644,ok,8.133010864257809,6.217248937900877e-15
lam0.40,709,1.051692746799368,tilt_failed,,
lam0.40,710,1.1335726263737174,tilt_failed,,
lam0.40,711,1.1137075895269453,tilt_failed,,
lam0.40,712,1.356362350517843,ok,8.117446899414059,9.54944567865823e-10
lam0.40,713,1.071347758063508,tilt_failed,,
lam0.40,714,1.2818253336298615,ok,8.074417114257809,4.243596585240539e-10
lam0.40,715,1.1231288354600832,tilt_failed,,
lam0.40,717,1.503968082938417,ok,8.018569946289059,1.568423169118205e-10
lam0.40,718,1.0690242340430005,tilt_failed,,
lam0.40,719,1.207429093873524,ok,8.165054321289059,2.510747165729299e-10
lam0.40,720,1.0735568160580529,tilt_failed,,
lam0.40,721,1.0804971275286763,tilt_failed,,
lam0.40,722,1.1738975698696268,ok,8.053359985351559,1.9957369090661814e-12
lam0.40,723,1.140768110589428,tilt_failed,,
lam0.40,724,1.125269066943261,tilt_failed,,
lam0.40,725,1.4202826699381992,ok,8.163223266601559,3.1086244689504383e-15
lam0.40,726,1.202590911972875,ok,8.030014038085934,6.66950938921218e-11
lam0.40,727,1.2024726550085851,ok,8.046035766601559,2.517541730640005e-12
lam0.40,728,1.185661417883195,ok,7.984695434570309,1.3162804179955856e-12
lam0.40,729,1.2561364407084632,ok,7.993850708007809,3.5588154645438408e-09
lam0.40,730,1.0660600071307267,tilt_failed,,
lam0.40,731,1.0424240006230945,tilt_failed,,
lam0.40,732,1.409820015515751,ok,8.240585327148434,2.0796342425910552e-10
lam0.40,733,1.0726942335467955,tilt_failed,,
lam0.40,734,1.061400145447566,tilt_failed,,
lam0.40,735,1.1868461361923732,ok,8.069839477539059,4.440892098500626e-15
lam0.40,736,1.0618319886389664,tilt_failed,,
lam0.40,737,2.17654635165504,tilt_failed,,
lam0.40,738,1.2833815855501252,ok,8.191604614257809,1.745270594710746e-12
lam0.40,740,1.4677068654234613,tilt_failed,,
lam0.40,741,1.1044192728748767,tilt_failed,,
lam0.40,742,1.1658408473845685,ok,8.068923950195309,1.3578027591165664e-12
lam0.40,743,1.4645744456970498,ok,8.166885375976559,1.3025136524902337e-12
lam0.40,744,1.3952164471847102,ok,7.992477416992184,7.535083668130937e-12
lam0.40,745,1.1263477321343236,tilt_failed,,
lam0.40,746,1.3173509635119567,ok,8.121566772460934,1.1102230246251565e-16
lam0.40,747,1.1167482788359062,tilt_failed,,
lam0.40,748,1.694493506989641,ok,8.437881469726559,1.1102230246251565e-15
lam0.40,749,1.302262799573773,ok,8.096847534179684,9.814371537686384e-14
lam0.40,751,1.4302325000328935,ok,8.157730102539059,3.921820090901917e-09
lam0.40,752,1.1843795937360242,ok,8.000259399414059,2.8066438062523957e-13
lam0.40,753,1.2467991454991594,ok,7.998428344726559,3.907985046680551e-14
lam0.40,754,1.3084037010738316,ok,8.081741333007809,6.027789378748594e-11
lam0.40,755,1.127904637347318,tilt_failed,,
lam0.40,756,1.1362818426184422,tilt_failed,,
lam0.40,757,1.1008023808462577,tilt_failed,,
lam0.40,758,1.3949927741481363,ok,8.004379272460934,1.0425571517203025e-10
lam0.40,759,1.4183842994842464,ok,8.021774291992184,3.1772051656275835e-10
lam0.40,760,1.2102611209640577,ok,8.048782348632809,6.581774014691177e-10
lam0.40,761,1.2663314026180976,ok,8.210830688476559,1.2879279864819182e-09
lam0.40,762,1.3777321774334297,ok,8.116989135742184,1.7985612998927536e-14
lam0.40,763,1.3051459637563458,ok,8.048324584960934,2.5214497156866855e-11
lam0.40,764,1.1478558696214831,tilt_failed,,
lam0.40,765,1.1502605178984286,tilt_failed,,
lam0.40,766,1.0838412212065316,tilt_failed,,
lam0.40,767,1.1332403717730348,tilt_failed,,
lam0.40,768,1.2320401148776585,ok,8.100509643554684,1.1276835021334364e-10
lam0.40,769,1.2486667610503928,ok,8.099136352539059,1.126870152745596e-09
lam0.40,770,1.250848039528919,ok,8.030014038085934,6.888600800891709e-12
lam0.40,771,1.3936369998261762,ok,8.093643188476559,1.9539925233402755e-14
lam0.40,772,1.1205212158736564,tilt_failed,,
lam0.40,773,1.3981100032596705,ok,8.054733276367184,7.597256157509946e-12
lam0.40,774,1.2331029301613488,ok,8.018569946289059,1.5343282200319663e-13
lam0.40,775,1.1555018982998198,tilt_failed,,
lam0.40,776,1.2044493992086103,ok,7.949905395507809,4.849676216167609e-12
lam0.40,777,1.234105473032425,ok,8.121109008789059,1.609823385706477e-14
lam0.40,778,1.1570272559376111,ok,8.027725219726559,1.2188294817860879e-09
lam0.40,779,1.1787220633211999,ok,8.042831420898434,9.778844400898379e-13
lam0.40,780,1.1993280645351014,ok,8.104629516601559,1.921351966416296e-10
lam0.40,781,1.4811431690612211,ok,8.007125854492184,2.808561827549738e-09
lam0.40,782,1.1483026716648268,tilt_failed,,
lam0.40,783,1.2774392044563967,ok,8.013076782226559,1.4472645304408616e-11
lam0.40,784,1.8278752279782176,ok,7.994308471679684,1.5338841308221163e-12
lam0.40,785,1.1108773276310777,tilt_failed,,
lam0.40,787,1.1244237018254992,tilt_failed,,
lam0.40,788,1.3448207846155091,ok,8.099594116210934,4.2616465911748946e-11
lam0.40,789,1.2360806601057681,ok,8.079910278320309,4.764633132481322e-12
lam0.40,790,1.463730019930028,ok,8.130722045898434,3.6336467168496256e-10
lam0.40,791,1.3486661710751073,ok,8.010787963867184,9.782219478893239e-11
lam0.40,792,1.4998417781302211,ok,8.082199096679684,8.881784197001252e-16
lam0.40,793,1.262363712317896,ok,7.986068725585934,1.7763568394002505e-15
lam0.40,794,1.648859186350943,ok,8.059768676757809,1.678295280527209e-10
lam0.40,795,1.4578971675438661,ok,7.967300415039059,8.881784197001252e-16
lam0.40,796,1.0771268421274127,tilt_failed,,
lam0.40,797,1.3019344124387546,ok,8.029556274414059,3.3995268822195612e-09
lam0.40,798,1.5813757586167136,ok,8.029556274414059,1.2068124277675452e-13
lam0.40,799,1.7880193935350666,tilt_failed,,
lam0.40,800,1.195687095530662,ok,8.031387329101559,5.10702591327572e-15
lam0.40,801,1.2236251517407148,ok,8.134841918945309,1.5520917884259688e-13
lam0.40,802,1.0611425939610082,tilt_failed,,
lam0.40,803,1.342126825185788,ok,8.048324584960934,4.4586501157795055e-09
lam0.40,804,1.2612192930393813,ok,8.047409057617184,5.424105609108665e-12
lam0.40,806,1.1579681711987988,ok,8.100051879882809,5.551115123125783e-14
lam0.40,807,1.2870565508573724,ok,8.056564331054684,3.700417749996632e-11
lam0.40,808,1.1858657415896154,ok,7.963638305664059,3.1228353236656403e-12
lam0.40,809,1.318700227235636,ok,8.041000366210934,1.7238432903354806e-11
lam0.40,810,1.3291901552686736,ok,8.024063110351559,2.220446049250313e-16
lam0.40,811,1.4888995687284132,ok,8.038253784179684,9.049538896022113e-12
lam0.40,812,1.1934895939338779,ok,7.992477416992184,1.9984014443252818e-15
lam0.40,813,1.3317096472829055,ok,8.038253784179684,1.0360556856880976e-10
lam0.40,814,1.1474775913885171,tilt_failed,,
lam0.40,815,1.2225593489689772,ok,8.080368041992184,6.959455234323286e-10
lam0.40,816,1.197729369049827,ok,8.092269897460934,1.8551826741486366e-13
lam0.40,817,1.1334106835406128,tilt_failed,,
lam0.40,818,1.165560238853013,ok,8.055648803710934,9.628511210557633e-09
lam0.40,819,1.198483176689656,ok,8.153152465820309,5.417888360170764e-14
lam0.40,820,1.0501245364790412,tilt_failed,,
lam0.40,821,1.0636832133118435,tilt_failed,,
lam0.40,822,1.0747872770621276,tilt_failed,,
lam0.40,823,1.151419329299825,ok,8.014907836914059,7.111644606538903e-12
