target,key,donor_r,moment_err
CrRh3,0,1.2495659770880998,2.8501334625730124e-10
CrRh3,1,2.2706842351618963,4.716227408607665e-13
CrRh3,2,1.7162466041892894,1.1505123520549887e-08
CrRh3,3,1.2264104119995611,1.3988810110276972e-14
CrRh3,4,2.7885031630110895,6.59472476627343e-14
CrRh3,7,1.9197329454372796,2.395861287141088e-13
CrRh3,8,1.2087205694286438,6.234168736796164e-11
CrRh3,9,1.5422059283046299,4.263256414560601e-14
CrRh3,10,1.2488199371162336,2.2563371171457902e-09
CrRh3,11,1.6041167302560164,3.488320743372242e-12
CrRh3,12,1.7261148456153768,2.9043434324194095e-13
CrRh3,13,1.790288721762513,1.2610879007723952e-10
CrRh3,14,1.9239252842736108,4.4473980054249296e-11
CrRh3,15,1.1274910127681486,1.5607315440036018e-10
CrRh3,16,1.3560845507149728,4.177265200411284e-10
CrRh3,17,1.9602118459046787,1.2486522926735688e-10
CrRh3,18,1.2270725297391634,4.186781810133766e-09
CrRh3,19,1.231716841418951,1.247668635073751e-12
CrRh3,20,1.617458444836998,8.568701304056958e-13
CrRh3,21,1.1014773083297704,6.541434061091422e-13
CrRh3,22,1.2230707005175832,9.992007221626409e-15
CrRh3,23,1.5082805379061974,1.7115198147621413e-12
CrRh3,24,1.1107421871665006,5.8084426157734015e-11
CrRh3,25,1.6580338897417757,2.26973995154367e-11
CrRh3,26,1.4011250231692336,4.8405723873656825e-14
CrRh3,27,1.1878485234326608,1.1216361173183031e-11
CrRh3,28,1.2809142917378686,1.7257351103694418e-10
CrRh3,29,1.14417114939594,1.894040480010517e-12
CrRh3,30,1.279423498252087,7.462919171530302e-13
CrRh3,31,1.127390982145868,5.223057542025344e-10
CrRh3,32,1.7694527128929365,1.6764367671839864e-14
CrRh3,33,1.9449744748383688,1.0648704140692189e-11
CrRh3,34,1.3054588622848027,2.433608869978343e-12
CrRh3,35,1.14630375947696,1.639302826816902e-08
CrRh3,37,1.310178753577754,8.397400552695444e-10
CrRh3,38,1.7442216691830636,9.325873406851315e-15
CrRh3,39,1.1638444276297335,7.127631818093505e-14
CrRh3,40,1.4494239809659757,1.5842918088537772e-09
CrRh3,41,1.8840287893421606,9.992007221626409e-16
CrRh3,42,1.351040894815895,2.887468042445107e-12
CrRh3,43,1.4702120347057033,1.4510637136311288e-10
CrRh3,44,1.8297438469304954,3.1837716907290314e-09
CrRh3,45,1.1493169231325773,3.3306690738754696e-15
CrRh3,46,1.2860263584590699,1.1457501614131615e-13
CrRh3,47,1.2238275409651755,4.3365311341858614e-13
CrRh3,48,1.2894190733474804,3.911490020769293e-09
CrRh3,49,1.177109438002338,1.208794619955711e-09
CrRh3,50,1.2680247255034056,1.062052024103366e-08
CrRh3,51,1.179141649423787,5.484501741648273e-14
CrRh3,52,1.3362714590165126,6.153966225497243e-12
CrRh3,53,1.9706092067997634,1.3500311979441904e-13
CrRh3,54,1.5184273841127947,3.0588798161090835e-10
CrRh3,55,1.280423850703025,2.69340105774063e-13
CrRh3,56,1.502562458544429,8.881784197001252e-16
CrRh3,57,1.2200550756937456,1.7852386235972517e-13
CrRh3,58,1.2345136582655487,1.0576099995773802e-09
CrRh3,59,1.0660111121143323,8.170530918505392e-10
CrRh3,60,1.3418071048269182,3.466360531945156e-11
CrRh3,61,1.1896608565745292,6.201794633398094e-11
CrRh3,62,1.4185845019768744,4.526712338304151e-11
CrRh3,63,1.2985196416877565,2.631228568361621e-12
CrRh3,64,1.115432932623103,1.9442136567349166e-08
CrRh3,65,1.3555050736729355,2.0539125955565396e-13
CrRh3,66,1.1061142576035432,1.3284040534244923e-11
CrRh3,67,1.2536100867170448,1.316124986772138e-11
CrRh3,68,1.3984362609311423,2.028409662457875e-09
CrRh3,69,1.187244556731469,3.6193270602780103e-13
CrRh3,70,1.1889132929168749,1.0091927293842673e-12
CrRh3,71,1.090596341240824,3.6359804056473877e-13
CrRh3,73,1.1491232568634893,6.647987715879822e-10
CrRh3,74,1.5519461116386573,1.2816858685482657e-11
CrRh3,75,1.213740225956765,9.57702050996545e-09
CrRh3,76,1.4834529496675941,1.644906433284632e-12
CrRh3,77,2.029600064598912,7.970690774072864e-11
CrRh3,78,1.1109698597582736,7.817316571845367e-09
CrRh3,79,1.1378123861639873,3.6615528387073937e-09
CrRh3,80,1.0891643986680541,1.449121600494152e-09
CrRh3,81,1.310076556917332,7.993605777301127e-15
CrRh3,82,1.1809358978696127,5.10702591327572e-14
CrRh3,83,1.272923944182704,5.80517300896588e-10
CrRh3,84,1.6929295604882841,1.495454871047741e-10
CrRh3,86,1.6552762156375826,8.380407479080532e-12
CrRh3,87,1.5277331202443705,5.395683899678261e-14
CrRh3,88,1.180031941817787,2.8107412508582286e-08
CrRh3,89,1.4650364878146038,8.290035324876044e-12
CrRh3,90,1.8204379516510834,1.0233813796389768e-11
CrRh3,91,1.1367427913444363,2.134648013907281e-11
CrRh3,92,1.4580521646341924,3.468070275403079e-10
CrRh3,94,1.1734459764579346,1.0103029524088925e-14
CrRh3,95,1.1885887029728321,5.855316231873076e-13
CrRh3,96,1.183748064018879,2.409952903903445e-09
CrRh3,97,1.6691354279943689,7.665112988775036e-11
CrRh3,98,1.5274073571594127,1.8984708249902837e-08
CrRh3,99,1.349041702506478,3.8572145477644426e-10
CrRh3,100,1.2686733725284693,4.085620730620576e-14
CrRh3,101,1.1952692111054526,2.2737367544323206e-13
CrRh3,102,1.6428132221391716,5.665309332769652e-10
CrRh3,103,1.4789924766230378,2.933329135146323e-10
CrRh3,104,1.604887959148538,1.0902390101819037e-13
CrRh3,105,1.257899489985736,1.056932319443149e-13
CrRh3,106,1.5614412208311628,4.5515650248795225e-08
CrRh3,107,1.081495084123776,8.348877145181177e-14
CrRh3,108,1.3437669946107347,9.249232268970786e-09
CrRh3,109,1.3583402835227179,2.3092638912203256e-14
CrRh3,110,1.575061788917229,2.2075230532436763e-10
CrRh3,111,1.436442909832728,6.289235798817572e-11
CrRh3,112,1.1518957122218951,2.8270985552580896e-10
CrRh3,113,1.5055184596021824,1.4210854715202004e-14
CrRh3,114,1.0987198766030724,1.9685142405023726e-11
CrRh3,115,1.5235038680298332,6.205351787968993e-10
CrRh3,116,1.333078688177768,2.8979041388765836e-12
CrRh3,117,1.2540089392677942,3.885780586188048e-14
CrRh3,118,1.143882983505564,1.568760676917691e-10
CrRh3,119,1.3704393263599985,9.097389508383458e-12
CrRh3,120,1.144395344691357,8.968883413729145e-10
CrRh3,121,1.1807788573901603,1.3238068419241245e-09
CrRh3,122,1.2887006971178392,1.951076855633005e-09
CrRh3,123,1.189762463715359,1.075146355278278e-07
CrRh3,124,1.610495299143263,1.5896173266582991e-12
CrRh3,125,1.411138629723674,3.483879851273741e-13
CrRh3,126,1.3527309829010998,3.075961707565966e-11
CrRh3,127,1.4372470134748843,1.2426720763514254e-08
CrRh3,128,1.2414276531930049,3.337275344961199e-09
CrRh3,129,1.224222092828324,3.552713678800501e-15
CrRh3,130,1.3959931932380203,3.1183122750633174e-10
CrRh3,131,1.1674348404826378,2.452704706001896e-12
CrRh3,132,1.230716631784396,4.440892098500626e-16
CrRh3,133,1.9153698614104122,6.8540728648258664e-12
CrRh3,134,1.2107274137413238,3.205258281013812e-10
CrRh3,135,1.266400074302206,8.881784197001252e-16
CrRh3,136,2.0072148055446664,8.6686879896547e-11
CrRh3,137,1.2307455302633798,1.2214673716925972e-12
CrRh3,138,1.4948158524550723,3.26405569239796e-14
CrRh3,139,1.4394343085446633,1.2149947714590326e-10
CrRh3,140,1.208104391913723,3.840860962611714e-11
CrRh3,141,1.2125461951624,4.424380861678401e-10
CrRh3,142,1.3621005063639018,5.84558212946007e-09
CrRh3,143,1.304415160359255,1.8274270985330077e-13
CrRh3,144,1.139162767366352,7.880807117999211e-12
CrRh3,145,1.1809791869368715,7.09432512735475e-14
CrRh3,146,1.1077392885831656,1.4688985805477728e-08
CrRh3,147,1.5212991981750854,3.3804070653786766e-12
CrRh3,148,1.4085606637291095,1.0759637625312735e-10
CrRh3,149,1.1147076984090543,2.986017599848623e-08
CrRh3,150,1.465561536960908,5.6917672797140995e-09
CrRh3,151,1.7782887116253359,9.190315175544583e-12
CrRh3,152,1.2889213397543617,3.544942117628125e-12
CrRh3,153,1.43422242156877,7.993605777301127e-15
CrRh3,154,1.2790711157260268,1.168874552703869e-09
CrRh3,155,1.1949958360842703,2.2307024449830237e-08
CrRh3,156,1.392559330649519,1.2434497875801753e-14
CrRh3,158,1.2291977529804377,3.1867397609630643e-11
CrRh3,159,1.4098975511180125,1.234212732015294e-11
CrRh3,160,1.3466578054063896,7.953125713555664e-09
CrRh3,161,1.4437610677371713,2.5301520878429073e-09
CrRh3,162,1.3847319099428506,3.1847258163963943e-10
CrRh3,163,1.3262402355053773,4.0561998204680094e-12
CrRh3,164,1.1306879890665757,1.4630137101789842e-09
CrRh3,165,1.5011901098702691,3.1858005122842314e-09
CrRh3,166,1.163640736073686,9.681144774731365e-14
CrRh3,167,1.437761502755005,2.23443485936059e-12
CrRh3,168,1.1696486834562227,9.952838553317633e-11
CrRh3,169,1.0749564463438346,1.2904117774326096e-09
CrRh3,170,1.3618032272215541,2.6645352591003757e-15
CrRh3,171,1.1735767108156834,1.9317880628477724e-14
CrRh3,172,1.2153105527004915,2.886579864025407e-15
CrRh3,173,1.1474876084722654,6.958189580075214e-11
CrRh3,174,1.4111318283749357,5.773858724467118e-09
CrRh3,175,1.0688908404978614,6.575015087939562e-09
CrRh3,176,1.3773264423154874,6.451101874915821e-10
CrRh3,177,1.08263932881456,7.332347173871767e-09
CrRh3,178,1.1739198743217025,5.287912330231848e-10
CrRh3,179,1.0942454571100102,1.455979781184169e-11
CrRh3,180,1.1890158521657805,6.732392421326949e-13
CrRh3,181,1.3029027784610538,1.2878587085651816e-14
CrRh3,182,1.2152116774250383,7.248601718856662e-11
CrRh3,183,1.1362457556679368,7.771561172376096e-15
CrRh3,184,1.130157039069779,5.526230584251834e-10
CrRh3,185,1.3619305641256603,8.841816168114747e-13
CrRh3,186,1.7866098777593447,5.207423381392573e-11
CrRh3,187,1.2106070966716413,7.993605777301127e-15
CrRh3,188,1.1702211910012936,8.858247468879199e-12
CrRh3,189,1.3859855782588169,1.7905744442714422e-08
CrRh3,190,1.3071560126575426,6.483702463810914e-14
CrRh3,191,1.2391387765366944,1.3664371856236812e-09
CrRh3,192,1.1338062824699524,1.816828465450726e-09
CrRh3,193,1.3229109531003695,3.774758283725532e-15
CrRh3,194,1.2566149825846944,6.869602664494323e-09
CrRh3,195,1.1592174401246003,7.932543510946743e-12
CrRh3,196,1.22891909207467,1.7533308138695247e-11
CrRh3,197,1.1520028579943609,8.215650382226158e-15
CrRh3,198,1.1968238241844789,3.36828342994977e-11
CrRh3,199,1.1699724372925584,2.6645352591003757e-15
CrRh3,200,1.1758533730359604,1.1030041324744388e-09
CrRh3,201,1.3429071669566661,1.6201262553749984e-11
CrRh3,202,1.3737057563015538,5.986655615686232e-11
CrRh3,203,1.1711131798216483,1.0246381521028525e-10
CrRh3,205,1.1570428018565817,5.330331731556726e-10
CrRh3,206,1.213185281735262,1.3751222383007189e-12
CrRh3,207,1.454830958553857,1.678828143170108e-08
CrRh3,208,1.1445793727955857,4.35619396110809e-09
CrRh3,209,1.3594724772282145,8.609812862658828e-10
CrRh3,210,1.3993969673684326,1.1468603844377867e-13
CrRh3,211,1.3193362365046746,2.6006974351844292e-11
CrRh3,212,1.0923587376044432,1.3711867230536967e-07
CrRh3,213,1.5349021026957292,7.549516567451064e-14
CrRh3,214,1.6340348762511054,1.6279437575761335e-08
CrRh3,215,1.3310843958225347,5.830599336675846e-10
CrRh3,216,1.3707452381475895,9.370282327836321e-14
CrRh3,217,1.166656266846943,3.9968028886505635e-15
CrRh3,219,1.1421813151806643,2.759143802322228e-09
CrRh3,220,1.2892005959333244,3.3408875665941196e-10
CrRh3,221,1.1354651202569948,3.4195138942649805e-09
CrRh3,222,1.6637425118184814,1.295023666081363e-08
CrRh3,223,1.0834378978178483,5.707234684848572e-10
CrRh3,224,1.639569113494013,2.571080015556504e-10
CrRh3,225,1.192358197028064,2.320232894703622e-11
CrRh3,226,1.2700329486781816,1.9584334154387761e-13
CrRh3,227,1.2446412551586832,1.510276348426487e-10
CrRh3,228,1.2234945806695061,1.7121859485769164e-11
CrRh3,229,1.3120751034636033,6.7414962501288755e-12
CrRh3,230,1.297968233710469,3.574918139293004e-14
CrRh3,231,1.4521294238640576,6.819891318343707e-09
CrRh3,232,1.3388972283626686,2.695263345842136e-09
CrRh3,233,1.2294966337985014,1.856161890856356e-10
CrRh3,234,1.3367577334805303,7.471800955727304e-13
CrRh3,235,1.3456178525399523,9.315297755385643e-09
CrRh3,236,1.5347393946965364,1.9849044630149137e-10
CrRh3,237,1.372552847769868,1.058135135068028e-09
CrRh3,238,1.2078153338483466,1.394107052021809e-11
CrRh3,239,1.136799695865502,3.381739333008227e-13
CrRh3,240,1.2336936226850275,4.857594326779235e-10
CrRh3,241,1.3908392611094291,6.216229531119666e-09
CrRh3,242,1.1380664305711543,2.240874152903416e-12
CrRh3,243,1.4565967152004817,7.4337265232315985e-09
CrRh3,244,1.548177238737785,2.294497924992811e-12
CrRh3,245,1.0806266280165349,2.3097346257827667e-10
CrRh3,246,1.680666722983827,2.276139254853149e-08
CrRh3,247,1.6023410315738542,2.3346657940237492e-11
CrRh3,248,1.280188717801789,9.363931852135465e-11
CrRh3,249,1.1619572733578234,1.3389289676979388e-13
CrRh3,250,1.6241687379889747,5.995204332975845e-15
CrRh3,251,1.407138046146224,9.55300283322913e-10
CrRh3,252,1.1634444275069369,4.759417304711633e-09
CrRh3,253,1.145372048940466,1.0100809078039674e-12
CrRh3,254,1.2480675339326317,1.2744183486290694e-10
CrRh3,255,1.3171597627074,2.5934809855243657e-12
CrRh3,256,1.3561775969891958,6.054325929483184e-10
CrRh3,257,1.2394352500850188,2.7533531010703882e-14
CrRh3,258,1.637894953676489,6.279765596417519e-11
CrRh3,259,1.5415246566853025,7.377907174088705e-10
CrRh3,260,1.1629476523510323,1.2125787707262248e-08
CrRh3,261,1.0955162848962736,4.107405526809771e-10
CrRh3,262,1.0975952055705966,1.8768510523514692e-08
CrRh3,263,1.4034793707473983,1.4844264706326271e-09
CrRh3,264,1.1781617188091416,1.2434497875801753e-14
CrRh3,265,1.390207366972563,2.491418182870575e-11
CrRh3,266,1.1866622396078235,7.993605777301127e-15
CrRh3,267,1.1944758847773556,8.235634396669411e-13
CrRh3,268,1.2652190542882067,1.8668478096728336e-08
CrRh3,269,1.4254635342071718,4.998270242140279e-09
CrRh3,270,1.343134553718497,1.3395951015127139e-12
CrRh3,271,1.3767236353889774,9.49906819869284e-13
CrRh3,272,1.1123357058084111,5.45989919942258e-11
CrRh3,273,1.4168121091716548,5.661715540838941e-11
CrRh3,274,1.5026162195969461,2.568873114228154e-09
CrRh3,275,1.2285917591153785,2.9137594559358604e-09
CrRh3,276,1.2002689769020587,1.0856027188310691e-10
CrRh3,277,1.302667296554906,2.1803359118166554e-10
CrRh3,278,1.4852332540144135,3.852277830063144e-09
CrRh3,279,1.3858827829562197,7.061971007971124e-10
CrRh3,280,1.2044967441274137,8.101963544504542e-12
CrRh3,281,1.238996724981717,7.838174553853605e-14
CrRh3,282,1.2101433517951088,9.167979708735174e-10
CrRh3,283,1.160886390548463,6.569262911426677e-10
CrRh3,284,1.0712993897941343,1.5852394952275972e-09
CrRh3,286,1.147957650854384,8.839657894554875e-10
CrRh3,287,1.3506629482712298,5.944134073843088e-13
CrRh3,288,1.3733169691241391,5.063689245687897e-09
CrRh3,289,1.1352000177616108,4.4011905231400306e-10
CrRh3,291,1.3762486528236826,1.3138331533824044e-08
CrRh3,292,1.1922451821724587,1.63202784619898e-13
CrRh3,293,1.1904444218079908,3.0799232053624337e-09
CrRh3,294,1.149568554521543,9.237055564881302e-14
CrRh3,295,1.0830228085601892,1.5785039941818013e-11
CrRh3,296,1.6428727676551007,1.7263968032921184e-13
CrRh3,297,1.3153787662995995,1.0011991236069662e-12
CrRh3,298,1.546156860171355,4.884981308350689e-15
CrRh3,299,1.1303484304213467,1.040628894166673e-08
CrRh3,300,1.1358105762881288,1.3566925360919413e-13
CrRh3,301,1.1203710110134675,1.4910739309925702e-11
CrRh3,302,1.1659907139018306,3.761686073744386e-09
CrRh3,303,1.2387421296396957,8.124612094206896e-13
CrRh3,304,1.2173154420689452,1.1882472783497633e-10
CrRh3,305,1.1558965557084193,4.483408755362461e-09
CrRh3,306,1.8258196744662636,2.7352162756955067e-09
CrRh3,307,1.1436358108272733,2.353761630047302e-11
CrRh3,308,1.1480605101444028,1.0622975832319526e-09
CrRh3,309,1.1982749686549095,1.6223150711702772e-08
CrRh3,310,1.6516077338534148,1.3865136927471156e-08
CrRh3,311,1.3152829920740927,9.769962616701378e-15
CrRh3,312,1.1979141060348635,1.490707557394444e-11
CrRh3,313,1.172221976858001,4.907185768843192e-14
CrRh3,314,1.0918696604343066,7.72057617837163e-09
CrRh3,315,1.1608814571758115,2.0872192862952943e-14
CrRh3,316,1.3487329521883222,2.4646951146678475e-14
CrRh3,317,1.4330893558471474,1.256983406250356e-11
CrRh3,318,1.5619313928759844,1.5386913965187432e-11
CrRh3,319,1.2982022868066938,2.8621549574836536e-13
CrRh3,320,1.166710430208393,1.2176926134088717e-12
CrRh3,321,1.21604499153276,1.5890748716884673e-08
CrRh3,322,1.2660816659977676,2.9111579813445587e-10
CrRh3,323,1.20467944867305,9.41821065580939e-10
CrRh3,324,1.1284486720638658,3.6837199957062694e-13
CrRh3,325,1.1507006662044919,2.362372086839315e-08
CrRh3,326,1.2148807908770896,1.690980688806576e-12
CrRh3,327,1.1862481748963218,8.601991119405739e-09
CrRh3,328,1.4049626379081834,1.0169642905566434e-13
CrRh3,329,1.2341072324353346,5.928933566323735e-09
CrRh3,330,1.1535173273721693,2.220446049250313e-15
CrRh3,331,1.1367278057719827,1.3178347302300608e-13
CrRh3,332,1.076155895798754,1.0391221216821123e-10
CrRh3,333,1.189435567980418,1.0657414062364978e-08
CrRh3,334,1.1108768669256595,1.7641221816688812e-11
CrRh3,335,1.3687987337976693,8.72459149370286e-09
CrRh3,336,1.2672968510267717,7.149303371534188e-10
CrRh3,337,1.2260974915502865,8.581066968105233e-10
CrRh3,338,1.1506847238368165,1.0631495683810499e-11
CrRh3,339,1.1087154827616823,1.4432899320127035e-14
CrRh3,340,1.1215601641597521,9.88619475172925e-09
CrRh3,342,1.1794689713014943,3.3190383774694965e-10
CrRh3,343,1.2773082776931366,1.9580415067110835e-09
CrRh3,344,1.0860828738982202,1.4613912635574877e-08
CrRh3,345,1.1228328194471267,1.186921005924546e-09
CrRh3,346,1.1417771517915833,4.839462164341057e-13
CrRh3,347,1.0699845842885711,7.739409113582951e-11
CrRh3,348,1.058250336694259,2.4462543102288237e-11
CrRh3,349,1.1911417433598366,2.05613304160579e-13
CrRh3,350,1.1126864450648384,2.742925886423109e-10
CrRh3,351,1.2296345688578563,1.4210854715202004e-14
CrRh3,352,1.2833141131667836,5.551115123125783e-16
CrRh3,353,1.1213262395890362,6.017408793468348e-14
CrRh3,354,1.265572794823797,5.480060849549773e-13
CrRh3,355,1.2629755899473643,2.7977620220553945e-14
CrRh3,356,1.2253059371390322,2.410116106688065e-09
CrRh3,357,1.62683960160354,5.13543074731615e-09
CrRh3,358,1.2735506324126102,1.9095836023552692e-13
CrRh3,359,1.1617670934855173,1.2085257239391467e-09
CrRh3,361,1.126003105324922,9.049094806812263e-10
CrRh3,362,1.2041685366719816,5.329070518200751e-15
CrRh3,363,1.341297163318002,6.157296894571118e-13
CrRh3,364,1.1151571200865276,7.321491413136982e-09
CrRh3,365,1.282355370779571,5.410356607171707e-10
CrRh3,366,1.0990796052451637,4.1254625049447213e-08
CrRh3,367,1.2983283167696047,1.995190679338066e-09
CrRh3,368,1.1527496212107444,9.328093852900565e-13
CrRh3,369,1.1350161946535426,1.1844969449725795e-12
CrRh3,371,1.3892441979490942,3.022041727973601e-09
CrRh3,372,1.1976943296553733,4.8708481692472105e-11
CrRh3,373,1.1401772786987514,7.894951359332936e-11
CrRh3,374,1.060784695715523,4.691708244131121e-09
CrRh3,375,3.0581518403717918,7.66053886991358e-15
CrRh3,376,1.4309905800329736,6.66888766431839e-11
CrRh3,377,1.1250873382301165,9.192646643896296e-14
CrRh3,378,1.2752228066140243,2.859934511434403e-13
CrRh3,379,1.062726014870776,1.439908048350702e-08
CrRh3,380,1.6884703933567151,9.658940314238862e-14
CrRh3,381,2.194805806759194,4.7406523151494184e-14
CrRh3,382,1.335952112571216,9.947598300641403e-14
CrRh3,383,1.2506175753824262,1.8246574917668568e-08
CrRh3,384,1.2076858355504752,3.9794945116966574e-10
CrRh3,385,1.2493459645091587,5.46229728115577e-14
CrRh3,386,1.1589997043852054,6.780220829227801e-09
CrRh3,387,1.244557352503501,3.181255259221416e-11
CrRh3,388,1.443703752679078,5.654614554373438e-09
CrRh3,389,1.280235817579214,1.9880541657357753e-11
CrRh3,390,1.4346304650873953,4.440892098500626e-15
CrRh3,391,1.4507604650236898,1.751425671159268e-10
CrRh3,392,1.2524885068141338,1.494442125604678e-09
CrRh3,393,1.2425825175964484,1.8640644583456378e-13
CrRh3,394,1.1501490379880381,7.512881428084484e-10
CrRh3,395,1.1849833024421326,1.148636741277187e-12
CrRh3,396,1.0772152675790791,8.097966741615892e-12
CrRh3,397,1.2087061825225405,1.9761525749117936e-11
CrRh3,398,1.1462464293265513,8.881784197001252e-16
CrRh3,399,1.3382816579563726,8.244516180866412e-12
CrRh3,400,1.251848147275931,7.469580509678053e-13
CrRh3,401,1.1570990566039872,9.937837219808898e-10
CrRh3,402,1.1421309306183856,5.555202964302453e-10
CrRh3,403,1.4433773730875004,3.6036640338465986e-10
CrRh3,405,1.0861188873526317,6.328271240363392e-13
CrRh3,406,1.3852308132637576,1.707445296261767e-10
CrRh3,407,1.2139245009429938,4.8116621798044434e-11
CrRh3,408,1.0722434142159927,5.518918655411653e-13
CrRh3,409,1.225654413129631,1.2346856870237843e-10
CrRh3,410,1.2967234231405809,3.904765399909138e-12
CrRh3,411,1.629279840195662,2.3281465644231503e-10
CrRh3,412,1.2810387463453972,6.064038160502605e-13
CrRh3,413,1.2265862456647345,2.0412636025923803e-09
CrRh3,414,1.2210204093548858,6.610711977828032e-12
CrRh3,415,1.5184719871753591,2.1760371282653068e-13
CrRh3,416,1.2722859334916767,1.0669243266647754e-12
CrRh3,417,1.2274538988264538,1.7120382889146413e-10
CrRh3,418,1.3000115511531272,8.819611707622244e-13
CrRh3,419,1.230501234521634,9.664637090622819e-09
CrRh3,420,1.1476294123051554,8.387068817228283e-12
CrRh3,421,1.355494102632078,1.9137536000357613e-10
CrRh3,422,1.1348860006354347,4.8285986320451e-10
CrRh3,423,1.4870029114220686,2.413780286758538e-11
CrRh3,424,1.259555766456639,8.547129670688491e-10
CrRh3,425,1.1382302712731849,4.087485905301946e-09
CrRh3,426,1.2079215767347853,1.201283250651386e-08
CrRh3,427,1.1228121522925916,1.4191092745363676e-11
CrRh3,428,1.091789680613647,1.2105760838210244e-11
CrRh3,429,1.464779374919387,1.4032541795216957e-09
CrRh3,430,1.2473595095250318,2.7260029789033524e-09
CrRh3,431,1.1313028508273888,8.51452242045525e-12
CrRh3,432,1.5646356321412305,1.84297022087776e-14
CrRh3,433,1.364212406378156,1.1118106435503705e-10
CrRh3,434,1.0792536448618566,4.238925876975941e-10
CrRh3,435,1.7627691213210244,1.5031487166083934e-09
CrRh3,436,1.282370572736658,2.098987650356321e-12
CrRh3,437,1.1825567466401468,9.885425811262394e-13
CrRh3,438,1.079207962602121,4.538511788609867e-10
CrRh3,439,1.2426391522277007,1.320772380353219e-10
CrRh3,440,1.088967398875207,7.088279740941061e-09
CrRh3,441,1.141053082360812,3.598550346595175e-10
CrRh3,442,1.115629503130851,4.245150897475014e-10
CrRh3,443,1.5270861343720454,7.849392247294418e-09
CrRh3,444,1.1603186907265326,5.773159728050814e-15
CrRh3,445,1.0731749302895968,7.018895464838693e-10
CrRh3,446,1.19538450607341,4.5630166312093934e-14
CrRh3,447,1.334275663041531,5.919709167301335e-13
CrRh3,448,1.2120314513289339,3.7925218521195347e-13
CrRh3,449,1.384121343184289,2.6268143216157114e-10
CrRh3,450,1.2299074987706504,3.6837199957062694e-13
CrRh3,451,1.11669371530544,6.616929226765933e-14
CrRh3,452,1.205638357790363,2.9030262638229942e-09
CrRh3,453,1.1321974221347502,2.356281836313201e-11
CrRh3,454,1.359268164606965,9.244383036843828e-12
CrRh3,455,1.1165295419048638,7.555733816388965e-12
CrRh3,456,1.055208231200321,4.914291196200793e-12
CrRh3,457,1.0850011837940292,2.5363184996685106e-07
CrRh3,458,1.1525242334089403,1.5241585771264e-11
CrRh3,460,1.2308036101152342,8.493616920901559e-10
CrRh3,461,1.5920860236703889,9.251821531108817e-11
CrRh3,462,1.3854258155490178,8.986456023762912e-11
CrRh3,463,1.0849593328569764,1.5800694086465228e-12
CrRh3,464,1.0700449619782797,1.0542677841840487e-12
CrRh3,466,1.1346531946558909,9.636735853746359e-14
CrRh3,468,1.1318368862184758,2.823030698095863e-11
CrRh3,469,1.2095694293509318,1.07518633996051e-08
CrRh3,472,1.1561157514912712,7.270157809102784e-10
CrRh3,473,1.6059346508109438,2.078337502098293e-13
CrRh3,474,1.466418119016077,3.9657688244432165e-10
CrRh3,475,1.2483124062073767,1.1411538380912134e-11
CrRh3,476,1.1323394191215936,3.19300141882195e-13
CrRh3,477,1.1157744171183464,1.6114221068619372e-11
CrRh3,478,1.0963608390268098,1.9200638301519746e-08
CrRh3,479,1.1736471207353616,6.309393008052666e-10
CrRh3,480,1.1117976181579046,2.3218884703801734e-08
CrRh3,481,1.3531850996477426,1.1709522240721526e-12
CrRh3,482,1.2741120260892569,8.202127865786224e-10
CrRh3,484,1.3049020289038429,2.6835094146804295e-09
CrRh3,485,1.5024110348762156,7.438420990268924e-10
CrRh3,486,1.0681606550782332,6.024278409455519e-09
CrRh3,487,1.1638296211943198,7.303202487207727e-10
CrRh3,488,1.2335539301771752,1.2886136602219267e-11
CrRh3,489,1.0972661620780213,1.1035616864774056e-13
CrRh3,491,1.2202170726462003,6.981173417131004e-09
CrRh3,492,1.1300116197049772,5.999645225074346e-13
CrRh3,494,1.1551438206204423,1.9966250874858815e-12
CrRh3,495,1.5730292257311251,3.552713678800501e-15
CrRh3,496,1.074112088120181,4.791045338237154e-11
CrRh3,497,1.0608326288277128,1.6933510149641506e-10
CrRh3,500,1.0860823441511978,9.475268014647042e-09
CrRh3,501,1.2897122051975274,4.75175454539567e-14
CrRh3,502,1.3294383485105485,5.551115123125783e-14
CrRh3,503,1.126419953921828,3.255629543730265e-09
CrRh3,504,1.084408160751736,1.0480309953209144e-09
CrRh3,505,1.068016751025833,3.336807719023227e-09
CrRh3,506,1.0842426831675613,2.3311463870356874e-11
CrRh3,507,1.3625354729752437,1.32210242753672e-10
CrRh3,508,1.3992882063128023,3.1732394489836224e-12
CrRh3,509,1.0920591622104803,5.488942633746774e-13
CrRh3,510,1.281007085547604,1.770383839527767e-11
CrRh3,511,1.3940162954417472,1.6781597333981324e-08
CrRh3,513,1.0754531338532665,1.9605037815395576e-08
CrRh3,514,1.1290047319323775,3.9428593723300764e-10
CrRh3,515,1.1540961103684013,5.210942788380635e-10
CrRh3,516,1.0732988848754477,1.2656542480726785e-12
CrRh3,518,1.207599905396106,1.3895773420813384e-11
CrRh3,519,1.2131314543922447,7.392975120978917e-12
CrRh3,521,1.207242111858359,1.3233858453531866e-13
CrRh3,522,1.5948177636208922,2.220446049250313e-16
CrRh3,523,1.3898149719830528,1.067149368871867e-09
CrRh3,524,1.1620048108236,2.1793677973391823e-13
CrRh3,525,1.1119655104691213,9.257306032850465e-11
CrRh3,526,1.0638306187470297,8.14029421647433e-09
CrRh3,527,1.161646340928487,8.097185144606556e-09
CrRh3,528,1.053579142661157,2.7542702452088008e-08
CrRh3,529,1.3579125363916082,3.217440092129209e-09
CrRh3,530,1.1953578692528664,1.0785984771999324e-08
CrRh3,531,1.2953720770768213,3.4799252368600264e-10
CrRh3,532,1.2254043502917111,1.6083934406552203e-08
CrRh3,533,1.10342514216843,2.4149571231646405e-12
CrRh3,535,1.1213214887456953,7.72715225139109e-14
CrRh3,536,1.3334181003682204,3.1086244689504383e-15
CrRh3,537,1.1916521869498526,1.2390088954816747e-13
CrRh3,538,1.0906362882662763,1.7266188478970435e-12
CrRh3,539,1.482813276329974,2.0046186932631826e-12
CrRh3,540,1.07145714671719,5.213163234429885e-12
CrRh3,541,1.3281704825123353,1.1501910535116622e-12
CrRh3,542,1.1450576885672918,4.1944225870338414e-12
CrRh3,543,1.3428091909843654,1.236395430481707e-10
CrRh3,544,1.1190120836294777,2.9398705692074145e-13
CrRh3,545,1.5559622718193424,1.6431300764452317e-14
CrRh3,546,1.2035695009052403,2.1538326677728037e-14
CrRh3,547,1.1069042659343584,7.618350394977824e-13
CrRh3,548,1.1702734019716694,1.781350966734152e-08
CrRh3,549,1.3640783577535511,1.3227197115384115e-11
CrRh3,550,1.2579637141341493,8.348877145181177e-14
CrRh3,551,1.1458396537656301,3.825384453648439e-12
CrRh3,552,1.3127582868646086,3.6415315207705135e-14
CrRh3,553,1.1533645364784628,4.0745185003743245e-13
CrRh3,554,1.084671925685571,7.467804152838653e-12
CrRh3,555,1.0643603212308335,2.183170333402984e-08
CrRh3,557,1.0620238054284048,1.800546500785316e-08
CrRh3,558,1.1908478712611241,5.635640842882594e-10
CrRh3,559,1.2926455505764893,3.028525208392807e-09
CrRh3,560,1.2289021169568826,5.030642569181509e-11
CrRh3,561,1.0565281907190043,2.2323254356138023e-12
CrRh3,563,1.5592580295757577,7.346168118260721e-11
CrRh3,564,1.2228748677795211,1.751931932858497e-13
CrRh3,565,1.1516596580595817,2.0671910294645102e-08
CrRh3,566,1.2629731761539318,1.0524914273446484e-13
CrRh3,567,1.1452085085050603,1.3646861418692424e-12
CrRh3,568,1.3628011950194494,4.790590146797058e-11
CrRh3,569,1.4058367581909883,7.653827238662814e-09
CrRh3,570,1.2754255202963283,4.629630012686903e-13
CrRh3,571,1.2449289984344638,3.924394142984511e-11
CrRh3,572,1.1195291822920295,7.315861250134503e-10
CrRh3,573,1.0893441989326447,2.301002499649485e-09
CrRh3,574,1.127657972110392,3.827382855092765e-12
CrRh3,575,1.2345442914765088,2.2789903297848468e-10
CrRh3,576,1.4340606211930524,1.1677098177287348e-09
CrRh3,577,1.6602213334994511,3.2190681231725193e-09
CrRh3,578,1.0847023047820183,4.7532346947321e-09
CrRh3,579,1.111259314048245,2.9175675209103247e-09
CrRh3,580,1.1000405541497054,7.491572917572853e-09
CrRh3,581,1.201168334522767,7.605471807892172e-12
CrRh3,582,1.2244756908659498,7.506772981002996e-11
CrRh3,584,1.1634785711065403,3.482325539039266e-11
CrRh3,585,1.5604574008513528,8.345213409199914e-12
CrRh3,586,1.4024922045067219,5.551115123125783e-16
CrRh3,587,1.126071575809924,5.488942633746774e-12
CrRh3,588,1.5116118118963864,5.438582917349777e-11
CrRh3,589,1.0921434205919514,2.6842528200177185e-11
CrRh3,590,1.1317148948873987,7.534068369174918e-09
CrRh3,591,1.215493972786655,6.768380078625569e-09
CrRh3,592,1.4333685868964163,1.4409526905012626e-09
CrRh3,593,1.153969392702866,6.124882601099557e-09
CrRh3,594,1.1201904677318644,3.8191672047105385e-14
CrRh3,595,1.1108004815198855,6.217248937900877e-14
CrRh3,596,1.598968454006404,2.006128596576673e-11
CrRh3,597,1.1653368917721894,2.559286116365911e-12
CrRh3,598,1.0668108099770908,6.022737863986549e-12
CrRh3,599,1.2880755585137602,8.917311333789257e-12
CrRh3,601,1.1634299095579057,3.035349749325178e-13
CrRh3,602,1.0708559786703797,1.1165987578998227e-08
CrRh3,603,1.267706736756795,3.042011087472929e-14
CrRh3,604,1.075003899929044,7.505107646466058e-14
CrRh3,605,1.1267107802498304,3.0596858380249614e-11
CrRh3,606,1.080174280003938,2.164652790348498e-08
CrRh3,607,1.1174987870622635,1.6828272109137288e-10
CrRh3,609,1.0969438634781392,4.951370424777224e-10
CrRh3,611,1.1816142439104695,2.2470914018413168e-13
CrRh3,612,1.2446131482306675,7.904787935331115e-14
CrRh3,613,1.2674343291754524,7.347669139790014e-10
CrRh3,614,1.308657603913992,2.2026824808563106e-13
CrRh3,615,1.2067154655634993,6.039613253960852e-14
CrRh3,616,1.3209555141205536,3.475139731534682e-09
CrRh3,617,1.1613872662236318,2.9818369995382454e-12
CrRh3,618,1.3333217814419691,6.920020112488601e-13
CrRh3,619,1.2123112821016597,6.414266007226388e-09
CrRh3,620,1.1571634233029482,3.931965864012454e-12
CrRh3,621,1.1107861740245868,1.0380585280245214e-13
CrRh3,622,1.189229986348954,4.295563904577193e-12
CrRh3,623,1.1065458071595184,4.227285188562746e-12
CrRh3,625,1.194888263492166,1.0399903160873691e-09
CrRh3,626,1.1304261135410982,7.283063041541027e-14
CrRh3,627,1.1285293684186026,7.076983443710105e-10
CrRh3,628,1.064765498937828,1.6249224188413791e-12
CrRh3,629,1.0942427915594057,3.147916594059552e-09
CrRh3,630,1.3228530138509245,1.3585204516886051e-08
CrRh3,631,1.5058878697718867,2.912945440414205e-10
CrRh3,632,1.204551130844791,1.2034817586936697e-12
CrRh3,634,1.3900164560891362,2.024245215892506e-09
CrRh3,635,1.3392843280548152,1.914060021590558e-10
CrRh3,636,1.2430809820097486,1.3330825332502627e-08
CrRh3,637,1.1384893634974496,8.748557434046234e-14
CrRh3,638,1.0746514591658638,6.458438228662544e-09
CrRh3,639,1.5507708726571419,1.3562595491123375e-10
CrRh3,640,1.1039533760307219,1.8350210240214437e-11
CrRh3,642,1.15556227935999,5.798694857617193e-13
CrRh3,643,1.1257512319527256,1.135406213492729e-10
CrRh3,644,1.4381726871913751,3.591034136718463e-10
CrRh3,645,1.1012523903786384,1.2733369914030845e-11
CrRh3,646,1.2754611503402158,3.3477531857784015e-10
CrRh3,647,1.1300563841728593,9.325873406851315e-15
CrRh3,648,1.1963245022016702,5.895728349969431e-12
CrRh3,649,1.0656406908046188,1.1097789354153065e-12
CrRh3,650,2.171150857033295,1.0758061108617767e-12
CrRh3,651,1.185311113838804,1.8987034167139427e-12
CrRh3,652,1.124733224716892,4.583306179029023e-09
CrRh3,653,1.0708683112253563,1.9192243350119043e-09
CrRh3,654,1.0815223431623415,2.6645352591003757e-15
CrRh3,655,1.2860278815882444,3.0121871663624233e-09
CrRh3,657,1.119462564835952,1.3001155707570433e-11
CrRh3,658,1.1010592881706607,6.173950239940496e-13
CrRh3,659,1.3572512400163907,6.207301339600235e-11
CrRh3,660,1.1724010134359886,1.5618073501144636e-10
CrRh3,661,1.1827772243151622,7.85826959059932e-12
CrRh3,662,1.0910184168514014,6.52811138479592e-14
CrRh3,663,1.0656478952176092,5.490183752066002e-09
CrRh3,664,1.144183317283355,1.3139711541043653e-11
CrRh3,666,1.1401459351239513,4.796163466380676e-13
CrRh3,667,1.2263612534549424,4.656608432185294e-11
CrRh3,668,1.2798428607989982,3.806288617624887e-12
CrRh3,669,1.085232482929601,4.618527782440651e-14
CrRh3,670,1.0554452661745461,2.3936408410918375e-13
CrRh3,671,1.652046949029803,5.262248414794612e-10
CrRh3,672,1.2416838277420752,2.1937304195418506e-08
CrRh3,673,1.2781876051672627,3.4571308038522375e-09
CrRh3,674,1.207933389330646,1.1705882863033423e-07
CrRh3,675,1.162111940051532,1.1688428003253648e-12
CrRh3,677,1.2450379848219353,3.906208689841151e-12
CrRh3,678,1.095180663218599,1.176836406102666e-13
CrRh3,679,1.2782766486362338,2.0850365878288812e-10
CrRh3,680,1.1024461824685508,1.304512053934559e-13
CrRh3,681,1.4598782889936575,6.727951529228449e-14
CrRh3,682,1.1590535694655726,2.085718264766001e-10
CrRh3,683,1.1638297000632745,4.4736103710363295e-10
CrRh3,684,1.3043870332739247,2.030628110105681e-09
CrRh3,686,1.2459973478485467,1.7716939026968248e-12
CrRh3,687,1.0918641441484933,7.423839321063497e-12
CrRh3,688,1.1282098749277671,8.870681966755001e-13
CrRh3,689,1.0883580536584898,4.445332990599127e-13
CrRh3,690,1.098963676579011,4.9962256554181295e-11
CrRh3,691,1.4079563797735437,1.7763568394002505e-15
CrRh3,692,1.3161881356911644,2.8961266718141587e-10
CrRh3,693,1.290646694739161,6.997979973277779e-10
CrRh3,694,1.0806030528811434,1.0521360227500054e-08
CrRh3,695,1.1980522977140051,4.438671652451376e-13
CrRh3,696,1.1309207686708938,1.0454970222895099e-10
CrRh3,697,1.1128800884383643,1.3945511412316591e-12
CrRh3,698,1.367542812801651,1.1752904871542569e-08
CrRh3,699,1.3414247287486172,6.905587213168474e-14
CrRh3,700,1.0568522134567138,3.8049829953479275e-10
CrRh3,702,1.2833093941388976,2.1744828160308316e-12
CrRh3,703,1.372220349642347,8.33980662306999e-10
CrRh3,704,1.4778370921820265,2.382094521635736e-12
CrRh3,705,1.5750342033437736,9.325873406851315e-15
CrRh3,707,1.197854660861849,5.965135052576898e-10
CrRh3,708,1.2301303063577644,2.458906633862057e-09
CrRh3,709,1.051692746799368,3.175298646240776e-08
CrRh3,710,1.1335726263737174,9.343770202008272e-11
CrRh3,711,1.1137075895269453,2.3032525775512624e-08
CrRh3,712,1.356362350517843,5.996843022160192e-10
CrRh3,713,1.071347758063508,9.64783808399261e-14
CrRh3,714,1.2818253336298615,2.9247271271515274e-11
CrRh3,715,1.1231288354600832,4.163336342344337e-14
CrRh3,717,1.503968082938417,1.029582863409928e-09
CrRh3,718,1.0690242340430005,4.2583625514680534e-10
CrRh3,719,1.207429093873524,1.2145839889399213e-13
CrRh3,720,1.0735568160580529,3.9612757518625585e-13
CrRh3,721,1.0804971275286763,2.3228627910043542e-09
CrRh3,722,1.1738975698696268,1.6817658377021871e-12
CrRh3,723,1.140768110589428,2.0383694732117874e-13
CrRh3,724,1.125269066943261,2.0870416506113543e-11
CrRh3,725,1.4202826699381992,2.944311461305915e-12
CrRh3,726,1.202590911972875,5.570353067696487e-10
CrRh3,727,1.2024726550085851,1.102828939281153e-11
CrRh3,728,1.185661417883195,2.6556534749033744e-13
CrRh3,729,1.2561364407084632,1.9673151996357774e-12
CrRh3,730,1.0660600071307267,2.3092638912203256e-14
CrRh3,732,1.409820015515751,2.850830682632477e-10
CrRh3,733,1.0726942335467955,4.931777208838639e-11
CrRh3,734,1.061400145447566,1.5036851763738923e-09
CrRh3,735,1.1868461361923732,7.327471962526033e-15
CrRh3,736,1.0618319886389664,3.3202316451763636e-09
CrRh3,738,1.2833815855501252,9.992007221626409e-16
CrRh3,741,1.1044192728748767,1.1110401487712807e-10
CrRh3,742,1.1658408473845685,2.815969679659247e-12
CrRh3,743,1.4645744456970498,7.112088695748753e-13
CrRh3,744,1.3952164471847102,4.515388063452974e-12
CrRh3,745,1.1263477321343236,2.2210966399427434e-10
CrRh3,746,1.3173509635119567,1.3792950115387725e-08
CrRh3,747,1.1167482788359062,1.3146037591837967e-09
CrRh3,748,1.694493506989641,2.3485879907525486e-11
CrRh3,749,1.302262799573773,3.2862601528904634e-14
CrRh3,752,1.1843795937360242,2.1927903937069004e-10
CrRh3,753,1.2467991454991594,4.9572568272537865e-12
CrRh3,755,1.127904637347318,2.442424451576386e-08
CrRh3,756,1.1362818426184422,1.9451107391432743e-13
CrRh3,757,1.1008023808462577,3.756077671113189e-09
CrRh3,758,1.3949927741481363,1.7734459456519858e-08
CrRh3,759,1.4183842994842464,2.0125012767380213e-12
CrRh3,760,1.2102611209640577,2.8597171297661816e-09
CrRh3,761,1.2663314026180976,4.545512566345167e-08
CrRh3,762,1.3777321774334297,1.723066134218243e-13
CrRh3,763,1.3051459637563458,1.4636587386540612e-08
CrRh3,764,1.1478558696214831,1.3574926072124072e-08
CrRh3,765,1.1502605178984286,1.9440289378280795e-09
CrRh3,766,1.0838412212065316,3.1591140814413166e-10
CrRh3,767,1.1332403717730348,5.820566251202308e-12
CrRh3,768,1.2320401148776585,5.882816123126133e-09
CrRh3,769,1.2486667610503928,7.30526750203353e-14
CrRh3,772,1.1205212158736564,2.1360246904578162e-10
CrRh3,773,1.3981100032596705,1.1622380613474093e-08
CrRh3,774,1.2331029301613488,2.435551760271437e-11
CrRh3,775,1.1555018982998198,3.128426884213553e-08
CrRh3,776,1.2044493992086103,1.9872992140790302e-14
CrRh3,777,1.234105473032425,5.455731422188137e-09
CrRh3,778,1.1570272559376111,2.240430063693566e-13
CrRh3,779,1.1787220633211999,3.740341369962152e-12
CrRh3,780,1.1993280645351014,5.795364188543317e-14
CrRh3,782,1.1483026716648268,8.204548151979907e-14
CrRh3,783,1.2774392044563967,4.482725302068502e-11
CrRh3,784,1.8278752279782176,5.716513928888389e-10
CrRh3,785,1.1108773276310777,1.7483170466903175e-10
CrRh3,787,1.1244237018254992,1.1974754521304476e-11
CrRh3,788,1.3448207846155091,3.502522716303247e-10
CrRh3,789,1.2360806601057681,6.414868636284154e-13
CrRh3,790,1.463730019930028,5.169420447259654e-12
CrRh3,791,1.3486661710751073,1.6753265441593612e-12
CrRh3,792,1.4998417781302211,1.0089706847793423e-12
CrRh3,793,1.262363712317896,4.729550084903167e-13
CrRh3,794,1.648859186350943,2.3225865675158275e-13
CrRh3,795,1.4578971675438661,2.5449498619600774e-08
CrRh3,796,1.0771268421274127,3.3645264352344384e-09
CrRh3,797,1.3019344124387546,7.388361034088575e-10
CrRh3,798,1.5813757586167136,1.2899925017073599e-08
CrRh3,800,1.195687095530662,4.440892098500626e-15
CrRh3,801,1.2236251517407148,2.7663129120725216e-08
CrRh3,802,1.0611425939610082,7.466425699931278e-09
CrRh3,804,1.2612192930393813,1.4123161529155936e-08
CrRh3,806,1.1579681711987988,5.157207993988777e-12
CrRh3,807,1.2870565508573724,2.4432456058320895e-11
CrRh3,808,1.1858657415896154,4.4941828036826337e-13
CrRh3,809,1.318700227235636,5.262457136723242e-14
CrRh3,810,1.3291901552686736,4.75175454539567e-14
CrRh3,812,1.1934895939338779,6.132760965726902e-12
CrRh3,813,1.3317096472829055,1.461053500406706e-13
CrRh3,814,1.1474775913885171,4.565769984310464e-11
CrRh3,815,1.2225593489689772,9.225409769442194e-09
CrRh3,816,1.197729369049827,3.846207574653704e-09
CrRh3,817,1.1334106835406128,3.233102674471411e-11
CrRh3,818,1.165560238853013,5.341538322767292e-10
CrRh3,819,1.198483176689656,4.735749570272674e-10
CrRh3,821,1.0636832133118435,3.2663733384730165e-08
CrRh3,822,1.0747872770621276,3.779199175824033e-12
CrRh3,823,1.151419329299825,5.582201367815287e-13
BeNi2Si,1,2.2706842351618963,7.771561172376096e-16
BeNi2Si,2,1.7162466041892894,5.176981066057351e-10
BeNi2Si,4,2.7885031630110895,9.43689570931383e-14
BeNi2Si,7,1.9197329454372796,3.006928039894774e-12
BeNi2Si,9,1.5422059283046299,4.440892098500626e-16
BeNi2Si,10,1.2488199371162336,6.661338147750939e-16
BeNi2Si,11,1.6041167302560164,3.483879851273741e-13
BeNi2Si,12,1.7261148456153768,3.1648017539964712e-12
BeNi2Si,13,1.790288721762513,4.7600812180803587e-11
BeNi2Si,14,1.9239252842736108,3.2862601528904634e-14
BeNi2Si,16,1.3560845507149728,6.731726287512174e-12
BeNi2Si,17,1.9602118459046787,4.618527782440651e-13
BeNi2Si,19,1.231716841418951,4.323896796165627e-11
BeNi2Si,20,1.617458444836998,2.9788216338033635e-10
BeNi2Si,23,1.5082805379061974,5.551115123125783e-16
BeNi2Si,25,1.6580338897417757,2.0205837003572924e-11
BeNi2Si,26,1.4011250231692336,1.674216321134736e-13
BeNi2Si,28,1.2809142917378686,1.0791367799356522e-13
BeNi2Si,30,1.279423498252087,1.2677414673589738e-11
BeNi2Si,32,1.7694527128929365,5.551115123125783e-16
BeNi2Si,33,1.9449744748383688,8.881784197001252e-16
BeNi2Si,34,1.3054588622848027,1.7620127579220934e-11
BeNi2Si,37,1.310178753577754,5.500044863993026e-13
BeNi2Si,38,1.7442216691830636,2.814193322819847e-12
BeNi2Si,40,1.4494239809659757,4.440892098500626e-16
BeNi2Si,41,1.8840287893421606,1.5026868638301494e-12
BeNi2Si,42,1.351040894815895,1.2529532966709667e-11
BeNi2Si,43,1.4702120347057033,1.1102230246251565e-16
BeNi2Si,44,1.8297438469304954,7.33924032658706e-10
BeNi2Si,46,1.2860263584590699,2.844391389089651e-13
BeNi2Si,48,1.2894190733474804,8.659739592076221e-15
BeNi2Si,50,1.2680247255034056,2.599738202491153e-10
BeNi2Si,52,1.3362714590165126,5.469813491032482e-10
BeNi2Si,53,1.9706092067997634,1.460964682564736e-11
BeNi2Si,54,1.5184273841127947,1.141309269314661e-12
BeNi2Si,55,1.280423850703025,2.2426505097428162e-14
BeNi2Si,56,1.502562458544429,8.659739592076221e-14
BeNi2Si,58,1.2345136582655487,1.5786327800526578e-09
BeNi2Si,60,1.3418071048269182,7.092393339291903e-11
BeNi2Si,61,1.1896608565745292,7.382907618591616e-10
BeNi2Si,62,1.4185845019768744,2.313704783318826e-13
BeNi2Si,63,1.2985196416877565,2.3314683517128287e-15
BeNi2Si,65,1.3555050736729355,7.099210108663101e-12
BeNi2Si,67,1.2536100867170448,6.484812686835539e-13
BeNi2Si,68,1.3984362609311423,1.1404210908949608e-12
BeNi2Si,72,1.4536873675875344,8.881784197001252e-16
BeNi2Si,74,1.5519461116386573,5.373930189733755e-10
BeNi2Si,76,1.4834529496675941,6.661338147750939e-16
BeNi2Si,77,2.029600064598912,2.5912605394751154e-13
BeNi2Si,81,1.310076556917332,7.522895639766602e-10
BeNi2Si,83,1.272923944182704,3.774758283725532e-14
BeNi2Si,84,1.6929295604882841,1.496580637194711e-13
BeNi2Si,86,1.6552762156375826,1.4765966227514582e-14
BeNi2Si,87,1.5277331202443705,1.2212453270876722e-15
BeNi2Si,89,1.4650364878146038,2.957634137601417e-13
BeNi2Si,90,1.8204379516510834,1.9984014443252818e-15
BeNi2Si,92,1.4580521646341924,1.6120285106779875e-09
BeNi2Si,93,1.4025405990429631,5.01609864755892e-12
BeNi2Si,97,1.6691354279943689,1.9234835946235762e-11
BeNi2Si,98,1.5274073571594127,7.771561172376096e-16
BeNi2Si,99,1.349041702506478,1.8241852473011022e-10
BeNi2Si,102,1.6428132221391716,7.234368659680968e-10
BeNi2Si,103,1.4789924766230378,8.734990508685314e-11
BeNi2Si,104,1.604887959148538,1.1272982547438914e-11
BeNi2Si,106,1.5614412208311628,2.365641016410791e-11
BeNi2Si,108,1.3437669946107347,1.5987211554602254e-14
BeNi2Si,109,1.3583402835227179,2.0374368858711023e-11
BeNi2Si,110,1.575061788917229,4.884759263745764e-12
BeNi2Si,111,1.436442909832728,2.0429813396560803e-10
BeNi2Si,113,1.5055184596021824,1.4679468751666036e-09
BeNi2Si,115,1.5235038680298332,6.661338147750939e-16
BeNi2Si,116,1.333078688177768,1.2712053631958042e-12
BeNi2Si,117,1.2540089392677942,8.162359677044151e-13
BeNi2Si,119,1.3704393263599985,6.046141365345648e-11
BeNi2Si,122,1.2887006971178392,3.708144902248023e-14
BeNi2Si,124,1.610495299143263,6.8760552807134445e-12
BeNi2Si,125,1.411138629723674,2.6201263381153694e-13
BeNi2Si,126,1.3527309829010998,8.218759006695109e-12
BeNi2Si,127,1.4372470134748843,2.888593808592077e-10
BeNi2Si,130,1.3959931932380203,1.4432899320127035e-14
BeNi2Si,133,1.9153698614104122,1.6564527527407336e-13
BeNi2Si,135,1.266400074302206,2.777300611711553e-11
BeNi2Si,136,2.0072148055446664,1.3855583347321954e-13
BeNi2Si,138,1.4948158524550723,6.217248937900877e-15
BeNi2Si,139,1.4394343085446633,3.1086244689504383e-15
BeNi2Si,140,1.208104391913723,7.416289804496046e-14
BeNi2Si,142,1.3621005063639018,4.2634562547050336e-11
BeNi2Si,143,1.304415160359255,6.621131420914139e-10
BeNi2Si,147,1.5212991981750854,5.551115123125783e-16
BeNi2Si,148,1.4085606637291095,3.0335733924857777e-12
BeNi2Si,150,1.465561536960908,1.1033396418724806e-12
BeNi2Si,151,1.7782887116253359,2.55351295663786e-14
BeNi2Si,152,1.2889213397543617,1.1191048088221578e-13
BeNi2Si,153,1.43422242156877,2.0216228691083415e-10
BeNi2Si,154,1.2790711157260268,2.6334490144108713e-12
BeNi2Si,156,1.392559330649519,2.3070434451710753e-13
BeNi2Si,157,2.0146862980231384,5.395683899678261e-13
BeNi2Si,158,1.2291977529804377,2.2426505097428162e-14
BeNi2Si,159,1.4098975511180125,8.881784197001252e-16
BeNi2Si,160,1.3466578054063896,8.881784197001252e-16
BeNi2Si,161,1.4437610677371713,7.527312106958561e-12
BeNi2Si,162,1.3847319099428506,2.3092638912203256e-12
BeNi2Si,163,1.3262402355053773,1.5543122344752192e-15
BeNi2Si,165,1.5011901098702691,7.41695593831082e-12
BeNi2Si,167,1.437761502755005,1.663846838084737e-11
BeNi2Si,170,1.3618032272215541,2.220446049250313e-15
BeNi2Si,172,1.2153105527004915,3.197442310920451e-14
BeNi2Si,174,1.4111318283749357,2.7711166694643907e-12
BeNi2Si,176,1.3773264423154874,5.551115123125783e-16
BeNi2Si,181,1.3029027784610538,2.220446049250313e-16
BeNi2Si,185,1.3619305641256603,1.078026556911027e-11
BeNi2Si,186,1.7866098777593447,4.440892098500626e-16
BeNi2Si,187,1.2106070966716413,3.892441924335799e-13
BeNi2Si,189,1.3859855782588169,6.945204411579198e-10
BeNi2Si,190,1.3071560126575426,2.5797142200190137e-11
BeNi2Si,193,1.3229109531003695,2.4868995751603507e-14
BeNi2Si,194,1.2566149825846944,2.431388423929093e-12
BeNi2Si,196,1.22891909207467,2.405275978389909e-11
BeNi2Si,201,1.3429071669566661,1.4432899320127035e-15
BeNi2Si,202,1.3737057563015538,1.9744206269933784e-12
BeNi2Si,207,1.454830958553857,1.3322676295501878e-15
BeNi2Si,209,1.3594724772282145,4.440892098500626e-16
BeNi2Si,210,1.3993969673684326,4.004352405218015e-12
BeNi2Si,211,1.3193362365046746,5.173639294753229e-13
BeNi2Si,213,1.5349021026957292,8.46872016957434e-10
BeNi2Si,214,1.6340348762511054,5.551115123125783e-16
BeNi2Si,215,1.3310843958225347,1.8447138261379337e-09
BeNi2Si,216,1.3707452381475895,4.5375392332402953e-10
BeNi2Si,220,1.2892005959333244,1.5402183972668126e-09
BeNi2Si,222,1.6637425118184814,2.795363940322204e-11
BeNi2Si,224,1.639569113494013,1.6163137495084356e-10
BeNi2Si,226,1.2700329486781816,9.78879199919902e-11
BeNi2Si,229,1.3120751034636033,3.214473132118201e-11
BeNi2Si,230,1.297968233710469,1.2231993196110125e-09
BeNi2Si,231,1.4521294238640576,1.6171730621294955e-11
BeNi2Si,232,1.3388972283626686,3.9968028886505635e-15
BeNi2Si,234,1.3367577334805303,8.881784197001252e-16
BeNi2Si,235,1.3456178525399523,1.9317880628477724e-14
BeNi2Si,236,1.5347393946965364,6.661338147750939e-16
BeNi2Si,237,1.372552847769868,2.433164780768493e-12
BeNi2Si,238,1.2078153338483466,3.025246719801089e-12
BeNi2Si,240,1.2336936226850275,6.839639965505739e-12
BeNi2Si,241,1.3908392611094291,5.639932965095795e-14
BeNi2Si,243,1.4565967152004817,3.572320217415381e-11
BeNi2Si,244,1.548177238737785,6.661338147750939e-16
BeNi2Si,246,1.680666722983827,6.325917567551187e-11
BeNi2Si,247,1.6023410315738542,4.440892098500626e-16
BeNi2Si,248,1.280188717801789,4.9960036108132044e-15
BeNi2Si,250,1.6241687379889747,1.7852386235972517e-13
BeNi2Si,251,1.407138046146224,7.974665372501022e-11
BeNi2Si,254,1.2480675339326317,2.695390577400758e-10
BeNi2Si,255,1.3171597627074,1.438849039914203e-13
BeNi2Si,256,1.3561775969891958,3.0876745604757616e-11
BeNi2Si,258,1.637894953676489,1.290390017061327e-11
BeNi2Si,259,1.5415246566853025,6.234204263932952e-10
BeNi2Si,263,1.4034793707473983,1.0258460747536446e-13
BeNi2Si,265,1.390207366972563,2.220446049250313e-16
BeNi2Si,266,1.1866622396078235,2.3722679376447786e-10
BeNi2Si,268,1.2652190542882067,6.347999903510981e-11
BeNi2Si,269,1.4254635342071718,3.6011194026741578e-12
BeNi2Si,270,1.343134553718497,1.9761969838327786e-14
BeNi2Si,271,1.3767236353889774,3.216071853273661e-11
BeNi2Si,273,1.4168121091716548,3.0391245076089035e-12
BeNi2Si,274,1.5026162195969461,5.551115123125783e-16
BeNi2Si,277,1.302667296554906,4.930473807007729e-10
BeNi2Si,278,1.4852332540144135,3.198774578550001e-12
BeNi2Si,279,1.3858827829562197,5.956346527113965e-12
BeNi2Si,287,1.3506629482712298,2.3411717009480526e-11
BeNi2Si,288,1.3733169691241391,2.098765605751396e-12
BeNi2Si,291,1.3762486528236826,2.3774715529611967e-10
BeNi2Si,296,1.6428727676551007,5.898614929833457e-13
BeNi2Si,297,1.3153787662995995,1.2679812755322928e-10
BeNi2Si,298,1.546156860171355,2.220446049250313e-16
BeNi2Si,304,1.2173154420689452,1.9614532220657566e-11
BeNi2Si,306,1.8258196744662636,6.661338147750939e-16
BeNi2Si,309,1.1982749686549095,9.085943108999572e-11
BeNi2Si,310,1.6516077338534148,5.4145576910968884e-12
BeNi2Si,311,1.3152829920740927,2.178317526357887e-10
BeNi2Si,316,1.3487329521883222,2.8066438062523957e-13
BeNi2Si,317,1.4330893558471474,1.7708123856152724e-10
BeNi2Si,318,1.5619313928759844,1.633843949022662e-09
BeNi2Si,319,1.2982022868066938,8.72191208145523e-13
BeNi2Si,322,1.2660816659977676,8.312572852275935e-12
BeNi2Si,328,1.4049626379081834,7.016609515630989e-14
BeNi2Si,335,1.3687987337976693,4.330813485609042e-10
BeNi2Si,336,1.2672968510267717,7.762346321271707e-12
BeNi2Si,343,1.2773082776931366,1.5604273428948545e-10
BeNi2Si,349,1.1911417433598366,2.691291633993842e-12
BeNi2Si,352,1.2833141131667836,1.7985612998927536e-12
BeNi2Si,355,1.2629755899473643,3.4852121189032914e-12
BeNi2Si,357,1.62683960160354,6.463718449367661e-13
BeNi2Si,358,1.2735506324126102,8.616591884447189e-10
BeNi2Si,360,1.4385159754291021,1.4432899320127035e-15
BeNi2Si,363,1.341297163318002,1.423983153614472e-11
BeNi2Si,365,1.282355370779571,2.3869795029440866e-13
BeNi2Si,367,1.2983283167696047,4.75175454539567e-14
BeNi2Si,370,1.6170668568800564,3.064215547965432e-14
BeNi2Si,371,1.3892441979490942,1.1735057370287905e-13
BeNi2Si,375,3.0581518403717918,1.787459069646502e-14
BeNi2Si,376,1.4309905800329736,1.0436096431476471e-14
BeNi2Si,378,1.2752228066140243,1.0627054791711998e-12
BeNi2Si,380,1.6884703933567151,2.5874635767308973e-11
BeNi2Si,381,2.194805806759194,1.532107773982716e-14
BeNi2Si,382,1.335952112571216,2.9007063417907375e-10
BeNi2Si,383,1.2506175753824262,5.447375883704808e-11
BeNi2Si,387,1.244557352503501,1.1513678899177648e-11
BeNi2Si,388,1.443703752679078,2.0405899192610377e-13
BeNi2Si,390,1.4346304650873953,4.176659018639839e-13
BeNi2Si,391,1.4507604650236898,9.680700685521515e-12
BeNi2Si,398,1.1462464293265513,6.675104913256291e-12
BeNi2Si,399,1.3382816579563726,1.2567724638756772e-13
BeNi2Si,403,1.4433773730875004,2.4091839634365897e-14
BeNi2Si,406,1.3852308132637576,9.78755076985749e-10
BeNi2Si,407,1.2139245009429938,1.1546319456101628e-14
BeNi2Si,410,1.2967234231405809,6.66453559006186e-11
BeNi2Si,411,1.629279840195662,5.551115123125783e-16
BeNi2Si,412,1.2810387463453972,6.272760089132134e-14
BeNi2Si,414,1.2210204093548858,2.6034396860552533e-11
BeNi2Si,415,1.5184719871753591,1.9317880628477724e-14
BeNi2Si,416,1.2722859334916767,2.0555721569337493e-09
BeNi2Si,418,1.3000115511531272,9.513412280170996e-11
BeNi2Si,419,1.230501234521634,1.2902101609313377e-10
BeNi2Si,421,1.355494102632078,3.341771304121721e-13
BeNi2Si,423,1.4870029114220686,9.180920468310205e-10
BeNi2Si,424,1.259555766456639,2.9643349996888446e-09
BeNi2Si,429,1.464779374919387,2.2473356509067344e-11
BeNi2Si,432,1.5646356321412305,3.552713678800501e-15
BeNi2Si,433,1.364212406378156,1.084508594040301e-09
BeNi2Si,435,1.7627691213210244,2.220446049250313e-16
BeNi2Si,436,1.282370572736658,8.215650382226158e-14
BeNi2Si,443,1.5270861343720454,4.5075054799781356e-13
BeNi2Si,447,1.334275663041531,1.1801226662555564e-11
BeNi2Si,449,1.384121343184289,5.551115123125783e-16
BeNi2Si,454,1.359268164606965,2.1730328647606711e-10
BeNi2Si,461,1.5920860236703889,5.551115123125783e-16
BeNi2Si,462,1.3854258155490178,1.3344880755994382e-13
BeNi2Si,470,1.5779870702348844,2.652835728866876e-10
BeNi2Si,473,1.6059346508109438,9.103828801926284e-14
BeNi2Si,474,1.466418119016077,2.3852586572559176e-10
BeNi2Si,481,1.3531850996477426,2.0446755399916583e-11
BeNi2Si,482,1.2741120260892569,1.0795808691455022e-12
BeNi2Si,484,1.3049020289038429,1.096034374370447e-11
BeNi2Si,485,1.5024110348762156,8.881784197001252e-16
BeNi2Si,495,1.5730292257311251,5.551115123125783e-16
BeNi2Si,502,1.3294383485105485,4.440892098500626e-16
BeNi2Si,507,1.3625354729752437,9.246869936418989e-11
BeNi2Si,508,1.3992882063128023,1.2212453270876722e-15
BeNi2Si,510,1.281007085547604,1.0538236949741986e-12
BeNi2Si,511,1.3940162954417472,2.360469597562087e-10
BeNi2Si,517,2.552750373497472,4.6629367034256575e-15
BeNi2Si,519,1.2131314543922447,1.3322676295501878e-15
BeNi2Si,522,1.5948177636208922,1.2212453270876722e-15
BeNi2Si,523,1.3898149719830528,8.881784197001252e-16
BeNi2Si,529,1.3579125363916082,1.7908341476413625e-11
BeNi2Si,531,1.2953720770768213,2.324807013565078e-13
BeNi2Si,532,1.2254043502917111,2.2724044868027704e-12
BeNi2Si,536,1.3334181003682204,2.544631172440859e-13
BeNi2Si,539,1.482813276329974,1.8166468329638974e-11
BeNi2Si,541,1.3281704825123353,2.509104035652854e-13
BeNi2Si,543,1.3428091909843654,2.886579864025407e-15
BeNi2Si,545,1.5559622718193424,5.595524044110789e-14
BeNi2Si,549,1.3640783577535511,9.916512055951898e-11
BeNi2Si,550,1.2579637141341493,5.033529149045535e-12
BeNi2Si,552,1.3127582868646086,5.411848746916803e-11
BeNi2Si,559,1.2926455505764893,6.374900607397649e-13
BeNi2Si,560,1.2289021169568826,4.884981308350689e-15
BeNi2Si,563,1.5592580295757577,1.2789769243681803e-13
BeNi2Si,566,1.2629731761539318,2.5224267119483557e-13
BeNi2Si,568,1.3628011950194494,7.812861468892152e-12
BeNi2Si,569,1.4058367581909883,4.2299497238218464e-13
BeNi2Si,570,1.2754255202963283,7.87148124459236e-14
BeNi2Si,571,1.2449289984344638,7.224369991121193e-10
BeNi2Si,576,1.4340606211930524,4.440892098500626e-16
BeNi2Si,577,1.6602213334994511,3.609335053056384e-13
BeNi2Si,585,1.5604574008513528,1.5226175875682202e-10
BeNi2Si,586,1.4024922045067219,1.8041124150158794e-13
BeNi2Si,588,1.5116118118963864,1.3011813848606835e-13
BeNi2Si,592,1.4333685868964163,1.0791367799356522e-12
BeNi2Si,596,1.598968454006404,2.2927904019809375e-10
BeNi2Si,601,1.1634299095579057,1.958433415438776e-12
BeNi2Si,603,1.267706736756795,1.821043316141413e-11
BeNi2Si,612,1.2446131482306675,1.1546319456101628e-14
BeNi2Si,613,1.2674343291754524,1.3322676295501878e-15
BeNi2Si,614,1.308657603913992,5.073259590204771e-10
BeNi2Si,616,1.3209555141205536,6.186897660853674e-10
BeNi2Si,618,1.3333217814419691,1.5232259897857148e-13
BeNi2Si,622,1.189229986348954,8.026912468039882e-14
BeNi2Si,624,1.5427943384390168,1.0249134874129595e-10
BeNi2Si,625,1.194888263492166,4.977107614934084e-10
BeNi2Si,630,1.3228530138509245,2.4091839634365897e-14
BeNi2Si,631,1.5058878697718867,1.554312234475219e-14
BeNi2Si,633,1.3835459500754543,8.881784197001252e-16
BeNi2Si,634,1.3900164560891362,9.070522111187529e-14
BeNi2Si,635,1.3392843280548152,4.121369912013506e-12
BeNi2Si,639,1.5507708726571419,4.440892098500626e-16
BeNi2Si,641,1.716808061046379,8.093525849517391e-13
BeNi2Si,644,1.4381726871913751,6.94999613415348e-14
BeNi2Si,646,1.2754611503402158,6.074518665855067e-11
BeNi2Si,650,2.171150857033295,1.630917623174355e-13
BeNi2Si,655,1.2860278815882444,8.104628079763643e-15
BeNi2Si,659,1.3572512400163907,4.4583892133687186e-11
BeNi2Si,665,1.7602510401913272,6.5503158452884236e-15
BeNi2Si,667,1.2263612534549424,1.5620837956475953e-12
BeNi2Si,668,1.2798428607989982,1.8314239014216582e-12
BeNi2Si,671,1.652046949029803,3.947486781896714e-11
BeNi2Si,672,1.2416838277420752,4.405364961712621e-13
BeNi2Si,673,1.2781876051672627,9.769962616701378e-15
BeNi2Si,676,1.5211645510157898,3.276046101063912e-12
BeNi2Si,679,1.2782766486362338,1.1102230246251565e-14
BeNi2Si,681,1.4598782889936575,3.089122291299873e-10
BeNi2Si,684,1.3043870332739247,2.820734756880938e-10
BeNi2Si,686,1.2459973478485467,3.1086244689504383e-15
BeNi2Si,691,1.4079563797735437,1.1102230246251565e-15
BeNi2Si,692,1.3161881356911644,2.1782853298901728e-10
BeNi2Si,693,1.290646694739161,1.818593942104485e-09
BeNi2Si,695,1.1980522977140051,7.327471962526033e-15
BeNi2Si,698,1.367542812801651,4.659505004056541e-10
BeNi2Si,699,1.3414247287486172,2.8976820942716586e-14
BeNi2Si,702,1.2833093941388976,1.389999226830696e-13
BeNi2Si,703,1.372220349642347,1.0673684158746255e-12
BeNi2Si,704,1.4778370921820265,1.0500109670630309e-09
BeNi2Si,705,1.5750342033437736,1.6204815267428785e-12
BeNi2Si,706,1.582210124063084,5.937916824905187e-12
BeNi2Si,707,1.197854660861849,4.840572387365683e-13
BeNi2Si,708,1.2301303063577644,1.4639400802707314e-10
BeNi2Si,712,1.356362350517843,7.428013759636087e-10
BeNi2Si,714,1.2818253336298615,5.089262344881718e-13
BeNi2Si,717,1.503968082938417,1.0958962626261837e-09
BeNi2Si,725,1.4202826699381992,1.8052226380405045e-12
BeNi2Si,732,1.409820015515751,6.217248937900877e-15
BeNi2Si,737,2.17654635165504,3.064215547965432e-14
BeNi2Si,738,1.2833815855501252,6.061817714453355e-14
BeNi2Si,740,1.4677068654234613,2.8936897322751065e-10
BeNi2Si,743,1.4645744456970498,5.32960786614467e-10
BeNi2Si,744,1.3952164471847102,1.8747225993820393e-12
BeNi2Si,746,1.3173509635119567,1.2656542480726785e-14
BeNi2Si,748,1.694493506989641,1.0436096431476471e-14
BeNi2Si,749,1.302262799573773,3.375077994860476e-14
BeNi2Si,751,1.4302325000328935,6.217848458334174e-11
BeNi2Si,758,1.3949927741481363,8.881784197001252e-16
BeNi2Si,759,1.4183842994842464,8.881784197001252e-16
BeNi2Si,761,1.2663314026180976,1.774643543228649e-09
BeNi2Si,762,1.3777321774334297,8.881784197001252e-16
BeNi2Si,763,1.3051459637563458,5.3734794391857577e-14
BeNi2Si,771,1.3936369998261762,4.224620653303646e-12
BeNi2Si,773,1.3981100032596705,4.78892481226012e-11
BeNi2Si,781,1.4811431690612211,4.370503958739391e-12
BeNi2Si,783,1.2774392044563967,1.9095836023552692e-14
BeNi2Si,784,1.8278752279782176,2.9291635783579295e-10
BeNi2Si,788,1.3448207846155091,1.452493680886846e-11
BeNi2Si,790,1.463730019930028,4.51960691094655e-12
BeNi2Si,791,1.3486661710751073,4.103939410526891e-12
BeNi2Si,792,1.4998417781302211,1.2962853013220865e-10
BeNi2Si,794,1.648859186350943,6.474820679613913e-13
BeNi2Si,795,1.4578971675438661,6.357869786199899e-11
BeNi2Si,797,1.3019344124387546,2.6845192735436285e-13
BeNi2Si,798,1.5813757586167136,2.220446049250313e-15
BeNi2Si,799,1.7880193935350666,8.617806468436129e-11
BeNi2Si,801,1.2236251517407148,4.415517951272818e-10
BeNi2Si,803,1.342126825185788,1.4045823393260548e-09
BeNi2Si,807,1.2870565508573724,9.525713551283843e-12
BeNi2Si,809,1.318700227235636,1.5987211554602254e-13
BeNi2Si,810,1.3291901552686736,1.4566126083082054e-13
BeNi2Si,811,1.4888995687284132,1.0294032293245436e-10
BeNi2Si,813,1.3317096472829055,5.349054532644004e-13
BeNi2Si,819,1.198483176689656,2.3350765765428605e-11
Be2PdZn,1,2.2706842351618963,3.6637359812630166e-14
Be2PdZn,2,1.7162466041892894,1.62038826800881e-10
Be2PdZn,4,2.7885031630110895,1.1413403555593504e-10
Be2PdZn,7,1.9197329454372796,3.6637359812630166e-15
Be2PdZn,9,1.5422059283046299,1.0786704862653096e-11
Be2PdZn,10,1.2488199371162336,4.8498427496213026e-11
Be2PdZn,11,1.6041167302560164,3.2360514268248153e-10
Be2PdZn,12,1.7261148456153768,4.1233683134578314e-13
Be2PdZn,13,1.790288721762513,1.6653345369377348e-15
Be2PdZn,14,1.9239252842736108,2.056799175420565e-12
Be2PdZn,16,1.3560845507149728,6.420752818314668e-12
Be2PdZn,17,1.9602118459046787,1.4818590798881814e-11
Be2PdZn,19,1.231716841418951,2.8032021148760577e-12
Be2PdZn,20,1.617458444836998,1.7654211426076927e-10
Be2PdZn,23,1.5082805379061974,1.269651050961329e-12
Be2PdZn,25,1.6580338897417757,3.277600413298387e-12
Be2PdZn,26,1.4011250231692336,1.652011860642233e-13
Be2PdZn,28,1.2809142917378686,3.9968028886505635e-15
Be2PdZn,32,1.7694527128929365,2.6545432518787493e-12
Be2PdZn,33,1.9449744748383688,1.3322676295501878e-15
Be2PdZn,34,1.3054588622848027,1.2434497875801753e-14
Be2PdZn,37,1.310178753577754,4.6629367034256575e-15
Be2PdZn,38,1.7442216691830636,4.90387286333771e-10
Be2PdZn,40,1.4494239809659757,1.312221442617556e-10
Be2PdZn,41,1.8840287893421606,5.440092820663267e-15
Be2PdZn,42,1.351040894815895,6.818275943842877e-10
Be2PdZn,43,1.4702120347057033,5.551115123125783e-16
Be2PdZn,44,1.8297438469304954,1.3322676295501878e-15
Be2PdZn,46,1.2860263584590699,9.237055564881302e-14
Be2PdZn,50,1.2680247255034056,2.153499600865416e-12
Be2PdZn,53,1.9706092067997634,4.1677772344428377e-13
Be2PdZn,54,1.5184273841127947,3.851807761634518e-10
Be2PdZn,55,1.280423850703025,6.847855615887966e-13
Be2PdZn,56,1.502562458544429,2.4408253196384067e-12
Be2PdZn,60,1.3418071048269182,6.661338147750939e-16
Be2PdZn,62,1.4185845019768744,3.184119634624949e-13
Be2PdZn,63,1.2985196416877565,6.397105067890152e-13
Be2PdZn,65,1.3555050736729355,1.2434497875801753e-14
Be2PdZn,68,1.3984362609311423,1.2568612817176472e-11
Be2PdZn,72,1.4536873675875344,4.973799150320701e-14
Be2PdZn,74,1.5519461116386573,1.5543122344752192e-15
Be2PdZn,76,1.4834529496675941,2.089639572488977e-11
Be2PdZn,77,2.029600064598912,2.824962486158711e-12
Be2PdZn,84,1.6929295604882841,9.992007221626409e-16
Be2PdZn,86,1.6552762156375826,9.045916238292762e-10
Be2PdZn,87,1.5277331202443705,5.398348434937361e-12
Be2PdZn,89,1.4650364878146038,1.7763568394002505e-15
Be2PdZn,90,1.8204379516510834,1.3011813848606835e-13
Be2PdZn,92,1.4580521646341924,1.280020534011328e-11
Be2PdZn,93,1.4025405990429631,5.1874171624888277e-11
Be2PdZn,97,1.6691354279943689,2.8199664825478976e-14
Be2PdZn,98,1.5274073571594127,2.2219692752400988e-10
Be2PdZn,99,1.349041702506478,5.551115123125783e-16
Be2PdZn,102,1.6428132221391716,6.924016915377251e-12
Be2PdZn,103,1.4789924766230378,1.3140832866298524e-10
Be2PdZn,104,1.604887959148538,6.838973831690964e-14
Be2PdZn,106,1.5614412208311628,2.1405099914773018e-13
Be2PdZn,109,1.3583402835227179,4.304334666471732e-13
Be2PdZn,110,1.575061788917229,3.3306690738754696e-16
Be2PdZn,111,1.436442909832728,9.992007221626409e-16
Be2PdZn,113,1.5055184596021824,3.2307490016592055e-12
Be2PdZn,115,1.5235038680298332,3.1192426419579533e-10
Be2PdZn,116,1.333078688177768,5.284661597215745e-14
Be2PdZn,119,1.3704393263599985,8.0629947163402e-12
Be2PdZn,122,1.2887006971178392,1.7254198070304483e-11
Be2PdZn,124,1.610495299143263,4.915845508435268e-12
Be2PdZn,125,1.411138629723674,2.5490720645393594e-13
Be2PdZn,126,1.3527309829010998,4.66800931242517e-10
Be2PdZn,127,1.4372470134748843,4.440892098500626e-16
Be2PdZn,130,1.3959931932380203,4.1300296516055823e-14
Be2PdZn,133,1.9153698614104122,1.3085088568232095e-12
Be2PdZn,136,2.0072148055446664,2.6763036231614024e-12
Be2PdZn,138,1.4948158524550723,4.440892098500626e-16
Be2PdZn,139,1.4394343085446633,3.478661803058003e-12
Be2PdZn,142,1.3621005063639018,2.2426505097428162e-13
Be2PdZn,147,1.5212991981750854,1.458977383350657e-09
Be2PdZn,148,1.4085606637291095,2.0228263508670352e-13
Be2PdZn,150,1.465561536960908,6.572520305780927e-14
Be2PdZn,151,1.7782887116253359,2.220446049250313e-15
Be2PdZn,153,1.43422242156877,9.547918011776346e-15
Be2PdZn,156,1.392559330649519,5.086153720412767e-12
Be2PdZn,157,2.0146862980231384,3.2424773976913457e-10
Be2PdZn,158,1.2291977529804377,8.881784197001252e-14
Be2PdZn,159,1.4098975511180125,1.3322676295501878e-15
Be2PdZn,160,1.3466578054063896,1.887379141862766e-15
Be2PdZn,161,1.4437610677371713,2.7222002429994063e-10
Be2PdZn,162,1.3847319099428506,4.0034642267983145e-11
Be2PdZn,165,1.5011901098702691,1.3217027472478549e-10
Be2PdZn,167,1.437761502755005,4.440892098500626e-16
Be2PdZn,170,1.3618032272215541,7.860379014346108e-14
Be2PdZn,174,1.4111318283749357,1.6183943074565832e-11
Be2PdZn,176,1.3773264423154874,1.1648579878453802e-09
Be2PdZn,181,1.3029027784610538,1.1355464346607391e-09
Be2PdZn,186,1.7866098777593447,9.992007221626409e-16
Be2PdZn,189,1.3859855782588169,1.05476738454513e-11
Be2PdZn,194,1.2566149825846944,2.711139091005066e-10
Be2PdZn,202,1.3737057563015538,6.573630528805552e-13
Be2PdZn,207,1.454830958553857,4.0589753780295723e-13
Be2PdZn,209,1.3594724772282145,5.995204332975845e-15
Be2PdZn,213,1.5349021026957292,3.802737014169111e-10
Be2PdZn,214,1.6340348762511054,1.4408030324375432e-11
Be2PdZn,216,1.3707452381475895,4.118261287544556e-12
Be2PdZn,222,1.6637425118184814,1.7037926625107502e-11
Be2PdZn,224,1.639569113494013,5.029221483709989e-11
Be2PdZn,231,1.4521294238640576,1.4754641952663405e-11
Be2PdZn,232,1.3388972283626686,6.980963584979349e-10
Be2PdZn,236,1.5347393946965364,4.253453145253161e-10
Be2PdZn,237,1.372552847769868,1.8075319019317249e-10
Be2PdZn,238,1.2078153338483466,3.68594044175552e-14
Be2PdZn,241,1.3908392611094291,1.6897594434794883e-13
Be2PdZn,243,1.4565967152004817,5.759837051755312e-13
Be2PdZn,244,1.548177238737785,4.440892098500626e-16
Be2PdZn,246,1.680666722983827,4.842304335284098e-11
Be2PdZn,247,1.6023410315738542,1.7719159473017498e-13
Be2PdZn,250,1.6241687379889747,4.0190073491430667e-14
Be2PdZn,251,1.407138046146224,2.886579864025407e-15
Be2PdZn,256,1.3561775969891958,9.08162434143378e-14
Be2PdZn,258,1.637894953676489,2.1574741992935742e-11
Be2PdZn,259,1.5415246566853025,1.1688872092463498e-11
Be2PdZn,265,1.390207366972563,2.4646951146678475e-14
Be2PdZn,269,1.4254635342071718,1.021405182655144e-14
Be2PdZn,270,1.343134553718497,5.488205445658423e-10
Be2PdZn,271,1.3767236353889774,2.4604418502605085e-10
Be2PdZn,273,1.4168121091716548,4.884981308350689e-15
Be2PdZn,274,1.5026162195969461,1.7763568394002505e-13
Be2PdZn,278,1.4852332540144135,9.650924504001068e-11
Be2PdZn,279,1.3858827829562197,4.440892098500626e-16
Be2PdZn,287,1.3506629482712298,4.440892098500626e-16
Be2PdZn,291,1.3762486528236826,9.145679769062554e-10
Be2PdZn,296,1.6428727676551007,2.353672812205332e-14
Be2PdZn,298,1.546156860171355,2.971152213149253e-10
Be2PdZn,306,1.8258196744662636,7.771561172376096e-16
Be2PdZn,309,1.1982749686549095,3.9968028886505635e-15
Be2PdZn,310,1.6516077338534148,3.248068480843358e-12
Be2PdZn,317,1.4330893558471474,3.863576125695545e-14
Be2PdZn,318,1.5619313928759844,2.708944180085382e-14
Be2PdZn,328,1.4049626379081834,6.742384428548576e-13
Be2PdZn,343,1.2773082776931366,5.520910395517831e-10
Be2PdZn,349,1.1911417433598366,6.537992369715084e-12
Be2PdZn,352,1.2833141131667836,1.1347589534693725e-12
Be2PdZn,357,1.62683960160354,7.904787935331115e-14
Be2PdZn,358,1.2735506324126102,1.4166445794216997e-13
Be2PdZn,360,1.4385159754291021,2.7968738436356944e-12
Be2PdZn,365,1.282355370779571,2.90878432451791e-14
Be2PdZn,370,1.6170668568800564,1.9038992604691884e-11
Be2PdZn,371,1.3892441979490942,1.48991929904696e-13
Be2PdZn,375,3.0581518403717918,6.676081909517961e-11
Be2PdZn,376,1.4309905800329736,3.9811798302480383e-10
Be2PdZn,380,1.6884703933567151,3.285927085983076e-11
Be2PdZn,381,2.194805806759194,9.43689570931383e-13
Be2PdZn,382,1.335952112571216,3.4957470251839595e-10
Be2PdZn,383,1.2506175753824262,2.52510901077585e-10
Be2PdZn,387,1.244557352503501,6.579181643928678e-13
Be2PdZn,388,1.443703752679078,2.6645352591003757e-15
Be2PdZn,390,1.4346304650873953,5.551115123125783e-16
Be2PdZn,391,1.4507604650236898,3.820499472340089e-12
Be2PdZn,398,1.1462464293265513,3.4537928073063995e-12
Be2PdZn,399,1.3382816579563726,5.192513086171857e-13
Be2PdZn,403,1.4433773730875004,1.9984014443252818e-14
Be2PdZn,406,1.3852308132637576,1.0281775431053575e-12
Be2PdZn,411,1.629279840195662,5.551115123125783e-16
Be2PdZn,414,1.2210204093548858,2.920194086541983e-10
Be2PdZn,415,1.5184719871753591,2.0263679623155895e-10
Be2PdZn,418,1.3000115511531272,1.0176728348909592e-09
Be2PdZn,421,1.355494102632078,1.8124535205998882e-10
Be2PdZn,423,1.4870029114220686,8.881784197001252e-16
Be2PdZn,429,1.464779374919387,4.589661983800397e-13
Be2PdZn,432,1.5646356321412305,1.4432899320127035e-15
Be2PdZn,435,1.7627691213210244,4.440892098500626e-15
Be2PdZn,443,1.5270861343720454,4.5969583695182337e-10
Be2PdZn,449,1.384121343184289,9.547918011776346e-15
Be2PdZn,454,1.359268164606965,4.796163466380676e-14
Be2PdZn,461,1.5920860236703889,1.1102230246251565e-16
Be2PdZn,462,1.3854258155490178,7.771561172376096e-15
Be2PdZn,470,1.5779870702348844,1.6653345369377348e-14
Be2PdZn,473,1.6059346508109438,5.756506382681437e-13
Be2PdZn,474,1.466418119016077,1.2336821564318257e-09
Be2PdZn,484,1.3049020289038429,1.9984014443252818e-13
Be2PdZn,485,1.5024110348762156,5.728750807065808e-14
Be2PdZn,495,1.5730292257311251,1.4452883334570288e-12
Be2PdZn,507,1.3625354729752437,1.1574370351041807e-09
Be2PdZn,508,1.3992882063128023,2.353672812205332e-14
Be2PdZn,510,1.281007085547604,7.204681296002491e-12
Be2PdZn,511,1.3940162954417472,4.440892098500626e-16
Be2PdZn,517,2.552750373497472,2.0872192862952943e-13
Be2PdZn,519,1.2131314543922447,8.881784197001252e-16
Be2PdZn,522,1.5948177636208922,3.552713678800501e-15
Be2PdZn,523,1.3898149719830528,2.0011549084486546e-09
Be2PdZn,529,1.3579125363916082,6.343814362708144e-13
Be2PdZn,531,1.2953720770768213,5.440092820663267e-15
Be2PdZn,532,1.2254043502917111,5.937472735695337e-13
Be2PdZn,536,1.3334181003682204,9.152089086583715e-10
Be2PdZn,539,1.482813276329974,3.009918980723114e-10
Be2PdZn,541,1.3281704825123353,1.5116796703296131e-09
Be2PdZn,545,1.5559622718193424,5.551115123125783e-16
Be2PdZn,550,1.2579637141341493,3.21114357326735e-10
Be2PdZn,560,1.2289021169568826,8.175915500174824e-11
Be2PdZn,563,1.5592580295757577,6.661338147750939e-16
Be2PdZn,568,1.3628011950194494,1.999289622744982e-12
Be2PdZn,569,1.4058367581909883,2.9753977059954195e-14
Be2PdZn,571,1.2449289984344638,5.549615211819514e-10
Be2PdZn,576,1.4340606211930524,4.104372397506495e-10
Be2PdZn,577,1.6602213334994511,2.9097835252400728e-12
Be2PdZn,585,1.5604574008513528,4.948264020754323e-13
Be2PdZn,586,1.4024922045067219,2.3159252293680765e-13
Be2PdZn,588,1.5116118118963864,7.482170438777302e-11
Be2PdZn,592,1.4333685868964163,5.551115123125783e-16
Be2PdZn,596,1.598968454006404,9.414691248821327e-13
Be2PdZn,616,1.3209555141205536,1.1039835712267632e-11
Be2PdZn,624,1.5427943384390168,1.5543122344752192e-15
Be2PdZn,625,1.194888263492166,1.3988810110276972e-14
Be2PdZn,631,1.5058878697718867,2.059823422939644e-10
Be2PdZn,635,1.3392843280548152,2.8918201167016377e-11
Be2PdZn,639,1.5507708726571419,1.4432899320127035e-15
Be2PdZn,641,1.716808061046379,2.398081733190338e-13
Be2PdZn,644,1.4381726871913751,4.601929948222505e-11
Be2PdZn,650,2.171150857033295,9.992007221626409e-16
Be2PdZn,659,1.3572512400163907,3.8543834790516485e-11
Be2PdZn,665,1.7602510401913272,2.83544965284932e-10
Be2PdZn,671,1.652046949029803,1.562958651391e-10
Be2PdZn,673,1.2781876051672627,1.3441341373265914e-09
Be2PdZn,676,1.5211645510157898,1.5701356881336892e-09
Be2PdZn,679,1.2782766486362338,5.517808432387028e-14
Be2PdZn,681,1.4598782889936575,1.1140866007508521e-11
Be2PdZn,684,1.3043870332739247,1.7763568394002505e-15
Be2PdZn,691,1.4079563797735437,2.4868995751603507e-14
Be2PdZn,703,1.372220349642347,1.4668266601347568e-12
Be2PdZn,704,1.4778370921820265,1.3322676295501878e-15
Be2PdZn,705,1.5750342033437736,6.52811138479592e-14
Be2PdZn,706,1.582210124063084,1.3322676295501878e-14
Be2PdZn,717,1.503968082938417,3.4448000008069357e-12
Be2PdZn,725,1.4202826699381992,2.6645352591003757e-14
Be2PdZn,732,1.409820015515751,1.3410483834519482e-10
Be2PdZn,737,2.17654635165504,5.019429316632795e-12
Be2PdZn,740,1.4677068654234613,3.83026943495679e-14
Be2PdZn,743,1.4645744456970498,9.674483436583614e-13
Be2PdZn,744,1.3952164471847102,1.2048806397046974e-10
Be2PdZn,746,1.3173509635119567,2.333200299631244e-11
Be2PdZn,748,1.694493506989641,1.687538997430238e-14
Be2PdZn,751,1.4302325000328935,2.9665159217984183e-13
Be2PdZn,758,1.3949927741481363,4.735023484414569e-10
Be2PdZn,759,1.4183842994842464,6.245841621677073e-10
Be2PdZn,762,1.3777321774334297,1.7763568394002505e-14
Be2PdZn,771,1.3936369998261762,2.195288395512307e-10
Be2PdZn,773,1.3981100032596705,1.3322676295501878e-15
Be2PdZn,781,1.4811431690612211,6.972200594645983e-13
Be2PdZn,784,1.8278752279782176,2.220446049250313e-16
Be2PdZn,790,1.463730019930028,4.5130565951012613e-13
Be2PdZn,792,1.4998417781302211,4.440892098500626e-16
Be2PdZn,794,1.648859186350943,1.5543122344752192e-15
Be2PdZn,795,1.4578971675438661,1.1657341758564144e-14
Be2PdZn,798,1.5813757586167136,5.551115123125783e-16
Be2PdZn,799,1.7880193935350666,1.744604460895971e-12
Be2PdZn,811,1.4888995687284132,4.708206269299353e-09
HfRu2Ta,0,1.2495659770880998,3.8813396940895473e-13
HfRu2Ta,1,2.2706842351618963,3.0331912537207018e-09
HfRu2Ta,2,1.7162466041892894,2.9488123054477455e-10
HfRu2Ta,3,1.2264104119995611,2.1953550088937845e-12
HfRu2Ta,4,2.7885031630110895,3.1500979602583357e-10
HfRu2Ta,7,1.9197329454372796,2.3314683517128287e-15
HfRu2Ta,8,1.2087205694286438,1.3988810110276972e-14
HfRu2Ta,9,1.5422059283046299,1.394728998960204e-09
HfRu2Ta,10,1.2488199371162336,8.08242361927114e-14
HfRu2Ta,11,1.6041167302560164,7.751797648225534e-09
HfRu2Ta,12,1.7261148456153768,5.007083636598963e-10
HfRu2Ta,13,1.790288721762513,3.286415584113911e-10
HfRu2Ta,14,1.9239252842736108,3.1086244689504383e-15
HfRu2Ta,15,1.1274910127681486,3.783925506262165e-09
HfRu2Ta,16,1.3560845507149728,8.171241461241152e-14
HfRu2Ta,17,1.9602118459046787,4.960254429420274e-12
HfRu2Ta,18,1.2270725297391634,9.884644214253058e-10
HfRu2Ta,19,1.231716841418951,7.256464318317057e-10
HfRu2Ta,20,1.617458444836998,4.958258248421998e-10
HfRu2Ta,21,1.1014773083297704,1.5956458376820137e-11
HfRu2Ta,22,1.2230707005175832,6.682654429823742e-11
HfRu2Ta,23,1.5082805379061974,7.0269843277515065e-09
HfRu2Ta,24,1.1107421871665006,5.306028061369261e-09
HfRu2Ta,25,1.6580338897417757,9.892087149410145e-14
HfRu2Ta,26,1.4011250231692336,1.3920128605349191e-08
HfRu2Ta,27,1.1878485234326608,1.942890293094024e-13
HfRu2Ta,28,1.2809142917378686,2.531308496145357e-14
HfRu2Ta,29,1.14417114939594,2.095039697280754e-10
HfRu2Ta,30,1.279423498252087,3.0389886163106894e-09
HfRu2Ta,31,1.127390982145868,5.750955267558311e-14
HfRu2Ta,32,1.7694527128929365,1.1612488748369287e-11
HfRu2Ta,33,1.9449744748383688,1.2584429054385282e-09
HfRu2Ta,34,1.3054588622848027,5.467182262464121e-12
HfRu2Ta,35,1.14630375947696,7.297318305177214e-11
HfRu2Ta,37,1.310178753577754,4.4658055031732147e-11
HfRu2Ta,38,1.7442216691830636,1.4929772973459876e-09
HfRu2Ta,39,1.1638444276297335,1.1490648432754824e-09
HfRu2Ta,40,1.4494239809659757,2.8806157459371207e-10
HfRu2Ta,41,1.8840287893421606,1.5375856143862165e-10
HfRu2Ta,42,1.351040894815895,1.1208888039959675e-08
HfRu2Ta,43,1.4702120347057033,5.35023603198681e-09
HfRu2Ta,44,1.8297438469304954,3.74165143313121e-11
HfRu2Ta,45,1.1493169231325773,4.6629367034256575e-14
HfRu2Ta,46,1.2860263584590699,4.641091955193133e-10
HfRu2Ta,47,1.2238275409651755,8.668976647641102e-11
HfRu2Ta,48,1.2894190733474804,9.307443704642537e-12
HfRu2Ta,49,1.177109438002338,2.0974377790139442e-10
HfRu2Ta,50,1.2680247255034056,1.2770007273843476e-11
HfRu2Ta,51,1.179141649423787,2.662283726806436e-10
HfRu2Ta,52,1.3362714590165126,9.103828801926284e-15
HfRu2Ta,53,1.9706092067997634,2.2093438190040615e-14
HfRu2Ta,54,1.5184273841127947,8.45179481956393e-12
HfRu2Ta,55,1.280423850703025,3.4148799343824976e-09
HfRu2Ta,56,1.502562458544429,2.2815200839687577e-09
HfRu2Ta,57,1.2200550756937456,2.886579864025407e-13
HfRu2Ta,58,1.2345136582655487,9.947598300641403e-14
HfRu2Ta,59,1.0660111121143323,4.039053869142606e-09
HfRu2Ta,60,1.3418071048269182,1.787459069646502e-13
HfRu2Ta,61,1.1896608565745292,2.2870594307278225e-14
HfRu2Ta,62,1.4185845019768744,1.670685811916428e-11
HfRu2Ta,63,1.2985196416877565,5.325777374665108e-09
HfRu2Ta,64,1.115432932623103,3.008704396734174e-14
HfRu2Ta,65,1.3555050736729355,1.9078554291951377e-09
HfRu2Ta,66,1.1061142576035432,3.9899938908405375e-10
HfRu2Ta,67,1.2536100867170448,4.440892098500626e-15
HfRu2Ta,68,1.3984362609311423,3.2587266218797595e-12
HfRu2Ta,69,1.187244556731469,8.785716598680438e-10
HfRu2Ta,70,1.1889132929168749,4.656057539520475e-09
HfRu2Ta,71,1.090596341240824,2.2071233729548112e-13
HfRu2Ta,73,1.1491232568634893,3.0939695250253862e-12
HfRu2Ta,74,1.5519461116386573,1.1102230246251565e-13
HfRu2Ta,75,1.213740225956765,1.7636714311208834e-10
HfRu2Ta,76,1.4834529496675941,1.8304247006994956e-11
HfRu2Ta,77,2.029600064598912,2.342426252965879e-11
HfRu2Ta,78,1.1109698597582736,7.76601005725297e-13
HfRu2Ta,79,1.1378123861639873,1.4920509272542404e-11
HfRu2Ta,80,1.0891643986680541,5.807790581791039e-09
HfRu2Ta,81,1.310076556917332,1.8185453143360064e-13
HfRu2Ta,82,1.1809358978696127,9.314224946876948e-10
HfRu2Ta,83,1.272923944182704,4.085620730620576e-14
HfRu2Ta,84,1.6929295604882841,3.3935521059902385e-11
HfRu2Ta,86,1.6552762156375826,1.6120438317557273e-13
HfRu2Ta,87,1.5277331202443705,4.822142685156905e-11
HfRu2Ta,88,1.180031941817787,4.818300203268677e-10
HfRu2Ta,89,1.4650364878146038,1.9984014443252818e-15
HfRu2Ta,90,1.8204379516510834,2.152682476719292e-10
HfRu2Ta,91,1.1367427913444363,7.0804602181340215e-09
HfRu2Ta,92,1.4580521646341924,2.027489287570461e-12
HfRu2Ta,94,1.1734459764579346,8.814060592499118e-13
HfRu2Ta,95,1.1885887029728321,3.5114799956659226e-10
HfRu2Ta,96,1.183748064018879,7.893685705084863e-13
HfRu2Ta,97,1.6691354279943689,4.433118205859898e-09
HfRu2Ta,98,1.5274073571594127,1.73793635038777e-08
HfRu2Ta,99,1.349041702506478,7.882583474838611e-13
HfRu2Ta,100,1.2686733725284693,5.338292030643288e-10
HfRu2Ta,101,1.1952692111054526,3.5010216947739536e-11
HfRu2Ta,102,1.6428132221391716,1.0336176359260207e-13
HfRu2Ta,103,1.4789924766230378,2.481348460037225e-12
HfRu2Ta,104,1.604887959148538,1.7428114507112014e-09
HfRu2Ta,105,1.257899489985736,5.314508833009768e-10
HfRu2Ta,106,1.5614412208311628,1.50495105266657e-09
HfRu2Ta,107,1.081495084123776,4.835021272242557e-13
HfRu2Ta,108,1.3437669946107347,1.5729906266415128e-10
HfRu2Ta,109,1.3583402835227179,7.196045981316956e-10
HfRu2Ta,110,1.575061788917229,2.7711166694643907e-13
HfRu2Ta,111,1.436442909832728,1.220152867631441e-10
HfRu2Ta,112,1.1518957122218951,6.417089082333405e-14
HfRu2Ta,113,1.5055184596021824,3.4237057633390577e-12
HfRu2Ta,114,1.0987198766030724,1.4546944759885605e-09
HfRu2Ta,115,1.5235038680298332,4.977129819394577e-13
HfRu2Ta,116,1.333078688177768,9.722078697649295e-10
HfRu2Ta,117,1.2540089392677942,3.4091129919033847e-10
HfRu2Ta,118,1.143882983505564,9.325873406851315e-15
HfRu2Ta,119,1.3704393263599985,7.993605777301127e-15
HfRu2Ta,120,1.144395344691357,1.7918999617450027e-13
HfRu2Ta,121,1.1807788573901603,8.681944052568724e-14
HfRu2Ta,122,1.2887006971178392,6.039613253960852e-14
HfRu2Ta,123,1.189762463715359,1.5280243736981447e-09
HfRu2Ta,124,1.610495299143263,1.199040866595169e-14
HfRu2Ta,125,1.411138629723674,3.580181928697357e-09
HfRu2Ta,126,1.3527309829010998,1.4729679698177733e-09
HfRu2Ta,127,1.4372470134748843,1.2113199332475233e-11
HfRu2Ta,128,1.2414276531930049,9.14379683081279e-13
HfRu2Ta,129,1.224222092828324,1.8760193398748015e-10
HfRu2Ta,130,1.3959931932380203,1.2378986724570495e-13
HfRu2Ta,131,1.1674348404826378,2.7927149481854485e-10
HfRu2Ta,132,1.230716631784396,5.5497828554962325e-11
HfRu2Ta,133,1.9153698614104122,2.5979218776228663e-13
HfRu2Ta,134,1.2107274137413238,1.6608936448392342e-13
HfRu2Ta,135,1.266400074302206,7.816991498543757e-11
HfRu2Ta,136,2.0072148055446664,5.329070518200751e-15
HfRu2Ta,137,1.2307455302633798,2.55330645515528e-10
HfRu2Ta,138,1.4948158524550723,7.912730470849283e-10
HfRu2Ta,139,1.4394343085446633,3.934630399271555e-13
HfRu2Ta,140,1.208104391913723,1.5765166949677223e-14
HfRu2Ta,141,1.2125461951624,8.48669601261065e-09
HfRu2Ta,142,1.3621005063639018,2.886579864025407e-14
HfRu2Ta,143,1.304415160359255,8.609305046647364e-09
HfRu2Ta,144,1.139162767366352,9.170553094683953e-09
HfRu2Ta,145,1.1809791869368715,1.8259704859246995e-10
HfRu2Ta,146,1.1077392885831656,1.0094147739891923e-12
HfRu2Ta,147,1.5212991981750854,3.1371105713162706e-10
HfRu2Ta,148,1.4085606637291095,1.199040866595169e-14
HfRu2Ta,149,1.1147076984090543,4.108158258020467e-12
HfRu2Ta,150,1.465561536960908,3.949285343196607e-12
HfRu2Ta,151,1.7782887116253359,2.5868196473766147e-14
HfRu2Ta,152,1.2889213397543617,6.812990172022637e-10
HfRu2Ta,153,1.43422242156877,9.335865414072941e-12
HfRu2Ta,154,1.2790711157260268,1.7603696278456482e-12
HfRu2Ta,155,1.1949958360842703,1.5920708085204183e-09
HfRu2Ta,156,1.392559330649519,1.5221157667610896e-13
HfRu2Ta,158,1.2291977529804377,9.510969789516821e-10
HfRu2Ta,159,1.4098975511180125,8.881784197001252e-16
HfRu2Ta,160,1.3466578054063896,2.6181323775631427e-10
HfRu2Ta,161,1.4437610677371713,3.4778846469407654e-12
HfRu2Ta,162,1.3847319099428506,3.1293856395109287e-12
HfRu2Ta,163,1.3262402355053773,6.1168847764747625e-12
HfRu2Ta,164,1.1306879890665757,8.770761894538737e-15
HfRu2Ta,165,1.5011901098702691,4.271649700626767e-11
HfRu2Ta,166,1.163640736073686,4.0194758632594585e-10
HfRu2Ta,167,1.437761502755005,2.5887014754033544e-09
HfRu2Ta,168,1.1696486834562227,1.1215050887969369e-08
HfRu2Ta,169,1.0749564463438346,8.39519120887644e-10
HfRu2Ta,170,1.3618032272215541,2.712396973691966e-10
HfRu2Ta,171,1.1735767108156834,1.0379475057220588e-11
HfRu2Ta,172,1.2153105527004915,8.881784197001252e-15
HfRu2Ta,173,1.1474876084722654,8.375026894213988e-09
HfRu2Ta,174,1.4111318283749357,2.0028423364237824e-13
HfRu2Ta,175,1.0688908404978614,9.181544413650045e-14
HfRu2Ta,176,1.3773264423154874,1.8420820424580597e-12
HfRu2Ta,177,1.08263932881456,1.962237816677259e-09
HfRu2Ta,178,1.1739198743217025,2.637889906509372e-13
HfRu2Ta,179,1.0942454571100102,3.121491953805844e-11
HfRu2Ta,180,1.1890158521657805,1.6176919803712053e-09
HfRu2Ta,181,1.3029027784610538,1.4783729795908584e-11
HfRu2Ta,182,1.2152116774250383,1.099120794378905e-14
HfRu2Ta,183,1.1362457556679368,1.1041390024502107e-11
HfRu2Ta,184,1.130157039069779,2.220446049250313e-15
HfRu2Ta,185,1.3619305641256603,1.633248647436858e-09
HfRu2Ta,186,1.7866098777593447,7.015509395635888e-09
HfRu2Ta,187,1.2106070966716413,1.5217160864722246e-11
HfRu2Ta,188,1.1702211910012936,2.515936570191002e-09
HfRu2Ta,189,1.3859855782588169,2.9838354009825707e-12
HfRu2Ta,190,1.3071560126575426,3.4586200570174697e-10
HfRu2Ta,191,1.2391387765366944,1.0502598790651518e-11
HfRu2Ta,192,1.1338062824699524,7.069900220812997e-13
HfRu2Ta,193,1.3229109531003695,1.2069834021133374e-10
HfRu2Ta,194,1.2566149825846944,1.7276846620006836e-11
HfRu2Ta,195,1.1592174401246003,7.386851130775085e-10
HfRu2Ta,196,1.22891909207467,5.778718170645902e-09
HfRu2Ta,197,1.1520028579943609,3.0746516443969085e-12
HfRu2Ta,198,1.1968238241844789,1.2245082725570455e-10
HfRu2Ta,199,1.1699724372925584,1.9971135856167166e-11
HfRu2Ta,200,1.1758533730359604,6.994405055138486e-14
HfRu2Ta,201,1.3429071669566661,3.118008295999175e-09
HfRu2Ta,202,1.3737057563015538,2.7584607931174787e-09
HfRu2Ta,203,1.1711131798216483,1.2610066768559136e-08
HfRu2Ta,205,1.1570428018565817,6.377121053446899e-13
HfRu2Ta,206,1.213185281735262,4.0343062224224013e-10
HfRu2Ta,207,1.454830958553857,5.6140869730825216e-11
HfRu2Ta,208,1.1445793727955857,1.8418599978531347e-11
HfRu2Ta,209,1.3594724772282145,3.403385906430856e-09
HfRu2Ta,210,1.3993969673684326,4.060571227038068e-07
HfRu2Ta,211,1.3193362365046746,8.35680458166621e-09
HfRu2Ta,212,1.0923587376044432,3.199041032075911e-11
HfRu2Ta,213,1.5349021026957292,1.1365055563317128e-09
HfRu2Ta,214,1.6340348762511054,3.3173463975799677e-12
HfRu2Ta,215,1.3310843958225347,5.81623638140627e-12
HfRu2Ta,216,1.3707452381475895,1.6335943708867262e-10
HfRu2Ta,217,1.166656266846943,1.4762280287072826e-10
HfRu2Ta,219,1.1421813151806643,9.494627306594339e-13
HfRu2Ta,220,1.2892005959333244,7.105427357601002e-15
HfRu2Ta,221,1.1354651202569948,2.124411757620237e-12
HfRu2Ta,222,1.6637425118184814,1.786570891226802e-12
HfRu2Ta,223,1.0834378978178483,7.205772645235697e-10
HfRu2Ta,224,1.639569113494013,6.394884621840902e-14
HfRu2Ta,225,1.192358197028064,4.761302463407446e-12
HfRu2Ta,226,1.2700329486781816,5.855318452319125e-10
HfRu2Ta,227,1.2446412551586832,2.886579864025407e-15
HfRu2Ta,228,1.2234945806695061,3.5860203695392556e-14
HfRu2Ta,229,1.3120751034636033,7.501218091121586e-09
HfRu2Ta,230,1.297968233710469,3.660562963858638e-10
HfRu2Ta,231,1.4521294238640576,2.7419733150679804e-11
HfRu2Ta,232,1.3388972283626686,8.175682353339653e-13
HfRu2Ta,233,1.2294966337985014,2.8066438062523957e-12
HfRu2Ta,234,1.3367577334805303,6.673994690231666e-12
HfRu2Ta,235,1.3456178525399523,2.2933333010399792e-10
HfRu2Ta,236,1.5347393946965364,1.3258660835901992e-10
HfRu2Ta,237,1.372552847769868,2.2396307031158358e-11
HfRu2Ta,238,1.2078153338483466,2.0872192862952943e-14
HfRu2Ta,239,1.136799695865502,2.3384183478469822e-11
HfRu2Ta,240,1.2336936226850275,5.997424779025096e-13
HfRu2Ta,241,1.3908392611094291,2.9689584124525936e-11
HfRu2Ta,242,1.1380664305711543,2.0239898645968424e-10
HfRu2Ta,243,1.4565967152004817,8.694600595049451e-12
HfRu2Ta,244,1.548177238737785,1.9030127473840253e-09
HfRu2Ta,245,1.0806266280165349,5.003775171985581e-13
HfRu2Ta,246,1.680666722983827,4.2828185442544964e-10
HfRu2Ta,247,1.6023410315738542,4.669598041573408e-13
HfRu2Ta,248,1.280188717801789,2.6754154447417022e-12
HfRu2Ta,249,1.1619572733578234,2.6657942520103006e-10
HfRu2Ta,250,1.6241687379889747,1.4481837951052512e-10
HfRu2Ta,251,1.407138046146224,3.852473895449293e-13
HfRu2Ta,252,1.1634444275069369,1.7619239400801234e-12
HfRu2Ta,253,1.145372048940466,1.1192238247303976e-09
HfRu2Ta,254,1.2480675339326317,1.4410694859634532e-13
HfRu2Ta,255,1.3171597627074,7.545676083964281e-09
HfRu2Ta,256,1.3561775969891958,2.490452288839151e-12
HfRu2Ta,257,1.2394352500850188,2.2573898306177398e-10
HfRu2Ta,258,1.637894953676489,1.422754136726212e-10
HfRu2Ta,259,1.5415246566853025,6.821432307901887e-12
HfRu2Ta,260,1.1629476523510323,1.26014088053239e-10
HfRu2Ta,261,1.0955162848962736,3.971381334899604e-09
HfRu2Ta,262,1.0975952055705966,7.55367768334736e-10
HfRu2Ta,263,1.4034793707473983,8.133939077836772e-10
HfRu2Ta,264,1.1781617188091416,5.804245972740318e-12
HfRu2Ta,265,1.390207366972563,1.0140374318012846e-08
HfRu2Ta,266,1.1866622396078235,5.472541753093196e-09
HfRu2Ta,267,1.1944758847773556,7.816112201908254e-10
HfRu2Ta,268,1.2652190542882067,1.729656418092418e-10
HfRu2Ta,269,1.4254635342071718,4.973799150320701e-14
HfRu2Ta,270,1.343134553718497,6.563379395529978e-09
HfRu2Ta,271,1.3767236353889774,1.4432899320127035e-15
HfRu2Ta,272,1.1123357058084111,2.737528204121986e-09
HfRu2Ta,273,1.4168121091716548,5.417888360170764e-14
HfRu2Ta,274,1.5026162195969461,5.7911453410497415e-12
HfRu2Ta,275,1.2285917591153785,4.440003920080926e-12
HfRu2Ta,276,1.2002689769020587,1.3016244304608904e-08
HfRu2Ta,277,1.302667296554906,1.5210055437364645e-13
HfRu2Ta,278,1.4852332540144135,1.7008616737257398e-12
HfRu2Ta,279,1.3858827829562197,1.3220535777236364e-12
HfRu2Ta,280,1.2044967441274137,3.410385751578815e-09
HfRu2Ta,281,1.238996724981717,4.970615030686076e-10
HfRu2Ta,282,1.2101433517951088,1.2938539128981574e-12
HfRu2Ta,283,1.160886390548463,4.618527782440651e-14
HfRu2Ta,284,1.0712993897941343,2.361444373377708e-13
HfRu2Ta,286,1.147957650854384,5.10702591327572e-15
HfRu2Ta,287,1.3506629482712298,3.558231487232888e-10
HfRu2Ta,288,1.3733169691241391,4.763300864851772e-12
HfRu2Ta,289,1.1352000177616108,1.3322676295501878e-14
HfRu2Ta,291,1.3762486528236826,1.24171783966176e-10
HfRu2Ta,292,1.1922451821724587,2.513984576069106e-10
HfRu2Ta,293,1.1904444218079908,5.346249221105381e-09
HfRu2Ta,294,1.149568554521543,1.4133216819089967e-10
HfRu2Ta,295,1.0830228085601892,2.3791968395414642e-11
HfRu2Ta,296,1.6428727676551007,8.626432901337466e-14
HfRu2Ta,297,1.3153787662995995,1.0684739759625472e-09
HfRu2Ta,298,1.546156860171355,1.625026779805694e-10
HfRu2Ta,299,1.1303484304213467,1.6855405959859127e-12
HfRu2Ta,300,1.1358105762881288,1.3943368681879065e-10
HfRu2Ta,301,1.1203710110134675,4.424543842418416e-09
HfRu2Ta,302,1.1659907139018306,1.98596694644948e-12
HfRu2Ta,303,1.2387421296396957,4.670978492882227e-09
HfRu2Ta,304,1.2173154420689452,3.419486915845482e-14
HfRu2Ta,305,1.1558965557084193,1.6305845562669674e-12
HfRu2Ta,306,1.8258196744662636,2.4849011737160254e-12
HfRu2Ta,307,1.1436358108272733,2.1654673609816655e-09
HfRu2Ta,308,1.1480605101444028,6.061817714453355e-14
HfRu2Ta,309,1.1982749686549095,1.7781998096211282e-11
HfRu2Ta,310,1.6516077338534148,1.788957870729746e-11
HfRu2Ta,311,1.3152829920740927,5.204976449846299e-10
HfRu2Ta,312,1.1979141060348635,4.300448885885544e-12
HfRu2Ta,313,1.172221976858001,1.0481848722321274e-09
HfRu2Ta,314,1.0918696604343066,9.743809648021795e-09
HfRu2Ta,315,1.1608814571758115,1.1100897978622015e-10
HfRu2Ta,316,1.3487329521883222,2.1354429335929126e-10
HfRu2Ta,317,1.4330893558471474,1.5795604824120346e-09
HfRu2Ta,318,1.5619313928759844,1.0559863650172474e-08
HfRu2Ta,319,1.2982022868066938,3.3675300326052593e-09
HfRu2Ta,320,1.166710430208393,5.825266935488571e-10
HfRu2Ta,321,1.21604499153276,3.9612757518625585e-13
HfRu2Ta,322,1.2660816659977676,3.708144902248023e-14
HfRu2Ta,323,1.20467944867305,8.770761894538737e-13
HfRu2Ta,324,1.1284486720638658,6.873945856966657e-12
HfRu2Ta,325,1.1507006662044919,1.180991970883838e-10
HfRu2Ta,326,1.2148807908770896,8.992806499463768e-15
HfRu2Ta,327,1.1862481748963218,1.1360690166384302e-11
HfRu2Ta,328,1.4049626379081834,5.747263776001432e-10
HfRu2Ta,329,1.2341072324353346,5.161407967690934e-10
HfRu2Ta,330,1.1535173273721693,7.686962177899659e-12
HfRu2Ta,331,1.1367278057719827,4.2010839251815923e-13
HfRu2Ta,332,1.076155895798754,2.661815212690044e-11
HfRu2Ta,333,1.189435567980418,1.3085088568232095e-11
HfRu2Ta,334,1.1108768669256595,1.7249890404968937e-10
HfRu2Ta,335,1.3687987337976693,1.2993983666831355e-10
HfRu2Ta,336,1.2672968510267717,5.631051180898794e-13
HfRu2Ta,337,1.2260974915502865,8.208989044078407e-12
HfRu2Ta,338,1.1506847238368165,1.2188111631061815e-09
HfRu2Ta,339,1.1087154827616823,1.553424056055519e-12
HfRu2Ta,340,1.1215601641597521,4.292122213200855e-13
HfRu2Ta,342,1.1794689713014943,3.930189507173054e-14
HfRu2Ta,343,1.2773082776931366,1.5637602324147792e-10
HfRu2Ta,344,1.0860828738982202,1.2011589833882397e-08
HfRu2Ta,345,1.1228328194471267,1.709743457922741e-13
HfRu2Ta,346,1.1417771517915833,5.171807426762598e-11
HfRu2Ta,347,1.0699845842885711,1.3329859438471203e-10
HfRu2Ta,349,1.1911417433598366,5.476239461899013e-10
HfRu2Ta,350,1.1126864450648384,5.33052491036301e-10
HfRu2Ta,351,1.2296345688578563,6.579908840009807e-10
HfRu2Ta,352,1.2833141131667836,9.967693337387118e-11
HfRu2Ta,353,1.1213262395890362,1.1970424651508438e-12
HfRu2Ta,354,1.265572794823797,6.15669237813421e-09
HfRu2Ta,355,1.2629755899473643,5.172595685110082e-11
HfRu2Ta,356,1.2253059371390322,7.294631565457621e-11
HfRu2Ta,357,1.62683960160354,9.996372618559235e-10
HfRu2Ta,358,1.2735506324126102,1.2512719749224743e-09
HfRu2Ta,359,1.1617670934855173,2.833622225750787e-12
HfRu2Ta,361,1.126003105324922,4.04121180963557e-14
HfRu2Ta,362,1.2041685366719816,2.436129076244242e-10
HfRu2Ta,363,1.341297163318002,2.1405965888732226e-10
HfRu2Ta,364,1.1151571200865276,1.200006760626593e-11
HfRu2Ta,365,1.282355370779571,1.687538997430238e-14
HfRu2Ta,366,1.0990796052451637,2.2256640974660513e-12
HfRu2Ta,367,1.2983283167696047,7.9800610564007e-12
HfRu2Ta,368,1.1527496212107444,2.700016654699766e-09
HfRu2Ta,369,1.1350161946535426,2.449653813130226e-10
HfRu2Ta,371,1.3892441979490942,7.929112921800652e-11
HfRu2Ta,372,1.1976943296553733,6.250555628639631e-14
HfRu2Ta,373,1.1401772786987514,2.2237767183241886e-12
HfRu2Ta,374,1.060784695715523,1.6686652060116103e-13
HfRu2Ta,375,3.0581518403717918,1.1102230246251565e-15
HfRu2Ta,376,1.4309905800329736,1.0934986249822032e-10
HfRu2Ta,377,1.1250873382301165,1.468114518843322e-11
HfRu2Ta,378,1.2752228066140243,1.0158525132197838e-09
HfRu2Ta,379,1.062726014870776,1.3750507621423935e-08
HfRu2Ta,380,1.6884703933567151,2.347671834712628e-09
HfRu2Ta,381,2.194805806759194,2.271105525863959e-10
HfRu2Ta,382,1.335952112571216,6.768807736534654e-11
HfRu2Ta,383,1.2506175753824262,1.5549783682899943e-12
HfRu2Ta,384,1.2076858355504752,2.2093438190040615e-14
HfRu2Ta,385,1.2493459645091587,3.668505499376806e-10
HfRu2Ta,386,1.1589997043852054,2.4789059693830495e-12
HfRu2Ta,387,1.244557352503501,1.3341825422230613e-09
HfRu2Ta,388,1.443703752679078,7.643108368426965e-11
HfRu2Ta,389,1.280235817579214,5.358877952499341e-08
HfRu2Ta,390,1.4346304650873953,2.0002621781145535e-10
HfRu2Ta,391,1.4507604650236898,2.5757174171303632e-14
HfRu2Ta,392,1.2524885068141338,9.203748874142548e-12
HfRu2Ta,393,1.2425825175964484,6.084022174945858e-14
HfRu2Ta,394,1.1501490379880381,1.172563535156712e-08
HfRu2Ta,395,1.1849833024421326,1.5280399168204895e-09
HfRu2Ta,396,1.0772152675790791,3.4107905388935933e-10
HfRu2Ta,397,1.2087061825225405,4.57744953052952e-13
HfRu2Ta,398,1.1462464293265513,2.37547759240897e-11
HfRu2Ta,399,1.3382816579563726,1.7763568394002505e-15
HfRu2Ta,400,1.251848147275931,4.884981308350689e-15
HfRu2Ta,401,1.1570990566039872,1.8696155734687636e-13
HfRu2Ta,402,1.1421309306183856,1.2256862191861728e-13
HfRu2Ta,403,1.4433773730875004,1.6145973447123652e-12
HfRu2Ta,405,1.0861188873526317,2.1467272404152027e-12
HfRu2Ta,406,1.3852308132637576,4.218847493575595e-15
HfRu2Ta,407,1.2139245009429938,9.035162618076242e-09
HfRu2Ta,408,1.0722434142159927,3.936218018196769e-11
HfRu2Ta,409,1.225654413129631,6.155538512242487e-08
HfRu2Ta,410,1.2967234231405809,3.6004532688593827e-13
HfRu2Ta,411,1.629279840195662,1.5476508963274682e-13
HfRu2Ta,412,1.2810387463453972,2.1350141654608024e-09
HfRu2Ta,413,1.2265862456647345,1.1594170068462972e-11
HfRu2Ta,414,1.2210204093548858,1.6631140908884845e-13
HfRu2Ta,415,1.5184719871753591,5.764924093654145e-10
HfRu2Ta,416,1.2722859334916767,2.744382943120627e-09
HfRu2Ta,417,1.2274538988264538,2.5979218776228663e-14
HfRu2Ta,418,1.3000115511531272,1.2159124818111877e-09
HfRu2Ta,419,1.230501234521634,1.9070300893986314e-11
HfRu2Ta,420,1.1476294123051554,1.1546319456101628e-14
HfRu2Ta,421,1.355494102632078,5.364597654988756e-13
HfRu2Ta,422,1.1348860006354347,3.99201787182335e-08
HfRu2Ta,423,1.4870029114220686,2.1033378372337097e-09
HfRu2Ta,424,1.259555766456639,3.4368063950296346e-12
HfRu2Ta,425,1.1382302712731849,4.951594689828198e-12
HfRu2Ta,426,1.2079215767347853,2.595257342363766e-12
HfRu2Ta,427,1.1228121522925916,1.4240733037240716e-09
HfRu2Ta,428,1.091789680613647,1.2438050589480554e-11
HfRu2Ta,429,1.464779374919387,1.5277379361577914e-10
HfRu2Ta,430,1.2473595095250318,2.2581309722102816e-07
HfRu2Ta,431,1.1313028508273888,1.4976124784737976e-09
HfRu2Ta,432,1.5646356321412305,5.439262595885452e-09
HfRu2Ta,433,1.364212406378156,1.1146639167236572e-13
HfRu2Ta,434,1.0792536448618566,3.311795282456842e-13
HfRu2Ta,435,1.7627691213210244,6.974421040695233e-13
HfRu2Ta,436,1.282370572736658,4.833888844757439e-11
HfRu2Ta,437,1.1825567466401468,1.0135381423026502e-09
HfRu2Ta,438,1.079207962602121,2.8910207561239076e-13
HfRu2Ta,439,1.2426391522277007,2.391420395042587e-13
HfRu2Ta,440,1.088967398875207,1.0708308351148332e-08
HfRu2Ta,441,1.141053082360812,7.909331634081695e-09
HfRu2Ta,442,1.115629503130851,6.1185357891346825e-09
HfRu2Ta,443,1.5270861343720454,6.424860643505781e-13
HfRu2Ta,444,1.1603186907265326,2.185451819514128e-11
HfRu2Ta,445,1.0731749302895968,5.7053028967857244e-11
HfRu2Ta,446,1.19538450607341,4.2520653664723795e-11
HfRu2Ta,447,1.334275663041531,2.671647236773822e-09
HfRu2Ta,448,1.2120314513289339,1.3816758848150812e-10
HfRu2Ta,449,1.384121343184289,2.1527224447481785e-13
HfRu2Ta,450,1.2299074987706504,3.6237546297002154e-10
HfRu2Ta,451,1.11669371530544,6.387335105273451e-12
HfRu2Ta,452,1.205638357790363,5.0675019735990645e-11
HfRu2Ta,453,1.1321974221347502,6.274206709733221e-10
HfRu2Ta,454,1.359268164606965,1.0622532631288095e-08
HfRu2Ta,455,1.1165295419048638,3.045241836474588e-10
HfRu2Ta,457,1.0850011837940292,2.3177015862074768e-12
HfRu2Ta,458,1.1525242334089403,7.105427357601002e-15
HfRu2Ta,460,1.2308036101152342,9.824585589512935e-12
HfRu2Ta,461,1.5920860236703889,4.04343225568482e-13
HfRu2Ta,462,1.3854258155490178,1.7703616350672746e-12
HfRu2Ta,463,1.0849593328569764,1.949551631241775e-13
HfRu2Ta,464,1.0700449619782797,1.0066503186578757e-11
HfRu2Ta,466,1.1346531946558909,1.0399681116268766e-11
HfRu2Ta,468,1.1318368862184758,1.6371072275589427e-09
HfRu2Ta,469,1.2095694293509318,7.463363260740152e-12
HfRu2Ta,472,1.1561157514912712,1.2007062011321068e-12
HfRu2Ta,473,1.6059346508109438,1.2116385672555907e-09
HfRu2Ta,474,1.466418119016077,5.183709406164638e-08
HfRu2Ta,475,1.2483124062073767,1.3324292780225733e-09
HfRu2Ta,476,1.1323394191215936,1.8551826741486366e-13
HfRu2Ta,477,1.1157744171183464,3.102788026509984e-10
HfRu2Ta,478,1.0963608390268098,2.1793677973391823e-13
HfRu2Ta,479,1.1736471207353616,7.105427357601002e-15
HfRu2Ta,480,1.1117976181579046,2.25208740545213e-10
HfRu2Ta,481,1.3531850996477426,5.619065102102638e-09
HfRu2Ta,482,1.2741120260892569,7.938094626069869e-13
HfRu2Ta,484,1.3049020289038429,2.0199464323411576e-09
HfRu2Ta,485,1.5024110348762156,2.3314683517128287e-14
HfRu2Ta,486,1.0681606550782332,2.3938628856967625e-11
HfRu2Ta,487,1.1638296211943198,3.850253449400043e-13
HfRu2Ta,488,1.2335539301771752,1.6964207816272392e-13
HfRu2Ta,489,1.0972661620780213,1.9539925233402755e-14
HfRu2Ta,491,1.2202170726462003,4.597411340512281e-11
HfRu2Ta,492,1.1300116197049772,1.5608292436297688e-11
HfRu2Ta,494,1.1551438206204423,8.326672684688674e-15
HfRu2Ta,495,1.5730292257311251,1.2068124277675452e-12
HfRu2Ta,496,1.074112088120181,1.489697254442035e-11
HfRu2Ta,500,1.0860823441511978,1.010437011839116e-08
HfRu2Ta,501,1.2897122051975274,7.541511859443517e-11
HfRu2Ta,502,1.3294383485105485,1.2339690602658493e-08
HfRu2Ta,503,1.126419953921828,3.7692071686024065e-13
HfRu2Ta,504,1.084408160751736,8.929101902310776e-10
HfRu2Ta,505,1.068016751025833,2.1219914714265542e-11
HfRu2Ta,506,1.0842426831675613,5.1475157469837995e-11
HfRu2Ta,507,1.3625354729752437,1.176836406102666e-13
HfRu2Ta,508,1.3992882063128023,1.021405182655144e-14
HfRu2Ta,509,1.0920591622104803,3.907985046680551e-13
HfRu2Ta,510,1.281007085547604,2.55351295663786e-15
HfRu2Ta,511,1.3940162954417472,1.1563316970608639e-10
HfRu2Ta,513,1.0754531338532665,3.97882060632071e-10
HfRu2Ta,514,1.1290047319323775,8.776833004819906e-08
HfRu2Ta,515,1.1540961103684013,9.892087149410145e-14
HfRu2Ta,516,1.0732988848754477,1.887379141862766e-15
HfRu2Ta,518,1.207599905396106,8.881784197001252e-16
HfRu2Ta,519,1.2131314543922447,2.0450308113595383e-13
HfRu2Ta,521,1.207242111858359,2.115825292747786e-10
HfRu2Ta,522,1.5948177636208922,4.1832981523270973e-11
HfRu2Ta,523,1.3898149719830528,9.293676939137185e-13
HfRu2Ta,524,1.1620048108236,2.8812674468525756e-10
HfRu2Ta,525,1.1119655104691213,2.1077386502810214e-09
HfRu2Ta,526,1.0638306187470297,1.2036927010683485e-10
HfRu2Ta,527,1.161646340928487,6.522549167442548e-11
HfRu2Ta,529,1.3579125363916082,6.898925875020723e-13
HfRu2Ta,530,1.1953578692528664,9.351408536417694e-12
HfRu2Ta,531,1.2953720770768213,4.4164671919588727e-13
HfRu2Ta,532,1.2254043502917111,2.355893258254582e-13
HfRu2Ta,533,1.10342514216843,1.8602897000619123e-12
HfRu2Ta,535,1.1213214887456953,1.1179057679555626e-11
HfRu2Ta,536,1.3334181003682204,6.11259931559971e-11
HfRu2Ta,537,1.1916521869498526,4.677702669653172e-10
HfRu2Ta,538,1.0906362882662763,1.1959322421262186e-12
HfRu2Ta,539,1.482813276329974,4.107825191113079e-15
HfRu2Ta,540,1.07145714671719,8.605338663869588e-13
HfRu2Ta,541,1.3281704825123353,9.85806991593563e-10
HfRu2Ta,542,1.1450576885672918,5.722155860254929e-09
HfRu2Ta,543,1.3428091909843654,2.1513424375285695e-10
HfRu2Ta,544,1.1190120836294777,3.719635710552893e-11
HfRu2Ta,545,1.5559622718193424,8.002931650707978e-12
HfRu2Ta,546,1.2035695009052403,3.4213811783700976e-09
HfRu2Ta,547,1.1069042659343584,3.818056981685913e-12
HfRu2Ta,548,1.1702734019716694,8.962774966647657e-11
HfRu2Ta,549,1.3640783577535511,1.8096635301390052e-14
HfRu2Ta,550,1.2579637141341493,5.510836231792382e-11
HfRu2Ta,551,1.1458396537656301,4.2161940605467407e-10
HfRu2Ta,552,1.3127582868646086,5.393149926646856e-09
HfRu2Ta,553,1.1533645364784628,6.055156376305604e-13
HfRu2Ta,554,1.084671925685571,3.7569836131012835e-11
HfRu2Ta,555,1.0643603212308335,9.737504025331134e-09
HfRu2Ta,558,1.1908478712611241,2.4430960032795213e-08
HfRu2Ta,559,1.2926455505764893,3.566924533515703e-12
HfRu2Ta,560,1.2289021169568826,2.1938006966593093e-13
HfRu2Ta,563,1.5592580295757577,1.7363888105137448e-13
HfRu2Ta,564,1.2228748677795211,1.4134515780028778e-10
HfRu2Ta,565,1.1516596580595817,1.4942391768357766e-10
HfRu2Ta,566,1.2629731761539318,1.1827809842657189e-09
HfRu2Ta,567,1.1452085085050603,1.2008394278950618e-09
HfRu2Ta,568,1.3628011950194494,9.103828801926284e-15
HfRu2Ta,569,1.4058367581909883,1.0483251378090586e-08
HfRu2Ta,570,1.2754255202963283,4.2813397271856957e-10
HfRu2Ta,571,1.2449289984344638,1.509903313490213e-14
HfRu2Ta,572,1.1195291822920295,6.284244680188067e-09
HfRu2Ta,573,1.0893441989326447,1.567329099838588e-08
HfRu2Ta,574,1.127657972110392,9.643845721996058e-10
HfRu2Ta,575,1.2345442914765088,6.430411758628907e-13
HfRu2Ta,576,1.4340606211930524,3.986810881428937e-13
HfRu2Ta,577,1.6602213334994511,1.5635936989610855e-11
HfRu2Ta,578,1.0847023047820183,3.639294976487406e-09
HfRu2Ta,579,1.111259314048245,7.460698725481052e-14
HfRu2Ta,580,1.1000405541497054,9.967582315084655e-13
HfRu2Ta,581,1.201168334522767,5.648294498783457e-09
HfRu2Ta,582,1.2244756908659498,8.402523121731065e-11
HfRu2Ta,584,1.1634785711065403,2.3236542134874583e-08
HfRu2Ta,585,1.5604574008513528,2.4797941478027496e-12
HfRu2Ta,586,1.4024922045067219,1.1374567954192116e-10
HfRu2Ta,587,1.126071575809924,4.788585084014585e-10
HfRu2Ta,588,1.5116118118963864,9.547918011776346e-15
HfRu2Ta,589,1.0921434205919514,1.319291342838369e-10
HfRu2Ta,590,1.1317148948873987,8.08730860057949e-12
HfRu2Ta,591,1.215493972786655,9.853229343548264e-12
HfRu2Ta,592,1.4333685868964163,5.557621030050086e-11
HfRu2Ta,593,1.153969392702866,9.22151244253655e-13
HfRu2Ta,594,1.1201904677318644,4.693134769695462e-12
HfRu2Ta,595,1.1108004815198855,3.7470027081099033e-13
HfRu2Ta,596,1.598968454006404,4.463096558993129e-14
HfRu2Ta,597,1.1653368917721894,1.983822661699719e-09
HfRu2Ta,598,1.0668108099770908,2.0052777216506e-09
HfRu2Ta,599,1.2880755585137602,1.283950723518501e-11
HfRu2Ta,601,1.1634299095579057,3.099298595543587e-12
HfRu2Ta,602,1.0708559786703797,2.034603818756864e-09
HfRu2Ta,603,1.267706736756795,6.664224727614965e-12
HfRu2Ta,604,1.075003899929044,6.178901834630324e-10
HfRu2Ta,605,1.1267107802498304,1.2333101206962738e-09
HfRu2Ta,606,1.080174280003938,2.2040447245075256e-10
HfRu2Ta,607,1.1174987870622635,1.516115921695871e-08
HfRu2Ta,609,1.0969438634781392,7.026591086756184e-09
HfRu2Ta,611,1.1816142439104695,7.853038219707287e-10
HfRu2Ta,612,1.2446131482306675,1.948508465687837e-09
HfRu2Ta,613,1.2674343291754524,5.8021163429344824e-09
HfRu2Ta,614,1.308657603913992,5.754410503655549e-09
HfRu2Ta,615,1.2067154655634993,1.8529759948648916e-09
HfRu2Ta,616,1.3209555141205536,1.9542145679452005e-12
HfRu2Ta,617,1.1613872662236318,2.3513431202104584e-09
HfRu2Ta,618,1.3333217814419691,2.68992050855843e-10
HfRu2Ta,619,1.2123112821016597,1.0769163338864018e-13
HfRu2Ta,620,1.1571634233029482,2.0727770611017604e-09
HfRu2Ta,621,1.1107861740245868,1.1325496096503684e-11
HfRu2Ta,622,1.189229986348954,1.4190648656153826e-11
HfRu2Ta,623,1.1065458071595184,6.318723322351616e-11
HfRu2Ta,624,1.5427943384390168,1.3221224115511632e-10
HfRu2Ta,625,1.194888263492166,7.682743330406083e-14
HfRu2Ta,626,1.1304261135410982,1.6650181233757166e-10
HfRu2Ta,627,1.1285293684186026,7.805978086139476e-13
HfRu2Ta,628,1.064765498937828,5.4612980804336075e-12
HfRu2Ta,629,1.0942427915594057,1.9370740345081572e-08
HfRu2Ta,630,1.3228530138509245,2.09117168026296e-11
HfRu2Ta,631,1.5058878697718867,1.6270970237819427e-08
HfRu2Ta,632,1.204551130844791,6.842057032052651e-09
HfRu2Ta,633,1.3835459500754543,1.3098895523810938e-08
HfRu2Ta,634,1.3900164560891362,7.429168391581698e-11
HfRu2Ta,635,1.3392843280548152,1.1952661083114435e-11
HfRu2Ta,636,1.2430809820097486,1.2878587085651816e-11
HfRu2Ta,637,1.1384893634974496,2.3319457476134176e-11
HfRu2Ta,638,1.0746514591658638,2.808198118486871e-11
HfRu2Ta,639,1.5507708726571419,6.261657858885883e-14
HfRu2Ta,640,1.1039533760307219,1.252220549474714e-11
HfRu2Ta,642,1.15556227935999,5.154765503334602e-13
HfRu2Ta,643,1.1257512319527256,7.882583474838611e-15
HfRu2Ta,644,1.4381726871913751,3.070876886113183e-13
HfRu2Ta,645,1.1012523903786384,7.985834216128751e-11
HfRu2Ta,646,1.2754611503402158,1.9484747149078885e-11
HfRu2Ta,647,1.1300563841728593,1.5584644685873172e-11
HfRu2Ta,648,1.1963245022016702,8.623493030768259e-10
HfRu2Ta,649,1.0656406908046188,7.87219178732812e-11
HfRu2Ta,650,2.171150857033295,1.1102230246251565e-15
HfRu2Ta,651,1.185311113838804,2.9679259050396922e-09
HfRu2Ta,652,1.124733224716892,8.059108935754011e-13
HfRu2Ta,653,1.0708683112253563,1.5078572834781312e-09
HfRu2Ta,654,1.0815223431623415,4.654345797661108e-09
HfRu2Ta,655,1.2860278815882444,4.604094883120524e-12
HfRu2Ta,657,1.119462564835952,2.768847373602057e-10
HfRu2Ta,658,1.1010592881706607,1.6213697051625786e-12
HfRu2Ta,659,1.3572512400163907,1.3433698597964394e-13
HfRu2Ta,660,1.1724010134359886,6.824540932370837e-13
HfRu2Ta,661,1.1827772243151622,5.678901793260138e-12
HfRu2Ta,662,1.0910184168514014,4.4519943287468777e-13
HfRu2Ta,663,1.0656478952176092,1.1119282161686783e-09
HfRu2Ta,664,1.144183317283355,2.2220192130717464e-08
HfRu2Ta,666,1.1401459351239513,7.091145448612224e-10
HfRu2Ta,667,1.2263612534549424,2.6201263381153694e-14
HfRu2Ta,668,1.2798428607989982,5.153805826552116e-09
HfRu2Ta,669,1.085232482929601,1.3107115726107565e-08
HfRu2Ta,671,1.652046949029803,1.5752954496406346e-11
HfRu2Ta,672,1.2416838277420752,3.36952687973735e-13
HfRu2Ta,673,1.2781876051672627,1.599320675893523e-11
HfRu2Ta,674,1.207933389330646,2.753697048163417e-09
HfRu2Ta,675,1.162111940051532,2.459276116084652e-10
HfRu2Ta,677,1.2450379848219353,1.8465484474816662e-08
HfRu2Ta,678,1.095180663218599,9.848788451449764e-13
HfRu2Ta,679,1.2782766486362338,2.6201263381153694e-14
HfRu2Ta,680,1.1024461824685508,1.4409584636609907e-12
HfRu2Ta,681,1.4598782889936575,5.68236124820487e-10
HfRu2Ta,682,1.1590535694655726,1.3962164757685969e-12
HfRu2Ta,683,1.1638297000632745,3.340447918276368e-10
HfRu2Ta,684,1.3043870332739247,1.1656342557841981e-11
HfRu2Ta,686,1.2459973478485467,4.872768855079812e-12
HfRu2Ta,687,1.0918641441484933,3.3247848918449563e-12
HfRu2Ta,688,1.1282098749277671,2.973510326853557e-11
HfRu2Ta,689,1.0883580536584898,7.227551890309769e-14
HfRu2Ta,690,1.098963676579011,3.5359967176518126e-09
HfRu2Ta,691,1.4079563797735437,1.861887310994348e-09
HfRu2Ta,692,1.3161881356911644,2.960642841998151e-11
HfRu2Ta,693,1.290646694739161,1.176836406102666e-14
HfRu2Ta,694,1.0806030528811434,2.378726104979023e-10
HfRu2Ta,695,1.1980522977140051,2.815167654546258e-09
HfRu2Ta,696,1.1309207686708938,2.4945534526921165e-10
HfRu2Ta,697,1.1128800884383643,5.2201520883699e-10
HfRu2Ta,698,1.367542812801651,1.297895124707793e-11
HfRu2Ta,699,1.3414247287486172,1.278273042970568e-10
HfRu2Ta,702,1.2833093941388976,9.487712837596973e-10
HfRu2Ta,703,1.372220349642347,5.696776383956603e-12
HfRu2Ta,704,1.4778370921820265,5.004916481254895e-10
HfRu2Ta,705,1.5750342033437736,8.166800569142652e-13
HfRu2Ta,707,1.197854660861849,4.218847493575595e-15
HfRu2Ta,708,1.2301303063577644,1.6067147612375265e-12
HfRu2Ta,710,1.1335726263737174,1.6796271262720097e-08
HfRu2Ta,711,1.1137075895269453,4.430567024371612e-12
HfRu2Ta,712,1.356362350517843,3.204814191803962e-11
HfRu2Ta,713,1.071347758063508,6.394884621840902e-14
HfRu2Ta,714,1.2818253336298615,4.440892098500626e-15
HfRu2Ta,715,1.1231288354600832,2.093514250844919e-11
HfRu2Ta,717,1.503968082938417,9.456019522957604e-09
HfRu2Ta,718,1.0690242340430005,1.7403136931548602e-08
HfRu2Ta,719,1.207429093873524,1.3509082741336442e-10
HfRu2Ta,720,1.0735568160580529,7.517131361822749e-11
HfRu2Ta,721,1.0804971275286763,7.070832808153682e-10
HfRu2Ta,722,1.1738975698696268,2.0095036745715333e-14
HfRu2Ta,723,1.140768110589428,4.967679601008967e-10
HfRu2Ta,724,1.125269066943261,9.400363043532423e-09
HfRu2Ta,725,1.4202826699381992,8.025764719477024e-09
HfRu2Ta,726,1.202590911972875,5.622169396701793e-13
HfRu2Ta,727,1.2024726550085851,7.146014890935248e-10
HfRu2Ta,728,1.185661417883195,1.484941059004541e-10
HfRu2Ta,729,1.2561364407084632,1.1879386363489175e-14
HfRu2Ta,732,1.409820015515751,3.3425484602389588e-12
HfRu2Ta,733,1.0726942335467955,1.0547118733938987e-14
HfRu2Ta,735,1.1868461361923732,5.1600057560108326e-11
HfRu2Ta,738,1.2833815855501252,3.8969827365065157e-10
HfRu2Ta,741,1.1044192728748767,5.296200256132977e-09
HfRu2Ta,742,1.1658408473845685,4.773269335345276e-09
HfRu2Ta,743,1.4645744456970498,2.220446049250313e-15
HfRu2Ta,744,1.3952164471847102,8.979292864808031e-10
HfRu2Ta,745,1.1263477321343236,6.241363870174155e-09
HfRu2Ta,746,1.3173509635119567,1.8667423162810337e-10
HfRu2Ta,747,1.1167482788359062,6.918909889463976e-13
HfRu2Ta,748,1.694493506989641,9.992007221626409e-14
HfRu2Ta,749,1.302262799573773,3.008615578892204e-11
HfRu2Ta,752,1.1843795937360242,3.5083047578154947e-14
HfRu2Ta,753,1.2467991454991594,3.8968828164342995e-14
HfRu2Ta,755,1.127904637347318,3.749334176461616e-12
HfRu2Ta,756,1.1362818426184422,3.1440539061122763e-10
HfRu2Ta,757,1.1008023808462577,3.8426040127603756e-11
HfRu2Ta,758,1.3949927741481363,1.2140854988018646e-10
HfRu2Ta,759,1.4183842994842464,2.10017470081425e-09
HfRu2Ta,760,1.2102611209640577,1.0669243266647754e-12
HfRu2Ta,761,1.2663314026180976,5.8956816095800946e-09
HfRu2Ta,762,1.3777321774334297,3.4879982235835882e-09
HfRu2Ta,763,1.3051459637563458,8.545941732052142e-12
HfRu2Ta,764,1.1478558696214831,9.870770867337342e-12
HfRu2Ta,765,1.1502605178984286,5.080380560684716e-13
HfRu2Ta,766,1.0838412212065316,2.806585519543603e-09
HfRu2Ta,767,1.1332403717730348,3.885780586188048e-15
HfRu2Ta,768,1.2320401148776585,6.332190327640319e-11
HfRu2Ta,769,1.2486667610503928,5.992756291206547e-10
HfRu2Ta,772,1.1205212158736564,1.1298690871797135e-09
HfRu2Ta,773,1.3981100032596705,3.720646013505302e-11
HfRu2Ta,774,1.2331029301613488,1.304512053934559e-13
HfRu2Ta,775,1.1555018982998198,2.8616553571225722e-11
HfRu2Ta,776,1.2044493992086103,2.177692470795023e-10
HfRu2Ta,777,1.234105473032425,1.1322448978390298e-08
HfRu2Ta,778,1.1570272559376111,9.276865942098311e-10
HfRu2Ta,779,1.1787220633211999,1.3001622001240776e-09
HfRu2Ta,780,1.1993280645351014,5.799599689382262e-10
HfRu2Ta,782,1.1483026716648268,7.354905573464521e-11
HfRu2Ta,783,1.2774392044563967,1.162625551387464e-12
HfRu2Ta,784,1.8278752279782176,2.237778629066156e-09
HfRu2Ta,785,1.1108773276310777,1.5162032851456786e-08
HfRu2Ta,787,1.1244237018254992,1.0587147825091847e-09
HfRu2Ta,788,1.3448207846155091,8.975375997977153e-12
HfRu2Ta,789,1.2360806601057681,4.897479755072709e-09
HfRu2Ta,790,1.463730019930028,1.0666347804999532e-09
HfRu2Ta,791,1.3486661710751073,1.5661161256730338e-09
HfRu2Ta,792,1.4998417781302211,8.980783228196287e-09
HfRu2Ta,793,1.262363712317896,3.2152058793144533e-13
HfRu2Ta,794,1.648859186350943,7.375777766327474e-10
HfRu2Ta,795,1.4578971675438661,1.6559675852789724e-10
HfRu2Ta,796,1.0771268421274127,1.509903313490213e-14
HfRu2Ta,797,1.3019344124387546,6.837641564061414e-12
HfRu2Ta,798,1.5813757586167136,6.116914752496427e-10
HfRu2Ta,800,1.195687095530662,1.0824896534700201e-10
HfRu2Ta,801,1.2236251517407148,1.162403506782539e-13
HfRu2Ta,804,1.2612192930393813,4.5785597535541456e-12
HfRu2Ta,806,1.1579681711987988,3.1636933073286855e-09
HfRu2Ta,807,1.2870565508573724,8.313725152753193e-09
HfRu2Ta,808,1.1858657415896154,4.322470159578984e-10
HfRu2Ta,809,1.318700227235636,5.542233338928781e-13
HfRu2Ta,810,1.3291901552686736,2.4254709352078407e-11
HfRu2Ta,812,1.1934895939338779,7.102438970285618e-09
HfRu2Ta,813,1.3317096472829055,1.495126245032452e-10
HfRu2Ta,814,1.1474775913885171,1.1457501614131615e-13
HfRu2Ta,815,1.2225593489689772,5.5706550483591855e-12
HfRu2Ta,816,1.197729369049827,2.3462343179403433e-10
HfRu2Ta,817,1.1334106835406128,8.372362803044098e-10
HfRu2Ta,818,1.165560238853013,1.1546319456101628e-14
HfRu2Ta,819,1.198483176689656,8.448797217397441e-13
HfRu2Ta,821,1.0636832133118435,2.0972546588282626e-08
HfRu2Ta,822,1.0747872770621276,2.765241258195772e-09
HfRu2Ta,823,1.151419329299825,8.161142872609162e-10
AlHfNi2,0,1.2495659770880998,2.1671553440683056e-13
AlHfNi2,1,2.2706842351618963,7.771561172376096e-14
AlHfNi2,2,1.7162466041892894,4.440892098500626e-16
AlHfNi2,3,1.2264104119995611,1.7723600365116e-12
AlHfNi2,4,2.7885031630110895,3.667732784151667e-12
AlHfNi2,7,1.9197329454372796,9.829081992762667e-10
AlHfNi2,9,1.5422059283046299,1.1546319456101628e-14
AlHfNi2,10,1.2488199371162336,5.593081553456614e-12
AlHfNi2,11,1.6041167302560164,2.2218005213403558e-11
AlHfNi2,12,1.7261148456153768,2.2593926729541636e-10
AlHfNi2,13,1.790288721762513,4.440892098500626e-16
AlHfNi2,14,1.9239252842736108,2.9110047705671604e-12
AlHfNi2,16,1.3560845507149728,6.661338147750939e-16
AlHfNi2,17,1.9602118459046787,2.0448531756755983e-11
AlHfNi2,18,1.2270725297391634,6.147526931954417e-12
AlHfNi2,19,1.231716841418951,7.432165993748185e-11
AlHfNi2,20,1.617458444836998,7.771561172376096e-16
AlHfNi2,22,1.2230707005175832,8.530953721219703e-13
AlHfNi2,23,1.5082805379061974,7.771561172376096e-15
AlHfNi2,24,1.1107421871665006,1.9328982858723975e-13
AlHfNi2,25,1.6580338897417757,9.796459199407082e-10
AlHfNi2,26,1.4011250231692336,1.2800449589178697e-10
AlHfNi2,28,1.2809142917378686,7.968903315003217e-11
AlHfNi2,30,1.279423498252087,1.6488610476983467e-09
AlHfNi2,32,1.7694527128929365,4.927169783286445e-13
AlHfNi2,33,1.9449744748383688,1.816324868286756e-13
AlHfNi2,34,1.3054588622848027,2.292226408684428e-10
AlHfNi2,37,1.310178753577754,2.2658763754179745e-11
AlHfNi2,38,1.7442216691830636,2.7533531010703882e-14
AlHfNi2,40,1.4494239809659757,1.0523804050421859e-11
AlHfNi2,41,1.8840287893421606,1.3194445536157673e-11
AlHfNi2,42,1.351040894815895,1.176836406102666e-14
AlHfNi2,43,1.4702120347057033,4.440892098500626e-16
AlHfNi2,44,1.8297438469304954,2.220446049250313e-16
AlHfNi2,46,1.2860263584590699,1.4641954315663952e-10
AlHfNi2,48,1.2894190733474804,7.243095012654521e-13
AlHfNi2,50,1.2680247255034056,2.19824158875781e-14
AlHfNi2,52,1.3362714590165126,5.511164857807671e-10
AlHfNi2,53,1.9706092067997634,2.8596236489875082e-11
AlHfNi2,54,1.5184273841127947,3.41348060928226e-11
AlHfNi2,55,1.280423850703025,3.827360650632272e-11
AlHfNi2,56,1.502562458544429,2.7963409365838743e-11
AlHfNi2,58,1.2345136582655487,4.942712905631197e-13
AlHfNi2,60,1.3418071048269182,4.440892098500626e-16
AlHfNi2,61,1.1896608565745292,2.117030994952529e-09
AlHfNi2,62,1.4185845019768744,4.0135672563224034e-11
AlHfNi2,63,1.2985196416877565,4.440892098500626e-16
AlHfNi2,65,1.3555050736729355,4.440892098500626e-16
AlHfNi2,67,1.2536100867170448,9.743317264110374e-13
AlHfNi2,68,1.3984362609311423,1.029029084165245e-09
AlHfNi2,72,1.4536873675875344,4.560130051345368e-12
AlHfNi2,74,1.5519461116386573,1.5543122344752192e-15
AlHfNi2,76,1.4834529496675941,1.7630341631047486e-13
AlHfNi2,77,2.029600064598912,1.8710588634007763e-12
AlHfNi2,81,1.310076556917332,3.4195148934657027e-09
AlHfNi2,83,1.272923944182704,3.6704239647633585e-10
AlHfNi2,84,1.6929295604882841,5.302647210214673e-12
AlHfNi2,86,1.6552762156375826,1.2967404927621828e-13
AlHfNi2,87,1.5277331202443705,2.362554596402333e-13
AlHfNi2,89,1.4650364878146038,2.3268831306211268e-10
AlHfNi2,90,1.8204379516510834,1.2878587085651816e-14
AlHfNi2,92,1.4580521646341924,6.039613253960852e-14
AlHfNi2,93,1.4025405990429631,3.452793606584237e-14
AlHfNi2,96,1.183748064018879,1.9129142714291447e-13
AlHfNi2,97,1.6691354279943689,6.155831400178613e-11
AlHfNi2,98,1.5274073571594127,4.3520742565306136e-14
AlHfNi2,99,1.349041702506478,1.3606671345200994e-11
AlHfNi2,100,1.2686733725284693,3.6415315207705135e-14
AlHfNi2,102,1.6428132221391716,2.220446049250313e-16
AlHfNi2,103,1.4789924766230378,9.992007221626409e-16
AlHfNi2,104,1.604887959148538,1.5610415182720772e-09
AlHfNi2,105,1.257899489985736,6.550315845288424e-14
AlHfNi2,106,1.5614412208311628,6.597213886294639e-10
AlHfNi2,108,1.3437669946107347,2.6645352591003757e-15
AlHfNi2,109,1.3583402835227179,8.881784197001252e-16
AlHfNi2,110,1.575061788917229,3.3306690738754696e-16
AlHfNi2,111,1.436442909832728,4.440892098500626e-16
AlHfNi2,113,1.5055184596021824,1.7763568394002505e-15
AlHfNi2,115,1.5235038680298332,3.9968028886505635e-15
AlHfNi2,116,1.333078688177768,1.3553678179789586e-09
AlHfNi2,117,1.2540089392677942,3.49256179532631e-11
AlHfNi2,119,1.3704393263599985,2.220446049250313e-16
AlHfNi2,122,1.2887006971178392,1.3455903058456897e-13
AlHfNi2,124,1.610495299143263,3.145144145122458e-10
AlHfNi2,125,1.411138629723674,1.4413679139124724e-09
AlHfNi2,126,1.3527309829010998,1.2212453270876722e-15
AlHfNi2,127,1.4372470134748843,1.7763568394002505e-15
AlHfNi2,130,1.3959931932380203,7.387357392474314e-11
AlHfNi2,133,1.9153698614104122,1.8869128481924236e-11
AlHfNi2,135,1.266400074302206,1.3060663661690342e-12
AlHfNi2,136,2.0072148055446664,2.227551476607914e-12
AlHfNi2,137,1.2307455302633798,4.2652992249259114e-10
AlHfNi2,138,1.4948158524550723,3.3153479961356425e-12
AlHfNi2,139,1.4394343085446633,1.5143442055887135e-12
AlHfNi2,140,1.208104391913723,5.573985717433061e-12
AlHfNi2,141,1.2125461951624,2.0474288930927287e-11
AlHfNi2,142,1.3621005063639018,3.3306690738754696e-16
AlHfNi2,143,1.304415160359255,1.0112723991539951e-09
AlHfNi2,147,1.5212991981750854,3.554934124849751e-13
AlHfNi2,148,1.4085606637291095,1.7079599956559832e-09
AlHfNi2,150,1.465561536960908,5.839533301355004e-10
AlHfNi2,151,1.7782887116253359,1.4280798765753389e-11
AlHfNi2,152,1.2889213397543617,4.147238108487272e-12
AlHfNi2,153,1.43422242156877,8.881784197001252e-16
AlHfNi2,154,1.2790711157260268,3.197442310920451e-14
AlHfNi2,156,1.392559330649519,3.984714780358445e-10
AlHfNi2,157,2.0146862980231384,4.127883590498982e-10
AlHfNi2,158,1.2291977529804377,3.6358360766541864e-10
AlHfNi2,159,1.4098975511180125,7.096989662613851e-12
AlHfNi2,160,1.3466578054063896,7.771561172376096e-16
AlHfNi2,161,1.4437610677371713,1.4833465566965742e-09
AlHfNi2,162,1.3847319099428506,7.771561172376096e-16
AlHfNi2,163,1.3262402355053773,1.2870882137860917e-10
AlHfNi2,165,1.5011901098702691,1.3969538859015529e-09
AlHfNi2,167,1.437761502755005,4.440892098500626e-16
AlHfNi2,170,1.3618032272215541,1.3877787807814457e-12
AlHfNi2,172,1.2153105527004915,1.3981726887379864e-10
AlHfNi2,174,1.4111318283749357,6.661338147750939e-16
AlHfNi2,176,1.3773264423154874,1.1317251580322818e-09
AlHfNi2,181,1.3029027784610538,9.623413177450857e-13
AlHfNi2,185,1.3619305641256603,2.382094521635736e-12
AlHfNi2,186,1.7866098777593447,7.327471962526033e-15
AlHfNi2,187,1.2106070966716413,2.431388423929093e-13
AlHfNi2,189,1.3859855782588169,5.329070518200751e-15
AlHfNi2,190,1.3071560126575426,1.9984014443252818e-15
AlHfNi2,193,1.3229109531003695,1.4830359162942841e-12
AlHfNi2,194,1.2566149825846944,4.440892098500626e-16
AlHfNi2,196,1.22891909207467,6.873546176677792e-11
AlHfNi2,201,1.3429071669566661,1.9109276383488805e-09
AlHfNi2,202,1.3737057563015538,1.4432899320127035e-15
AlHfNi2,207,1.454830958553857,1.2915224445464446e-11
AlHfNi2,209,1.3594724772282145,1.199040866595169e-13
AlHfNi2,210,1.3993969673684326,2.766098461393085e-11
AlHfNi2,211,1.3193362365046746,3.850253449400043e-13
AlHfNi2,213,1.5349021026957292,7.55498197335669e-09
AlHfNi2,214,1.6340348762511054,1.4654943925052066e-14
AlHfNi2,215,1.3310843958225347,1.473374755533996e-09
AlHfNi2,216,1.3707452381475895,1.680877659282487e-13
AlHfNi2,220,1.2892005959333244,1.865174681370263e-14
AlHfNi2,222,1.6637425118184814,5.623221888129137e-10
AlHfNi2,224,1.639569113494013,4.440892098500626e-16
AlHfNi2,226,1.2700329486781816,1.1546319456101628e-14
AlHfNi2,227,1.2446412551586832,1.3589129821411916e-12
AlHfNi2,229,1.3120751034636033,2.1094237467877974e-15
AlHfNi2,230,1.297968233710469,4.305396483772483e-09
AlHfNi2,231,1.4521294238640576,1.1454839299318564e-09
AlHfNi2,232,1.3388972283626686,2.6555646570614044e-11
AlHfNi2,233,1.2294966337985014,3.244606361363367e-09
AlHfNi2,234,1.3367577334805303,3.3306690738754696e-16
AlHfNi2,235,1.3456178525399523,7.857416939316408e-10
AlHfNi2,236,1.5347393946965364,7.767120280277595e-13
AlHfNi2,237,1.372552847769868,6.661338147750939e-16
AlHfNi2,238,1.2078153338483466,2.220446049250313e-15
AlHfNi2,240,1.2336936226850275,2.3381296898605797e-13
AlHfNi2,241,1.3908392611094291,2.959021361270686e-09
AlHfNi2,243,1.4565967152004817,6.661338147750939e-16
AlHfNi2,244,1.548177238737785,9.481304630298837e-14
AlHfNi2,246,1.680666722983827,1.437044927499187e-09
AlHfNi2,247,1.6023410315738542,1.1390888232654106e-13
AlHfNi2,248,1.280188717801789,2.024935774613823e-12
AlHfNi2,250,1.6241687379889747,1.890998468923044e-11
AlHfNi2,251,1.407138046146224,3.3306690738754696e-16
AlHfNi2,254,1.2480675339326317,1.1264322807846838e-12
AlHfNi2,255,1.3171597627074,1.3877787807814457e-14
AlHfNi2,256,1.3561775969891958,7.66053886991358e-15
AlHfNi2,258,1.637894953676489,5.698912453055982e-10
AlHfNi2,259,1.5415246566853025,6.661338147750939e-16
AlHfNi2,263,1.4034793707473983,5.329070518200751e-15
AlHfNi2,265,1.390207366972563,2.1314061626753755e-12
AlHfNi2,266,1.1866622396078235,1.3465748516239273e-09
AlHfNi2,268,1.2652190542882067,2.398931719937991e-09
AlHfNi2,269,1.4254635342071718,7.902902776635301e-10
AlHfNi2,270,1.343134553718497,3.3306690738754696e-16
AlHfNi2,271,1.3767236353889774,4.440892098500626e-16
AlHfNi2,273,1.4168121091716548,6.869125268593734e-10
AlHfNi2,274,1.5026162195969461,8.837375276016246e-14
AlHfNi2,277,1.302667296554906,5.7762683525197644e-12
AlHfNi2,278,1.4852332540144135,1.0258482951996939e-10
AlHfNi2,279,1.3858827829562197,6.668452456892737e-10
AlHfNi2,287,1.3506629482712298,3.9546144137148076e-13
AlHfNi2,288,1.3733169691241391,2.9544700019812353e-11
AlHfNi2,291,1.3762486528236826,4.440892098500626e-16
AlHfNi2,296,1.6428727676551007,1.7033929822218852e-11
AlHfNi2,297,1.3153787662995995,5.316969087232337e-12
AlHfNi2,298,1.546156860171355,1.4432899320127035e-14
AlHfNi2,304,1.2173154420689452,1.0055112298346103e-10
AlHfNi2,306,1.8258196744662636,4.773959005888173e-14
AlHfNi2,309,1.1982749686549095,1.9939605522267811e-13
AlHfNi2,310,1.6516077338534148,2.490745387717652e-10
AlHfNi2,311,1.3152829920740927,7.405187574249794e-14
AlHfNi2,316,1.3487329521883222,7.771561172376096e-16
AlHfNi2,317,1.4330893558471474,2.220446049250313e-16
AlHfNi2,318,1.5619313928759844,1.2878587085651816e-13
AlHfNi2,319,1.2982022868066938,1.0413891970983968e-13
AlHfNi2,322,1.2660816659977676,8.070475732147031e-09
AlHfNi2,328,1.4049626379081834,5.6168181217230995e-11
AlHfNi2,335,1.3687987337976693,1.7763568394002505e-14
AlHfNi2,336,1.2672968510267717,4.440892098500626e-16
AlHfNi2,343,1.2773082776931366,2.708944180085382e-14
AlHfNi2,349,1.1911417433598366,9.30041599289666e-11
AlHfNi2,352,1.2833141131667836,2.0114576670948736e-11
AlHfNi2,354,1.265572794823797,1.092459456231154e-13
AlHfNi2,355,1.2629755899473643,6.217248937900877e-15
AlHfNi2,356,1.2253059371390322,3.1406552913892938e-09
AlHfNi2,357,1.62683960160354,6.043165967639652e-11
AlHfNi2,358,1.2735506324126102,5.906386491005833e-14
AlHfNi2,360,1.4385159754291021,8.829585951275476e-10
AlHfNi2,363,1.341297163318002,7.084688391501004e-11
AlHfNi2,365,1.282355370779571,1.9589307953538082e-10
AlHfNi2,367,1.2983283167696047,7.438494264988549e-15
AlHfNi2,370,1.6170668568800564,2.4603119541666274e-10
AlHfNi2,371,1.3892441979490942,8.74027517028253e-11
AlHfNi2,375,3.0581518403717918,3.963496197911809e-14
AlHfNi2,376,1.4309905800329736,2.787547970228843e-12
AlHfNi2,378,1.2752228066140243,4.440892098500626e-16
AlHfNi2,380,1.6884703933567151,1.0052798593562784e-09
AlHfNi2,381,2.194805806759194,4.2299497238218464e-14
AlHfNi2,382,1.335952112571216,1.905666069390577e-09
AlHfNi2,383,1.2506175753824262,7.016609515630989e-14
AlHfNi2,385,1.2493459645091587,1.2681855565688238e-11
AlHfNi2,387,1.244557352503501,3.375077994860476e-14
AlHfNi2,388,1.443703752679078,3.127589298657085e-10
AlHfNi2,389,1.280235817579214,5.240252676230739e-14
AlHfNi2,390,1.4346304650873953,5.1178172810750766e-11
AlHfNi2,391,1.4507604650236898,1.5543122344752192e-15
AlHfNi2,392,1.2524885068141338,1.1368683772161603e-13
AlHfNi2,393,1.2425825175964484,1.0060730026850706e-11
AlHfNi2,398,1.1462464293265513,4.6074255521943996e-14
AlHfNi2,399,1.3382816579563726,1.9020562902483107e-11
AlHfNi2,403,1.4433773730875004,1.2073320121430697e-10
AlHfNi2,406,1.3852308132637576,2.6423307986078726e-14
AlHfNi2,407,1.2139245009429938,7.809974889028126e-12
AlHfNi2,410,1.2967234231405809,7.893685705084863e-13
AlHfNi2,411,1.629279840195662,7.260858581048524e-14
AlHfNi2,412,1.2810387463453972,3.025601991168969e-11
AlHfNi2,414,1.2210204093548858,2.0269119715976558e-11
AlHfNi2,415,1.5184719871753591,7.80131514943605e-12
AlHfNi2,416,1.2722859334916767,2.751475491891142e-09
AlHfNi2,417,1.2274538988264538,1.1524114995609125e-13
AlHfNi2,418,1.3000115511531272,0.0
AlHfNi2,419,1.230501234521634,1.4233925149653714e-10
AlHfNi2,421,1.355494102632078,8.471383594610415e-10
AlHfNi2,423,1.4870029114220686,1.6395773627664312e-12
AlHfNi2,424,1.259555766456639,4.405550035890826e-09
AlHfNi2,429,1.464779374919387,2.220446049250313e-16
AlHfNi2,432,1.5646356321412305,2.511324481702104e-12
AlHfNi2,433,1.364212406378156,9.225953334635051e-14
AlHfNi2,435,1.7627691213210244,8.881784197001252e-16
AlHfNi2,436,1.282370572736658,1.0658141036401503e-14
AlHfNi2,439,1.2426391522277007,2.0885515539248445e-12
AlHfNi2,443,1.5270861343720454,2.8986657518714765e-10
AlHfNi2,447,1.334275663041531,1.1649641251665344e-09
AlHfNi2,449,1.384121343184289,1.4859224961583095e-12
AlHfNi2,454,1.359268164606965,3.552713678800501e-15
AlHfNi2,461,1.5920860236703889,1.887379141862766e-15
AlHfNi2,462,1.3854258155490178,5.1852522275908086e-11
AlHfNi2,469,1.2095694293509318,8.926193117986259e-14
AlHfNi2,470,1.5779870702348844,2.6645352591003757e-15
AlHfNi2,473,1.6059346508109438,2.412248178984555e-11
AlHfNi2,474,1.466418119016077,2.220446049250313e-16
AlHfNi2,475,1.2483124062073767,1.3322676295501878e-14
AlHfNi2,481,1.3531850996477426,6.661338147750939e-16
AlHfNi2,482,1.2741120260892569,4.636291350834654e-13
AlHfNi2,484,1.3049020289038429,4.440892098500626e-16
AlHfNi2,485,1.5024110348762156,1.5543122344752192e-15
AlHfNi2,491,1.2202170726462003,6.971823118817611e-10
AlHfNi2,495,1.5730292257311251,1.0302869668521453e-13
AlHfNi2,501,1.2897122051975274,2.7541728897517714e-09
AlHfNi2,502,1.3294383485105485,4.698463840213662e-13
AlHfNi2,507,1.3625354729752437,1.6653345369377348e-15
AlHfNi2,508,1.3992882063128023,1.2008172234345693e-12
AlHfNi2,510,1.281007085547604,4.440892098500626e-16
AlHfNi2,511,1.3940162954417472,1.1102230246251565e-15
AlHfNi2,517,2.552750373497472,2.7435720362234406e-11
AlHfNi2,519,1.2131314543922447,1.056639220564648e-10
AlHfNi2,522,1.5948177636208922,1.1102230246251565e-15
AlHfNi2,523,1.3898149719830528,8.411049634560186e-13
AlHfNi2,529,1.3579125363916082,1.7337238311654346e-09
AlHfNi2,531,1.2953720770768213,1.1284750911499941e-11
AlHfNi2,532,1.2254043502917111,1.865174681370263e-14
AlHfNi2,536,1.3334181003682204,1.3351448835408064e-09
AlHfNi2,539,1.482813276329974,8.881784197001252e-16
AlHfNi2,541,1.3281704825123353,2.2906720964499527e-10
AlHfNi2,543,1.3428091909843654,8.120015770884947e-11
AlHfNi2,545,1.5559622718193424,8.007150498201554e-12
AlHfNi2,549,1.3640783577535511,5.10702591327572e-15
AlHfNi2,550,1.2579637141341493,5.773159728050814e-15
AlHfNi2,552,1.3127582868646086,5.062616992290714e-14
AlHfNi2,559,1.2926455505764893,2.6831870059140783e-12
AlHfNi2,560,1.2289021169568826,1.8018520009377426e-10
AlHfNi2,563,1.5592580295757577,1.3964829292945069e-11
AlHfNi2,566,1.2629731761539318,4.3235401925301176e-09
AlHfNi2,568,1.3628011950194494,4.440892098500626e-16
AlHfNi2,569,1.4058367581909883,1.0820366824759731e-10
AlHfNi2,570,1.2754255202963283,2.27810725839106e-09
AlHfNi2,571,1.2449289984344638,6.725731083179198e-13
AlHfNi2,576,1.4340606211930524,2.808864252301646e-13
AlHfNi2,577,1.6602213334994511,1.4512835377900046e-12
AlHfNi2,585,1.5604574008513528,1.5543122344752192e-15
AlHfNi2,586,1.4024922045067219,2.147630073778828e-09
AlHfNi2,588,1.5116118118963864,6.0818017288966075e-12
AlHfNi2,592,1.4333685868964163,6.003824104539035e-10
AlHfNi2,596,1.598968454006404,4.440892098500626e-16
AlHfNi2,599,1.2880755585137602,9.85878045867139e-14
AlHfNi2,601,1.1634299095579057,5.49030043650589e-10
AlHfNi2,603,1.267706736756795,3.1086244689504383e-15
AlHfNi2,612,1.2446131482306675,7.682743330406083e-14
AlHfNi2,613,1.2674343291754524,1.658673198789984e-11
AlHfNi2,614,1.308657603913992,1.3322676295501878e-15
AlHfNi2,616,1.3209555141205536,5.81756864903582e-14
AlHfNi2,618,1.3333217814419691,9.891483188084749e-10
AlHfNi2,622,1.189229986348954,1.223487977597415e-11
AlHfNi2,624,1.5427943384390168,2.0650148258027912e-14
AlHfNi2,625,1.194888263492166,8.389955397092308e-11
AlHfNi2,630,1.3228530138509245,2.354783035229957e-12
AlHfNi2,631,1.5058878697718867,1.4952261651046683e-11
AlHfNi2,633,1.3835459500754543,2.832867274094042e-11
AlHfNi2,634,1.3900164560891362,1.1751044581842507e-09
AlHfNi2,635,1.3392843280548152,5.2996051991272e-11
AlHfNi2,639,1.5507708726571419,3.143041382713818e-13
AlHfNi2,641,1.716808061046379,6.479261571712414e-13
AlHfNi2,644,1.4381726871913751,7.265077428542099e-12
AlHfNi2,646,1.2754611503402158,3.432809592140984e-13
AlHfNi2,648,1.1963245022016702,5.051514762044462e-13
AlHfNi2,650,2.171150857033295,1.2039258479035198e-12
AlHfNi2,655,1.2860278815882444,1.7341683644644945e-12
AlHfNi2,659,1.3572512400163907,2.3363779466656354e-08
AlHfNi2,665,1.7602510401913272,8.64863736182997e-14
AlHfNi2,667,1.2263612534549424,1.4779288903810084e-12
AlHfNi2,668,1.2798428607989982,7.168816651415e-10
AlHfNi2,671,1.652046949029803,5.551115123125783e-16
AlHfNi2,672,1.2416838277420752,3.375077994860476e-14
AlHfNi2,673,1.2781876051672627,3.053179931100658e-11
AlHfNi2,676,1.5211645510157898,8.494427383709535e-12
AlHfNi2,679,1.2782766486362338,1.3752998739846589e-11
AlHfNi2,681,1.4598782889936575,7.771561172376096e-16
AlHfNi2,684,1.3043870332739247,4.440892098500626e-16
AlHfNi2,686,1.2459973478485467,1.0880185641326534e-13
AlHfNi2,691,1.4079563797735437,2.4535706799611035e-11
AlHfNi2,692,1.3161881356911644,1.6686207970906253e-11
AlHfNi2,693,1.290646694739161,5.084821452783217e-14
AlHfNi2,695,1.1980522977140051,8.463008072112643e-12
AlHfNi2,698,1.367542812801651,1.6462387009141821e-12
AlHfNi2,699,1.3414247287486172,5.551115123125783e-16
AlHfNi2,702,1.2833093941388976,3.0902724823533845e-09
AlHfNi2,703,1.372220349642347,4.2702930080906754e-10
AlHfNi2,704,1.4778370921820265,7.959877201813015e-11
AlHfNi2,705,1.5750342033437736,1.3711127788695876e-09
AlHfNi2,706,1.582210124063084,1.9010446550282722e-09
AlHfNi2,707,1.197854660861849,9.063112482721181e-10
AlHfNi2,708,1.2301303063577644,3.745448395875428e-12
AlHfNi2,712,1.356362350517843,3.40358852213285e-11
AlHfNi2,714,1.2818253336298615,2.0158772429113014e-09
AlHfNi2,717,1.503968082938417,8.659739592076221e-15
AlHfNi2,719,1.207429093873524,1.8385293287792592e-12
AlHfNi2,725,1.4202826699381992,7.137285207292621e-10
AlHfNi2,732,1.409820015515751,5.541469505487839e-10
AlHfNi2,738,1.2833815855501252,8.609091217692821e-11
AlHfNi2,740,1.4677068654234613,1.2256362591500647e-10
AlHfNi2,743,1.4645744456970498,1.3322676295501878e-15
AlHfNi2,744,1.3952164471847102,1.3321215242001472e-09
AlHfNi2,746,1.3173509635119567,2.8064217616474707e-12
AlHfNi2,748,1.694493506989641,4.9960036108132044e-15
AlHfNi2,749,1.302262799573773,1.4743761767022079e-12
AlHfNi2,751,1.4302325000328935,9.041656312547275e-13
AlHfNi2,754,1.3084037010738316,1.4377388168895777e-10
AlHfNi2,758,1.3949927741481363,1.2434497875801753e-13
AlHfNi2,759,1.4183842994842464,7.793765632868599e-14
AlHfNi2,761,1.2663314026180976,1.9775181492320826e-11
AlHfNi2,762,1.3777321774334297,3.460121078546763e-12
AlHfNi2,763,1.3051459637563458,4.440892098500626e-16
AlHfNi2,769,1.2486667610503928,1.908917468540494e-11
AlHfNi2,771,1.3936369998261762,2.389199948993337e-13
AlHfNi2,773,1.3981100032596705,9.037215420448774e-14
AlHfNi2,774,1.2331029301613488,2.299271883998699e-13
AlHfNi2,781,1.4811431690612211,2.7755575615628914e-15
AlHfNi2,783,1.2774392044563967,1.4168326512020712e-09
AlHfNi2,784,1.8278752279782176,4.440892098500626e-16
AlHfNi2,788,1.3448207846155091,3.333999742949345e-13
AlHfNi2,790,1.463730019930028,2.9457827288581484e-09
AlHfNi2,791,1.3486661710751073,6.661338147750939e-16
AlHfNi2,792,1.4998417781302211,4.440892098500626e-16
AlHfNi2,794,1.648859186350943,9.99555993530521e-12
AlHfNi2,795,1.4578971675438661,2.886579864025407e-15
AlHfNi2,797,1.3019344124387546,3.558819905435939e-11
AlHfNi2,798,1.5813757586167136,2.275957200481571e-13
AlHfNi2,799,1.7880193935350666,2.0925716714970122e-10
AlHfNi2,801,1.2236251517407148,1.9941274187473823e-09
AlHfNi2,803,1.342126825185788,2.636779683484747e-13
AlHfNi2,804,1.2612192930393813,9.414691248821327e-14
AlHfNi2,807,1.2870565508573724,1.1612566463981011e-10
AlHfNi2,809,1.318700227235636,3.625322264610986e-12
AlHfNi2,810,1.3291901552686736,3.9985659228136683e-10
AlHfNi2,811,1.4888995687284132,8.248957072964913e-14
AlHfNi2,813,1.3317096472829055,2.310420299522775e-09
AlHfNi2,815,1.2225593489689772,3.1086244689504383e-15
AlHfNi2,819,1.198483176689656,1.650714231971051e-09
Ga2LiRu,1,2.2706842351618963,2.029487689014786e-11
Ga2LiRu,2,1.7162466041892894,1.2523315717771766e-13
Ga2LiRu,4,2.7885031630110895,4.440892098500626e-16
Ga2LiRu,7,1.9197329454372796,5.937650371379277e-11
Ga2LiRu,9,1.5422059283046299,1.9984014443252818e-14
Ga2LiRu,10,1.2488199371162336,1.3322676295501878e-14
Ga2LiRu,11,1.6041167302560164,4.418021504193348e-12
Ga2LiRu,12,1.7261148456153768,1.1102230246251565e-16
Ga2LiRu,13,1.790288721762513,1.6431300764452317e-14
Ga2LiRu,14,1.9239252842736108,2.220446049250313e-16
Ga2LiRu,16,1.3560845507149728,2.6645352591003757e-15
Ga2LiRu,17,1.9602118459046787,7.771561172376096e-16
Ga2LiRu,19,1.231716841418951,4.1744385725905886e-14
Ga2LiRu,20,1.617458444836998,1.1546319456101628e-14
Ga2LiRu,23,1.5082805379061974,3.952393967665557e-14
Ga2LiRu,25,1.6580338897417757,6.661338147750939e-16
Ga2LiRu,26,1.4011250231692336,1.1102230246251565e-14
Ga2LiRu,28,1.2809142917378686,1.031836838194522e-10
Ga2LiRu,30,1.279423498252087,5.616185294599063e-11
Ga2LiRu,32,1.7694527128929365,1.3322676295501878e-15
Ga2LiRu,33,1.9449744748383688,4.703126776917088e-12
Ga2LiRu,34,1.3054588622848027,1.3078427230084344e-13
Ga2LiRu,37,1.310178753577754,6.619149672815183e-12
Ga2LiRu,38,1.7442216691830636,7.20024040390399e-12
Ga2LiRu,40,1.4494239809659757,9.750753537929313e-10
Ga2LiRu,41,1.8840287893421606,1.162403506782539e-13
Ga2LiRu,42,1.351040894815895,7.631673071273326e-13
Ga2LiRu,43,1.4702120347057033,1.1102230246251565e-15
Ga2LiRu,44,1.8297438469304954,5.639932965095795e-13
Ga2LiRu,46,1.2860263584590699,5.329070518200751e-15
Ga2LiRu,50,1.2680247255034056,2.8841373733712317e-12
Ga2LiRu,52,1.3362714590165126,6.217248937900877e-14
Ga2LiRu,53,1.9706092067997634,2.4424906541753444e-15
Ga2LiRu,54,1.5184273841127947,3.546096749573735e-11
Ga2LiRu,55,1.280423850703025,7.637299681562126e-10
Ga2LiRu,56,1.502562458544429,8.333889134348738e-12
Ga2LiRu,60,1.3418071048269182,1.6868728636154628e-12
Ga2LiRu,62,1.4185845019768744,1.000577398713176e-11
Ga2LiRu,63,1.2985196416877565,5.1311399573705785e-11
Ga2LiRu,65,1.3555050736729355,2.9976021664879227e-14
Ga2LiRu,68,1.3984362609311423,1.8611778784816124e-12
Ga2LiRu,72,1.4536873675875344,2.9873881146613712e-12
Ga2LiRu,74,1.5519461116386573,3.3306690738754696e-16
Ga2LiRu,76,1.4834529496675941,2.0694557179012918e-13
Ga2LiRu,77,2.029600064598912,4.8573367550375224e-11
Ga2LiRu,81,1.310076556917332,1.546318628697918e-12
Ga2LiRu,83,1.272923944182704,3.4054377096026656e-09
Ga2LiRu,84,1.6929295604882841,5.551115123125783e-16
Ga2LiRu,86,1.6552762156375826,7.771561172376096e-14
Ga2LiRu,87,1.5277331202443705,8.999467837611519e-13
Ga2LiRu,89,1.4650364878146038,5.102585021177219e-13
Ga2LiRu,90,1.8204379516510834,1.0223444313339769e-10
Ga2LiRu,92,1.4580521646341924,4.440892098500626e-16
Ga2LiRu,93,1.4025405990429631,9.255263222485155e-12
Ga2LiRu,97,1.6691354279943689,3.3306690738754696e-16
Ga2LiRu,98,1.5274073571594127,1.0891287871572786e-12
Ga2LiRu,99,1.349041702506478,5.547962089735847e-11
Ga2LiRu,102,1.6428132221391716,8.43769498715119e-15
Ga2LiRu,103,1.4789924766230378,1.6653345369377348e-15
Ga2LiRu,104,1.604887959148538,3.3306690738754696e-16
Ga2LiRu,106,1.5614412208311628,3.3306690738754696e-16
Ga2LiRu,108,1.3437669946107347,6.272760089132134e-13
Ga2LiRu,109,1.3583402835227179,1.5765166949677223e-14
Ga2LiRu,110,1.575061788917229,8.400280471221322e-11
Ga2LiRu,111,1.436442909832728,8.596678924277512e-12
Ga2LiRu,113,1.5055184596021824,2.731148640577885e-14
Ga2LiRu,115,1.5235038680298332,5.819789095085071e-13
Ga2LiRu,116,1.333078688177768,1.0813572259849025e-13
Ga2LiRu,119,1.3704393263599985,1.251430070681181e-10
Ga2LiRu,122,1.2887006971178392,1.1035616864774056e-13
Ga2LiRu,124,1.610495299143263,9.992007221626409e-16
Ga2LiRu,125,1.411138629723674,6.533495966465352e-10
Ga2LiRu,126,1.3527309829010998,4.085620730620576e-14
Ga2LiRu,127,1.4372470134748843,1.8931411993605707e-10
Ga2LiRu,130,1.3959931932380203,5.46229728115577e-14
Ga2LiRu,133,1.9153698614104122,6.188722867506158e-10
Ga2LiRu,136,2.0072148055446664,5.551115123125783e-16
Ga2LiRu,138,1.4948158524550723,1.528532855843423e-11
Ga2LiRu,139,1.4394343085446633,6.687779219305412e-10
Ga2LiRu,142,1.3621005063639018,3.965556882867816e-09
Ga2LiRu,143,1.304415160359255,4.142251874839076e-09
Ga2LiRu,147,1.5212991981750854,2.8329272261373717e-10
Ga2LiRu,148,1.4085606637291095,2.220446049250313e-16
Ga2LiRu,150,1.465561536960908,3.552713678800501e-15
Ga2LiRu,151,1.7782887116253359,4.407074705170544e-11
Ga2LiRu,153,1.43422242156877,5.145195380862333e-11
Ga2LiRu,156,1.392559330649519,7.049250072554969e-12
Ga2LiRu,157,2.0146862980231384,7.993605777301127e-15
Ga2LiRu,158,1.2291977529804377,1.3455903058456897e-12
Ga2LiRu,159,1.4098975511180125,6.703251287376588e-10
Ga2LiRu,160,1.3466578054063896,1.1546319456101628e-13
Ga2LiRu,161,1.4437610677371713,7.668932155979746e-11
Ga2LiRu,162,1.3847319099428506,2.220446049250313e-16
Ga2LiRu,163,1.3262402355053773,1.0324319177357211e-10
Ga2LiRu,165,1.5011901098702691,1.0335532429905925e-10
Ga2LiRu,167,1.437761502755005,6.040457023459567e-11
Ga2LiRu,170,1.3618032272215541,3.745892485085278e-13
Ga2LiRu,174,1.4111318283749357,2.395861287141088e-12
Ga2LiRu,176,1.3773264423154874,1.6629827515046713e-09
Ga2LiRu,181,1.3029027784610538,2.6645352591003757e-15
Ga2LiRu,185,1.3619305641256603,9.050538096744276e-13
Ga2LiRu,186,1.7866098777593447,1.190825216212943e-12
Ga2LiRu,189,1.3859855782588169,6.746825320647076e-13
Ga2LiRu,194,1.2566149825846944,7.707900984144089e-11
Ga2LiRu,201,1.3429071669566661,8.451461752656542e-12
Ga2LiRu,202,1.3737057563015538,1.3168444112920952e-10
Ga2LiRu,207,1.454830958553857,1.1102230246251565e-15
Ga2LiRu,209,1.3594724772282145,2.1127477545235251e-10
Ga2LiRu,210,1.3993969673684326,1.6361356713900932e-12
Ga2LiRu,211,1.3193362365046746,4.175074730383699e-10
Ga2LiRu,213,1.5349021026957292,3.9879211044535623e-13
Ga2LiRu,214,1.6340348762511054,3.2862601528904634e-13
Ga2LiRu,216,1.3707452381475895,1.7763568394002505e-15
Ga2LiRu,220,1.2892005959333244,2.0577051174086591e-10
Ga2LiRu,222,1.6637425118184814,5.551115123125783e-16
Ga2LiRu,224,1.639569113494013,6.661338147750939e-16
Ga2LiRu,226,1.2700329486781816,5.542988290585527e-10
Ga2LiRu,229,1.3120751034636033,5.46229728115577e-14
Ga2LiRu,231,1.4521294238640576,3.567839357287994e-10
Ga2LiRu,232,1.3388972283626686,1.3988810110276972e-14
Ga2LiRu,234,1.3367577334805303,2.2604140781368187e-13
Ga2LiRu,235,1.3456178525399523,9.752647578409324e-10
Ga2LiRu,236,1.5347393946965364,3.433475725955759e-12
Ga2LiRu,237,1.372552847769868,5.329070518200751e-15
Ga2LiRu,238,1.2078153338483466,1.9872992140790302e-13
Ga2LiRu,241,1.3908392611094291,1.1246170661394217e-10
Ga2LiRu,243,1.4565967152004817,3.6604075326351904e-10
Ga2LiRu,244,1.548177238737785,4.511946372076636e-12
Ga2LiRu,246,1.680666722983827,5.551115123125783e-16
Ga2LiRu,247,1.6023410315738542,1.5322743074364098e-10
Ga2LiRu,250,1.6241687379889747,4.2349612705550044e-10
Ga2LiRu,251,1.407138046146224,1.5726975277630117e-11
Ga2LiRu,254,1.2480675339326317,2.5979218776228663e-14
Ga2LiRu,256,1.3561775969891958,1.7574830479816228e-13
Ga2LiRu,258,1.637894953676489,5.551115123125783e-16
Ga2LiRu,259,1.5415246566853025,6.661338147750939e-16
Ga2LiRu,263,1.4034793707473983,4.197975300712642e-12
Ga2LiRu,265,1.390207366972563,1.4144241333724494e-13
Ga2LiRu,269,1.4254635342071718,8.713030297258229e-13
Ga2LiRu,270,1.343134553718497,4.8405723873656825e-14
Ga2LiRu,271,1.3767236353889774,5.682787573846326e-11
Ga2LiRu,273,1.4168121091716548,2.220446049250313e-15
Ga2LiRu,274,1.5026162195969461,2.1316282072803006e-14
Ga2LiRu,278,1.4852332540144135,2.220446049250313e-16
Ga2LiRu,279,1.3858827829562197,1.5348611270837864e-11
Ga2LiRu,287,1.3506629482712298,1.0908385306152013e-11
Ga2LiRu,288,1.3733169691241391,4.440892098500626e-15
Ga2LiRu,291,1.3762486528236826,2.7661473112061685e-10
Ga2LiRu,296,1.6428727676551007,9.880851692400938e-11
Ga2LiRu,297,1.3153787662995995,3.3374369934335846e-10
Ga2LiRu,298,1.546156860171355,1.3988810110276972e-13
Ga2LiRu,306,1.8258196744662636,1.1467049532143392e-11
Ga2LiRu,309,1.1982749686549095,6.421162490610755e-10
Ga2LiRu,310,1.6516077338534148,3.3306690738754696e-16
Ga2LiRu,311,1.3152829920740927,1.2837114704566943e-09
Ga2LiRu,316,1.3487329521883222,2.0623325269752968e-10
Ga2LiRu,317,1.4330893558471474,7.771561172376096e-16
Ga2LiRu,318,1.5619313928759844,6.661338147750939e-16
Ga2LiRu,322,1.2660816659977676,1.035660446291331e-10
Ga2LiRu,328,1.4049626379081834,3.164135620181696e-14
Ga2LiRu,335,1.3687987337976693,3.10672376713228e-10
Ga2LiRu,336,1.2672968510267717,6.749822922813564e-12
Ga2LiRu,343,1.2773082776931366,4.950351240040618e-11
Ga2LiRu,349,1.1911417433598366,3.8594594187202347e-10
Ga2LiRu,352,1.2833141131667836,1.3322676295501878e-15
Ga2LiRu,355,1.2629755899473643,1.4517276269998547e-12
Ga2LiRu,357,1.62683960160354,5.076679077120616e-10
Ga2LiRu,358,1.2735506324126102,2.191427594944173e-09
Ga2LiRu,360,1.4385159754291021,1.4432899320127035e-14
Ga2LiRu,363,1.341297163318002,1.061917220823716e-11
Ga2LiRu,365,1.282355370779571,1.2212453270876722e-14
Ga2LiRu,370,1.6170668568800564,1.9761969838327786e-14
Ga2LiRu,371,1.3892441979490942,7.053065909090606e-10
Ga2LiRu,375,3.0581518403717918,7.771561172376096e-16
Ga2LiRu,376,1.4309905800329736,2.19824158875781e-14
Ga2LiRu,378,1.2752228066140243,3.042011087472929e-14
Ga2LiRu,380,1.6884703933567151,7.771561172376096e-16
Ga2LiRu,381,2.194805806759194,2.220446049250313e-16
Ga2LiRu,382,1.335952112571216,2.192024339819909e-12
Ga2LiRu,383,1.2506175753824262,1.7514889538716716e-10
Ga2LiRu,387,1.244557352503501,1.021405182655144e-14
Ga2LiRu,388,1.443703752679078,2.220446049250313e-16
Ga2LiRu,390,1.4346304650873953,4.027445044130218e-12
Ga2LiRu,391,1.4507604650236898,3.3306690738754696e-16
Ga2LiRu,398,1.1462464293265513,4.988232049640828e-13
Ga2LiRu,399,1.3382816579563726,2.471662874370395e-10
Ga2LiRu,403,1.4433773730875004,2.198420667731682e-09
Ga2LiRu,406,1.3852308132637576,7.317701999909332e-12
Ga2LiRu,411,1.629279840195662,6.995737322768036e-12
Ga2LiRu,414,1.2210204093548858,1.3530288001106783e-12
Ga2LiRu,415,1.5184719871753591,3.0264679651281767e-13
Ga2LiRu,418,1.3000115511531272,3.482325539039266e-12
Ga2LiRu,419,1.230501234521634,1.554312234475219e-14
Ga2LiRu,421,1.355494102632078,1.0201960387590248e-09
Ga2LiRu,423,1.4870029114220686,3.634625933557345e-11
Ga2LiRu,429,1.464779374919387,3.3306690738754696e-16
Ga2LiRu,432,1.5646356321412305,3.841726936570922e-11
Ga2LiRu,433,1.364212406378156,3.108624468950438e-14
Ga2LiRu,435,1.7627691213210244,5.820455228899846e-12
Ga2LiRu,443,1.5270861343720454,1.7130297180756315e-11
Ga2LiRu,447,1.334275663041531,2.349231920106831e-13
Ga2LiRu,449,1.384121343184289,6.200373547926574e-12
Ga2LiRu,454,1.359268164606965,3.2167690733331256e-10
Ga2LiRu,461,1.5920860236703889,2.34035013590983e-13
Ga2LiRu,462,1.3854258155490178,7.656836276126455e-10
Ga2LiRu,470,1.5779870702348844,1.2351126787990552e-09
Ga2LiRu,473,1.6059346508109438,5.551115123125783e-16
Ga2LiRu,474,1.466418119016077,1.1778953368235534e-09
Ga2LiRu,481,1.3531850996477426,1.0969003483296547e-13
Ga2LiRu,484,1.3049020289038429,7.741585150711217e-13
Ga2LiRu,485,1.5024110348762156,1.0436096431476471e-14
Ga2LiRu,495,1.5730292257311251,1.0103029524088925e-13
Ga2LiRu,502,1.3294383485105485,1.1054712700797609e-11
Ga2LiRu,507,1.3625354729752437,6.196154700432999e-13
Ga2LiRu,508,1.3992882063128023,9.992007221626409e-15
Ga2LiRu,510,1.281007085547604,4.9960036108132044e-15
Ga2LiRu,511,1.3940162954417472,8.627321079757166e-11
Ga2LiRu,517,2.552750373497472,1.1116607634420461e-10
Ga2LiRu,519,1.2131314543922447,3.552713678800501e-15
Ga2LiRu,522,1.5948177636208922,5.975331340835055e-12
Ga2LiRu,523,1.3898149719830528,1.0880185641326534e-14
Ga2LiRu,529,1.3579125363916082,5.96189764223709e-14
Ga2LiRu,531,1.2953720770768213,2.197266812942189e-10
Ga2LiRu,532,1.2254043502917111,3.419486915845482e-14
Ga2LiRu,536,1.3334181003682204,3.1086244689504383e-15
Ga2LiRu,539,1.482813276329974,3.04242186999204e-11
Ga2LiRu,541,1.3281704825123353,2.2995827464455942e-11
Ga2LiRu,543,1.3428091909843654,1.5289103316717956e-10
Ga2LiRu,545,1.5559622718193424,1.2549739025757845e-11
Ga2LiRu,549,1.3640783577535511,4.0878411766698264e-13
Ga2LiRu,550,1.2579637141341493,8.082576830048538e-10
Ga2LiRu,552,1.3127582868646086,1.2781820046825487e-10
Ga2LiRu,559,1.2926455505764893,1.0277065864983115e-09
Ga2LiRu,560,1.2289021169568826,1.9091850322894288e-10
Ga2LiRu,563,1.5592580295757577,1.0530221139504192e-10
Ga2LiRu,568,1.3628011950194494,1.3322676295501878e-15
Ga2LiRu,569,1.4058367581909883,5.10702591327572e-15
Ga2LiRu,571,1.2449289984344638,4.440892098500626e-15
Ga2LiRu,576,1.4340606211930524,4.440892098500626e-16
Ga2LiRu,577,1.6602213334994511,6.994405055138486e-15
Ga2LiRu,585,1.5604574008513528,9.43689570931383e-15
Ga2LiRu,586,1.4024922045067219,1.4210854715202004e-14
Ga2LiRu,588,1.5116118118963864,6.195821633525611e-11
Ga2LiRu,592,1.4333685868964163,1.9051427102567686e-13
Ga2LiRu,596,1.598968454006404,1.3322676295501878e-15
Ga2LiRu,601,1.1634299095579057,1.0203704547961934e-10
Ga2LiRu,616,1.3209555141205536,6.661338147750939e-16
Ga2LiRu,624,1.5427943384390168,3.4100549051174767e-09
Ga2LiRu,625,1.194888263492166,1.9095836023552692e-14
Ga2LiRu,630,1.3228530138509245,3.8902214782865485e-13
Ga2LiRu,631,1.5058878697718867,2.7642332867117148e-12
Ga2LiRu,633,1.3835459500754543,2.06877937003469e-09
Ga2LiRu,634,1.3900164560891362,1.2248646541479502e-10
Ga2LiRu,635,1.3392843280548152,9.992007221626409e-15
Ga2LiRu,639,1.5507708726571419,5.981437567470493e-12
Ga2LiRu,641,1.716808061046379,3.9105341187450904e-10
Ga2LiRu,644,1.4381726871913751,7.363665233128813e-12
Ga2LiRu,650,2.171150857033295,1.1435297153639112e-14
Ga2LiRu,655,1.2860278815882444,2.2040147484858608e-12
Ga2LiRu,659,1.3572512400163907,5.973554983995655e-12
Ga2LiRu,665,1.7602510401913272,2.2209367678271974e-10
Ga2LiRu,668,1.2798428607989982,1.9229062786507711e-13
Ga2LiRu,671,1.652046949029803,2.2093438190040615e-14
Ga2LiRu,673,1.2781876051672627,1.0148881735005943e-11
Ga2LiRu,676,1.5211645510157898,1.850741782050136e-13
Ga2LiRu,679,1.2782766486362338,2.4683144417281255e-10
Ga2LiRu,681,1.4598782889936575,3.982310037287107e-10
Ga2LiRu,684,1.3043870332739247,1.29082522448698e-10
Ga2LiRu,686,1.2459973478485467,1.63202784619898e-14
Ga2LiRu,691,1.4079563797735437,2.220446049250313e-15
Ga2LiRu,698,1.367542812801651,3.9968028886505635e-15
Ga2LiRu,699,1.3414247287486172,5.867040187013117e-11
Ga2LiRu,703,1.372220349642347,2.220446049250313e-16
Ga2LiRu,704,1.4778370921820265,8.72013572461583e-12
Ga2LiRu,705,1.5750342033437736,7.771561172376096e-16
Ga2LiRu,706,1.582210124063084,4.271476505834926e-10
Ga2LiRu,712,1.356362350517843,1.0391687510491465e-13
Ga2LiRu,714,1.2818253336298615,1.9406054541093454e-10
Ga2LiRu,717,1.503968082938417,1.7541523789077473e-14
Ga2LiRu,725,1.4202826699381992,1.9287904606812845e-12
Ga2LiRu,732,1.409820015515751,6.539213615042172e-14
Ga2LiRu,737,2.17654635165504,1.649888003996125e-10
Ga2LiRu,738,1.2833815855501252,4.969358258222201e-13
Ga2LiRu,740,1.4677068654234613,2.4158453015843406e-13
Ga2LiRu,743,1.4645744456970498,7.896441278631983e-10
Ga2LiRu,744,1.3952164471847102,1.3278933508331647e-11
Ga2LiRu,746,1.3173509635119567,2.55351295663786e-14
Ga2LiRu,748,1.694493506989641,1.2594880693939103e-10
Ga2LiRu,751,1.4302325000328935,5.650245826771538e-10
Ga2LiRu,758,1.3949927741481363,3.3306690738754696e-16
Ga2LiRu,759,1.4183842994842464,4.440892098500626e-16
Ga2LiRu,762,1.3777321774334297,1.1377243591681463e-09
Ga2LiRu,771,1.3936369998261762,7.101119692265456e-11
Ga2LiRu,773,1.3981100032596705,3.310147711488298e-10
Ga2LiRu,781,1.4811431690612211,1.5864765057216346e-09
Ga2LiRu,784,1.8278752279782176,2.0472512574087887e-13
Ga2LiRu,790,1.463730019930028,6.554103926248445e-10
Ga2LiRu,791,1.3486661710751073,2.3092638912203256e-14
Ga2LiRu,792,1.4998417781302211,8.881784197001252e-16
Ga2LiRu,794,1.648859186350943,1.442695962694529e-09
Ga2LiRu,795,1.4578971675438661,4.2676973066591017e-13
Ga2LiRu,798,1.5813757586167136,1.6679990721968352e-12
Ga2LiRu,799,1.7880193935350666,7.102096688527126e-12
Ga2LiRu,809,1.318700227235636,7.8026474170656e-13
Ga2LiRu,811,1.4888995687284132,3.774758283725532e-15
Ga2LiRu,813,1.3317096472829055,2.3092638912203256e-14
CoTi,0,1.2495659770880998,3.647759938552042e-08
CoTi,1,2.2706842351618963,8.573874943351711e-11
CoTi,2,1.7162466041892894,2.708944180085382e-14
CoTi,3,1.2264104119995611,1.8158647918653514e-09
CoTi,4,2.7885031630110895,3.7101777206061115e-09
CoTi,7,1.9197329454372796,5.329070518200751e-15
CoTi,8,1.2087205694286438,1.0431389085852061e-10
CoTi,9,1.5422059283046299,1.0674150452416598e-10
CoTi,10,1.2488199371162336,2.7773339184022916e-11
CoTi,11,1.6041167302560164,9.844791648561113e-12
CoTi,12,1.7261148456153768,5.10702591327572e-15
CoTi,13,1.790288721762513,8.881784197001252e-16
CoTi,14,1.9239252842736108,6.661338147750939e-16
CoTi,16,1.3560845507149728,6.661338147750939e-15
CoTi,17,1.9602118459046787,3.362909950510584e-11
CoTi,18,1.2270725297391634,1.7985612998927536e-14
CoTi,19,1.231716841418951,5.822260451537886e-10
CoTi,20,1.617458444836998,5.908606937055083e-13
CoTi,22,1.2230707005175832,4.218847493575595e-15
CoTi,23,1.5082805379061974,1.6229018129365613e-11
CoTi,24,1.1107421871665006,2.55351295663786e-15
CoTi,25,1.6580338897417757,2.0754509222342676e-12
CoTi,26,1.4011250231692336,1.8675549995350593e-10
CoTi,27,1.1878485234326608,1.1102230246251565e-15
CoTi,28,1.2809142917378686,3.4861002973229915e-14
CoTi,29,1.14417114939594,2.2586377212974185e-12
CoTi,30,1.279423498252087,3.345538734933484e-09
CoTi,32,1.7694527128929365,5.5067062021407764e-14
CoTi,33,1.9449744748383688,6.73949784868455e-12
CoTi,34,1.3054588622848027,6.8833827526759706e-15
CoTi,35,1.14630375947696,2.0862759297912703e-09
CoTi,37,1.310178753577754,1.7763568394002505e-14
CoTi,38,1.7442216691830636,3.552713678800501e-15
CoTi,39,1.1638444276297335,2.6423307986078726e-14
CoTi,40,1.4494239809659757,3.3306690738754696e-16
CoTi,41,1.8840287893421606,3.6781688805831436e-13
CoTi,42,1.351040894815895,1.2279066652354231e-13
CoTi,43,1.4702120347057033,3.730349362740526e-14
CoTi,44,1.8297438469304954,2.3574475704890574e-12
CoTi,45,1.1493169231325773,9.31421606509275e-12
CoTi,46,1.2860263584590699,6.661338147750939e-16
CoTi,47,1.2238275409651755,2.886579864025407e-14
CoTi,48,1.2894190733474804,9.348410934251206e-12
CoTi,49,1.177109438002338,5.218048215738236e-15
CoTi,50,1.2680247255034056,7.051470518604219e-12
CoTi,51,1.179141649423787,1.9795654004894914e-10
CoTi,52,1.3362714590165126,5.346834086594754e-12
CoTi,53,1.9706092067997634,2.8989679545787794e-09
CoTi,54,1.5184273841127947,6.146434472498186e-10
CoTi,55,1.280423850703025,1.0076086631727321e-09
CoTi,56,1.502562458544429,5.591203056098948e-10
CoTi,57,1.2200550756937456,1.4743440912567962e-09
CoTi,58,1.2345136582655487,3.181924279616055e-09
CoTi,60,1.3418071048269182,1.0436096431476471e-14
CoTi,61,1.1896608565745292,3.19300141882195e-13
CoTi,62,1.4185845019768744,2.4424906541753444e-15
CoTi,63,1.2985196416877565,1.1200169680591898e-09
CoTi,65,1.3555050736729355,8.881784197001252e-16
CoTi,67,1.2536100867170448,3.219646771412954e-15
CoTi,68,1.3984362609311423,4.040055623377725e-09
CoTi,69,1.187244556731469,7.721733252807894e-10
CoTi,70,1.1889132929168749,1.290079154614432e-13
CoTi,72,1.4536873675875344,1.7968959653558159e-12
CoTi,73,1.1491232568634893,4.2097009211872205e-09
CoTi,74,1.5519461116386573,3.3306690738754696e-15
CoTi,75,1.213740225956765,9.531242461946476e-11
CoTi,76,1.4834529496675941,1.9890311619974455e-11
CoTi,77,2.029600064598912,5.295941463145937e-11
CoTi,81,1.310076556917332,4.9243982225277705e-09
CoTi,82,1.1809358978696127,6.516692852009953e-09
CoTi,83,1.272923944182704,5.283329329586195e-12
CoTi,84,1.6929295604882841,8.659739592076221e-15
CoTi,86,1.6552762156375826,1.389999226830696e-13
CoTi,87,1.5277331202443705,1.1752103734608e-09
CoTi,88,1.180031941817787,7.2328240063868066e-09
CoTi,89,1.4650364878146038,4.4719783431901305e-10
CoTi,90,1.8204379516510834,8.881784197001252e-14
CoTi,91,1.1367427913444363,8.732459200189169e-12
CoTi,92,1.4580521646341924,8.893117353636626e-10
CoTi,93,1.4025405990429631,2.9968356685117215e-09
CoTi,94,1.1734459764579346,5.10702591327572e-15
CoTi,95,1.1885887029728321,5.572494909955594e-09
CoTi,96,1.183748064018879,1.3322676295501878e-15
CoTi,97,1.6691354279943689,6.197931057272399e-12
CoTi,98,1.5274073571594127,1.9984014443252818e-15
CoTi,99,1.349041702506478,4.016453836186429e-11
CoTi,100,1.2686733725284693,2.0048407378681077e-11
CoTi,101,1.1952692111054526,1.1102230246251565e-15
CoTi,102,1.6428132221391716,1.3322676295501878e-15
CoTi,103,1.4789924766230378,1.687538997430238e-14
CoTi,104,1.604887959148538,3.8869041318889685e-10
CoTi,105,1.257899489985736,1.4116485758108865e-12
CoTi,106,1.5614412208311628,3.9968028886505635e-15
CoTi,108,1.3437669946107347,3.630429290524262e-14
CoTi,109,1.3583402835227179,4.233058348290797e-12
CoTi,110,1.575061788917229,9.1704199789433e-11
CoTi,111,1.436442909832728,4.440892098500626e-16
CoTi,112,1.1518957122218951,4.729150404614302e-11
CoTi,113,1.5055184596021824,1.1102230246251565e-15
CoTi,115,1.5235038680298332,8.881784197001252e-16
CoTi,116,1.333078688177768,1.659339332604759e-12
CoTi,117,1.2540089392677942,2.1792345705762273e-10
CoTi,118,1.143882983505564,5.284661597215745e-14
CoTi,119,1.3704393263599985,2.220446049250313e-16
CoTi,120,1.144395344691357,4.796163466380676e-14
CoTi,121,1.1807788573901603,2.9317658301053484e-09
CoTi,122,1.2887006971178392,2.4868995751603507e-14
CoTi,123,1.189762463715359,2.873257187729905e-13
CoTi,124,1.610495299143263,4.063416270128073e-14
CoTi,125,1.411138629723674,2.782960528691092e-10
CoTi,126,1.3527309829010998,5.021094651169733e-12
CoTi,127,1.4372470134748843,2.220446049250313e-16
CoTi,128,1.2414276531930049,1.4099832412739488e-14
CoTi,129,1.224222092828324,1.638689184346731e-13
CoTi,130,1.3959931932380203,4.2876813211023546e-13
CoTi,131,1.1674348404826378,1.1655121312514893e-12
CoTi,132,1.230716631784396,2.1103896408192213e-11
CoTi,133,1.9153698614104122,3.457567565590125e-12
CoTi,134,1.2107274137413238,6.03911365359977e-11
CoTi,135,1.266400074302206,2.000399845769607e-11
CoTi,136,2.0072148055446664,7.184119965586433e-11
CoTi,137,1.2307455302633798,3.4305891460917337e-13
CoTi,138,1.4948158524550723,5.02936581270319e-09
CoTi,139,1.4394343085446633,2.0672352718520415e-13
CoTi,140,1.208104391913723,1.6685763881696403e-11
CoTi,141,1.2125461951624,7.23643367450677e-13
CoTi,142,1.3621005063639018,1.0398348848639216e-12
CoTi,143,1.304415160359255,8.23495716062439e-10
CoTi,144,1.139162767366352,3.976669216143591e-09
CoTi,145,1.1809791869368715,8.090941139293761e-09
CoTi,147,1.5212991981750854,1.2002860927395886e-09
CoTi,148,1.4085606637291095,6.553424469757374e-12
CoTi,150,1.465561536960908,1.532107773982716e-12
CoTi,151,1.7782887116253359,1.6172285732807268e-11
CoTi,152,1.2889213397543617,4.850475576745339e-11
CoTi,153,1.43422242156877,3.419486915845482e-14
CoTi,154,1.2790711157260268,5.13888875897095e-09
CoTi,155,1.1949958360842703,2.9976021664879227e-15
CoTi,156,1.392559330649519,2.353672812205332e-14
CoTi,158,1.2291977529804377,5.115907697472721e-13
CoTi,159,1.4098975511180125,1.9984014443252818e-15
CoTi,160,1.3466578054063896,1.176836406102666e-14
CoTi,161,1.4437610677371713,6.87983003899717e-12
CoTi,162,1.3847319099428506,9.254819133275305e-13
CoTi,163,1.3262402355053773,2.857714065385153e-13
CoTi,165,1.5011901098702691,4.9960036108132044e-14
CoTi,166,1.163640736073686,1.4602911990735379e-08
CoTi,167,1.437761502755005,3.0627722580334193e-11
CoTi,168,1.1696486834562227,3.649336388633628e-11
CoTi,170,1.3618032272215541,3.774758283725532e-15
CoTi,171,1.1735767108156834,8.964384790033364e-12
CoTi,172,1.2153105527004915,8.881784197001252e-16
CoTi,173,1.1474876084722654,2.125249976003829e-10
CoTi,174,1.4111318283749357,3.3306690738754696e-16
CoTi,176,1.3773264423154874,5.8510973843795e-12
CoTi,178,1.1739198743217025,9.364631292640979e-11
CoTi,180,1.1890158521657805,8.862041211976646e-09
CoTi,181,1.3029027784610538,2.9056090866674822e-11
CoTi,182,1.2152116774250383,6.439293542825908e-15
CoTi,184,1.130157039069779,4.9960036108132044e-15
CoTi,185,1.3619305641256603,4.909765927152421e-10
CoTi,186,1.7866098777593447,2.220446049250313e-16
CoTi,187,1.2106070966716413,1.56097357262297e-13
CoTi,188,1.1702211910012936,2.086186778882393e-11
CoTi,189,1.3859855782588169,4.666729225277777e-10
CoTi,190,1.3071560126575426,2.220446049250313e-16
CoTi,191,1.2391387765366944,2.1040058584276267e-11
CoTi,193,1.3229109531003695,1.1102230246251565e-15
CoTi,194,1.2566149825846944,7.052136652418994e-13
CoTi,195,1.1592174401246003,9.19274512067858e-09
CoTi,196,1.22891909207467,2.076374405746151e-09
CoTi,197,1.1520028579943609,1.185884723753361e-11
CoTi,198,1.1968238241844789,1.801891968966629e-13
CoTi,199,1.1699724372925584,2.6412205755832474e-13
CoTi,200,1.1758533730359604,5.0254023165052786e-11
CoTi,201,1.3429071669566661,1.0880185641326534e-14
CoTi,202,1.3737057563015538,9.827072489088096e-10
CoTi,203,1.1711131798216483,7.411748992325329e-11
CoTi,205,1.1570428018565817,1.98641103565933e-12
CoTi,206,1.213185281735262,2.7335911312320604e-12
CoTi,207,1.454830958553857,4.440892098500626e-15
CoTi,208,1.1445793727955857,7.154277170684509e-13
CoTi,209,1.3594724772282145,7.355844822143354e-10
CoTi,210,1.3993969673684326,5.127009927718973e-13
CoTi,211,1.3193362365046746,1.6242340805661115e-11
CoTi,213,1.5349021026957292,5.46229728115577e-13
CoTi,214,1.6340348762511054,1.7525980666732721e-12
CoTi,215,1.3310843958225347,1.748715616756158e-10
CoTi,216,1.3707452381475895,2.1760371282653068e-14
CoTi,217,1.166656266846943,5.863087793045452e-12
CoTi,219,1.1421813151806643,3.6981528950263964e-13
CoTi,220,1.2892005959333244,3.0015478991174405e-10
CoTi,222,1.6637425118184814,1.2181660125065719e-09
CoTi,224,1.639569113494013,1.3818162170053938e-09
CoTi,225,1.192358197028064,1.7763568394002505e-15
CoTi,226,1.2700329486781816,1.8435670767757983e-09
CoTi,227,1.2446412551586832,1.7763568394002505e-15
CoTi,228,1.2234945806695061,3.560485239972877e-13
CoTi,229,1.3120751034636033,8.996892120194389e-10
CoTi,230,1.297968233710469,1.889932654819404e-11
CoTi,231,1.4521294238640576,2.6671280739520853e-09
CoTi,232,1.3388972283626686,1.7341683644644945e-13
CoTi,233,1.2294966337985014,5.551115123125783e-15
CoTi,234,1.3367577334805303,1.4346301924206273e-12
CoTi,235,1.3456178525399523,8.881784197001252e-16
CoTi,236,1.5347393946965364,6.439293542825908e-15
CoTi,237,1.372552847769868,4.440892098500626e-16
CoTi,238,1.2078153338483466,4.2329029170673493e-11
CoTi,239,1.136799695865502,1.0399459071663841e-12
CoTi,240,1.2336936226850275,4.440892098500626e-16
CoTi,241,1.3908392611094291,8.704581500040831e-11
CoTi,242,1.1380664305711543,1.644414826529328e-09
CoTi,243,1.4565967152004817,4.9613646524448995e-12
CoTi,244,1.548177238737785,1.5330756664155842e-09
CoTi,246,1.680666722983827,4.75175454539567e-14
CoTi,247,1.6023410315738542,1.3373746554634636e-12
CoTi,248,1.280188717801789,5.684341886080802e-14
CoTi,249,1.1619572733578234,3.89556276125802e-10
CoTi,250,1.6241687379889747,4.1052450328038503e-10
CoTi,251,1.407138046146224,4.791407270943182e-09
CoTi,252,1.1634444275069369,3.344209131839193e-09
CoTi,253,1.145372048940466,4.707345624410664e-14
CoTi,254,1.2480675339326317,9.392486788328824e-14
CoTi,255,1.3171597627074,1.3322676295501878e-15
CoTi,256,1.3561775969891958,1.1102230246251565e-15
CoTi,257,1.2394352500850188,4.546141241235091e-12
CoTi,258,1.637894953676489,1.7079671010833408e-12
CoTi,259,1.5415246566853025,4.82360817954941e-11
CoTi,260,1.1629476523510323,6.8833827526759706e-15
CoTi,263,1.4034793707473983,5.324629626102251e-13
CoTi,264,1.1781617188091416,4.578105894381679e-09
CoTi,265,1.390207366972563,1.6038281813735011e-12
CoTi,266,1.1866622396078235,4.440892098500626e-16
CoTi,267,1.1944758847773556,2.886579864025407e-15
CoTi,268,1.2652190542882067,8.659739592076221e-15
CoTi,269,1.4254635342071718,9.992007221626409e-15
CoTi,270,1.343134553718497,1.8174572957718738e-11
CoTi,271,1.3767236353889774,4.440892098500626e-16
CoTi,272,1.1123357058084111,5.082823051338892e-12
CoTi,273,1.4168121091716548,5.874127850802324e-10
CoTi,274,1.5026162195969461,1.1602319105463721e-10
CoTi,275,1.2285917591153785,4.901268502166545e-09
CoTi,276,1.2002689769020587,6.659237605788348e-10
CoTi,277,1.302667296554906,1.6946777314785777e-11
CoTi,278,1.4852332540144135,2.564578327479694e-09
CoTi,279,1.3858827829562197,3.4650891045373555e-09
CoTi,280,1.2044967441274137,1.6592341134380462e-07
CoTi,281,1.238996724981717,4.689471033714199e-12
CoTi,282,1.2101433517951088,1.0621969970259215e-10
CoTi,283,1.160886390548463,8.231053616469808e-10
CoTi,286,1.147957650854384,4.800585484687758e-10
CoTi,287,1.3506629482712298,4.451252699766428e-10
CoTi,288,1.3733169691241391,1.1040057756872557e-12
CoTi,289,1.1352000177616108,1.7793165829615987e-09
CoTi,291,1.3762486528236826,1.7763568394002505e-15
CoTi,292,1.1922451821724587,8.627251246728918e-09
CoTi,293,1.1904444218079908,3.462721220870435e-10
CoTi,294,1.149568554521543,1.3696399570051199e-09
CoTi,296,1.6428727676551007,7.017608716353152e-12
CoTi,297,1.3153787662995995,3.0300018050155586e-10
CoTi,298,1.546156860171355,1.2991829834163582e-12
CoTi,301,1.1203710110134675,8.65441052155802e-12
CoTi,302,1.1659907139018306,2.7422508708241367e-14
CoTi,303,1.2387421296396957,6.710187960834446e-12
CoTi,304,1.2173154420689452,1.4233059175694507e-13
CoTi,305,1.1558965557084193,2.7122748491592574e-13
CoTi,306,1.8258196744662636,4.243497331302137e-09
CoTi,307,1.1436358108272733,2.6615615267289172e-09
CoTi,308,1.1480605101444028,9.388134714072294e-10
CoTi,309,1.1982749686549095,5.040412531798211e-14
CoTi,310,1.6516077338534148,2.2715163083830703e-13
CoTi,311,1.3152829920740927,4.922284801978094e-10
CoTi,312,1.1979141060348635,9.978684545330907e-12
CoTi,313,1.172221976858001,5.4725557419033066e-11
CoTi,315,1.1608814571758115,8.356724201519228e-10
CoTi,316,1.3487329521883222,1.3100631690576847e-14
CoTi,317,1.4330893558471474,1.2816414596272807e-12
CoTi,318,1.5619313928759844,6.106226635438361e-15
CoTi,319,1.2982022868066938,4.1744385725905886e-14
CoTi,320,1.166710430208393,1.6471268793338822e-12
CoTi,321,1.21604499153276,6.763589688318916e-11
CoTi,322,1.2660816659977676,1.532107773982716e-14
CoTi,323,1.20467944867305,5.434497296619156e-11
CoTi,325,1.1507006662044919,8.361927816835646e-10
CoTi,326,1.2148807908770896,4.10079692425569e-09
CoTi,327,1.1862481748963218,4.706172118673635e-10
CoTi,328,1.4049626379081834,5.12429432220074e-10
CoTi,329,1.2341072324353346,3.8191672047105385e-14
CoTi,330,1.1535173273721693,3.4834135576033987e-11
CoTi,333,1.189435567980418,2.6615598613943803e-11
CoTi,335,1.3687987337976693,2.4011903576592886e-12
CoTi,336,1.2672968510267717,2.1294077612310502e-13
CoTi,337,1.2260974915502865,2.220446049250313e-16
CoTi,338,1.1506847238368165,2.7956470471934836e-10
CoTi,342,1.1794689713014943,4.74612571466082e-10
CoTi,343,1.2773082776931366,5.714761996955531e-12
CoTi,349,1.1911417433598366,4.884981308350689e-15
CoTi,351,1.2296345688578563,1.4389422986482714e-10
CoTi,352,1.2833141131667836,1.3433698597964394e-14
CoTi,353,1.1213262395890362,5.305755834683623e-12
CoTi,354,1.265572794823797,1.2212453270876722e-15
CoTi,355,1.2629755899473643,6.195044477408373e-14
CoTi,356,1.2253059371390322,8.131628703722527e-11
CoTi,357,1.62683960160354,1.4457324226668788e-12
CoTi,358,1.2735506324126102,6.661338147750939e-16
CoTi,359,1.1617670934855173,1.1102230246251565e-15
CoTi,360,1.4385159754291021,1.0769163338864018e-13
CoTi,362,1.2041685366719816,3.5038616452709448e-09
CoTi,363,1.341297163318002,1.613620348450695e-10
CoTi,365,1.282355370779571,3.863576125695545e-14
CoTi,367,1.2983283167696047,4.440892098500626e-16
CoTi,368,1.1527496212107444,4.372391337881254e-12
CoTi,370,1.6170668568800564,2.278521815668455e-11
CoTi,371,1.3892441979490942,3.657851799232503e-12
CoTi,372,1.1976943296553733,1.6458467921864894e-10
CoTi,373,1.1401772786987514,6.439293542825908e-15
CoTi,375,3.0581518403717918,1.9984014443252818e-15
CoTi,376,1.4309905800329736,1.1102230246251565e-15
CoTi,378,1.2752228066140243,5.196438834786932e-10
CoTi,380,1.6884703933567151,5.371592060043895e-10
CoTi,381,2.194805806759194,6.639133687258436e-14
CoTi,382,1.335952112571216,6.661338147750939e-16
CoTi,383,1.2506175753824262,4.940492459581947e-13
CoTi,384,1.2076858355504752,3.183864727418495e-09
CoTi,385,1.2493459645091587,2.75136358141026e-10
CoTi,386,1.1589997043852054,6.124560414377811e-09
CoTi,387,1.244557352503501,4.5801118453425715e-10
CoTi,388,1.443703752679078,5.66558289172292e-09
CoTi,389,1.280235817579214,3.430589146091734e-14
CoTi,390,1.4346304650873953,4.440892098500626e-15
CoTi,391,1.4507604650236898,3.255484770647854e-11
CoTi,392,1.2524885068141338,1.554312234475219e-14
CoTi,393,1.2425825175964484,1.9206858326015208e-13
CoTi,394,1.1501490379880381,4.2757232199264195e-09
CoTi,395,1.1849833024421326,4.5615144994570755e-10
CoTi,397,1.2087061825225405,1.9761969838327786e-14
CoTi,398,1.1462464293265513,3.348583632600821e-10
CoTi,399,1.3382816579563726,5.284661597215745e-14
CoTi,400,1.251848147275931,1.3766765505351941e-14
CoTi,401,1.1570990566039872,2.220446049250313e-14
CoTi,402,1.1421309306183856,6.724842904759498e-12
CoTi,403,1.4433773730875004,6.69763244864896e-10
CoTi,406,1.3852308132637576,1.354472090042691e-14
CoTi,407,1.2139245009429938,9.803491352045057e-12
CoTi,409,1.225654413129631,1.0436096431476471e-14
CoTi,410,1.2967234231405809,1.179001341000685e-11
CoTi,411,1.629279840195662,3.9034109278190954e-11
CoTi,412,1.2810387463453972,7.585354566685965e-11
CoTi,413,1.2265862456647345,2.1926904736346842e-13
CoTi,414,1.2210204093548858,3.741340570684315e-12
CoTi,415,1.5184719871753591,7.527312106958561e-14
CoTi,416,1.2722859334916767,3.52964324434879e-11
CoTi,417,1.2274538988264538,3.568929596298176e-10
CoTi,418,1.3000115511531272,5.082601006733967e-13
CoTi,419,1.230501234521634,2.367439577710684e-12
CoTi,420,1.1476294123051554,4.657363383842039e-10
CoTi,421,1.355494102632078,2.8455238165747687e-11
CoTi,423,1.4870029114220686,2.2852932879402488e-09
CoTi,424,1.259555766456639,2.7196023211217835e-12
CoTi,425,1.1382302712731849,9.106382314882921e-12
CoTi,426,1.2079215767347853,4.3020981221886245e-09
CoTi,429,1.464779374919387,7.784883848671598e-13
CoTi,430,1.2473595095250318,6.702849386641674e-11
CoTi,431,1.1313028508273888,6.159850407527756e-12
CoTi,432,1.5646356321412305,1.1570344682354516e-09
CoTi,433,1.364212406378156,2.902378337665823e-11
CoTi,435,1.7627691213210244,3.752553823233029e-14
CoTi,436,1.282370572736658,1.518429826319334e-11
CoTi,437,1.1825567466401468,4.811341325350327e-09
CoTi,439,1.2426391522277007,4.591882429849647e-13
CoTi,441,1.141053082360812,8.770761894538737e-14
CoTi,443,1.5270861343720454,9.028333636251773e-13
CoTi,444,1.1603186907265326,1.685216854951932e-09
CoTi,446,1.19538450607341,9.92592674720072e-11
CoTi,447,1.334275663041531,2.5573476669649153e-09
CoTi,448,1.2120314513289339,1.5582481971421203e-09
CoTi,449,1.384121343184289,1.2047918218627274e-11
CoTi,450,1.2299074987706504,2.1649348980190553e-14
CoTi,452,1.205638357790363,1.1102230246251565e-14
CoTi,454,1.359268164606965,9.592326932761353e-14
CoTi,460,1.2308036101152342,4.440892098500626e-16
CoTi,461,1.5920860236703889,6.7346128673762e-13
CoTi,462,1.3854258155490178,1.2113865466290008e-11
CoTi,466,1.1346531946558909,7.993605777301127e-14
CoTi,469,1.2095694293509318,5.437872374614017e-13
CoTi,470,1.5779870702348844,3.013145288832675e-13
CoTi,472,1.1561157514912712,5.88418203051333e-15
CoTi,473,1.6059346508109438,1.1891709839062514e-11
CoTi,474,1.466418119016077,1.958471829155428e-09
CoTi,475,1.2483124062073767,1.9562129693895258e-13
CoTi,479,1.1736471207353616,1.115752712443907e-09
CoTi,480,1.1117976181579046,3.913314117198752e-12
CoTi,481,1.3531850996477426,3.6637359812630166e-14
CoTi,482,1.2741120260892569,3.077804677786844e-11
CoTi,484,1.3049020289038429,1.5492052085619434e-12
CoTi,485,1.5024110348762156,7.229772336359019e-12
CoTi,487,1.1638296211943198,1.1102230246251565e-14
CoTi,488,1.2335539301771752,9.27617882506837e-09
CoTi,491,1.2202170726462003,6.641687200215074e-12
CoTi,494,1.1551438206204423,2.4280133459342323e-11
CoTi,495,1.5730292257311251,2.1283463880195086e-09
CoTi,501,1.2897122051975274,6.483702463810914e-14
CoTi,502,1.3294383485105485,5.298816940779716e-10
CoTi,507,1.3625354729752437,3.3213991557090594e-09
CoTi,508,1.3992882063128023,3.9968028886505635e-15
CoTi,510,1.281007085547604,3.7786884732327053e-10
CoTi,511,1.3940162954417472,4.75397499144492e-13
CoTi,515,1.1540961103684013,1.5102352701745758e-10
CoTi,518,1.207599905396106,1.562561191548184e-11
CoTi,519,1.2131314543922447,1.3322676295501878e-15
CoTi,521,1.207242111858359,7.58948459633757e-13
CoTi,522,1.5948177636208922,2.7711166694643907e-13
CoTi,523,1.3898149719830528,2.220446049250313e-16
CoTi,524,1.1620048108236,9.69178959309147e-10
CoTi,527,1.161646340928487,3.3306690738754696e-15
CoTi,529,1.3579125363916082,1.213251721310371e-12
CoTi,530,1.1953578692528664,2.594974790603999e-09
CoTi,531,1.2953720770768213,1.7806689456278946e-10
CoTi,532,1.2254043502917111,2.220446049250313e-14
CoTi,536,1.3334181003682204,2.4137136733770603e-10
CoTi,537,1.1916521869498526,7.771561172376096e-15
CoTi,539,1.482813276329974,3.68594044175552e-14
CoTi,541,1.3281704825123353,1.3322676295501878e-15
CoTi,542,1.1450576885672918,6.907807659217724e-13
CoTi,543,1.3428091909843654,4.3298697960381105e-15
CoTi,545,1.5559622718193424,4.905287287471083e-10
CoTi,546,1.2035695009052403,2.8681501618166294e-12
CoTi,548,1.1702734019716694,1.793321047216523e-11
CoTi,549,1.3640783577535511,2.236766327712303e-11
CoTi,550,1.2579637141341493,5.861977570020827e-14
CoTi,551,1.1458396537656301,1.545430450278218e-13
CoTi,552,1.3127582868646086,1.1310596903513215e-10
CoTi,553,1.1533645364784628,8.531337003514494e-08
CoTi,558,1.1908478712611241,1.5307755063531658e-12
CoTi,559,1.2926455505764893,1.2815304373248182e-11
CoTi,560,1.2289021169568826,5.876144015815044e-11
CoTi,563,1.5592580295757577,3.938269932390881e-09
CoTi,564,1.2228748677795211,5.935030245041162e-12
CoTi,565,1.1516596580595817,4.898595973301667e-10
CoTi,566,1.2629731761539318,4.285460875053104e-14
CoTi,567,1.1452085085050603,7.738254481637341e-13
CoTi,568,1.3628011950194494,1.1769241137216113e-09
CoTi,569,1.4058367581909883,9.340659357093273e-10
CoTi,570,1.2754255202963283,4.107825191113079e-15
CoTi,571,1.2449289984344638,8.553158181712206e-13
CoTi,574,1.127657972110392,1.162847595992389e-11
CoTi,575,1.2345442914765088,1.2678746941219288e-13
CoTi,576,1.4340606211930524,4.884981308350689e-15
CoTi,577,1.6602213334994511,8.659739592076221e-15
CoTi,581,1.201168334522767,4.3298697960381105e-14
CoTi,582,1.2244756908659498,3.951619031994369e-10
CoTi,584,1.1634785711065403,5.3117984455397504e-09
CoTi,585,1.5604574008513528,6.515932238215782e-11
CoTi,586,1.4024922045067219,7.687628311714434e-12
CoTi,588,1.5116118118963864,7.833400594847717e-11
CoTi,591,1.215493972786655,1.5289991495137656e-12
CoTi,592,1.4333685868964163,1.8109957977685553e-12
CoTi,593,1.153969392702866,2.7594593277058266e-12
CoTi,596,1.598968454006404,2.220446049250313e-16
CoTi,597,1.1653368917721894,4.5630166312093934e-14
CoTi,599,1.2880755585137602,5.141733705471552e-10
CoTi,601,1.1634299095579057,1.1102230246251565e-15
CoTi,603,1.267706736756795,1.1102230246251565e-15
CoTi,605,1.1267107802498304,1.6009416015094757e-13
CoTi,611,1.1816142439104695,3.481659405224491e-13
CoTi,612,1.2446131482306675,2.0447865622941208e-11
CoTi,613,1.2674343291754524,4.440892098500626e-16
CoTi,614,1.308657603913992,2.56947796373197e-10
CoTi,615,1.2067154655634993,6.048077594300594e-10
CoTi,616,1.3209555141205536,4.9817483471770174e-11
CoTi,617,1.1613872662236318,3.7782044159939687e-10
CoTi,618,1.3333217814419691,4.404698827897846e-12
CoTi,619,1.2123112821016597,6.846079259048565e-12
CoTi,620,1.1571634233029482,3.1480373863246314e-12
CoTi,622,1.189229986348954,2.6645352591003757e-13
CoTi,624,1.5427943384390168,7.16315895488151e-13
CoTi,625,1.194888263492166,1.199040866595169e-13
CoTi,630,1.3228530138509245,8.54938342342848e-12
CoTi,631,1.5058878697718867,9.590106486712102e-13
CoTi,632,1.204551130844791,2.4643718177230767e-09
CoTi,633,1.3835459500754543,1.763175383473481e-09
CoTi,634,1.3900164560891362,2.370359464265448e-11
CoTi,635,1.3392843280548152,2.2182256032010628e-13
CoTi,636,1.2430809820097486,2.4424906541753444e-15
CoTi,639,1.5507708726571419,2.2641222230390667e-11
CoTi,642,1.15556227935999,2.390038167376929e-10
CoTi,644,1.4381726871913751,4.926619112666231e-10
CoTi,646,1.2754611503402158,2.475797344914099e-14
CoTi,647,1.1300563841728593,1.4082068844345486e-12
CoTi,648,1.1963245022016702,3.241851231905457e-14
CoTi,650,2.171150857033295,2.9976021664879227e-15
CoTi,651,1.185311113838804,7.327471962526033e-15
CoTi,652,1.124733224716892,2.275998944867297e-09
CoTi,655,1.2860278815882444,1.2942091842660375e-11
CoTi,659,1.3572512400163907,5.10702591327572e-14
CoTi,660,1.1724010134359886,3.7242617878519013e-09
CoTi,661,1.1827772243151622,1.8508528043525985e-12
CoTi,664,1.144183317283355,1.4765966227514582e-13
CoTi,667,1.2263612534549424,3.202216269926339e-12
CoTi,668,1.2798428607989982,3.6637359812630166e-15
CoTi,671,1.652046949029803,9.126166489181742e-11
CoTi,672,1.2416838277420752,1.5543122344752192e-15
CoTi,673,1.2781876051672627,3.1745717166131726e-12
CoTi,674,1.207933389330646,3.557176775359494e-11
CoTi,675,1.162111940051532,1.8818280267396403e-13
CoTi,677,1.2450379848219353,3.219646771412954e-15
CoTi,679,1.2782766486362338,1.5010215292932116e-13
CoTi,681,1.4598782889936575,1.8819670266623234e-09
CoTi,682,1.1590535694655726,1.7632280080448481e-09
CoTi,683,1.1638297000632745,5.6784688062805344e-11
CoTi,684,1.3043870332739247,8.160723208305853e-10
CoTi,686,1.2459973478485467,2.8833833098929063e-09
CoTi,691,1.4079563797735437,2.701927570569751e-11
CoTi,692,1.3161881356911644,4.888422999727027e-12
CoTi,693,1.290646694739161,9.11160036309866e-11
CoTi,695,1.1980522977140051,1.1102230246251565e-15
CoTi,696,1.1309207686708938,6.217248937900877e-14
CoTi,698,1.367542812801651,1.930130499872007e-10
CoTi,699,1.3414247287486172,4.107825191113079e-15
CoTi,702,1.2833093941388976,8.31800628375845e-10
CoTi,703,1.372220349642347,1.1324274851176597e-14
CoTi,704,1.4778370921820265,6.394884621840902e-14
CoTi,705,1.5750342033437736,8.992571132182547e-10
CoTi,706,1.582210124063084,1.6120438317557273e-13
CoTi,707,1.197854660861849,4.02320399217615e-11
CoTi,708,1.2301303063577644,1.2739476140666284e-11
CoTi,712,1.356362350517843,5.49671419491915e-13
CoTi,714,1.2818253336298615,3.9745984281580604e-14
CoTi,717,1.503968082938417,7.926992395823618e-14
CoTi,719,1.207429093873524,1.4724887975603451e-12
CoTi,722,1.1738975698696268,3.942682624824556e-09
CoTi,725,1.4202826699381992,1.0059064692313768e-11
CoTi,726,1.202590911972875,2.1412982498247857e-11
CoTi,727,1.2024726550085851,3.2862601528904634e-14
CoTi,728,1.185661417883195,7.917111410904454e-12
CoTi,729,1.2561364407084632,1.0093037516867298e-12
CoTi,732,1.409820015515751,7.476241847825804e-13
CoTi,735,1.1868461361923732,1.9567081288585086e-09
CoTi,738,1.2833815855501252,1.1102230246251565e-15
CoTi,742,1.1658408473845685,1.9872992140790302e-13
CoTi,743,1.4645744456970498,1.0570579966895366e-09
CoTi,744,1.3952164471847102,1.9984014443252818e-15
CoTi,745,1.1263477321343236,8.059108935754011e-13
CoTi,746,1.3173509635119567,2.2715163083830703e-13
CoTi,748,1.694493506989641,8.881784197001252e-16
CoTi,749,1.302262799573773,2.664021891973789e-09
CoTi,751,1.4302325000328935,1.8464074713619993e-10
CoTi,752,1.1843795937360242,4.7372358258357394e-09
CoTi,753,1.2467991454991594,3.042011087472929e-14
CoTi,754,1.3084037010738316,6.839306898598352e-12
CoTi,758,1.3949927741481363,2.220446049250313e-15
CoTi,759,1.4183842994842464,8.881784197001252e-15
CoTi,760,1.2102611209640577,1.8298766946145406e-09
CoTi,761,1.2663314026180976,4.304723244530351e-11
CoTi,762,1.3777321774334297,3.738120923912902e-11
CoTi,763,1.3051459637563458,5.218048215738236e-15
CoTi,765,1.1502605178984286,3.9328185152953665e-10
CoTi,768,1.2320401148776585,4.3853809472693683e-14
CoTi,769,1.2486667610503928,1.0763612223740893e-12
CoTi,770,1.250848039528919,4.20175783055754e-10
CoTi,771,1.3936369998261762,8.826717134979845e-12
CoTi,773,1.3981100032596705,3.9185898970117705e-09
CoTi,774,1.2331029301613488,2.7505270061567444e-08
CoTi,775,1.1555018982998198,7.220890552162018e-13
CoTi,776,1.2044493992086103,8.748557434046234e-14
CoTi,777,1.234105473032425,4.607795034416995e-09
CoTi,778,1.1570272559376111,5.551115123125783e-15
CoTi,779,1.1787220633211999,8.881784197001252e-16
CoTi,780,1.1993280645351014,1.6764367671839864e-14
CoTi,781,1.4811431690612211,1.156852391659413e-13
CoTi,782,1.1483026716648268,1.7411725394822497e-09
CoTi,783,1.2774392044563967,1.2589929099249275e-13
CoTi,784,1.8278752279782176,2.1745005795992256e-10
CoTi,788,1.3448207846155091,2.220446049250313e-15
CoTi,789,1.2360806601057681,3.852940189119636e-11
CoTi,790,1.463730019930028,1.5543122344752192e-15
CoTi,791,1.3486661710751073,7.292280446158372e-09
CoTi,792,1.4998417781302211,1.5076828674409626e-13
CoTi,793,1.262363712317896,7.752722908094256e-10
CoTi,794,1.648859186350943,2.19824158875781e-14
CoTi,795,1.4578971675438661,6.217248937900877e-13
CoTi,797,1.3019344124387546,1.913802449848845e-12
CoTi,798,1.5813757586167136,1.8847590155246507e-11
CoTi,800,1.195687095530662,4.440892098500626e-15
CoTi,801,1.2236251517407148,1.9984014443252818e-14
CoTi,803,1.342126825185788,6.423639398178693e-12
CoTi,804,1.2612192930393813,3.8191672047105385e-14
CoTi,806,1.1579681711987988,1.2636336421678607e-11
CoTi,807,1.2870565508573724,3.552713678800501e-15
CoTi,808,1.1858657415896154,3.117620606118976e-10
CoTi,809,1.318700227235636,1.3322676295501878e-15
CoTi,810,1.3291901552686736,4.5645154322926373e-11
CoTi,811,1.4888995687284132,1.34736666268509e-12
CoTi,812,1.1934895939338779,4.940492459581947e-12
CoTi,813,1.3317096472829055,2.398081733190338e-14
CoTi,814,1.1474775913885171,1.554312234475219e-14
CoTi,815,1.2225593489689772,5.990763440877345e-13
CoTi,816,1.197729369049827,2.05657713081564e-12
CoTi,818,1.165560238853013,1.1746159600534156e-13
CoTi,819,1.198483176689656,5.329070518200751e-15
CoTi,823,1.151419329299825,3.348732402486121e-11
AsZr,0,1.2495659770880998,5.329249708196926e-09
AsZr,1,2.2706842351618963,1.0658141036401503e-14
AsZr,2,1.7162466041892894,3.852562713291263e-11
AsZr,3,1.2264104119995611,1.1785017406396037e-11
AsZr,4,2.7885031630110895,6.128431095930864e-14
AsZr,7,1.9197329454372796,1.7763568394002505e-15
AsZr,8,1.2087205694286438,5.340172748447003e-14
AsZr,9,1.5422059283046299,4.440892098500626e-16
AsZr,10,1.2488199371162336,8.504308368628699e-14
AsZr,11,1.6041167302560164,5.551115123125783e-16
AsZr,12,1.7261148456153768,1.8149259872757284e-11
AsZr,13,1.790288721762513,7.924771949774367e-13
AsZr,14,1.9239252842736108,2.731148640577885e-14
AsZr,16,1.3560845507149728,2.76445533131664e-13
AsZr,17,1.9602118459046787,2.610134330893743e-12
AsZr,18,1.2270725297391634,5.3840709668406816e-11
AsZr,19,1.231716841418951,4.440892098500626e-15
AsZr,20,1.617458444836998,3.568763062844482e-10
AsZr,22,1.2230707005175832,1.1442513603299176e-11
AsZr,23,1.5082805379061974,5.551115123125783e-16
AsZr,24,1.1107421871665006,4.290050203969997e-09
AsZr,25,1.6580338897417757,5.753686416198889e-10
AsZr,26,1.4011250231692336,1.995379195207647e-09
AsZr,27,1.1878485234326608,1.9984014443252818e-15
AsZr,28,1.2809142917378686,2.2226664952995634e-13
AsZr,30,1.279423498252087,2.776592511466447e-09
AsZr,32,1.7694527128929365,3.4968103967969455e-09
AsZr,33,1.9449744748383688,1.9984014443252818e-15
AsZr,34,1.3054588622848027,4.1595615840606115e-12
AsZr,37,1.310178753577754,1.1102230246251565e-15
AsZr,38,1.7442216691830636,2.3203661214665772e-14
AsZr,40,1.4494239809659757,1.1102230246251565e-16
AsZr,41,1.8840287893421606,3.47499806707674e-14
AsZr,42,1.351040894815895,2.6680435638581912e-11
AsZr,43,1.4702120347057033,2.6645352591003757e-15
AsZr,44,1.8297438469304954,3.472069298737779e-10
AsZr,46,1.2860263584590699,2.9522722044816874e-09
AsZr,47,1.2238275409651755,7.510214672379334e-12
AsZr,48,1.2894190733474804,3.293654238234467e-11
AsZr,49,1.177109438002338,6.061817714453355e-14
AsZr,50,1.2680247255034056,6.088973769635686e-11
AsZr,51,1.179141649423787,1.6897594434794883e-13
AsZr,52,1.3362714590165126,2.0865753569410117e-11
AsZr,53,1.9706092067997634,5.3290705182007514e-14
AsZr,54,1.5184273841127947,1.3035128532123963e-12
AsZr,55,1.280423850703025,3.268416648438688e-10
AsZr,56,1.502562458544429,8.273381979506667e-13
AsZr,57,1.2200550756937456,5.297462468689673e-11
AsZr,58,1.2345136582655487,2.6702906552600325e-10
AsZr,60,1.3418071048269182,9.192646643896296e-14
AsZr,61,1.1896608565745292,3.63626906363379e-11
AsZr,62,1.4185845019768744,1.1175504965876826e-12
AsZr,63,1.2985196416877565,2.1954469353602235e-09
AsZr,65,1.3555050736729355,5.364597654988756e-13
AsZr,67,1.2536100867170448,5.401074365529723e-09
AsZr,68,1.3984362609311423,8.881784197001252e-15
AsZr,69,1.187244556731469,4.6440177259299276e-09
AsZr,70,1.1889132929168749,8.86846152070575e-13
AsZr,72,1.4536873675875344,5.200284647344233e-12
AsZr,74,1.5519461116386573,5.445854878161072e-10
AsZr,75,1.213740225956765,2.9030111647898593e-11
AsZr,76,1.4834529496675941,7.771561172376096e-16
AsZr,77,2.029600064598912,2.0394796962364126e-13
AsZr,81,1.310076556917332,3.2320643938987814e-09
AsZr,82,1.1809358978696127,1.3092193995589696e-11
AsZr,83,1.272923944182704,4.624078897563777e-12
AsZr,84,1.6929295604882841,1.4976908602193362e-12
AsZr,86,1.6552762156375826,7.771561172376096e-16
AsZr,87,1.5277331202443705,2.731148640577885e-14
AsZr,89,1.4650364878146038,9.050982185954126e-12
AsZr,90,1.8204379516510834,5.893165955228596e-10
AsZr,92,1.4580521646341924,2.6867397195928788e-14
AsZr,93,1.4025405990429631,4.007905118896815e-14
AsZr,95,1.1885887029728321,8.369970161403728e-09
AsZr,96,1.183748064018879,2.3314683517128287e-14
AsZr,97,1.6691354279943689,4.8829829069063635e-12
AsZr,98,1.5274073571594127,7.771561172376096e-15
AsZr,99,1.349041702506478,9.303668946358812e-14
AsZr,100,1.2686733725284693,8.449019262002366e-12
AsZr,101,1.1952692111054526,6.436284838429174e-11
AsZr,102,1.6428132221391716,7.771561172376096e-15
AsZr,103,1.4789924766230378,3.255873348706473e-10
AsZr,104,1.604887959148538,1.1102230246251565e-15
AsZr,105,1.257899489985736,1.2578826869003024e-13
AsZr,106,1.5614412208311628,8.196998635412456e-12
AsZr,108,1.3437669946107347,4.60241844635334e-11
AsZr,109,1.3583402835227179,7.66053886991358e-15
AsZr,110,1.575061788917229,1.638245095136881e-12
AsZr,111,1.436442909832728,2.375877272697835e-14
AsZr,113,1.5055184596021824,2.4202861936828413e-14
AsZr,115,1.5235038680298332,5.551115123125783e-16
AsZr,116,1.333078688177768,6.938005725487528e-12
AsZr,117,1.2540089392677942,6.80655531937191e-12
AsZr,119,1.3704393263599985,1.5165646516379638e-13
AsZr,121,1.1807788573901603,4.210592874365204e-09
AsZr,122,1.2887006971178392,9.319212068703564e-13
AsZr,123,1.189762463715359,1.9761969838327786e-14
AsZr,124,1.610495299143263,1.4336976050799422e-11
AsZr,125,1.411138629723674,1.1102230246251565e-16
AsZr,126,1.3527309829010998,1.7150503239804493e-11
AsZr,127,1.4372470134748843,1.84385839929746e-12
AsZr,128,1.2414276531930049,9.707880055387363e-10
AsZr,129,1.224222092828324,7.901457266257239e-13
AsZr,130,1.3959931932380203,1.7319479184152442e-14
AsZr,131,1.1674348404826378,3.6211034171174106e-12
AsZr,132,1.230716631784396,3.4977465368513094e-11
AsZr,133,1.9153698614104122,1.3372356555407805e-09
AsZr,134,1.2107274137413238,3.403912818278343e-09
AsZr,135,1.266400074302206,3.523858982390493e-11
AsZr,136,2.0072148055446664,4.440892098500626e-16
AsZr,137,1.2307455302633798,7.079028474521465e-10
AsZr,138,1.4948158524550723,4.0994607708455533e-10
AsZr,139,1.4394343085446633,3.909339518770594e-11
AsZr,140,1.208104391913723,2.886579864025407e-15
AsZr,141,1.2125461951624,1.8125909662103368e-09
AsZr,142,1.3621005063639018,5.764944077668588e-12
AsZr,143,1.304415160359255,3.002349258096615e-09
AsZr,145,1.1809791869368715,1.0104472814020937e-11
AsZr,147,1.5212991981750854,6.8833827526759706e-15
AsZr,148,1.4085606637291095,2.220446049250313e-15
AsZr,150,1.465561536960908,7.702727344849336e-13
AsZr,151,1.7782887116253359,3.8125058665627876e-13
AsZr,152,1.2889213397543617,3.361711908844711e-09
AsZr,153,1.43422242156877,2.7977620220553945e-14
AsZr,154,1.2790711157260268,1.7763568394002505e-15
AsZr,155,1.1949958360842703,3.992683961229204e-10
AsZr,156,1.392559330649519,1.5343282200319663e-12
AsZr,158,1.2291977529804377,3.3306690738754696e-16
AsZr,159,1.4098975511180125,3.223550537612141e-09
AsZr,160,1.3466578054063896,1.0880185641326534e-13
AsZr,161,1.4437610677371713,1.439189434293553e-09
AsZr,162,1.3847319099428506,1.4299672557172016e-13
AsZr,163,1.3262402355053773,1.5853984791647235e-13
AsZr,165,1.5011901098702691,5.445337514231596e-10
AsZr,166,1.163640736073686,1.723066134218243e-13
AsZr,167,1.437761502755005,5.551115123125783e-16
AsZr,170,1.3618032272215541,7.274181257344026e-13
AsZr,171,1.1735767108156834,9.038214621170937e-12
AsZr,172,1.2153105527004915,3.678990445621366e-11
AsZr,174,1.4111318283749357,5.0182080713057076e-14
AsZr,176,1.3773264423154874,3.4643399260403385e-12
AsZr,180,1.1890158521657805,5.972999872483342e-14
AsZr,181,1.3029027784610538,4.845013279464183e-13
AsZr,182,1.2152116774250383,1.354472090042691e-14
AsZr,185,1.3619305641256603,2.7755575615628914e-15
AsZr,186,1.7866098777593447,2.220446049250313e-16
AsZr,187,1.2106070966716413,3.420166927448065e-09
AsZr,189,1.3859855782588169,6.8833827526759706e-15
AsZr,190,1.3071560126575426,2.220446049250313e-15
AsZr,191,1.2391387765366944,1.1102230246251565e-16
AsZr,193,1.3229109531003695,4.440892098500626e-16
AsZr,194,1.2566149825846944,1.0962342145148796e-11
AsZr,196,1.22891909207467,7.093392540014065e-11
AsZr,198,1.1968238241844789,6.157296894571118e-13
AsZr,199,1.1699724372925584,3.1941116418465754e-13
AsZr,200,1.1758533730359604,9.754419494356625e-13
AsZr,201,1.3429071669566661,4.5274894944213884e-13
AsZr,202,1.3737057563015538,2.9545536017749896e-09
AsZr,206,1.213185281735262,1.0769163338864018e-14
AsZr,207,1.454830958553857,1.0635936575909e-13
AsZr,209,1.3594724772282145,6.49156506327131e-10
AsZr,210,1.3993969673684326,6.923350781562476e-13
AsZr,211,1.3193362365046746,3.489502020670443e-10
AsZr,213,1.5349021026957292,1.0357004143202175e-10
AsZr,214,1.6340348762511054,2.8039677246738393e-09
AsZr,215,1.3310843958225347,4.551914400963142e-15
AsZr,216,1.3707452381475895,4.440892098500626e-16
AsZr,217,1.166656266846943,1.872946242542639e-12
AsZr,220,1.2892005959333244,6.396150276088974e-11
AsZr,222,1.6637425118184814,1.2150280781497713e-12
AsZr,224,1.639569113494013,2.1094237467877974e-14
AsZr,225,1.192358197028064,6.246743122773069e-10
AsZr,226,1.2700329486781816,5.485352172485136e-10
AsZr,227,1.2446412551586832,2.3314683517128287e-15
AsZr,228,1.2234945806695061,1.1766698726489722e-11
AsZr,229,1.3120751034636033,1.1791532195104537e-09
AsZr,230,1.297968233710469,1.006249528145986e-10
AsZr,231,1.4521294238640576,1.5460317470683549e-09
AsZr,232,1.3388972283626686,8.08242361927114e-14
AsZr,233,1.2294966337985014,1.0870171429644415e-10
AsZr,234,1.3367577334805303,1.315680897562288e-10
AsZr,235,1.3456178525399523,3.774758283725532e-14
AsZr,236,1.5347393946965364,3.808064974464287e-12
AsZr,237,1.372552847769868,2.220446049250313e-15
AsZr,238,1.2078153338483466,1.9539925233402755e-14
AsZr,240,1.2336936226850275,1.1102230246251565e-16
AsZr,241,1.3908392611094291,4.6629367034256575e-15
AsZr,243,1.4565967152004817,4.610878345800984e-10
AsZr,244,1.548177238737785,8.43769498715119e-15
AsZr,246,1.680666722983827,3.2087221768506424e-11
AsZr,247,1.6023410315738542,5.551115123125783e-16
AsZr,248,1.280188717801789,2.7755575615628914e-14
AsZr,250,1.6241687379889747,4.387490371016156e-11
AsZr,251,1.407138046146224,3.007505355867579e-11
AsZr,252,1.1634444275069369,8.075429214216001e-12
AsZr,254,1.2480675339326317,2.6645352591003757e-15
AsZr,255,1.3171597627074,8.255512828903022e-09
AsZr,256,1.3561775969891958,8.060219158778636e-14
AsZr,257,1.2394352500850188,3.7074548986382183e-09
AsZr,258,1.637894953676489,6.598832591464543e-11
AsZr,259,1.5415246566853025,6.661338147750939e-16
AsZr,263,1.4034793707473983,8.77197980919675e-10
AsZr,265,1.390207366972563,4.583666779467421e-12
AsZr,266,1.1866622396078235,2.886579864025407e-15
AsZr,267,1.1944758847773556,2.1679413819697402e-10
AsZr,268,1.2652190542882067,2.3713024877025646e-09
AsZr,269,1.4254635342071718,9.999778782798785e-11
AsZr,270,1.343134553718497,2.220446049250313e-16
AsZr,271,1.3767236353889774,1.7341683644644945e-13
AsZr,273,1.4168121091716548,5.551115123125783e-16
AsZr,274,1.5026162195969461,3.3306690738754696e-16
AsZr,275,1.2285917591153785,2.5208723997138804e-11
AsZr,276,1.2002689769020587,1.3877563542763482e-09
AsZr,277,1.302667296554906,3.625287847697223e-10
AsZr,278,1.4852332540144135,1.5163426070330388e-12
AsZr,279,1.3858827829562197,1.320958675776751e-09
AsZr,280,1.2044967441274137,4.384270724244743e-13
AsZr,281,1.238996724981717,1.8573598214999265e-10
AsZr,282,1.2101433517951088,5.551115123125783e-15
AsZr,283,1.160886390548463,1.701971896750365e-13
AsZr,287,1.3506629482712298,1.1102230246251565e-16
AsZr,288,1.3733169691241391,9.60900914392937e-10
AsZr,291,1.3762486528236826,1.2745360322696797e-13
AsZr,292,1.1922451821724587,3.6637359812630166e-14
AsZr,293,1.1904444218079908,1.150642481295705e-08
AsZr,296,1.6428727676551007,9.825473767932635e-14
AsZr,297,1.3153787662995995,4.2743586448068527e-14
AsZr,298,1.546156860171355,3.3306690738754696e-16
AsZr,303,1.2387421296396957,9.238052656179718e-09
AsZr,304,1.2173154420689452,9.658940314238862e-15
AsZr,306,1.8258196744662636,2.886579864025407e-15
AsZr,309,1.1982749686549095,2.220446049250313e-16
AsZr,310,1.6516077338534148,1.726685461278521e-11
AsZr,311,1.3152829920740927,2.220446049250313e-16
AsZr,312,1.1979141060348635,6.9647621003809945e-12
AsZr,313,1.172221976858001,5.384581669432009e-14
AsZr,316,1.3487329521883222,1.0942358130705543e-12
AsZr,317,1.4330893558471474,4.440892098500626e-16
AsZr,318,1.5619313928759844,1.723066134218243e-13
AsZr,319,1.2982022868066938,5.701883409869879e-12
AsZr,321,1.21604499153276,2.731148640577885e-14
AsZr,322,1.2660816659977676,9.769962616701378e-15
AsZr,323,1.20467944867305,2.205347016115411e-12
AsZr,326,1.2148807908770896,2.220446049250313e-16
AsZr,328,1.4049626379081834,4.440892098500626e-16
AsZr,329,1.2341072324353346,4.733547998014842e-10
AsZr,333,1.189435567980418,1.4794832026154836e-12
AsZr,335,1.3687987337976693,9.461298411395092e-11
AsZr,336,1.2672968510267717,1.1612932837579137e-13
AsZr,337,1.2260974915502865,1.1084022588647713e-11
AsZr,343,1.2773082776931366,1.8389068046076318e-11
AsZr,349,1.1911417433598366,1.9317880628477724e-14
AsZr,351,1.2296345688578563,8.547385021984155e-12
AsZr,352,1.2833141131667836,1.5890178062250016e-11
AsZr,353,1.1213262395890362,1.4432899320127035e-15
AsZr,354,1.265572794823797,3.3380229691459817e-09
AsZr,355,1.2629755899473643,1.8496315590255108e-13
AsZr,356,1.2253059371390322,1.1932607124620631e-09
AsZr,357,1.62683960160354,1.3020029498989061e-11
AsZr,358,1.2735506324126102,1.1102230246251565e-15
AsZr,360,1.4385159754291021,1.160072038430826e-12
AsZr,362,1.2041685366719816,3.0173907816788414e-10
AsZr,363,1.341297163318002,2.1140089678794993e-11
AsZr,365,1.282355370779571,2.341564053764955e-09
AsZr,367,1.2983283167696047,1.1102230246251565e-15
AsZr,370,1.6170668568800564,1.8012447089432726e-10
AsZr,371,1.3892441979490942,1.5543122344752192e-15
AsZr,372,1.1976943296553733,2.203157878355455e-09
AsZr,373,1.1401772786987514,3.061340070331653e-10
AsZr,375,3.0581518403717918,3.804445647404009e-11
AsZr,376,1.4309905800329736,1.496580637194711e-13
AsZr,378,1.2752228066140243,8.34934343885152e-11
AsZr,380,1.6884703933567151,5.407256864486953e-10
AsZr,381,2.194805806759194,8.881784197001252e-16
AsZr,382,1.335952112571216,3.3306690738754696e-14
AsZr,383,1.2506175753824262,7.349676423018536e-14
AsZr,384,1.2076858355504752,1.4553913629811177e-12
AsZr,385,1.2493459645091587,5.975990813311682e-10
AsZr,387,1.244557352503501,9.992007221626409e-16
AsZr,388,1.443703752679078,8.374856363957406e-12
AsZr,389,1.280235817579214,3.4416913763379853e-15
AsZr,390,1.4346304650873953,3.5704772471945034e-12
AsZr,391,1.4507604650236898,6.661338147750939e-16
AsZr,392,1.2524885068141338,3.3306690738754696e-15
AsZr,393,1.2425825175964484,7.103666987973156e-09
AsZr,397,1.2087061825225405,4.042322032660195e-13
AsZr,398,1.1462464293265513,1.3322676295501878e-15
AsZr,399,1.3382816579563726,1.6537882174816332e-12
AsZr,400,1.251848147275931,1.0365559521829937e-09
AsZr,403,1.4433773730875004,1.3112805286041862e-09
AsZr,406,1.3852308132637576,9.536815781530095e-13
AsZr,407,1.2139245009429938,2.4225954575740616e-11
AsZr,409,1.225654413129631,1.0892287072294948e-11
AsZr,410,1.2967234231405809,9.300227254982474e-12
AsZr,411,1.629279840195662,7.771561172376096e-16
AsZr,412,1.2810387463453972,9.707346038112519e-12
AsZr,413,1.2265862456647345,1.215464395798449e-10
AsZr,414,1.2210204093548858,4.4497738826976274e-13
AsZr,415,1.5184719871753591,2.3484103550686086e-11
AsZr,416,1.2722859334916767,4.927769303719742e-11
AsZr,417,1.2274538988264538,9.724887561901596e-11
AsZr,418,1.3000115511531272,6.081268821844787e-11
AsZr,419,1.230501234521634,2.9576796567454267e-09
AsZr,421,1.355494102632078,2.220446049250313e-16
AsZr,423,1.4870029114220686,8.881784197001252e-16
AsZr,424,1.259555766456639,7.704947790898586e-14
AsZr,426,1.2079215767347853,1.2545520178264269e-14
AsZr,429,1.464779374919387,6.87882195649081e-10
AsZr,430,1.2473595095250318,2.808864252301646e-14
AsZr,432,1.5646356321412305,8.459899447643693e-14
AsZr,433,1.364212406378156,6.636186045128056e-10
AsZr,435,1.7627691213210244,1.779068004026385e-10
AsZr,436,1.282370572736658,1.1102230246251565e-15
AsZr,437,1.1825567466401468,1.3289369604763124e-13
AsZr,439,1.2426391522277007,4.551914400963142e-15
AsZr,443,1.5270861343720454,2.188369485622843e-10
AsZr,446,1.19538450607341,1.1957101975212936e-13
AsZr,447,1.334275663041531,3.6770519962203707e-10
AsZr,448,1.2120314513289339,4.440892098500626e-16
AsZr,449,1.384121343184289,4.269784525945397e-10
AsZr,450,1.2299074987706504,7.177025640459078e-11
AsZr,452,1.205638357790363,8.297523779177141e-10
AsZr,454,1.359268164606965,5.728750807065808e-14
AsZr,460,1.2308036101152342,4.955613697177341e-11
AsZr,461,1.5920860236703889,9.219198737753231e-10
AsZr,462,1.3854258155490178,7.34279304026586e-11
AsZr,469,1.2095694293509318,1.1102230246251565e-15
AsZr,470,1.5779870702348844,3.650080238060127e-11
AsZr,473,1.6059346508109438,6.505906924303417e-14
AsZr,474,1.466418119016077,4.440892098500626e-16
AsZr,475,1.2483124062073767,4.9265036494716696e-11
AsZr,481,1.3531850996477426,1.5862866575844237e-12
AsZr,482,1.2741120260892569,1.37480804518475e-10
AsZr,484,1.3049020289038429,2.556199696357453e-11
AsZr,485,1.5024110348762156,1.3988810110276972e-14
AsZr,488,1.2335539301771752,8.982154686698607e-09
AsZr,491,1.2202170726462003,1.0413891970983968e-13
AsZr,495,1.5730292257311251,1.709743457922741e-14
AsZr,501,1.2897122051975274,3.268274539891536e-12
AsZr,502,1.3294383485105485,3.3306690738754696e-16
AsZr,507,1.3625354729752437,1.2712053631958042e-13
AsZr,508,1.3992882063128023,2.0621282459387658e-12
AsZr,510,1.281007085547604,7.065459328714496e-13
AsZr,511,1.3940162954417472,2.3486890210477895e-09
AsZr,517,2.552750373497472,9.459100169806334e-14
AsZr,518,1.207599905396106,7.327471962526033e-15
AsZr,519,1.2131314543922447,3.084199562408685e-13
AsZr,521,1.207242111858359,2.6645352591003757e-14
AsZr,522,1.5948177636208922,4.440892098500626e-16
AsZr,523,1.3898149719830528,2.4580337765200966e-13
AsZr,529,1.3579125363916082,7.771561172376096e-16
AsZr,530,1.1953578692528664,1.3988810110276972e-13
AsZr,531,1.2953720770768213,3.3306690738754696e-16
AsZr,532,1.2254043502917111,6.281863917934061e-12
AsZr,536,1.3334181003682204,5.551115123125783e-16
AsZr,537,1.1916521869498526,1.368904989362818e-13
AsZr,539,1.482813276329974,1.7958190490219295e-11
AsZr,541,1.3281704825123353,4.222244776030948e-11
AsZr,543,1.3428091909843654,3.341771304121721e-14
AsZr,545,1.5559622718193424,9.459100169806334e-14
AsZr,546,1.2035695009052403,7.127631818093505e-14
AsZr,549,1.3640783577535511,7.806999491322131e-11
AsZr,550,1.2579637141341493,6.195044477408373e-14
AsZr,552,1.3127582868646086,2.6220773330365432e-09
AsZr,558,1.1908478712611241,7.022160630754115e-13
AsZr,559,1.2926455505764893,1.4965118033671843e-10
AsZr,560,1.2289021169568826,2.215228001034575e-12
AsZr,563,1.5592580295757577,8.404388296412435e-13
AsZr,564,1.2228748677795211,8.43769498715119e-15
AsZr,566,1.2629731761539318,9.200862294278522e-12
AsZr,568,1.3628011950194494,2.220446049250313e-16
AsZr,569,1.4058367581909883,5.551115123125783e-16
AsZr,570,1.2754255202963283,4.884981308350689e-15
AsZr,571,1.2449289984344638,2.617905892066119e-13
AsZr,575,1.2345442914765088,2.684473754399619e-09
AsZr,576,1.4340606211930524,3.968980699653457e-10
AsZr,577,1.6602213334994511,1.9824375474541966e-10
AsZr,581,1.201168334522767,1.4641732271059027e-11
AsZr,582,1.2244756908659498,1.0205170042354439e-12
AsZr,585,1.5604574008513528,6.481482017761664e-13
AsZr,586,1.4024922045067219,1.708832741975641e-09
AsZr,588,1.5116118118963864,3.552713678800501e-15
AsZr,591,1.215493972786655,1.7653364325909138e-09
AsZr,592,1.4333685868964163,1.5371564021648965e-09
AsZr,596,1.598968454006404,5.296429961276772e-11
AsZr,599,1.2880755585137602,7.598300877376118e-10
AsZr,601,1.1634299095579057,5.551115123125783e-15
AsZr,603,1.267706736756795,6.217248937900877e-15
AsZr,612,1.2446131482306675,6.439293542825908e-15
AsZr,613,1.2674343291754524,6.661338147750939e-16
AsZr,614,1.308657603913992,8.233449477756949e-10
AsZr,615,1.2067154655634993,1.1427525592466736e-12
AsZr,616,1.3209555141205536,3.65107943878229e-12
AsZr,618,1.3333217814419691,7.216449660063518e-15
AsZr,619,1.2123112821016597,1.4947773019358124e-09
AsZr,622,1.189229986348954,8.660183681286071e-12
AsZr,624,1.5427943384390168,4.957145804951324e-13
AsZr,625,1.194888263492166,8.171241461241152e-14
AsZr,630,1.3228530138509245,2.820101929756902e-10
AsZr,631,1.5058878697718867,7.641309807127072e-11
AsZr,632,1.204551130844791,1.885347433727702e-11
AsZr,633,1.3835459500754543,5.417888360170764e-14
AsZr,634,1.3900164560891362,1.3322676295501878e-15
AsZr,635,1.3392843280548152,2.0902701791669642e-10
AsZr,636,1.2430809820097486,1.920603787120001e-09
AsZr,639,1.5507708726571419,1.861272991288132e-08
AsZr,641,1.716808061046379,9.084952790061607e-10
AsZr,644,1.4381726871913751,4.3076653355456074e-14
AsZr,646,1.2754611503402158,1.7985612998927536e-14
AsZr,648,1.1963245022016702,2.8886892877721948e-11
AsZr,650,2.171150857033295,5.551115123125783e-16
AsZr,651,1.185311113838804,5.440092820663267e-14
AsZr,655,1.2860278815882444,7.323142092729995e-11
AsZr,659,1.3572512400163907,2.024713730008898e-12
AsZr,665,1.7602510401913272,6.101563698734935e-12
AsZr,667,1.2263612534549424,3.697042672001771e-12
AsZr,668,1.2798428607989982,3.4324765252335965e-12
AsZr,671,1.652046949029803,3.05089287166993e-13
AsZr,672,1.2416838277420752,2.220446049250313e-16
AsZr,673,1.2781876051672627,1.1408651801048109e-11
AsZr,674,1.207933389330646,2.4424906541753444e-15
AsZr,677,1.2450379848219353,3.681905891284032e-10
AsZr,679,1.2782766486362338,2.2249757591907837e-11
AsZr,681,1.4598782889936575,1.9984014443252818e-15
AsZr,684,1.3043870332739247,3.1192477489838666e-09
AsZr,686,1.2459973478485467,1.1102230246251565e-16
AsZr,691,1.4079563797735437,3.810458615305379e-10
AsZr,692,1.3161881356911644,4.159927957658738e-11
AsZr,693,1.290646694739161,1.9821144725540307e-10
AsZr,695,1.1980522977140051,5.1514348342607263e-14
AsZr,696,1.1309207686708938,1.2614875810612602e-09
AsZr,698,1.367542812801651,4.0613834517699843e-10
AsZr,699,1.3414247287486172,1.6038281813735011e-12
AsZr,702,1.2833093941388976,4.790084995320854e-10
AsZr,703,1.372220349642347,1.072455457773458e-10
AsZr,704,1.4778370921820265,4.796163466380676e-14
AsZr,705,1.5750342033437736,2.793308917503623e-09
AsZr,706,1.582210124063084,2.9618647534590536e-09
AsZr,707,1.197854660861849,8.881784197001252e-16
AsZr,708,1.2301303063577644,1.080576739198591e-10
AsZr,712,1.356362350517843,1.2604361998569402e-12
AsZr,714,1.2818253336298615,2.077671368283518e-12
AsZr,717,1.503968082938417,2.3381296898605797e-13
AsZr,719,1.207429093873524,2.2766744045554788e-10
AsZr,725,1.4202826699381992,5.403255620706204e-10
AsZr,726,1.202590911972875,2.059796777587053e-12
AsZr,727,1.2024726550085851,1.021627227260069e-12
AsZr,728,1.185661417883195,1.6820203008194312e-09
AsZr,729,1.2561364407084632,4.2743586448068527e-14
AsZr,732,1.409820015515751,4.57522908448027e-13
AsZr,735,1.1868461361923732,5.417888360170764e-14
AsZr,738,1.2833815855501252,5.551115123125783e-16
AsZr,743,1.4645744456970498,7.771561172376096e-16
AsZr,744,1.3952164471847102,2.4424906541753444e-15
AsZr,746,1.3173509635119567,1.0611511669367246e-10
AsZr,748,1.694493506989641,2.220446049250313e-16
AsZr,749,1.302262799573773,2.087202632949925e-10
AsZr,751,1.4302325000328935,5.492420962482925e-10
AsZr,753,1.2467991454991594,1.3131717935266352e-12
AsZr,754,1.3084037010738316,2.0678225798320682e-10
AsZr,758,1.3949927741481363,6.710187960834446e-13
AsZr,759,1.4183842994842464,2.9698465908722937e-12
AsZr,760,1.2102611209640577,5.538303815555423e-09
AsZr,761,1.2663314026180976,7.033040816395442e-12
AsZr,762,1.3777321774334297,2.7223894250028025e-09
AsZr,763,1.3051459637563458,2.3314683517128287e-15
AsZr,768,1.2320401148776585,4.640320683257926e-09
AsZr,769,1.2486667610503928,1.865174681370263e-14
AsZr,770,1.250848039528919,3.64857588586176e-10
AsZr,771,1.3936369998261762,1.7669199436909366e-11
AsZr,773,1.3981100032596705,9.059419880941277e-13
AsZr,774,1.2331029301613488,5.094009658535015e-10
AsZr,776,1.2044493992086103,3.846256646511392e-12
AsZr,777,1.234105473032425,3.2307490016592055e-14
AsZr,779,1.1787220633211999,9.214851104388799e-14
AsZr,780,1.1993280645351014,3.0586644328423063e-13
AsZr,781,1.4811431690612211,7.771561172376096e-16
AsZr,783,1.2774392044563967,7.771561172376096e-16
AsZr,784,1.8278752279782176,2.886579864025407e-15
AsZr,788,1.3448207846155091,9.303668946358812e-14
AsZr,789,1.2360806601057681,1.9023116415439745e-11
AsZr,790,1.463730019930028,3.8813063873988085e-11
AsZr,791,1.3486661710751073,8.967271369897389e-13
AsZr,792,1.4998417781302211,2.983129299138909e-10
AsZr,793,1.262363712317896,1.354472090042691e-14
AsZr,794,1.648859186350943,3.419486915845482e-13
AsZr,795,1.4578971675438661,3.639488710405203e-11
AsZr,797,1.3019344124387546,3.880723742355485e-09
AsZr,798,1.5813757586167136,1.3122076314431297e-08
AsZr,800,1.195687095530662,1.066774446556451e-10
AsZr,801,1.2236251517407148,8.280265362259343e-12
AsZr,803,1.342126825185788,7.949196856316121e-14
AsZr,804,1.2612192930393813,1.0670841987803215e-10
AsZr,806,1.1579681711987988,5.5446586322283054e-08
AsZr,807,1.2870565508573724,8.548717289613705e-15
AsZr,809,1.318700227235636,4.6629367034256575e-15
AsZr,810,1.3291901552686736,9.597811434503001e-11
AsZr,811,1.4888995687284132,2.4658053376924727e-13
AsZr,813,1.3317096472829055,3.5571545708990016e-13
AsZr,815,1.2225593489689772,3.963496197911809e-14
AsZr,816,1.197729369049827,1.4031221740040678e-09
AsZr,819,1.198483176689656,5.011990822367807e-11
Se2V,1,2.2706842351618963,9.992007221626409e-16
Se2V,2,1.7162466041892894,2.1094237467877974e-15
Se2V,4,2.7885031630110895,2.7338131758369855e-12
Se2V,7,1.9197329454372796,2.1651791470844728e-11
Se2V,9,1.5422059283046299,3.219646771412954e-15
Se2V,10,1.2488199371162336,2.6867397195928788e-14
Se2V,11,1.6041167302560164,4.440892098500626e-16
Se2V,12,1.7261148456153768,0.0
Se2V,13,1.790288721762513,6.447886669036507e-11
Se2V,14,1.9239252842736108,6.217248937900877e-15
Se2V,17,1.9602118459046787,2.9976021664879227e-15
Se2V,19,1.231716841418951,2.353672812205332e-14
Se2V,20,1.617458444836998,9.992007221626409e-16
Se2V,23,1.5082805379061974,6.808280605952177e-10
Se2V,25,1.6580338897417757,2.220446049250313e-16
Se2V,26,1.4011250231692336,5.246181267182237e-10
Se2V,32,1.7694527128929365,9.992007221626409e-16
Se2V,33,1.9449744748383688,5.3680837552860794e-11
Se2V,37,1.310178753577754,9.642286968869485e-13
Se2V,38,1.7442216691830636,7.771561172376096e-16
Se2V,40,1.4494239809659757,8.564851050607558e-10
Se2V,41,1.8840287893421606,5.167533068117791e-12
Se2V,43,1.4702120347057033,3.774758283725532e-15
Se2V,44,1.8297438469304954,9.860334770905865e-12
Se2V,53,1.9706092067997634,3.351801058926185e-10
Se2V,54,1.5184273841127947,3.774758283725532e-15
Se2V,55,1.280423850703025,6.872280522429719e-14
Se2V,56,1.502562458544429,2.5490720645393594e-13
Se2V,60,1.3418071048269182,1.310637154361416e-10
Se2V,62,1.4185845019768744,1.8650636590678005e-12
Se2V,68,1.3984362609311423,3.1086244689504383e-15
Se2V,72,1.4536873675875344,3.90247834047841e-11
Se2V,74,1.5519461116386573,5.995204332975845e-15
Se2V,76,1.4834529496675941,7.291944825738028e-13
Se2V,77,2.029600064598912,1.2495837697912293e-10
Se2V,84,1.6929295604882841,8.524292383071952e-13
Se2V,86,1.6552762156375826,1.4988010832439613e-14
Se2V,87,1.5277331202443705,1.9984014443252818e-15
Se2V,89,1.4650364878146038,1.0480505352461478e-12
Se2V,90,1.8204379516510834,5.551115123125783e-16
Se2V,92,1.4580521646341924,5.047073869945962e-13
Se2V,97,1.6691354279943689,5.289102489314246e-12
Se2V,98,1.5274073571594127,1.4982681761921413e-11
Se2V,99,1.349041702506478,3.3306690738754696e-16
Se2V,102,1.6428132221391716,4.440892098500626e-16
Se2V,103,1.4789924766230378,8.881784197001252e-15
Se2V,104,1.604887959148538,6.128431095930864e-14
Se2V,106,1.5614412208311628,2.234212814755665e-12
Se2V,110,1.575061788917229,2.6319613155578736e-11
Se2V,111,1.436442909832728,2.637889906509372e-13
Se2V,113,1.5055184596021824,6.644440553316144e-11
Se2V,115,1.5235038680298332,1.0882406087375784e-12
Se2V,124,1.610495299143263,0.0
Se2V,127,1.4372470134748843,1.9119816840884596e-11
Se2V,130,1.3959931932380203,7.993605777301127e-15
Se2V,133,1.9153698614104122,1.4432899320127035e-15
Se2V,136,2.0072148055446664,5.551115123125783e-16
Se2V,138,1.4948158524550723,4.440892098500626e-15
Se2V,139,1.4394343085446633,1.4077627952246985e-13
Se2V,147,1.5212991981750854,2.3451773856209e-10
Se2V,148,1.4085606637291095,1.1699285984434482e-09
Se2V,150,1.465561536960908,1.1102230246251565e-15
Se2V,151,1.7782887116253359,2.5109292423053375e-10
Se2V,153,1.43422242156877,4.440892098500626e-16
Se2V,156,1.392559330649519,2.8920787986663754e-10
Se2V,157,2.0146862980231384,1.2070344723724702e-12
Se2V,158,1.2291977529804377,4.440892098500626e-15
Se2V,159,1.4098975511180125,4.440892098500626e-16
Se2V,160,1.3466578054063896,3.9968028886505635e-15
Se2V,161,1.4437610677371713,6.405986852087153e-13
Se2V,162,1.3847319099428506,2.421276512620807e-10
Se2V,165,1.5011901098702691,2.4424906541753444e-15
Se2V,167,1.437761502755005,7.980283101005625e-13
Se2V,170,1.3618032272215541,4.5942494253381483e-10
Se2V,174,1.4111318283749357,3.241851231905457e-14
Se2V,181,1.3029027784610538,2.1893598045608087e-13
Se2V,186,1.7866098777593447,3.402145232200837e-11
Se2V,194,1.2566149825846944,3.7136960173711486e-13
Se2V,207,1.454830958553857,4.924949337237194e-13
Se2V,209,1.3594724772282145,1.2545520178264269e-14
Se2V,213,1.5349021026957292,3.6404212977458883e-13
Se2V,214,1.6340348762511054,2.220446049250313e-16
Se2V,216,1.3707452381475895,7.207567875866516e-13
Se2V,222,1.6637425118184814,9.992007221626409e-16
Se2V,224,1.639569113494013,1.4432899320127035e-15
Se2V,231,1.4521294238640576,9.170442183403793e-14
Se2V,236,1.5347393946965364,8.916423155369557e-12
Se2V,237,1.372552847769868,9.992007221626409e-16
Se2V,243,1.4565967152004817,2.137059973428279e-09
Se2V,244,1.548177238737785,9.992007221626409e-15
Se2V,246,1.680666722983827,4.440892098500626e-16
Se2V,247,1.6023410315738542,4.440892098500626e-16
Se2V,250,1.6241687379889747,5.481393117179323e-12
Se2V,251,1.407138046146224,5.998446184207751e-11
Se2V,258,1.637894953676489,7.771561172376096e-16
Se2V,259,1.5415246566853025,4.440892098500626e-16
Se2V,265,1.390207366972563,8.687517372152342e-11
Se2V,269,1.4254635342071718,2.795097486796294e-12
Se2V,270,1.343134553718497,9.325873406851315e-15
Se2V,273,1.4168121091716548,4.488409643954583e-12
Se2V,274,1.5026162195969461,4.440892098500626e-16
Se2V,278,1.4852332540144135,6.449072831316016e-09
Se2V,279,1.3858827829562197,3.796518655008185e-12
Se2V,287,1.3506629482712298,9.106049247975534e-13
Se2V,296,1.6428727676551007,2.9531932455029164e-14
Se2V,298,1.546156860171355,7.993605777301127e-15
Se2V,306,1.8258196744662636,2.3988411257391817e-10
Se2V,309,1.1982749686549095,3.1019631308026874e-11
Se2V,310,1.6516077338534148,2.220446049250313e-16
Se2V,317,1.4330893558471474,5.551115123125783e-15
Se2V,318,1.5619313928759844,1.6998403795653871e-09
Se2V,328,1.4049626379081834,9.341361018044836e-11
Se2V,343,1.2773082776931366,2.7533531010703882e-14
Se2V,349,1.1911417433598366,3.552713678800501e-14
Se2V,357,1.62683960160354,1.9169776876992728e-11
Se2V,358,1.2735506324126102,4.227952432600546e-10
Se2V,360,1.4385159754291021,5.186961971048731e-13
Se2V,365,1.282355370779571,8.659739592076221e-15
Se2V,370,1.6170668568800564,5.5422333389287814e-12
Se2V,375,3.0581518403717918,4.600764214046649e-13
Se2V,376,1.4309905800329736,4.596323321948148e-14
Se2V,380,1.6884703933567151,4.440892098500626e-16
Se2V,381,2.194805806759194,3.1308289294429414e-14
Se2V,382,1.335952112571216,3.375615453826697e-09
Se2V,383,1.2506175753824262,3.219646771412954e-15
Se2V,387,1.244557352503501,2.6645352591003757e-15
Se2V,388,1.443703752679078,3.219646771412954e-15
Se2V,390,1.4346304650873953,8.053557820630886e-13
Se2V,391,1.4507604650236898,4.440892098500626e-16
Se2V,399,1.3382816579563726,1.432187701766452e-14
Se2V,406,1.3852308132637576,5.88418203051333e-15
Se2V,411,1.629279840195662,5.329070518200751e-15
Se2V,414,1.2210204093548858,3.7162495303277865e-12
Se2V,415,1.5184719871753591,2.1316282072803006e-14
Se2V,418,1.3000115511531272,1.7763568394002505e-15
Se2V,421,1.355494102632078,5.129343616516735e-10
Se2V,423,1.4870029114220686,3.5704772471945034e-13
Se2V,429,1.464779374919387,2.7755575615628914e-14
Se2V,432,1.5646356321412305,1.1102230246251565e-15
Se2V,435,1.7627691213210244,6.248597195224193e-10
Se2V,443,1.5270861343720454,5.0713433452642676e-11
Se2V,449,1.384121343184289,1.6227830190729264e-10
Se2V,454,1.359268164606965,4.3076653355456074e-14
Se2V,461,1.5920860236703889,1.341149413747189e-13
Se2V,462,1.3854258155490178,1.0220135848726386e-10
Se2V,470,1.5779870702348844,1.7763568394002505e-15
Se2V,473,1.6059346508109438,1.06403774680075e-11
Se2V,474,1.466418119016077,1.0377609882539218e-10
Se2V,485,1.5024110348762156,4.440892098500626e-16
Se2V,495,1.5730292257311251,2.9753977059954195e-14
Se2V,508,1.3992882063128023,2.5757174171303632e-14
Se2V,510,1.281007085547604,1.2774337143639514e-11
Se2V,511,1.3940162954417472,4.5774939394505054e-11
Se2V,517,2.552750373497472,1.0436096431476471e-13
Se2V,519,1.2131314543922447,4.721778523730791e-13
Se2V,522,1.5948177636208922,1.0379475057220588e-12
Se2V,523,1.3898149719830528,6.794564910705958e-13
Se2V,531,1.2953720770768213,2.7200464103316335e-14
Se2V,532,1.2254043502917111,1.8496315590255108e-13
Se2V,539,1.482813276329974,1.8252066524837574e-13
Se2V,545,1.5559622718193424,1.4485092014737688e-09
Se2V,563,1.5592580295757577,7.771561172376096e-15
Se2V,568,1.3628011950194494,5.773159728050814e-15
Se2V,569,1.4058367581909883,2.6201263381153694e-13
Se2V,576,1.4340606211930524,1.279842898327388e-11
Se2V,577,1.6602213334994511,3.3306690738754696e-15
Se2V,585,1.5604574008513528,3.219646771412954e-14
Se2V,588,1.5116118118963864,6.927791673660977e-14
Se2V,592,1.4333685868964163,6.328271240363392e-14
Se2V,596,1.598968454006404,4.9353632292081784e-11
Se2V,616,1.3209555141205536,4.440892098500626e-16
Se2V,624,1.5427943384390168,2.644551244657123e-13
Se2V,625,1.194888263492166,1.7191137402505774e-11
Se2V,631,1.5058878697718867,2.9044766591823645e-11
Se2V,635,1.3392843280548152,9.992007221626409e-16
Se2V,639,1.5507708726571419,1.0654988003011567e-10
Se2V,641,1.716808061046379,2.942091015256665e-14
Se2V,644,1.4381726871913751,2.7977620220553945e-14
Se2V,650,2.171150857033295,4.417022303471185e-12
Se2V,665,1.7602510401913272,5.180620377132072e-10
Se2V,671,1.652046949029803,1.509903313490213e-14
Se2V,676,1.5211645510157898,8.58424442640171e-13
Se2V,679,1.2782766486362338,1.663456039580069e-10
Se2V,681,1.4598782889936575,5.1908477516349194e-12
Se2V,684,1.3043870332739247,7.738254481637341e-14
Se2V,703,1.372220349642347,2.974622770324231e-10
Se2V,704,1.4778370921820265,7.4469319599757e-12
Se2V,705,1.5750342033437736,7.549516567451064e-14
Se2V,706,1.582210124063084,1.674438365739661e-12
Se2V,717,1.503968082938417,1.336419863662286e-11
Se2V,725,1.4202826699381992,1.887379141862766e-13
Se2V,737,2.17654635165504,6.816769371198461e-13
Se2V,743,1.4645744456970498,5.274891634599044e-12
Se2V,744,1.3952164471847102,7.771561172376096e-16
Se2V,746,1.3173509635119567,2.0753887497448886e-10
Se2V,748,1.694493506989641,4.551914400963142e-15
Se2V,758,1.3949927741481363,3.5083047578154947e-14
Se2V,759,1.4183842994842464,5.691125348761261e-11
Se2V,762,1.3777321774334297,7.951017622076506e-11
Se2V,773,1.3981100032596705,7.37854222165879e-13
Se2V,781,1.4811431690612211,3.0626834401914493e-10
Se2V,784,1.8278752279782176,5.735412145213559e-13
Se2V,790,1.463730019930028,4.211075932403219e-13
Se2V,792,1.4998417781302211,9.992007221626409e-16
Se2V,794,1.648859186350943,3.0464519795714295e-13
Se2V,795,1.4578971675438661,4.547162646417746e-11
Se2V,798,1.5813757586167136,2.6645352591003757e-15
Se2V,799,1.7880193935350666,1.7819079545233762e-13
