key,formula,source_name,lam,w_log,w_2,w_ratio,w_max,Tc_AD,Tc_AD13,Tc_ME,Tc_ME13,ad_error,ad_error_mu13,secs
0,Cs,Cs_mp_1,0.2006497889049664,2.001151892519241,2.500571319877505,1.2495659770880998,4.7500369779,1.3845969999872222e-05,2.15953351237345e-09,0.0,0.0,,,7.779561996459961
1,AuInPdY,Y1In1Pd1Au1_mp_1215995,2.3888949155129646,2.185008840633156,4.961465128115078,2.2706842351618963,21.5502105851,5.428915609969158,4.9320506132174815,5.754273882171941,5.285492323075934,0.05820345206892342,0.06921092231661535,0.074542760848999
2,Pd2SnY,Y1Sn1Pd2_mp_5538,2.1423727819045024,3.376926138137613,5.79563801717673,1.7162466041892894,22.9502375243,7.481052313240942,6.805576808495151,7.673504304023408,7.077173166627302,0.02539992984754608,0.03913216276099689,0.05985689163208
3,Hg3Tl,Tl1Hg3_mp_11474,0.875500296971661,3.743692693037056,4.591303698067322,1.2264104119995611,9.7500923721,2.554893387742562,2.1082963350084394,2.5183609061383354,2.109323237293891,-0.014402240046909555,0.00048695824179475426,0.0775504112243652
4,AuLiSb,Li1Sb1Au1_mp_12564,1.159089293057419,3.958777167052202,11.039062651981144,2.788503163011089,37.45038048,4.327514657860719,3.769337320581265,3.9651218753495385,3.4748361527406675,-0.08745680279786,-0.0813518813604885,0.1431291103363037
7,AgSe,Ag1Se1_mp_379,1.3064095672395677,4.233537664504912,8.127261730299676,1.91973294543728,23.2502432969,5.457863191877939,4.822903333009482,5.119734853106659,4.5947229805434375,-0.06395470514999985,-0.04846763112879029,0.0775394439697265
8,BiPb,Bi1Pb1_mp_1227326,2.1180397900869075,4.281651812044577,5.175320616349706,1.2087205694286438,9.8500942963,8.942512469733186,8.20452503717272,9.167525103023902,8.439981492476608,0.02485077263749836,0.02829427990345825,0.077728271484375
9,HgLa,La1Hg1_mp_734,1.0409530168754888,4.359685598261017,6.723532975182458,1.54220592830463,12.0501094179,4.04783292239534,3.4667881788457926,3.84727881302292,3.262901723419698,-0.050815560436239506,-0.060611669771333566,0.081437349319458
10,BiNa,Na1Bi1_mp_22924,1.4582352598088368,4.512350408163565,5.635113152969234,1.2488199371162336,21.8502163578,6.520243792815354,5.8460818884162205,6.55238816240211,6.002389882351848,0.0049178213662032745,0.026386029458849297,0.0702142715454101
11,AgCdSb,Cd1Ag1Sb1_mp_542065,0.8471650680545993,4.649294716873554,7.458011439227777,1.6041167302560164,19.4501701764,2.9975762865778584,2.4475989784047294,2.8312348204055926,2.360492782128164,-0.05709110887467445,-0.03623713199253844,0.1046631336212158
12,La2Pd2Sb4,La2Sb4Pd2_mp_1078519,1.2701316667102276,4.83796046970867,8.350875389264477,1.7261148456153768,21.8502163578,6.002825441450771,5.289880514041686,5.835705978244464,5.14083702680967,-0.028235016601609517,-0.0285797465854672,0.0697908401489257
13,LiPb,Li1Pb1_mp_2314,1.4424423673872495,4.924412588700346,8.81612031885557,1.790288721762513,33.9503131321,7.1736249170411215,6.399758361895686,6.9697815676203465,6.37246439576763,-0.028827208739786524,-0.0042739636152011795,0.0925495624542236
14,PtSc,Sc1Pt1_mp_892,1.0778800927958725,4.936677846015292,9.497799328262207,1.9239252842736112,34.4503227532,4.85481694177298,4.180546672225193,4.628079534281886,4.103063401200547,-0.04782940130140026,-0.01870815507285227,0.1818115711212158
15,Ba,Ba_mp_122,0.2861422085153925,4.967550396065658,5.600868427036886,1.1274910127681486,10.0500845391,0.0172167773217488,0.0020888066393321,0.0216869163850394,0.0,0.23082481306110236,,10.384474754333496
16,Bi2In2,In2Bi2_mp_23313,0.8924752152771198,5.028475115235771,6.819037417425922,1.3560845507149728,14.1500681924,3.571184678869739,2.9598063342937952,3.4505269213416963,2.886293953925951,-0.034370433359768145,-0.02515052829004844,0.0669753551483154
17,AlAu2Sc,Sc1Al1Au2_mp_10873,1.0914325743976525,5.131301238527061,10.058437472666094,1.960211845904679,33.2502996625,5.143878769077705,4.43848028268582,4.854453484919483,4.288424030802474,-0.05791089128119619,-0.03439273251919871,0.1260311603546142
18,CdTe,Cd1Te1_mp_2388,1.1885328171058949,5.254189509787139,6.44727161350348,1.2270725297391634,15.8501009042,5.869151445416743,5.144597727131381,5.811555191232815,5.178088935914033,-0.00986185558360581,0.006488877826010068,0.0587658882141113
19,Au4Bi2,Bi2Au4_mp_570113,0.6615228063456199,5.465885745233828,6.732423525676279,1.231716841418951,23.4502471454,1.979080371556189,1.4689783090873785,2.023450498823066,1.6011521559633786,0.02217194388602411,0.0861563362619446,0.1823091506958007
20,CaHg2,Ca1Hg2_mp_11287,0.4835149962281908,5.483117639939987,8.868714930755642,1.617458444836998,25.7502914026,0.690962643595171,0.4010001941854845,0.6739350296531633,0.4442956994043719,-0.024952049846320195,0.10252841884948972,0.7892398834228516
21,Pb,Pb_mp_20483,1.0468922315884936,5.64893184972875,6.222170248777535,1.1014773083297704,9.9500826148,5.201888969420347,4.47439892067493,5.192288624314557,4.478958994355204,-0.0018472549173212589,0.0010186287910851277,0.0431241989135742
22,Cd2Te2,Cd2Te2_mp_1066480,0.6306747534265844,5.877499281020395,7.188597162929205,1.2230707005175832,16.2501086011,1.863491191388909,1.3476653299424937,1.859876253012128,1.4095651805531746,-0.0019417581351192272,0.04490756413437126,0.1232109069824218
23,AuY,Y1Au1_mp_11261,0.6175045358667516,5.905150361643385,8.906623363876461,1.5082805379061974,22.5502298274,1.7664204689774723,1.2607905866619458,1.6900248662157349,1.272018609060523,-0.044211922432431834,0.008866120644669578,0.1884911060333252
24,NaPb3,Na1Pb3_mp_20555,0.9247078661779644,5.920862910461141,6.5765522190786205,1.1107421871665006,18.1501451614,4.443402173461102,3.722090728048298,4.535265407388589,3.9020264835862624,0.02046326778137815,0.04721049528262342,0.0713152885437011
25,Au2InSc,Sc1In1Au2_mp_30395,0.6213193892729025,5.9487953794324495,9.863304342238289,1.6580338897417757,25.2502817815,1.8133356632010704,1.2989039597340943,1.7127100630353853,1.295913852703356,-0.057091108874674217,-0.002304676914048509,0.2439839839935302
26,Au2InY,Y1In1Au2_mp_22493,0.6843520855012412,5.963674680938045,8.35585382550309,1.4011250231692336,20.6501932671,2.36728044107975,1.785889911036582,2.298539543628812,1.8049406625976216,-0.029467862839005182,0.01061087673998458,0.1264233589172363
27,Bi3Sr,Sr1Bi3_mp_23159,0.825722432789206,5.97360960074951,7.095743343813472,1.1878485234326608,14.9500835862,3.629094549643298,2.9452294230147045,3.601145952194879,2.9773359939689827,-0.007731066939494846,0.010842222318840397,0.0691430568695068
28,Cd2K2Sb2,K2Cd2Sb2_mp_1018652,0.6248646594046158,5.9869994239584345,7.668833126774746,1.2809142917378686,19.0501624795,1.849972972763348,1.330424298808316,1.8474045721960903,1.4038340972542025,-0.001389309557463119,0.05370922125534337,0.1389727592468261
29,Ba2Hg,Ba2Hg1_mp_8094,0.3610789523937806,6.070385337202198,6.945559768542898,1.14417114939594,10.9492583034,0.1580483979625937,0.0536933669139199,0.1637132889800022,0.0649497301251229,0.03521535760537254,0.19032411526114687,0.8446569442749023
30,TeZn,Zn1Te1_mp_948,1.1830937352845712,6.07092313256554,7.767281711886522,1.279423498252087,18.4501509341,6.759018096661884,5.917496509654932,6.654904719073988,5.901790387271435,-0.015523492981097472,-0.0026577122233171872,0.0540390014648437
31,La4,La_mp_26,1.5005545980496393,6.071639533925746,6.845111657388228,1.127390982145868,13.0501150544,8.942048812430405,8.056126588402316,9.028744282639972,8.17024483199802,0.009648560564254982,0.014066006771517831,0.0433135032653808
32,IrMnSb,Mn1Sb1Ir1_mp_10154,1.2318273798711703,6.148752420289956,10.879926650989072,1.7694527128929365,27.8501957543,7.326101189593437,6.432005070280398,7.019992620075271,6.160007104476602,-0.04268130988871069,-0.04320838929733031,0.0739963054656982
33,CoMnSb,Mn1Co1Sb1_mp_5318,1.342206214104559,6.152019374223358,11.965520651575549,1.9449744748383688,33.8503112078,8.211137817156462,7.275747087731727,7.889228144335753,6.997151649529844,-0.039993200048347104,-0.03904334122067264,0.0811238288879394
34,CaTl3,Ca1Tl3_mp_526,0.7832508566574237,6.200870412749207,8.094981234203075,1.305458862284803,18.0501432372,3.382782645986168,2.6966103527028986,3.3142856196369674,2.70678964786742,-0.020456537779778624,0.0037677414981104724,0.0800685882568359
35,InLa3,La3In1_mp_20909,1.542077490090322,6.276175406561828,7.194403463678662,1.14630375947696,13.2501189029,9.545144523158555,8.615364235345146,9.61224936915518,8.70530747501805,0.00700566275648682,0.010385745962188135,0.0432233810424804
37,BaPtSb,Ba1Sb1Pt1_mp_8606,0.7657225471067514,6.416392415316107,8.406621017164612,1.310178753577754,23.5502490696,3.33049603262322,2.633602882176159,3.316420131031132,2.727813246966059,-0.004235324257628733,0.03514745389438676,0.115060806274414
38,MnPtSn,Mn1Sn1Pt1_mp_21418,0.7759573138746831,6.423980381057528,11.204845783047414,1.7442216691830636,26.850176512,3.4491521371971645,2.7380734539778544,3.143279748291193,2.5367681507415063,-0.09286168287710564,-0.07636366484186134,0.1213185787200927
39,GaLa3,La3Ga1_mp_20487,1.7281498942144002,6.48329241956384,7.545543755203467,1.1638444276297335,13.8500624197,11.117069162557154,10.11150397728449,11.228805674706855,10.239243187306506,0.010000722212398349,0.012553926068402646,0.0434973239898681
40,AuCdSb,Cd1Sb1Au1_mp_16246,0.5105276858606158,6.494073575194159,9.412665974043865,1.4494239809659757,18.4501509341,1.0189099425623145,0.6268276910062668,0.9485891972196984,0.6191101948956017,-0.07151282581777646,-0.012388410208606078,0.2486798763275146
41,LiTl,Li1Tl1_mp_934,1.101913131681949,6.508427688448542,12.262065138388705,1.8840287893421608,35.8503496924,6.618011796936913,5.719508714009893,6.23366011393817,5.520226769141519,-0.05983133353673868,-0.035463971732506934,0.0955970287322998
42,Au2Sn2,Sn2Au2_mp_1775,0.5979296620297107,6.555895056644676,8.857282323648326,1.351040894815895,21.950218282,1.7768429847547604,1.2429732535496414,1.733055673442899,1.28147905589609,-0.02495204984632008,0.030508628621821698,0.1690132617950439
43,PbSe2Ta,Ta1Pb1Se2_mp_567736,1.038106350921666,6.5881569685457855,9.685987661686257,1.4702120347057033,34.8503304501,6.082426733904195,5.208078514208577,6.007113011638665,5.286059628672728,-0.012459481195875997,0.014862116123440803,0.1012418270111084
44,AgAsMg,Mg1Ag1As1_mp_3477,0.3114306711356417,6.593231585940716,12.063924925762816,1.829743846930496,32.7502900414,0.0532848987527385,0.0104722401742661,0.0628358390085318,0.0218759537173257,0.1648726299817261,0.7366600665556502,46.779154777526855
45,BaHg,Ba1Hg1_mp_2197,0.3298522087559563,6.6117226644413964,7.598964749301711,1.1493169231325773,10.7500980086,0.0875525807259694,0.0220523971823832,0.090707305859264,0.027415928870549,0.03539836812898691,0.21770287838051883,1.6153771877288818
46,Hg2Pt,Hg2Pt1_mp_11470,0.2985360599366949,6.665163190040387,8.571575545823077,1.28602635845907,20.9501990397,0.0359636336710271,0.0056700992166886,0.0467149454015321,0.0130929583303122,0.2615558914077094,0.8368679375270234,21.368701934814453
47,Hg2La,La1Hg2_mp_11463,0.7239294708614219,6.745747930961951,8.255632102320085,1.2238275409651755,16.8471268916,3.0695703905423195,2.375638933081559,3.006314180520694,2.3780644268079074,-0.020822810198981925,0.0010204649946381975,0.078458547592163
48,InSb,In1Sb1_mp_10149,1.292828099217312,6.797086172987685,8.764292554636752,1.2894190733474804,16.9501220707,8.517230262730049,7.540353891046057,8.496819500000406,7.524759804546716,-0.002399284450863324,-0.0020702256065116605,0.0447218418121337
49,HgSr,Sr1Hg1_mp_542,0.561133199481014,6.799955137390038,8.004291370214299,1.177109438002338,14.2500701166,1.4977522749215002,1.001709082437682,1.4848408057373912,1.0364273107613236,-0.008657935888889618,0.034071897304783695,0.1039004325866699
50,AuTe3,Te3Au1_mp_1217358,0.5622743542517689,6.878214553396916,8.721746121024653,1.2680247255034056,22.6502317516,1.5274887617676574,1.0229285227346463,1.5241072151844188,1.0925101730549018,-0.002216248804160222,0.06580834538615103,0.1986598968505859
51,Pb3Y,Y1Pb3_mp_20291,0.7515778694856085,7.006036554200284,8.261109498443066,1.1791416494237867,15.5500951316,3.47527572901365,2.730766841392971,3.422370130009826,2.732240545458665,-0.01534049083031182,0.0005395211820465151,0.0652158260345459
52,HgY,Y1Hg1_mp_2399,0.5671493646139167,7.019465889121576,9.379911925173127,1.3362714590165126,19.1501644037,1.6057841378353408,1.082289819066492,1.5538817425081757,1.1026855660698924,-0.032856046396949945,0.018669628553919612,0.1469571590423584
53,Ag2InLi,Li1In1Ag2_mp_567787,0.408964586474663,7.073409272854173,13.938925436549251,1.970609206799764,38.7504054949,0.3973568351022626,0.1799291342710381,0.3834725668031049,0.2156448055566654,-0.03556662146645385,0.1810695605481212,2.421752452850342
54,MgTl,Mg1Tl1_mp_11498,0.5550692972846629,7.075122751202274,10.743060131384988,1.5184273841127949,22.0502202062,1.506923827799316,0.9986177209042342,1.4135661102026384,0.9890713617919475,-0.06395470514999996,-0.009605559135232877,0.1858842372894287
55,PtSbSr,Sr1Sb1Pt1_mp_8605,0.6408856607163981,7.108695652006741,9.102143460218322,1.280423850703025,25.050277933,2.361263174703466,1.7229228897101232,2.3804772630668625,1.843565875981553,0.008104278915935277,0.06767946920596979,0.1361420154571533
56,HgMg,Mg1Hg1_mp_1408,0.5516085929990526,7.13391709027402,10.71915600221425,1.502562458544429,27.1501822847,1.486914737052049,0.9804435502726728,1.4687988469776951,1.055082838741233,-0.012258371057583307,0.07336949137135615,0.2319750785827636
57,SrTl,Sr1Tl1_mp_2434,0.2327877722050071,7.190996865907053,8.773412225547716,1.2200550756937456,14.1500681924,0.0013824147132249,1.652512498509143e-05,0.0,0.0,,,10.008917331695557
58,Au2HfIn,Hf1In1Au2_mp_574025,0.4215614693730257,7.231047463639098,8.926826857428921,1.2345136582655487,18.850158631,0.4773012230435243,0.2283303561778397,0.4956718381931742,0.2738387233523873,0.037766304784566745,0.18174582131894512,0.5136170387268066
59,Bi4Cs2,Cs2Bi4_mp_23163,0.1031394245095507,7.27541351800757,7.755671655422898,1.0660111121143323,10.6500960844,0.0,0.0,0.0,0.0,,,2.633557081222534
60,Pd2ScSn,Sc1Sn1Pd2_mp_4897,0.7921687584313142,7.310523897615271,9.809312905827143,1.3418071048269182,29.1502207692,4.08975868438823,3.272355631587621,4.060493058718018,3.375514100425521,-0.007181557667962539,0.031037536581304474,0.1183967590332031
61,AlLa3,La3Al1_mp_10889,1.3713289844091698,7.3776617724855,8.77691542377226,1.1896608565745292,23.0502394485,9.869045911537494,8.80528480624351,9.913161006754745,8.964213625531055,0.004460085624308613,0.017888299758303864,0.0508077144622802
62,CaIn,Ca1In1_mp_20263,0.5663740652662572,7.424183096668913,10.531831080773198,1.4185845019768744,24.150260615,1.691859723554795,1.1389684395526685,1.6521911243631469,1.1890123915695383,-0.023725990926018486,0.04300006432367017,0.1946437358856201
63,Pt2Sb2,Sb2Pt2_mp_2845,0.7814899208223105,7.469896143199786,9.69980686331254,1.2985196416877565,25.050277933,4.054575208335224,3.229702795921108,3.996598740541263,3.281234642550551,-0.014402240046909555,0.015829647626963404,0.0963237285614013
64,BaCd,Ba1Cd1_mp_527,0.302188559538128,7.503190690754616,8.369305996218786,1.115432932623103,11.4500978725,0.0455905612710144,0.0076889858833131,0.0490145050274256,0.0105783257920518,0.07241556984864897,0.3190182711016333,6.238049030303955
65,Au2InZr,Zr1In1Au2_mp_581707,0.4309359245775033,7.527760722883436,10.203917853264342,1.3555050736729355,21.6502125093,0.5569068411897075,0.2762785850936104,0.5619975152076663,0.3200254100041946,0.009099453611881098,0.14699067597363916,0.5754382610321045
66,Sr,Sr_mp_76,0.1219918396560921,7.562512125386028,8.36500248518916,1.1061142576035432,13.5501246756,5.5236013351089e-34,0.0,0.0,0.0,,,3.2985548973083496
67,Au2Cd2,Cd2Au2_mp_1404,0.3468517215939607,7.614001158063447,9.544988652023596,1.2536100867170448,19.2501663279,0.1489856121749714,0.0448244045051958,0.1638723506922797,0.0646927712571817,0.09523803661677441,0.36689673365179226,2.3289496898651123
68,GaNi2Zr,Zr1Ga1Ni2_mp_22580,1.141660442803319,7.672524134583961,10.729535962671545,1.3984362609311425,28.9502169208,8.16316813207093,7.103440862728836,7.980798609992908,7.0491412038993,-0.022593862210574824,-0.007673500851759661,0.0656087398529052
69,CaPb3,Ca1Pb3_mp_20549,0.4809597574510732,7.6998664307737394,9.141624507495486,1.187244556731469,19.2501663279,0.9462383841869388,0.546071159955352,0.9732652943753932,0.617929010523464,0.028162172063664406,0.12362428431522952,0.2515571117401123
70,Bi2Pt2,Bi2Pt2_mp_1066078,0.5585754359949993,7.729079442786264,9.189205291539142,1.1889132929168749,22.0451860958,1.6766248234512595,1.1173114074061867,1.7002529481884252,1.213560211653684,0.013994294105561599,0.08263309281116062,0.1579542160034179
71,Bi4Rb2,Rb2Bi4_mp_23253,0.0474486972296795,7.768144160298535,8.471909599452855,1.090596341240824,12.4501171148,0.0,0.0,0.0,0.0,,,2.4085052013397217
72,CaHg,Ca1Hg1_mp_11286,0.3654575903915671,7.785761195594786,11.31806269708936,1.4536873675875346,23.0502394485,0.2203371229087356,0.0773622702021448,0.2310560799286085,0.1037101081417839,0.04750170099269225,0.29310038867618204,2.000170946121216
73,LaTl3,La1Tl3_mp_2001,0.4731673585500182,7.85589284537131,9.027389172043662,1.1491232568634893,15.0500855104,0.8995230636285966,0.5091031157181125,0.8988499882244391,0.5424562970621458,-0.0007485381688649148,0.06345694281796607,0.1862344741821289
74,HgSc,Sc1Hg1_mp_11471,0.4711679595927368,7.868682032810969,12.211770484541947,1.5519461116386573,26.850176512,0.8870657765491271,0.4991530149656374,0.8559527461906236,0.5383532141911516,-0.03570396419017595,0.0756021847289709,0.4144814014434814
75,IrSr2,Sr2Ir1_mp_1062620,0.2774490473635145,7.874387479169175,9.557460838237915,1.213740225956765,19.3501682521,0.0192747019897655,0.0018725240914561,0.0260852786112469,0.0,0.3025776589582683,,17.584819793701172
76,LiSe2Zr,Li1Zr1Se2_JVASP_35970,1.0531865960549345,7.901742774413543,11.721863626218369,1.483452949667594,40.8503098466,7.46484687752695,6.4081141141462,7.352044607939039,6.46618919646152,-0.015226466236803614,0.009021921393710679,0.0946204662322998
77,HgLi,Li1Hg1_mp_2012,0.612533124716365,7.967532228668205,16.1709039259989,2.029600064598912,40.3503002255,2.3295000234472054,1.6540685765800869,2.1520679744227182,1.6322924627474555,-0.07922443391170449,-0.01325261119260235,0.2545516490936279
78,LaPb3,La1Pb3_mp_21432,0.5731888193114737,7.973504155411292,8.858322793319294,1.1109698597582736,14.9500835862,1.8821326683312312,1.2794649339008848,1.873491686318596,1.3153406177528093,-0.004601630218775607,0.027653686848935086,0.0920450687408447
79,Bi4K2,K2Bi4_mp_23279,0.0396161983495703,8.066146245251241,9.177761106457002,1.1378123861639873,14.0500662682,0.0,0.0,0.0,0.0,,,2.7199490070343018
80,La3Sn,La3Sn1_mp_1681,0.9248069564934444,8.144070581980994,8.87023173813352,1.089164398668054,14.1500681924,6.10490911625095,5.115275749121855,6.093083963655019,5.127140118434166,-0.0019388691603458642,0.0023167140979686294,0.0432660579681396
81,Ag2InY,Y1In1Ag2_mp_569823,0.4044553814401515,8.178321664631948,10.714227487763448,1.310076556917332,21.7502144336,0.4313518372446975,0.1912677724398693,0.4391868869119896,0.2279166568584711,0.018000948188419005,0.17530562585465795,0.5867865085601807
82,Cd,Cd1_mp_1096861,0.5696970022487013,8.201785601482086,9.68578304342031,1.1809358978696127,15.75009898,1.900287927219673,1.2856221230969629,1.8440939881439675,1.2786620630225234,-0.030017321788404258,-0.005428475676678573,0.0934724807739257
83,InPd2Y,Y1In1Pd2_mp_568880,0.5189970638922068,8.23027557011377,10.476514840419773,1.272923944182704,22.6502317516,1.3734489816632265,0.8587814582649393,1.3648823246846962,0.9192066760779738,-0.006256865198306799,0.06799651394171974,0.1909985542297363
84,MnNiSb,Mn1Ni1Sb1_mp_22541,0.9668976538236388,8.246544902055078,13.960819636583004,1.692929560488284,34.7503285259,6.79069736385282,5.72978579789142,6.35942484948622,5.434515517929856,-0.06561570004866751,-0.0529077719963557,0.0897974967956543
86,AuMg,Mg1Au1_mp_437,0.3950281019764058,8.292842026294702,13.726944166165396,1.6552762156375826,35.0503342985,0.3824555552449013,0.1616533373166669,0.4083821638178524,0.2212776281306753,0.0655909609438538,0.3139639997164814,1.874382495880127
87,FeGa2Se4,Ga2Fe1Se4_mp_1078053,0.5319892742782961,8.312335578754489,12.69903037024889,1.5277331202443705,37.638683423,1.52337298037457,0.9740793792192116,1.534925835304385,1.093871210860804,0.0075551217058866865,0.11598545439662564,0.4260282516479492
88,Au2La2,La2Au2_mp_1002136,0.3965117977036947,8.326128394771143,9.825097457506004,1.180031941817787,15.6480562002,0.3917153164065246,0.1669311791494929,0.3907944896538516,0.1853316152716325,-0.002353522398274962,0.1045651088438113,0.4298572540283203
89,Ga2Y,Y1Ga2_JVASP_20237,0.7873591396702235,8.34041560920535,12.219013191024304,1.4650364878146038,35.3503400712,4.613857648203849,3.682715982227971,4.482751797586213,3.686936126977436,-0.02882720873978698,0.0011452766421568917,0.1261665821075439
90,S2Ta,Ta1S2_mp_1690,1.3050798245146031,8.341599553425786,15.185364404532027,1.820437951651084,47.4504368455,10.733435941626391,9.485079167539327,10.222972172893742,9.176512077345375,-0.048726361854049535,-0.033072765523909954,0.0913949012756347
91,AuTe2,Te2Au1_mp_567525,0.8382093618519171,8.390902099163819,9.53829747410137,1.1367427913444363,17.9491889137,5.243076154265376,4.276196985453994,5.220438959705106,4.3206667998334485,-0.00432688816930312,0.010345682363884619,0.0570118427276611
92,Ca2Ga2,Ca2Ga2_JVASP_15694,0.5166480392489643,8.40668552483551,12.257386026885346,1.4580521646341924,27.5501899816,1.3809011860398976,0.859464353555758,1.310340184957508,0.8780354927416456,-0.05244953272296449,0.02137766685636532,0.3155202865600586
93,CaTl,Ca1Tl1_mp_2861,0.2893116454577046,8.436880221989663,11.833067040603108,1.4025405990429631,20.6501932671,0.0329590962635166,0.0042988090318834,0.0380699672855376,,0.14415842559416212,,16.160745859146118
94,CdSr,Sr1Cd1_mp_30496,0.3515595462928989,8.437738696691037,9.901230524035514,1.1734459764579346,14.2500701166,0.1820920115321904,0.0571735375982504,0.1842816053199504,0.0669010613063394,0.011952934143732495,0.15712366914065518,0.9680376052856444
95,CdSe2Tl,Tl1Cd1Se2_mp_998946,0.5790495261613764,8.4968658053668,10.099278706935134,1.188588702972832,19.1501644037,2.076367882364748,1.421504181975684,2.0464904894556697,1.4568472907992565,-0.014493787193754423,0.02455911696240004,0.1192297935485839
96,Bi2Cu2,Cu2Bi2_mp_569792,0.5155336105486557,8.49831866945228,10.059868272379632,1.183748064018879,25.3502837057,1.3810013929299048,0.8581630446742455,1.4296493795082552,0.9754560368255824,0.034620341987729356,0.12811098153110473,0.2459280490875244
97,InLiSn,Li1In1Sn1_mp_568466,0.270058913421895,8.507067985192464,14.199448562441416,1.6691354279943689,31.6502688749,0.0150559965729798,0.0011732766639559,0.0189754625616359,0.0,0.23137034518462649,,136.21843338012695
98,AlPd2Sc,Sc1Al1Pd2_JVASP_17428,0.6322338523403994,8.547493717712278,13.055504789707594,1.527407357159413,38.6504035707,2.738732502144192,1.9821060698364537,2.667473351075793,2.054108335450234,-0.026363508994444423,0.035681902718957985,0.2522997856140136
99,AlNi2Ta,Ta1Al1Ni2_JVASP_15657,0.9552105658952158,8.574772488241807,11.567725676143436,1.349041702506478,39.8502906043,6.87794347719523,5.794177159226633,6.826225124849653,5.930293493206063,-0.007547863629109414,0.023220229532376527,0.1080336570739746
100,AuIn2,In2Au1_mp_22154,0.4376164299336673,8.596303528538526,10.905901388829353,1.2686733725284691,18.7501567068,0.6863375980347016,0.3488524844948236,0.6629057293739649,0.366259056929045,-0.034736839983613696,0.04869173652478951,0.3442404270172119
101,InPd,In1Pd1_mp_21215,0.5637954680968051,8.656946130557628,10.347381172054016,1.1952692111054526,21.8502163578,1.9379588124438192,1.3007760759070657,1.942893305562145,1.3797192839692602,0.0025429960366905955,0.05891899325148987,0.1592569351196289
102,AgGaSc2,Sc2Ga1Ag1_JVASP_41866,0.3516314816704803,8.659787975344397,14.226414186817582,1.6428132221391716,29.950236163,0.1874544274909649,0.0588761702456496,0.189228554044831,0.0791378205758777,0.009419802642514836,0.2957544678110759,3.5813469886779785
103,BiLi,Li1Bi1_mp_22902,0.477706311264153,8.683285221594888,12.842513515110848,1.4789924766230378,32.7502900414,1.038943892757206,0.594522250542228,1.0513887075854922,0.6841823457702403,0.011907159522700219,0.14046632672656764,0.5001747608184814
104,InNbSe2,Nb1In1Se2_mp_1018116,0.3429215669282715,8.692468483828273,13.950438004974146,1.604887959148538,37.8497078917,0.1563557437165177,0.0452976815817137,0.176395444439264,0.0755795910622334,0.12059449856138763,0.5119304352779268,9.021464109420776
105,TlY,Y1Tl1_mp_11575,0.3038726654672722,8.808921603411797,11.080737992256031,1.257899489985736,20.6501932671,0.056515282125253,0.0098170182926956,0.0656515704628877,0.0172784162497541,0.14985044054046476,0.5653406668844194,10.490714311599731
106,Se2V,V1Se2_mp_694,1.24959280990693,8.821060672713381,13.77356774582734,1.5614412208311628,44.9503887399,10.682246914217036,9.400814549703592,10.636125878660213,9.459248028179491,-0.004326888169303678,0.006196550537217001,0.0811178684234619
107,BaZn,Ba1Zn1_mp_902,0.401616303507326,8.830517094527606,9.550160828002577,1.081495084123776,13.3501208271,0.4466645818607179,0.1954043940573127,0.4501137713688092,0.2120622681393944,0.007692439283514803,0.08180872232920046,0.3548758029937744
108,CaCd,Ca1Cd1_mp_1073,0.3290180010412611,8.87702809833571,11.928657368775625,1.343766994610735,22.6502317516,0.1152553540881379,0.0287404280255363,0.1272549636940492,0.0439613705144237,0.09904252499481185,0.4250065318818079,4.250574827194214
109,LaMg,La1Mg1_mp_1104,0.4882881811063272,8.984883868252737,12.204529701021118,1.358340283522718,25.2502817815,1.1783879065018592,0.6917128182745268,1.1607937952387073,0.7446165581502937,-0.015043246143153843,0.073698531849287,0.2799210548400879
110,In2LiPt,Li1In2Pt1_mp_20265,0.4167661124140763,9.00167062601282,14.178187439451422,1.575061788917229,40.4503021497,0.5601315339413686,0.2625741080992119,0.5823241669880723,0.3365051044922681,0.038855642436351916,0.2480799595812578,1.847947359085083
111,Ga2Pt,Ga2Pt1_mp_22095,0.6633840289861225,9.0292109345467,12.969946028313746,1.436442909832728,25.6502894784,3.3036268100148,2.4542690482666187,3.096107352606577,2.353000959130852,-0.06487526857438994,-0.04213745953396487,0.1118733882904052
112,LaTe,La1Te1_mp_1560,0.3614552243084281,9.074101344488923,10.452418430983728,1.1518957122218951,19.5501721006,0.2379611168930333,0.0810779234048466,0.2606925538720456,0.1098842027002164,0.09123447255032047,0.3040163990123269,1.0135996341705322
113,Ag2CdMg,Mg1Cd1Ag2_mp_30727,0.2851343336116378,9.085441912004834,13.678300512166624,1.5055184596021824,28.150201527,0.0303297879546436,0.0035918224003825,0.0367216311882952,,0.19123565670331708,,19.066898107528687
114,InTe,In1Te1_mp_2597,0.5441412432508208,9.197979939386348,10.106003384000102,1.0987198766030724,15.5500951316,1.8193451228739568,1.1873424299996311,1.8006666915234997,1.2084079197166333,-0.010319633233740105,0.017586166799691706,0.0923559665679931
115,Bi4La2Li2,Li2La2Bi4_mp_1095149,0.2686833371515685,9.26146373699205,14.109875826925425,1.5235038680298332,43.8503675734,0.0153763960599226,0.001145860865181,0.0263702503036501,,0.5394028820895361,,104.4351451396942
116,GaHfNi2,Hf1Ga1Ni2_mp_3498,0.7541315179203557,9.308880517214748,12.40947022829222,1.333078688177768,26.3503029479,4.670557840786671,3.672101779336388,4.503610184020648,3.616886337439984,-0.03639917828462992,-0.015150662121796148,0.0933103561401367
117,Pd2Sb2,Sb2Pd2_mp_1769,0.4968552088197149,9.328925360817085,11.698555796226657,1.2540089392677942,27.5501899816,1.3126114569864469,0.7854615314028731,1.3253375637045974,0.8715829618732086,0.009648560564254541,0.10403957166879525,0.2878110408782959
118,HgPt,Hg1Pt1_mp_623,0.1417600722369466,9.330429025627335,10.672918991221511,1.143882983505564,19.3501682521,2.069238067151441e-14,0.0,0.0,0.0,,,8.694794654846191
119,Hg2Rh,Hg2Rh1_mp_11870,0.1196779483532034,9.337729492396283,12.796791715291455,1.3704393263599983,25.950295251,5.013181861265228e-40,0.0,0.0,0.0,,,7.875141382217407
120,LaSn3,La1Sn3_mp_633,0.6491000443725257,9.41889937608966,10.778944598113334,1.144395344691357,18.4501509341,3.232331862494418,2.376292968191528,3.1849460072559914,2.390191757230649,-0.014768478930313036,0.0058318988657040435,0.0787165164947509
121,AsIn,In1As1_mp_21391,1.4340462363960134,9.482704605069014,11.196977108541802,1.1807788573901603,20.9501990397,13.356285518653545,11.97090282605593,13.38906703739799,12.03015927068576,0.002451381793665324,0.00493782856699409,0.0420300960540771
122,BaGa2,Ba1Ga2_mp_1219,0.5906224663833998,9.519581176137669,12.267890897958472,1.2887006971178392,26.850176512,2.4813365300464856,1.721824752636287,2.454737222588617,1.7981467052642894,-0.010777620540231245,0.04337189514367945,0.1449203491210937
123,Pd2Te2,Te2Pd2_mp_564,0.6225712284558265,9.552020620089154,11.364635586417185,1.189762463715359,24.2502625392,2.9154280382445803,2.0927396383897188,2.894035674023314,2.159288167885665,-0.007364693876028869,0.031304576124895477,0.1099321842193603
124,NbS2,Nb1S2_JVASP_578,1.5665064079033526,9.604564613925069,15.46810616104405,1.610495299143263,51.3505118903,15.34201266956998,13.782114756623274,15.017127021045688,13.662088864323373,-0.02140364020050254,-0.008746958681305046,0.0721693038940429
125,AuGa2,Ga2Au1_mp_2776,0.6166167929709107,9.6095014218276,13.560338668725498,1.411138629723674,23.2502432969,2.8601909699509536,2.039984886206115,2.626063850199544,1.8927526702285853,-0.08540230510485078,-0.07491019033924942,0.1062095165252685
126,Zn2,Zn2_mp_79,0.2971327581534412,9.647282059333286,13.050177342446062,1.3527309829010998,29.2502226934,0.0496662807221713,0.007622053525421,0.0639536709739026,0.0174561045285212,0.2528326836386538,0.8286435922696683,22.47986936569214
127,InNi2Ti,Ti1In1Ni2_JVASP_18219,0.5883723294156,9.662430624070664,13.887299557353824,1.4372470134748845,30.4502457842,2.492168874769556,1.7243405051356762,2.356012850363407,1.7053375789835172,-0.05618264530229694,-0.01108157684253875,0.1644272804260254
128,I2Ni,Ni1I2_mp_27638,0.6656810278687353,9.682195268968943,12.01974495051253,1.2414276531930049,21.3502067366,3.565740662279219,2.6550651212449687,3.4446357702310624,2.61582810508689,-0.03455361988996438,-0.014888459797611341,0.0841565132141113
129,AgY,Y1Ag1_mp_2474,0.3520632732302844,9.701099741884311,11.876300628745929,1.224222092828324,20.1501836459,0.2115952831110433,0.0667260993162311,0.220878135720761,0.0852289779069001,0.04293571915070926,0.24474532180458428,1.6532673835754397
130,AgMgSb,Mg1Ag1Sb1_mp_1008903,0.1981541089828971,9.71850033104469,13.566960310619834,1.3959931932380203,29.7502323146,4.712018070320135e-05,4.0234751822815935e-09,0.0,0.0,,,26.26216650009156
131,In2La2Pd4,La2In2Pd4_mp_20743,0.3521926733344679,9.724518009847184,11.352741131596488,1.1674348404826378,21.7502144336,0.2125874219841999,0.0671195142405333,0.2333468448639321,0.0932874654454806,0.09317264992208617,0.3292109270949662,1.6565985679626465
132,CdY,Y1Cd1_mp_915,0.4171332103230537,9.742901496713422,11.990750913842296,1.230716631784396,19.8501778733,0.6081581739773954,0.2856214083501087,0.5986807438071831,0.310220327437563,-0.015706528627800573,0.08261559183199338,0.4350647926330566
133,InS2Ta,Ta1In1S2_mp_22332,0.4969354619490466,9.794540057060326,18.760166831670368,1.915369861410412,50.1504887996,1.3824495857986594,0.8269894802464525,1.2572517783537998,0.829570160300662,-0.09492877723303533,0.0031157129254403265,0.8048605918884277
134,PtSn2,Sn2Pt1_mp_19962,0.3853445261128727,9.796455057485208,11.860836695582178,1.2107274137413238,22.6502317516,0.388842714833548,0.1557331303666804,0.407152223715799,0.1934867684235358,0.046012199753740775,0.21706529034276245,0.9218308925628662
135,IrTe2,Te2Ir1_mp_2285,0.7458785402045616,9.844775819252469,12.467424828989884,1.266400074302206,22.1502221305,4.810029387833318,3.766844686189408,4.633852843665881,3.6690914129194354,-0.03731452412040652,-0.026293637749557244,0.0670945644378662
136,Be2RhTi,Ti1Be2Rh1_JVASP_74488,1.36331408515453,9.925802983817654,19.92321870603822,2.0072148055446664,55.8504624234,13.513312485988354,11.99131514154391,12.968486162020298,11.506820466284172,-0.04115303653980372,-0.041242705969306376,0.0780022144317627
137,Pt2Sn2,Sn2Pt2_mp_19856,0.3784271865310746,9.959518034430106,12.257632304452375,1.2307455302633798,25.6502894784,0.3533249114322108,0.1356321718977138,0.3777944024998605,0.1779673583065138,0.06696207633233177,0.2716535499269635,1.1232657432556152
138,In2LiPd,Li1In2Pd1_mp_20801,0.368716060194234,9.968197450632662,14.900619569607942,1.4948158524550723,41.5503233162,0.2993171154531212,0.1076050510524354,0.3347011788020448,0.1638777378143313,0.11173453201156053,0.42065305917551427,3.946024179458618
139,Mg2Sn,Mg2Sn1_mp_2343,0.2331530764524819,9.97534144012721,14.358848708366436,1.4394343085446633,33.5503054352,0.0019730924637691,2.425797881830694e-05,0.0,0.0,,,20.038246870040894
140,Cu2La,La1Cu2_mp_2051,0.4384746239894427,10.000816216497896,12.082029993873093,1.208104391913723,25.4502856299,0.8057871413301684,0.4108386798159043,0.830783940683913,0.4793208554260169,0.030550146887248008,0.15416958656379792,0.3644118309020996
141,AsBaPd,Ba1As1Pd1_mp_9744,0.5743479234928515,10.026670945086952,12.157801704610568,1.2125461951624,26.3503029479,2.387220485289134,1.6245931094945376,2.401387790189717,1.7324648348093403,0.005917103851955778,0.06428776423693844,0.1417276859283447
142,Ca2Rh,Ca2Rh1_mp_1063314,0.1967846479088222,10.109857070652328,13.77064143520221,1.3621005063639018,27.8501957543,3.998647905996961e-05,2.3847778089204227e-09,0.0,0.0,,,23.62796759605408
143,RhTe2,Te2Rh1_mp_228,0.6860461291760709,10.120435427412886,13.201249400954266,1.304415160359255,25.050277933,4.03750179943645,3.0502757261286484,3.87507339376092,2.987222982627845,-0.04106153127818687,-0.02088780106456111,0.0886809825897216
144,In3La,La1In3_mp_20729,0.4136941203264539,10.148662120073643,11.560978025769163,1.139162767366352,18.4501509341,0.6054075210164207,0.2801830036227732,0.6123227546041097,0.3116272099961986,0.011357700573300352,0.10636465962052326,0.4071393013000488
145,Au2La2Sb4,La2Sb4Au2_mp_644143,0.2586395517302235,10.168638396019569,12.008950305186245,1.1809791869368715,19.9501797975,0.0102255162070338,0.0005270844515071,0.0132441799151209,0.0,0.25867201879392715,,31.10779070854187
146,HfTe2,Hf1Te2_mp_32887,0.4072439031891977,10.220594886070938,11.321754507992962,1.1077392885831656,23.3502452212,0.55919554508015,0.251347774495869,0.6056435770052797,0.3183750438142225,0.07979243198731545,0.23639253502233756,0.557487964630127
147,MnPtSb,Mn1Sb1Pt1_mp_567480,0.2846591347401931,10.225468419390069,15.55599690738277,1.5212991981750854,30.7502515568,0.0335148862484128,0.0039238237724492,0.038908366233983,,0.1492195920283244,,18.947924852371216
148,Br2Cu,Cu1Br2_mp_2360071,0.3141059907901095,10.300050084446628,14.508245383391214,1.4085606637291097,31.2357030747,0.0898987631036576,0.0183975495227071,0.0998435832543269,0.0309573610187976,0.10492061114138462,0.5203933290453935,12.303131580352783
149,Ag3In,In1Ag3_mp_30343,0.3973198770398514,10.351523830735204,11.538923304385316,1.1147076984090545,19.8501778733,0.4924668452018274,0.2107791804074592,0.5158445672186942,0.2513419909733176,0.04637835482450236,0.17600347847084744,0.4573900699615478
150,In2IrLi,Li1In2Ir1_mp_31208,0.3679790433271522,10.430875489772529,15.287089914638887,1.465561536960908,42.5503425584,0.3090656841400579,0.1105274115908919,0.3487792865619081,0.1702598104200526,0.12088548107407217,0.4320620080923783,3.73520565032959
151,Li2PtSb,Li2Sb1Pt1_mp_3158,0.4708270264888164,10.431391094670968,18.55002503020244,1.778288711625336,49.6504791785,1.1727503666472197,0.6592584026865951,1.1273927182640833,0.7263387916092722,-0.039444093095974006,0.09690099010496388,0.8902420997619629
152,AgZn,Zn1Ag1_mp_1912,0.3702017125325079,10.448396959877844,13.46716180781115,1.2889213397543615,23.6502509938,0.3219169132135521,0.1169662767343862,0.3225162687574028,0.1388567968636913,0.001860101973119292,0.17155750346843787,1.0497562885284424
153,Ni4ScSn,Sc1Ni4Sn1_JVASP_16659,0.6378701081913472,10.478227830795303,15.028109293232522,1.43422242156877,44.0503714218,3.4408961773795537,2.5031856485030546,3.363295540943412,2.593780541726554,-0.022810645090242235,0.03555229995514083,0.1914842128753662
154,Au2Y,Y1Au2_mp_1018113,0.1884414583383389,10.483213480708915,13.408775563164475,1.2790711157260268,24.5460505436,1.0351284746814113e-05,3.9596848630530016e-11,0.0,0.0,,,32.277179479599
155,AuBiCa,Ca1Bi1Au1_mp_568398,0.179450136786839,10.531430554679488,12.585015660852646,1.1949958360842703,24.0502586907,1.6330096671690958e-06,6.0709798595184e-14,0.0,0.0,,,118.16407680511476
156,MnNiSb,Mn1Ni1Sb1_mp_600124,0.6110441725872855,10.543080718206554,14.681865427929568,1.392559330649519,34.350320829,3.053784182509204,2.1659772252498306,2.9440887801390554,2.1921862234133256,-0.03658218043541637,0.012027687548869237,0.1670143604278564
157,Li3Tl,Li3Tl1_mp_7396,0.5517614655780168,10.582132382639168,21.31967711517008,2.0146862980231384,46.4504176032,2.20991019718817,1.4572095308536734,1.864953948040202,1.2852718740876732,-0.1697155198964931,-0.12555305552250542,0.4071550369262695
158,MgNi2Sb,Mg1Ni2Sb1_JVASP_18741,0.4435409613011721,10.62112919659429,13.05546814256862,1.2291977529804377,36.5503631619,0.9051669228954784,0.4695156325951641,0.9816772093953564,0.601519953883199,0.08114317510128578,0.2477581140463171,0.7209663391113281
159,Ga2LiRu,Li1Ga2Ru1_JVASP_17757,0.743958085949433,10.676871011599465,15.053294292856982,1.4098975511180123,53.0504085451,5.198547242734401,4.065047927691609,5.180367996416942,4.269005496192803,-0.003503114629918925,0.04895536198079379,0.1785924434661865
160,GaNi2Ti,Ti1Ga1Ni2_JVASP_18706,0.736509065935749,10.736324849289009,14.45815565967362,1.3466578054063896,34.4503227532,5.101528092613769,3.974124501655804,4.960409215509376,3.970348291078981,-0.028051880393542956,-0.0009506510903199033,0.1228344440460205
161,GaIrSc2,Sc2Ga1Ir1_JVASP_39117,0.4114772402196639,10.761826583077982,15.53750623838694,1.4437610677371713,39.250415116,0.6247803051702966,0.2862012558000337,0.6530749321878644,0.3644149352291567,0.04429179714947189,0.24159789540237522,1.2153234481811523
162,Ag2MgZn,Mg1Zn1Ag2_mp_11236,0.3058580942734237,10.80190290113907,14.95773963531152,1.3847319099428506,32.0502765718,0.0737700892293869,0.0132556226040791,0.0878897254536326,0.0256201982889739,0.17512955436444938,0.6589592261551342,16.82956838607788
163,BiCuMg,Mg1Cu1Bi1_mp_30449,0.1823818952805679,10.80340503057272,14.32791043200674,1.3262402355053773,30.1502400115,3.2154199241641186e-06,7.054605144270793e-13,0.0,0.0,,,132.40378141403198
164,Tl3Y,Y1Tl3_mp_2393,0.8786787140185315,10.806194712927391,12.218434569421737,1.1306879890665755,16.4501124496,7.395542621413636,6.113447217165371,7.263467218399008,5.960363339304672,-0.01802017714343091,-0.025359364559077523,0.0417826175689697
165,Co4TaZr,Zr1Ta1Co4_JVASP_102161,0.9270360065409416,10.887538136932996,16.34426457199919,1.5011901098702691,42.5503425584,8.310495629931317,6.948979468675819,7.96959654213592,6.7663620910530975,-0.04188538022479398,-0.026631224563163445,0.0874979496002197
166,Pt3Zn,Zn1Pt3_mp_30856,0.4243053212844422,11.03452731259178,12.84022548424949,1.163640736073686,25.4502856299,0.7529102645106547,0.364217085477387,0.7815665832529741,0.4291007573246042,0.03735429547037959,0.16394167836810566,0.4923727512359619
167,NaS2Ti,Na1Ti1S2_mp_7942,1.0396318799132789,11.105947776675878,15.967704164912115,1.437761502755005,51.1505080419,10.269995005634884,8.797290094438406,10.02919707782396,8.815718711298612,-0.023725990926018372,0.0020926150424872008,0.0987434387207031
168,In2Pt,In2Pt1_mp_22682,0.3154671021902521,11.120676688084624,13.007284847360488,1.1696486834562227,21.050200964,0.1007893909032235,0.0210448628369381,0.1103971659328286,0.030644916422272,0.09105136149295123,0.37581030505317137,3.714301109313965
169,SbSn,Sn1Sb1_mp_10635,0.5951919331533759,11.14312230445415,11.978371153570754,1.0749564463438346,16.3501105254,2.9625545758777787,2.0681502277956505,2.913111821894506,2.0472371616376384,-0.016830064094813746,-0.010163439889143627,0.0690584182739257
170,AlBaSi,Ba1Al1Si1_JVASP_17183,0.7882196265243774,11.164824208329614,15.204293638264602,1.361803227221554,51.5505157388,6.181499975361598,4.937297272278943,6.214248594003322,5.208899309367088,0.0052838591636928086,0.05355049784360501,0.1470658779144287
171,SeY,Y1Se1_mp_2637,0.658035240138098,11.167395350208158,13.105795103475648,1.1735767108156834,26.3503029479,3.9810840106781127,2.9476254079361817,3.967545203928263,3.037076667371631,-0.0034065797956409484,0.02989553044134015,0.0905399322509765
172,Se2Ti,Ti1Se2_mp_2194,0.8829598683344391,11.168901757264525,13.57368416767864,1.2153105527004917,39.7504247372,7.742237516952616,6.40393247130086,7.78604549619498,6.653293256456957,0.005642361802483955,0.03819970830834096,0.0851693153381347
173,Pt,Pt1_mp_126,0.4709271608268356,11.177569337093948,12.826122307154858,1.1474876084722654,24.5502683119,1.253583905617996,0.7053514366319307,1.2728548061145335,0.7780445420157649,0.015255683154373853,0.09808760420477965,0.2583706378936767
174,Ga2LiRh,Li1Ga2Rh1_mp_4913,0.6838966271849928,11.249900094976557,15.87509209005963,1.4111318283749357,51.650517663,4.458493325010992,3.362376931790568,4.431901908477716,3.5396178244413203,-0.005982072817486295,0.05137061807313241,0.1979641914367675
175,I2La2,La2I2_mp_22860,0.2215091257073769,11.293025330375624,12.07101133714884,1.0688908404978614,17.950141313,0.0008350046685607,3.548348412968315e-06,0.0,0.0,,,18.13414716720581
176,PdSc,Sc1Pd1_mp_2781,0.3793007168022473,11.369116749702076,15.65898512513658,1.3773264423154874,32.4502842687,0.409538182039474,0.158059884929794,0.4252228353850863,0.2025154897772112,0.037583210490493846,0.24784239658756027,1.418715000152588
177,Y2,Y_mp_112,0.596083811208783,11.37596366305364,12.316065664787216,1.08263932881456,19.1501644037,3.039178022479993,2.1236698803241456,3.0243719005268783,2.1587921954452067,-0.004883657780809682,0.016403228803549736,0.0790097713470459
178,CuY,Y1Cu1_mp_712,0.4190101362439363,11.386008263787534,13.36626139005133,1.1739198743217023,21.7502144336,0.7275071497362866,0.3444194010738878,0.7285614106486549,0.3791885552339931,0.0014480926589325715,0.09617348464635829,0.4157052040100097
179,Hf2,Hf_mp_103,0.48496867257989,11.390693804201662,12.464214948578809,1.0942454571100102,18.9501605552,1.4475973114580327,0.8437004138852844,1.4433352235662786,0.8796755549208997,-0.0029485924891503672,0.041755680169147665,0.1340172290802002
180,Pd4Sn4,Sn4Pd4_mp_2369,0.2624538675226963,11.406629145648695,13.562662873952515,1.1890158521657803,24.5406082621,0.0139783533986117,0.0008366539205031,0.0191426306905567,0.0,0.3144078740049009,,30.242279291152958
181,AlHfNi2,Hf1Al1Ni2_mp_5748,0.5927223347540382,11.410882715245885,14.867270794387077,1.3029027784610538,37.8503881769,3.008111897723804,2.0923021324726845,2.9876801586771005,2.2108313466663403,-0.0068153858377421606,0.05510366119294449,0.1857047080993652
182,BiNiZr,Zr1Ni1Bi1_mp_31452,0.5476131506349194,11.427951678701683,13.887380329007357,1.2152116774250383,24.7502721603,2.3163523547602987,1.519097765896276,2.257322294672956,1.5431775223859423,-0.025814402042070868,0.01572703336165195,0.14058518409729
183,Sb2,Sb2_mp_104,0.2243788265242434,11.443876490158214,13.003056090330356,1.1362457556679368,20.0501817217,0.0010980412489898,6.28015902309963e-06,0.0,0.0,,,18.569833993911743
184,CoZr,Zr1Co1_mp_2283,1.0873179938805722,11.462274015514156,12.954169662379943,1.130157039069779,29.950236163,11.202655360258248,9.69736578665938,11.254792534488,9.901782235065337,0.004643205064474836,0.020860484439853014,0.0517873764038085
185,AgSc,Sc1Ag1_mp_11237,0.332625245730745,11.505094591687683,15.669139967576292,1.3619305641256605,28.2502034512,0.1631697430507417,0.0424220916146317,0.1705670741107544,0.0587573587818053,0.04433758853917182,0.3257471458443334,3.94950008392334
186,AuLi2Sn,Li2Sn1Au1_JVASP_18617,0.4051274072559989,11.52863597376369,20.59717490781793,1.7866098777593449,46.0504099063,0.6145066191016001,0.2732956032013439,0.5707666394638299,0.3022878919853221,-0.07383926180559927,0.1008258430132189,1.7798972129821775
187,NiTe2,Ni1Te2_mp_2578,0.4295384481895001,11.617243692910057,14.06391765840078,1.2106070966716411,27.9501976785,0.8445357627345477,0.4168634678697218,0.86909945589028,0.4857520136994182,0.02867048421022624,0.152939480789655,0.5009386539459229
188,Hf2Zn,Hf2Zn1_mp_1014231,0.4821384046896371,11.621422287344906,13.599634630225731,1.1702211910012936,22.7487370484,1.4427190293587808,0.8350056418693957,1.4218291909173832,0.8707987846442635,-0.014585342722246255,0.04197245212433894,0.1738767623901367
189,MnPtSn,Mn1Sn1Pt1_mp_583030,0.662141469782212,11.631535418735789,16.12114034337443,1.3859855782588169,32.0502765718,4.232142931163716,3.141379094041004,4.028656512645849,3.0750041260349583,-0.049275519064098376,-0.021355662365547378,0.1070852279663086
190,Cu2ZnZr,Zr1Zn1Cu2_mp_11366,0.3312190007794953,11.63525352851957,15.209091608599245,1.3071560126575426,29.5502284661,0.1594577229068074,0.0407997151206443,0.1767924109192062,0.0621967441734805,0.10319739767228785,0.4216275548487184,4.306959390640259
191,HgNi,Ni1Hg1_mp_1057320,0.142787074675109,11.657601297535322,14.4453858091805,1.2391387765366944,24.0502586907,6.965040776743068e-14,0.0,0.0,0.0,,,12.119386911392212
192,LaSe,La1Se1_JVASP_20103,0.3485571454790687,11.66351275333147,13.224164035395631,1.1338062824699524,23.3502452212,0.2364268728718055,0.0722706494869237,0.2612447269466772,0.1001034177106469,0.09981866463712835,0.3257857364966623,1.7005627155303955
193,CaNi,Ca1Ni1_mp_1059707,0.1465048935243362,11.663709246288962,15.430048715693724,1.3229109531003695,29.1502207692,1.6437412879280304e-12,6.245922314314147e-109,0.0,0.0,,,15.016103506088257
194,Al4La4,La4Al4_mp_12684,0.4089729593086186,11.728870980377726,14.738675002745484,1.2566149825846944,40.3403680616,0.657858379623728,0.2979979034638286,0.7286439999275965,0.4079165605673764,0.10219559281537764,0.3139761939517952,0.995729923248291
195,CuHf2,Hf2Cu1_mp_30581,0.3215933313280188,11.739181425459398,13.608263841179298,1.1592174401246005,21.1480259756,0.1258159768412789,0.0285934963269992,0.1355980787201235,0.0394280546278484,0.07487486855502949,0.32129831849885127,3.209014177322388
196,Cu2Se4,Cu2Se4_mp_2000,0.4917997366044422,11.746615554860512,14.435640122629374,1.22891909207467,31.8407487305,1.5849800613271248,0.938030734204362,1.6065813776990638,1.04175535485856,0.01353672591991932,0.10487969639661539,0.3109405040740967
197,InNi,In1Ni1_mp_20997,0.306541996989516,11.752741362091134,13.539191638397524,1.1520028579943609,25.4502856299,0.0819004702129632,0.014888584726865,0.0987519767460231,0.0268578374255541,0.1871066891135622,0.589962881416639,8.841858863830566
198,MgSr,Sr1Mg1_mp_2564,0.2776391565374266,11.827840893442357,14.155841769935243,1.1968238241844789,21.4502086609,0.0291822261788864,0.0028500154868131,0.033340934698422,,0.13322608083340154,,11.272035837173462
199,InNi2Zr,Zr1In1Ni2_JVASP_17814,0.532998258351604,11.833175762596538,13.8444894878763,1.1699724372925584,26.5501707394,2.176538404317793,1.3949603856131263,2.17770095528823,1.47738148990772,0.0005339858019043832,0.05740523974463096,0.1599173545837402
200,CdPt2Zn,Zn1Cd1Pt2_mp_30493,0.1349901688231622,11.88578316650484,13.975938227508754,1.1758533730359604,26.9501784363,6.3784444517782014e-18,0.0,0.0,0.0,,,9.256020545959473
201,Te2Ti2,Ti2Te2_JVASP_19,0.3382893561876606,11.887355982655942,15.963615545273866,1.342907166956666,31.0502573295,0.1925714629015227,0.0532408048155312,0.2070175542932942,0.0766460256557081,0.07233627233009034,0.3643726432701383,3.149975061416626
202,MnPtSb,Mn1Sb1Pt1_mp_672356,0.8070396559310912,11.941825789242454,16.404554827432705,1.3737057563015538,31.3502631022,6.953439816081732,5.5973151627073,6.622746167423788,5.389116195517875,-0.04872636185404977,-0.03790564721524111,0.0732769966125488
203,IrSn2,Sn2Ir1_mp_2083,0.4848401007036794,11.945370456550686,13.98938077951865,1.1711131798216483,22.5502298274,1.5182390714480485,0.8843960572964469,1.4859525466670105,0.9100711111732044,-0.021495145462118812,0.02861774968549872,0.1711955070495605
205,YZn,Y1Zn1_mp_2516,0.5749609568057388,12.007701526632449,13.89342461823236,1.1570428018565817,21.7502144336,2.865963060229687,1.9522921755967693,2.790115831947688,1.9444513753453183,-0.02682132856049191,-0.004024288861041983,0.0954580307006836
206,AsZr,Zr1As1_mp_10054,0.8591682309359172,12.014062145949564,14.575283369318766,1.213185281735262,30.4502457842,7.904403841036297,6.489427572011909,7.807244370294377,6.530240036380642,-0.012367984306706508,0.006269376342670058,0.066704511642456
207,Ga2LiPt,Li1Ga2Pt1_mp_20363,0.4846232389102818,12.086764859459858,17.58419970630306,1.454830958553857,46.6504214517,1.5369960162146603,0.8944454562825525,1.5192436693804003,0.991451612455683,-0.011617247543026624,0.10296622008123807,0.5388274192810059
208,AuPbY,Y1Pb1Au1_mp_621592,0.0697270008118017,12.118405337861754,13.870476780892483,1.1445793727955855,21.050200964,0.0,0.0,0.0,0.0,,,5.2087390422821045
209,In2LiRh,Li1In2Rh1_mp_13396,0.3347543443088389,12.12128426527543,16.478552347301367,1.3594724772282143,44.0503714218,0.1808636321506566,0.0481484959801981,0.2218028042404841,0.0897554072335455,0.20404538416548754,0.6227983716577743,8.43852424621582
210,CaPd,Ca1Pd1_mp_213,0.1372899727511218,12.123190790988764,16.965156427738584,1.3993969673684326,29.5502284661,1.662765763086278e-16,0.0,0.0,0.0,,,13.130347728729248
211,CoTe2,Co1Te2_mp_1009641,0.5023698743678293,12.136693545045434,16.01237958533082,1.3193362365046746,30.549023195,1.785963317178354,1.081083822414691,1.7236378707346651,1.1129241686870224,-0.03552084475001007,0.02902686041553368,0.2271478176116943
212,PbPd3,Pd3Pb1_mp_20849,0.0745352530078712,12.160615549074365,13.283754649679834,1.0923587376044432,23.3502452212,0.0,0.0,0.0,0.0,,,5.445029020309448
213,K6N2,K6N2_mp_11801,0.2072554823241397,12.183954970966589,18.701178104086697,1.5349021026957292,36.9503708588,0.0001986058226153,1.170185858156423e-07,0.0,0.0,,,37.639509439468384
214,CLa3Pb,La3Pb1C1_mp_10611,0.8993347862963186,12.21576910656163,19.96099276035251,1.6340348762511054,41.8503290889,8.83558918614516,7.331394569119439,8.20668059659294,6.844806896210761,-0.07383926180559891,-0.06867550538184018,0.0798099040985107
215,CdSc,Sc1Cd1_mp_1211,0.2727540851602388,12.282845225597,16.34950361609549,1.331084395822535,27.2501842089,0.0245460676015591,0.0020808339914299,0.0291941202943358,0.0,0.17341566696769728,,30.121792316436768
216,AlCu2Hf,Hf1Al1Cu2_JVASP_16363,0.3284794281929566,12.293599487458044,16.851392957126762,1.3707452381475895,36.2503573893,0.1574998091882557,0.0390228392831658,0.1782479827174264,0.063840280919547,0.12375149531526232,0.49223725613581576,6.000630617141724
217,Ni2ScSn,Sc1Ni2Sn1_JVASP_15403,0.4523247016084417,12.307740159723377,14.35890218806507,1.166656266846943,32.0502765718,1.1504768602561095,0.6138602402466842,1.2124648133415032,0.7325832435041836,0.052478805964605704,0.17680969695416,0.3838701248168945
219,PtTe2,Te2Pt1_mp_399,0.288154717976923,12.352415346020155,14.108698005575125,1.1421813151806643,21.7502144336,0.046189250384978,0.0058707833512149,0.0531824914735857,0.0099457491378824,0.14098213917574018,0.527157162673884,17.581562519073486
220,MgPtSb,Mg1Sb1Pt1_mp_10184,0.3646257887871243,12.3788105615755,15.958769952928863,1.2892005959333244,32.150278496,0.3447778817321363,0.1203227695855248,0.3671400805117922,0.1609375035544245,0.06284307737369924,0.2908382345104758,1.494171142578125
221,In3Y,Y1In3_mp_20131,0.3125952921792953,12.427568074001185,14.11107007764774,1.1354651202569948,20.8501971155,0.1037395326948106,0.0207603861170396,0.1121912153790497,0.0288421264145848,0.07832143138653894,0.32879038392228593,3.4436511993408203
222,Cd2Li2,Li2Cd2_mp_1437,0.3886839110724173,12.431684320168396,20.6831216969714,1.6637425118184814,42.6503444827,0.520797900439126,0.2125848567590196,0.4870754094585511,0.238216263183067,-0.066943103491898,0.11383769533839079,1.793779373168945
223,CoHf,Hf1Co1_mp_2027,0.7920453814526978,12.434981697776056,13.472530430041909,1.0834378978178485,22.4502279031,6.897664399466429,5.527400272449394,6.8937646246434126,5.582828015228457,-0.0005655360180787016,0.009977869256829626,0.0565352439880371
224,AuGeLi2,Li2Ge1Au1_mp_2935,0.5422040106202501,12.510989521478091,20.51263199866272,1.639569113494013,51.0505061176,2.456328491505348,1.5966232173825123,2.2988556518245917,1.6075608251898696,-0.0662562955192955,0.006827104900911323,0.3714017868041992
225,ScSe,Sc1Se1_mp_1782,0.8319611335607646,12.55784219682431,14.973446080368376,1.192358197028064,30.7502515568,7.747421418800991,6.301806791045158,7.6643709974538705,6.347583502858048,-0.010777620540231134,0.007237805235932144,0.0679235458374023
226,As2Ni2,Ni2As2_JVASP_14508,0.581006368463878,12.597652018105231,15.999433138975832,1.2700329486781816,38.4503997222,3.1160607756371377,2.1378861625117653,3.0917799201603757,2.2519146243129766,-0.007822681182519784,0.05196323217193137,0.1832478046417236
227,Ga2Sr,Sr1Ga2_mp_182,0.3945617715865749,12.60962797400576,15.694463188650571,1.2446412551586832,29.2502226934,0.5767000448218563,0.2432193663967027,0.5989237841044832,0.2960622392249884,0.037812073120514315,0.19660592138592745,0.7223925590515137
228,CoI2,Co1I2_mp_569610,0.4823403600196111,12.657951912667112,15.486935567523425,1.223494580669506,25.6502894784,1.575207094165463,0.9120138681971196,1.5219863921533725,0.9279597666087094,-0.034370433359768256,0.01733318058362957,0.1879589557647705
229,Ca2GaLi,Li1Ca2Ga1_JVASP_40528,0.3514990993824241,12.661437810343992,16.612757325005074,1.3120751034636031,36.150355465,0.2731145141882933,0.0856944544038147,0.3036328429379563,0.1272426208259282,0.10592804486571529,0.3953075500661123,3.1055684089660645
230,CuZn,Zn1Cu1_mp_987,0.2534854593212349,12.725813975914988,16.517702288846376,1.297968233710469,29.5502284661,0.0096417913263838,0.0003975726194506,0.0130751691271134,0.0,0.30460803142078086,,168.23699712753296
231,AlLa3N,La3Al1N1_mp_4505,0.3785102599622758,12.737398448717316,18.49635107086281,1.4521294238640576,45.6504022094,0.4529551826802285,0.1739351381873807,0.4857406924972925,0.2404689182644983,0.06988174086933956,0.32390838252757553,2.0303754806518555
232,Cu2GaSc,Sc1Ga1Cu2_JVASP_16499,0.3324217781506958,12.746528993596613,17.0662923407709,1.3388972283626686,34.8503304501,0.1798782873868947,0.0466594362683842,0.2005603546510631,0.0726149916864078,0.10883478115985028,0.4422962127399777,4.930088996887207
233,NiSbV,V1Ni1Sb1_mp_505599,0.7546394761054935,12.76701814906354,15.697005837917995,1.2294966337985014,31.6502688749,6.400968969683159,5.036072379848079,6.271357526660936,5.03428211122653,-0.020456537779778513,-0.00035555225826369605,0.0752153396606445
234,CoSbV,V1Co1Sb1_mp_4076,0.7236875456996046,12.840789541422318,17.165024723492195,1.3367577334805305,32.150278496,5.851689465717499,4.526179847671465,5.575329989495648,4.382141653807306,-0.04837891057293292,-0.03234071604024514,0.0886578559875488
235,MnRhSb,Mn1Sb1Rh1_mp_568983,0.806782930901861,12.859036530831514,17.303349122350298,1.3456178525399525,33.1502977383,7.478596470351132,6.020047120400818,7.160870008464496,5.831264193370499,-0.04341365357370118,-0.03186126697012704,0.0723118782043457
236,LiMgPtSn,Li1Mg1Sn1Pt1_mp_11806,0.3238627087403594,12.903960743178413,19.804216900173504,1.5347393946965364,46.1504118306,0.1470021932806214,0.0343992886927183,0.1679358505274213,0.0603929462467997,0.13313455744055264,0.5628364274992946,11.247740268707275
237,AlSiSr,Sr1Al1Si1_JVASP_15255,0.6428780665167034,12.91138589383044,17.721559477232674,1.372552847769868,53.5504181662,4.331551877717282,3.165229112780081,4.366399047281126,3.412748339833945,0.008012773654318227,0.07529248896080185,0.2306087017059326
238,MgRh2Zn,Mg1Zn1Rh2_JVASP_38856,0.32374506178187,12.9146860222316,15.598555809488238,1.2078153338483466,41.0503136951,0.1465264786660583,0.0342431953242037,0.188144665926836,0.0690384357636803,0.2500050126546087,0.7011755212575519,7.721921920776367
239,Pd3Sn,Sn1Pd3_mp_718,0.1036590813760658,12.925172622083016,14.693332305793083,1.136799695865502,26.0502971753,0.0,0.0,0.0,0.0,,,7.850090980529785
240,GaNi2Sc,Sc1Ga1Ni2_JVASP_16521,0.4218505996814696,12.928645652524487,15.949987691473964,1.2336936226850277,34.9503323743,0.8564484581111207,0.4101885017255094,0.8940624676492224,0.4970848714253953,0.04298150844365533,0.1921439646259624,0.6877319812774658
241,Au2Sc,Sc1Au2_mp_1018148,0.1506105136971134,12.966474523185177,18.03428184502111,1.3908392611094291,33.3490770733,3.222292518363919e-11,5.653584002486235e-60,0.0,0.0,,,17.994901657104492
242,Zr2,Zr_mp_131,0.7345916703840122,13.019812437135142,14.817411467036314,1.1380664305711543,24.5502683119,6.117807457056586,4.765489469457092,6.027016577280802,4.7479217276544885,-0.014951648683392908,-0.0036932623656324845,0.0698354244232177
243,NSr,Sr1N1_mp_1058586,1.0499555646132934,13.06634406711873,19.032393847844443,1.4565967152004815,43.1503541038,12.277647306884193,10.53501689912416,11.863915284980433,10.223159117600364,-0.03427885267712278,-0.030049003026593836,0.0700666904449462
244,Li2PdSb,Li2Sb1Pd1_mp_10180,0.379347892793928,13.0805262771308,20.250973052965403,1.548177238737785,48.9504657089,0.4717850526605636,0.1821204621779349,0.4943619102644042,0.2452800273766687,0.04674437587479909,0.2977321785081322,2.2922980785369877
245,Ta,Ta_mp_50,0.9053642583779328,13.0964682844129,14.152392361110609,1.080626628016535,21.1502028882,9.445602644553617,7.87363530381634,9.418654880548548,7.868161133923822,-0.002857020192758315,-0.000695494969056334,0.046039342880249
246,InLi2Pd,Li2In1Pd1_mp_21029,0.3563589372032715,13.115419769325277,22.04264956426921,1.680666722983827,48.4504560878,0.312238622540045,0.1020938857904342,0.3123625081370811,0.1352477803176546,0.00039668707780406045,0.2812156670357586,4.133110046386719
247,Pb2S4Ta2,Ta2Pb2S4_mp_20985,0.3756847103923066,13.115789443784134,21.01596758725854,1.6023410315738544,48.4504560878,0.4448880339757728,0.167735499682932,0.4473438793709555,0.214142947137842,0.005504962466364146,0.24425543723046184,3.0255932807922363
248,AuMgSn,Mg1Sn1Au1_mp_5549,0.309645004366373,13.11805208499155,16.793582278742416,1.280188717801789,28.4502072996,0.1004808385374058,0.0192078056457976,0.1089491404277212,0.0291790056272485,0.08091412375460728,0.4181327248430447,9.408597230911257
249,Pd2Ta2,Ta2Pd2_mp_999133,0.3606526337579945,13.198325068117825,15.335889809040395,1.1619572733578234,26.0502971753,0.3409031114581714,0.1154254571761137,0.3584533430212486,0.1452278619979887,0.05020020029097132,0.22967904182931068,1.121586561203003
250,BeHfZn2,Hf1Be1Zn2_JVASP_68174,0.4947593384586658,13.25564637179143,21.52940643890062,1.6241687379889749,56.9504835899,1.8372755958911469,1.0939802402390706,1.7883247805721798,1.1945587121081245,-0.027004515090688144,0.08795419671476679,0.6266524791717529
251,Cu2GeLi,Li1Cu2Ge1_mp_567097,0.3162555680482898,13.276987016768665,18.68255356948464,1.407138046146224,52.8505407537,0.1231395822085276,0.0260002640052351,0.1578122845888259,0.0565982046047327,0.24808772782663635,0.7778705719241493,22.73128318786621
252,ZnZr,Zr1Zn1_mp_570276,0.2119181399301835,13.292012064047396,15.46451736627092,1.1634444275069369,31.8502727233,0.0003715939968296,4.665204085804313e-07,0.0,0.0,,,19.88785743713379
253,GaIr,Ga1Ir1_mp_11388,0.2550117752088111,13.314519051846643,15.25007796707046,1.145372048940466,32.0502765718,0.0109883534848457,0.0004854218361842,0.0179438857951929,0.0,0.4904134948892559,,144.5352554321289
254,InMgNi2,Mg1In1Ni2_JVASP_17553,0.213485627457186,13.34848741148162,16.659813765378644,1.2480675339326317,36.3503593135,0.0004428295205343,6.977398876546492e-07,0.0,0.0,,,38.10115694999695
255,CuSc,Sc1Cu1_mp_1169,0.3618311152577553,13.356909552414455,17.59318381656243,1.3171597627074,31.5502669506,0.3531308010318484,0.1206453746582293,0.3599306888668921,0.1501322221506555,0.019072952521816382,0.2186609323450175,1.3686726093292236
256,AlPd,Al1Pd1_mp_829,0.4710935495992485,13.374227269570602,18.137827400033636,1.3561775969891958,41.5503233162,1.5053316711598703,0.8470359912754759,1.5272137735526998,0.9668710795835616,0.014431758786738566,0.13232198018940153,0.4081368446350097
257,AsGe,Ge1As1_mp_7591,0.5427345485758953,13.393704902105528,16.600629984906107,1.2394352500850188,28.3466678924,2.6315528026753907,1.7128564768106955,2.527690966615547,1.7048684685031694,-0.040267866635357974,-0.0046744679461337025,0.1497352123260498
258,AuGaLi2,Li2Ga1Au1_mp_30381,0.4460304943990229,13.440800836496615,22.014619863468543,1.637894953676489,52.0505253599,1.1789566963833205,0.6163261306524102,1.1234835654142517,0.671825549115018,-0.048195707262547266,0.08622245097946522,0.9735236167907716
259,F3RbRh,Rb1Rh1F3_JVASP_138926,0.587630191245334,13.465879558590998,20.75798536352262,1.5415246566853025,55.650458575,3.4615474241428186,2.3926794044795385,3.3362885449043613,2.4695591042722027,-0.03685674647027153,0.03162580668016535,0.2658355236053467
260,Os2TaZn,Ta1Zn1Os2_JVASP_37415,0.3556924233866717,13.472616859234453,15.667948147471645,1.1629476523510325,27.6501919058,0.3159931731953142,0.1027867399041523,0.3374143061892214,0.1342325712732754,0.0655909609438538,0.2669175466013596,1.2093923091888428
261,Pd3Y,Y1Pd3_mp_559,0.1942657655792227,13.477210752279376,14.764503854101216,1.0955162848962736,23.9502567665,3.603303224591635e-05,1.046562815900954e-09,0.0,0.0,,,16.62808060646057
262,Ca,Ca_mp_45,0.1086414179271867,13.48176132006592,14.797516587551472,1.0975952055705966,21.3502067366,2.2502026312209557e-261,0.0,0.0,0.0,,,6.977262735366821
263,AgMg,Mg1Ag1_mp_2696,0.2244684949349705,13.504113133887037,18.952744203649456,1.4034793707473985,32.5502861929,0.0013067784428953,7.539745043847285e-06,0.0,0.0,,,21.984538078308105
264,HfRuSb,Hf1Sb1Ru1_mp_31456,0.6465304645902423,13.509183189323156,15.916002486040528,1.1781617188091416,25.8502933268,4.589342491200241,3.3661308744083147,4.45444569672498,3.313544539462145,-0.029834135258208137,-0.015745502025387822,0.084681749343872
265,PPtY,Y1P1Pt1_mp_16304,0.4255730174210931,13.52785316996319,18.80652113620597,1.390207366972563,46.7504233759,0.9389389073163652,0.4563361630170732,0.9644695269933438,0.5532719706316339,0.02682782157040145,0.1926199525690794,0.9336185455322266
266,MgNi2Sn,Mg1Ni2Sn1_mp_30774,0.2753047415791787,13.533926744860109,16.060199821743915,1.1866622396078237,36.9503708588,0.0302311572308661,0.0027641357106768,0.0447524454725976,0.0088718226864622,0.39227300172593255,1.1661522600257843,90.97835636138916
267,InNi2Sc,Sc1In1Ni2_JVASP_18039,0.3170270473795357,13.547583512004389,16.182261802096555,1.1944758847773556,31.1502592537,0.1282790724200177,0.0273884638864968,0.1496079767953506,0.045839358124552,0.15381024104561286,0.5150211710925355,4.940087556838989
268,Cu2InSc,Sc1In1Cu2_JVASP_17953,0.2562737554297344,13.672404994317729,17.29858731675603,1.2652190542882067,31.1502592537,0.0121040548442857,0.0005649627274124,0.0169264525264975,0.0,0.33533712891118106,,138.15854048728943
269,Nb2S4,Nb2S4_mp_10033,1.5178601519047277,13.673112119179056,19.49052272501589,1.4254635342071718,50.2504907238,20.925453432226785,18.7823188942254,20.718207254710517,18.72070980996429,-0.009953394350337413,-0.003285555423745189,0.0560803413391113
270,Cl2Cu,Cu1Cl2_mp_30999,0.3448978214730996,13.800256681467898,18.53560159906409,1.343134553718497,40.4380570161,0.259030549834174,0.0765027936971914,0.2781081832805168,0.1098921129491007,0.07106417871174332,0.36217183404679865,3.4225168228149414
271,AlGaSr,Sr1Al1Ga1_JVASP_110999,0.4162725993997474,13.811729367663297,19.01493426605812,1.3767236353889774,38.6504035707,0.8534508086998023,0.3992826416140016,0.8605426109031613,0.4674972316892281,0.00827522742198815,0.15772388610767046,0.7498111724853516
272,Pt3Sc,Sc1Pt3_JVASP_14738,0.247045802214055,13.825465399176371,15.378558812922616,1.1123357058084111,32.8502919656,0.0071350664677034,0.000213877357478,0.0125804680942058,0.0,0.5671238933651865,,57.064778327941895
273,AlIrSc2,Sc2Al1Ir1_JVASP_39109,0.249150411323804,13.860855791347207,19.638228328662784,1.4168121091716548,47.2504329971,0.008145696158608,0.0002724331240393,0.0140556480814172,0.0,0.5455346046056123,,53.32077193260193
274,Ag2O,Ag2O1_mp_7711,0.411591898778225,13.867826652694577,20.838021258897697,1.502616219596946,42.8503483311,0.8064764778053267,0.3696096479263954,0.7685999500760723,0.4066416331327462,-0.04810411819211277,0.09548484617034206,0.9787306785583496
275,TaV,Ta1V1_mp_1217812,1.3331169927157185,13.87744282549328,17.049711892995877,1.2285917591153783,32.0502765718,17.996723646641435,15.999460802602938,18.18260169342249,16.15906035048156,0.010275464261870832,0.009925882939139593,0.0450947284698486
276,Te2Zr2,Zr2Te2_JVASP_359,0.2185645266844849,13.889693730576251,16.671368483481697,1.2002689769020587,27.0501803605,0.0007757625920191,2.3601201895696084e-06,0.0,0.0,,,17.619757175445557
277,AlY,Y1Al1_mp_11229,0.2413920754219066,13.90944862006159,18.119383830465,1.302667296554906,35.1503362228,0.0049775097809859,0.000107850388653,0.0083203125,0.0,0.5137700922297653,,41.915841579437256
278,S4Sn2Ta2,Ta2Sn2S4_mp_4538,0.3306602837276081,13.91023641873336,20.65994570030515,1.4852332540144135,49.1504695573,0.1881442322519766,0.0478252679704831,0.2152122870821783,0.0816766358079214,0.1344160612468593,0.5352138670867942,10.237269878387451
279,BeIrNb2,Be1Nb2Ir1_JVASP_70927,0.9322310260786902,13.939230181974812,19.318139116862582,1.3858827829562197,63.4506086646,10.723737469392956,8.982385453759486,10.705907455970284,9.2360832015896,-0.0016640516069350486,0.027852412084141805,0.2169489860534668
280,CuPd,Cu1Pd1_mp_1018029,0.1302109983192263,13.955538580890456,16.809400783227062,1.204496744127414,30.7502515568,1.181395680572181e-21,0.0,0.0,0.0,,,12.60325050354004
281,MgY,Y1Mg1_mp_615,0.3574744348717677,13.964971855176856,17.30255439302598,1.238996724981717,28.5502092239,0.3394107642134543,0.1120261661320802,0.349234687278746,0.138508727901446,0.028533084874106655,0.21220087079280833,1.173783779144287
282,CdRh2Sc,Sc1Cd1Rh2_JVASP_40613,0.2325760972229232,13.983917890262246,16.92254526694954,1.2101433517951088,30.6502496326,0.0026446361338242,3.109768426365833e-05,0.0,0.0,,,23.681625843048096
283,CoTi,Ti1Co1_mp_823,1.012085030346337,14.09374594703156,16.361237861756496,1.160886390548463,38.350397798,12.354425078152644,10.550097913097934,12.368929346918488,10.76081376921434,0.0011733254460915324,0.019776040241668964,0.0610904693603515
284,AsSn,Sn1As1_mp_2182,0.3263251150838209,14.098663720820657,15.10388984102787,1.0712993897941343,20.4501894186,0.1707927498579216,0.0412369470393552,0.1801022728165509,0.0513133184513952,0.05307403953503784,0.21861571012226802,1.7796623706817627
286,RhZn,Zn1Rh1_JVASP_15701,0.2248313897297697,14.116203655985062,16.20480398790668,1.147957650854384,32.7502900414,0.0014096427339356,8.42923392065679e-06,0.0,0.0,,,22.54905343055725
287,BeNbRu2,Be1Nb1Ru2_JVASP_67604,0.5669903655357376,14.139244087921693,19.097353106118867,1.3506629482712298,67.650553425,3.231957478205698,2.177801474332748,3.321228161558582,2.469509699991897,0.027246658625593723,0.1257037589959652,0.3842864036560058
288,Sb2Ti2,Ti2Sb2_JVASP_20613,0.312292375988915,14.139675113129496,19.418255770763015,1.3733169691241391,31.9502746475,0.1171186579329954,0.0233257139565342,0.1208182565570726,0.0330067453826572,0.031099813279090692,0.347155590779632,9.55866003036499
289,Pd2Ta,Ta1Pd2_mp_30835,0.3882630917985713,14.145983046629585,16.05852020578935,1.1352000177616108,27.5484212401,0.58740505283151,0.2393073325213237,0.6110137853992593,0.2856295521467851,0.039404900189354344,0.17694706302744811,0.6293933391571045
291,GaOsSc2,Sc2Ga1Os1_JVASP_41850,0.3388980238884865,14.2133118162818,19.561051239320754,1.3762486528236826,39.6504228129,0.23350296679587,0.064965624864042,0.2510196078794346,0.0945306995004951,0.07233627233009096,0.3750663624218482,3.61293888092041
292,PtRhZn2,Zn2Pt1Rh1_JVASP_38821,0.1091647844965014,14.230557289344215,16.966313367849807,1.192245182172459,30.6502496326,1.2652626929534103e-207,0.0,0.0,0.0,,,10.94330096244812
293,MgPdSb,Mg1Sb1Pd1_mp_10183,0.3216649383694839,14.232868053222584,16.943438380287983,1.1904444218079908,29.950236163,0.1528614596399026,0.0347715636063658,0.1713688540243141,0.0529251953956927,0.11428625587070092,0.42007959395644706,4.157320261001587
294,CdZr2,Zr2Cd1_mp_1018104,0.5576901670460871,14.260241824386965,16.393125581188173,1.149568554521543,27.1496380565,3.074577715386386,2.046645030181345,3.011494098912737,2.0627512260916645,-0.02073122951633679,0.007838756536347552,0.1090960502624511
295,InRh,In1Rh1_mp_899,0.179660356558298,14.3473234306532,15.53847851718744,1.0830228085601894,26.2503010237,2.334656764867753e-06,9.963587756953917e-14,0.0,0.0,,,35.598182678222656
296,LiPd,Li1Pd1_mp_2743,0.150743530384812,14.379364686803232,23.623466660130447,1.6428727676551007,56.4504739688,3.887092168078035e-11,4.605943849045229e-59,0.0,0.0,,,38.11758065223694
297,Ag2F,Ag2F1_mp_1391,0.3282719989634788,14.39892005191382,18.940033693932964,1.3153787662995997,33.2502996625,0.1834840513277583,0.0453496709558287,0.1935562002877604,0.0633688634242887,0.05344016109148252,0.33456970675099945,4.40875768661499
298,AgLi2Sn,Li2Ag1Sn1_mp_567347,0.3329587925477831,14.424290697691136,22.30221601534101,1.546156860171355,45.2503945125,0.2063047235855708,0.0538339098681507,0.2146062544696891,0.0779362313290191,0.03945065805399552,0.3699873816895322,6.554879665374756
299,ScZr,Zr1Sc1_JVASP_100313,0.7083049898384801,14.42655150505774,16.307029850134736,1.1303484304213467,27.0501803605,6.209934219860162,4.763927165480811,6.130235777004759,4.770585475847339,-0.012917091259080063,0.0013966757818397292,0.0674512386322021
300,RhY,Y1Rh1_mp_191,0.1648746682598586,14.442018299358049,16.403397127357565,1.1358105762881288,26.1502990995,3.310069407160043e-08,5.921280780219597e-23,0.0,0.0,,,36.48620390892029
301,Ir3Sc,Sc1Ir3_mp_12593,0.647534762827034,14.458401693825834,16.198774123350482,1.1203710110134677,33.3503015867,4.925551835085959,3.616822623035232,4.987289784283451,3.8046576905844622,0.012456316732748588,0.05063011224881505,0.1010894775390625
302,NbRh,Nb1Rh1_JVASP_20529,0.7780710453053488,14.485026740429008,16.889406669959925,1.1659907139018306,29.3502246177,7.758875902442448,6.175273920695377,7.633069427064609,6.133674906963957,-0.016347417348732754,-0.006759175408019861,0.0686588287353515
303,RuSbTi,Ti1Sb1Ru1_mp_31458,0.7818787738681966,14.53468012273678,18.00472060887071,1.2387421296396957,29.950236163,7.886317739960729,6.284762181694567,7.609015466174995,6.076728149053954,-0.035795536486567886,-0.03366158454293864,0.066225528717041
304,MgRh,Mg1Rh1_JVASP_20106,0.2391174535905534,14.537328638515495,17.696514638096026,1.2173154420689452,41.5503233162,0.0044482090133232,8.343707043767423e-05,0.0091015625,0.0,0.7159445558305214,,62.10781812667847
305,Nb,Nb_mp_75,1.2325133508631316,14.552826504674082,16.821562032574967,1.155896555708419,27.7501938301,16.979335256923346,14.970681209108433,17.139248652585717,15.085891554261488,0.009374044777873429,0.0076662705570968576,0.0438933372497558
306,Be2MgPd,Mg1Be2Pd1_JVASP_72942,0.7757254194868505,14.560717550028258,26.585244577187805,1.825819674466264,59.3505297713,7.814600158454128,6.202576494056665,7.077082513549231,5.6626055039098775,-0.0991320507967445,-0.09108064661330884,0.147167682647705
307,GaGeRu2,Ga1Ge1Ru2_JVASP_39819,0.5439804451446454,14.666887511441711,16.77357779146005,1.1436358108272733,32.6502881171,2.9007396238813627,1.8922754755102225,2.9200920147793736,2.011773903095949,0.00664938050217037,0.061236811521276954,0.1510446071624755
308,GaNi,Ga1Ni1_mp_1941,0.3576612152072439,14.67705569347198,16.850148046865254,1.1480605101444028,30.7502515568,0.3577979715846678,0.11828924627835,0.3907496832510062,0.1597437364755395,0.08809865675640953,0.30043801947287313,1.242995023727417
309,IrLi,Li1Ir1_JVASP_8021,0.2722975869385249,14.683763281954684,17.595185986420358,1.1982749686549097,62.2505855739,0.0287405899615361,0.0024029093983433,0.0534104704690615,0.0128049516603072,0.6196963949639153,1.6731516920978031,592.5441777706146
310,GaLi2Pt,Li2Ga1Pt1_mp_3726,0.3934366567146478,14.686858959100064,24.25692984286398,1.6516077338534148,55.9504643477,0.6614630432590144,0.277209127325571,0.6513337125729683,0.3357743755993307,-0.015431987719481422,0.19166723957923446,2.036747455596924
311,GeMnSc2,Sc2Mn1Ge1_JVASP_37107,0.3621780607784221,14.688334232064044,19.31931619733352,1.3152829920740927,39.250415116,0.3908787503466198,0.1338997201615812,0.4110770658475741,0.1776131926962266,0.050383294585043994,0.28251694820978107,1.9287142753601076
312,BiMgNi,Mg1Ni1Bi1_mp_29733,0.259569663396271,14.716509402335902,17.629114204652875,1.1979141060348637,29.4502265419,0.0155448348603844,0.0008319615920426,0.0205284946018839,0.0,0.2780854814678383,,40.63833832740784
313,CuGa2,Ga2Cu1_mp_11359,0.3268160393481601,14.768007241013516,17.311382642314136,1.172221976858001,32.150278496,0.1812846141971931,0.0440284467794156,0.205316383363706,0.067544879536766,0.12448387252224248,0.4279563162388087,4.085159540176392
314,BiPdY,Y1Bi1Pd1_mp_1008624,0.0489995301662168,14.787469156096302,16.145988926149652,1.0918696604343066,22.2502240547,0.0,0.0,0.0,0.0,,,4.774741888046265
315,CuRh2Sn,Cu1Sn1Rh2_JVASP_18688,0.1100228869535167,14.804853006217217,17.186679331131135,1.1608814571758117,30.4502457842,3.5779846658411294e-155,0.0,0.0,0.0,,,10.02764344215393
316,AlCu2Sc,Sc1Al1Cu2_JVASP_17418,0.3386277745308029,14.81200898208678,19.97744460224985,1.3487329521883222,38.1503939495,0.2418203794410285,0.0670925828062334,0.2611193020353695,0.0968678660748886,0.07678218195702566,0.3672743459773263,3.297926902770996
317,LiRhZn2,Li1Zn2Rh1_JVASP_39836,0.2537600733934596,14.840444974182866,21.26768372853676,1.4330893558471474,51.8505215114,0.0114236129207259,0.0004769750968763,0.0194574912581572,0.0,0.5325496285389696,,66.52746033668518
318,IrLiMg2,Li1Mg2Ir1_JVASP_106147,0.2124715339188483,14.843391160871535,23.18435863090315,1.5619313928759844,50.750500345,0.0004412818321448,6.010707362439764e-07,0.0,0.0,,,45.6532564163208
319,ClLi2,Li2Cl1_JVASP_136912,0.5185868148684155,14.85753116779611,19.28808093833464,1.2982022868066938,48.8501916706,2.472617039113213,1.5448217647678917,2.4567215840151837,1.6730830288234506,-0.00644934804025262,0.07975950839306256,0.3478181362152099
320,Ag2Zr2,Zr2Ag2_mp_11239,0.2690495976299813,14.91889158426135,17.406026418505935,1.166710430208393,27.5501899816,0.025174779155688,0.0018990678952283,0.031047658252332,0.0,0.2096807207306875,,24.10118532180786
321,CuMgSb,Mg1Cu1Sb1_mp_3522,0.136358316566365,14.92220363316441,18.14607099074154,1.2160449915327602,34.2503189047,5.848584099803383e-17,0.0,0.0,0.0,,,14.095548629760742
322,S2Zr2,Zr2S2_mp_7859,0.9503671523254434,14.923850819380576,18.894813908503508,1.2660816659977676,42.35033871,11.83514315668216,9.9638981066744,11.646440984883798,9.963788298339423,-0.0160727004580214,-1.1020680749929532e-05,0.0712449550628662
323,NiRhZn2,Zn2Ni1Rh1_JVASP_41045,0.0988047560303239,14.942479835573096,18.000898370126368,1.20467944867305,33.5503054352,0.0,0.0,0.0,0.0,,,10.11816906929016
324,RuSbZr,Zr1Sb1Ru1_mp_31457,0.7035265388702164,15.05483654135686,16.98861030323271,1.1284486720638658,26.2503010237,6.372734751995735,4.874268156973214,6.255892585317104,4.821407327964614,-0.018504861649062034,-0.010904109332172823,0.0646116733551025
325,Ni2Se4,Ni2Se4_mp_1071078,0.5378007949568714,15.055217763868594,17.324049110737292,1.150700666204492,27.743254921,2.8593716352889893,1.84716231565576,2.799677662928781,1.8667864128645837,-0.021097602579802654,0.010567878707002128,0.1225614547729492
326,AlMgY2,Y2Mg1Al1_JVASP_41679,0.193437327285537,15.104458327350365,18.35011627850145,1.2148807908770896,31.8502727233,3.534381355557139e-05,7.952810023555563e-10,0.0,0.0,,,20.824127435684204
327,IrY,Y1Ir1_mp_30746,0.1268442422889806,15.12380444973972,17.940585425992616,1.1862481748963218,27.1501822847,2.242055347058752e-25,0.0,0.0,0.0,,,8.522074937820435
328,Ba2N,Ba2N1_mp_1892,0.380879530367496,15.153177627794747,21.28964841263778,1.4049626379081834,41.2503175435,0.5602845395981008,0.2183791726155051,0.5413297076096178,0.2490896402385808,-0.03441622684641567,0.13157995679682188,1.4554224014282229
329,LaS,La1S1_mp_2350,0.3270922059670677,15.16698049081258,18.717680317917424,1.2341072324353346,33.2502996625,0.1875532046788731,0.0457018090501555,0.2106896884606779,0.0695697762800456,0.11632381672980513,0.4201923417178668,4.358911275863648
330,InP,In1P1_JVASP_17716,1.0933679362608617,15.204367742203972,17.53850164237075,1.1535173273721693,32.9502938898,15.007945785808804,12.999549629703612,14.967869631984057,13.048581111897722,-0.002673900752592315,0.0037646878073704236,0.0494828224182128
331,CaMg,Ca1Mg1_JVASP_100152,0.2834023764382103,15.224722262443182,17.306365130874894,1.1367278057719827,25.8502933268,0.0474599084816358,0.0053892839464301,0.0547150707171896,0.0092171383776515,0.14225386465446982,0.5366520906389042,23.704636812210083
332,GaRu,Ga1Ru1_JVASP_18196,0.5210676100903754,15.24514014242147,16.40614744654512,1.076155895798754,33.1502977383,2.574537233024778,1.6168379067786245,2.6727707552942004,1.7997850008622849,0.03744586776677175,0.10719488141201344,0.1579632759094238
333,NbTe,Nb1Te1_JVASP_37750,0.3259624924886223,15.248758593987484,18.137415839235786,1.189435567980418,29.8502342388,0.1831818309292605,0.0440229581256623,0.198656388277445,0.0620316212419072,0.08109736902891883,0.342933001635894,3.615588426589966
334,GaHfZn2,Hf1Zn2Ga1_JVASP_105494,0.2152672688935103,15.259163441189813,16.951051675455503,1.1108768669256597,27.9501976785,0.0006108880927974,1.2282676182584376e-06,0.0,0.0,,,19.43883061408997
335,AlCdSc2,Sc2Al1Cd1_JVASP_39121,0.1741139021278815,15.264162413692828,20.89356618434472,1.3687987337976693,35.9503516166,6.250135391967171e-07,3.476324904495902e-16,0.0,0.0,,,200.45735001564023
336,Al3V,Al3V1_JVASP_36199,0.9464776645051332,15.287741477389352,19.374106633606893,1.2672968510267717,45.6504022094,12.038236516748848,10.125386984703502,11.875034524449836,10.182186165613889,-0.013649703205948622,0.0055939061356268804,0.0734992027282714
337,MnPdTe,Mn1Te1Pd1_mp_622980,0.1808807913602576,15.345631347942394,18.81524010196761,1.2260974915502865,29.7502323146,3.291898183927275e-06,3.024838095699554e-13,0.0,0.0,,,38.63650918006897
338,NiSbZn,Zn1Ni1Sb1_mp_11621,0.3006113039699454,15.410886614482404,17.733071808066178,1.1506847238368163,28.5502092239,0.0889949998588263,0.0145864489078572,0.1015936190094768,0.0235629731589362,0.1324005413548229,0.4795836053086785,9.907659530639648
339,Pd3Sc,Sc1Pd3_mp_2677,0.2137741284238904,15.414681135980716,17.090495637296254,1.1087154827616823,27.4501880574,0.0005272391247262,8.651219785241614e-07,0.0,0.0,,,18.764248371124268
340,AuCu3,Cu3Au1_mp_2258,0.1278695630569078,15.43634311463556,17.312787517676917,1.121560164159752,30.1502400115,4.261496484404581e-24,0.0,0.0,0.0,,,13.637746572494509
342,Cu3Pt,Cu3Pt1_mp_12086,0.1150984052852771,15.481113196010964,18.25949265590104,1.1794689713014943,32.3502823444,8.349065577873116e-62,0.0,0.0,0.0,,,12.739911794662476
343,LiRu2Si,Li1Si1Ru2_JVASP_39772,0.698298795226609,15.485073650688255,19.77921275471199,1.2773082776931366,64.950637528,6.458351461166648,4.919685314472942,6.580604104231442,5.31807319443295,0.018752456819056545,0.07786648826674868,0.1842663288116455
344,InZr3,Zr3In1_JVASP_17797,0.4380883721103347,15.492852411618871,16.826521672091996,1.0860828738982202,24.3502644634,1.2410352826265896,0.6320871517854942,1.2426060898481277,0.670306881581969,0.0012649229058524709,0.05870835669765487,0.2448852062225341
345,CuPt,Cu1Pt1_mp_644311,0.1567474765540854,15.499893293733573,17.40378888813248,1.1228328194471269,30.7502515568,1.169382417720933e-09,1.4412929539271386e-35,0.0,0.0,,,22.5125093460083
346,CrPt3,Cr1Pt3_mp_2515,0.4538061825782098,15.508370442771804,17.707103033076766,1.1417771517915831,28.2502034512,1.4714520242996614,0.7887411970510244,1.4594350997228625,0.8338372521434477,-0.008200242047561252,0.05559998884086519,0.2519137859344482
347,HfRu2Ta,Hf1Ta1Ru2_JVASP_101565,0.7419456535278712,15.5104846091487,16.595979426634255,1.0699845842885711,25.7502914026,7.438870148685827,5.820590731986402,7.424439676835657,5.856251105262818,-0.0019417581351193385,0.006107898802914068,0.0532784461975097
348,TeV,V1Te1_JVASP_122995,0.8101027288582412,15.512974512472686,16.41661050095368,1.058250336694259,22.6502317516,9.009829185180404,7.2760354539847505,8.971750332141742,7.245123728990226,-0.004235324257628398,-0.004257479901915901,0.0439019203186035
349,AsLiRh2,Li1As1Rh2_JVASP_41862,0.341681788072159,15.558243215755232,18.53207294763104,1.1911417433598366,55.9504643477,0.2719124633477918,0.077835567020276,0.3494464178970857,0.1506219850579357,0.25087005061093615,0.6601748014693539,5.228623628616333
350,CoZn3,Zn3Co1_JVASP_37614,0.2955503471461763,15.618508616532086,17.378502829743635,1.1126864450648384,33.4503035109,0.0761023259654711,0.011323044453771,0.0968439934935655,0.0231233949308366,0.24102254028507542,0.7140048912980429,14.530495166778564
351,ScZn,Sc1Zn1_JVASP_16618,0.346045842744369,15.713079695832464,19.321345977214087,1.2296345688578565,30.9502554053,0.302170006895251,0.0902304579152477,0.3100880824883719,0.1124599234708194,0.025866598454502232,0.22022988139114447,1.9381091594696045
352,AlOs,Al1Os1_JVASP_19875,0.3679055101968433,15.747996795603395,20.209626541903123,1.2833141131667836,45.9504079821,0.4656733206823383,0.1664676499932453,0.525991724627014,0.2449855255510708,0.12180112025414808,0.38639813320804123,1.8605623245239256
353,MgOs2Ta,Mg1Ta1Os2_JVASP_39970,0.3308671417637787,15.765125880568588,17.677849320305768,1.1213262395890362,43.5503618007,0.2139877327561566,0.0545413448080559,0.2707925080250126,0.1020430264005387,0.23543418476404276,0.6264355174028003,4.050450086593628
354,Ag2Sc,Sc1Ag2_mp_1018128,0.1332195953078758,15.832515405937896,20.037200771383645,1.265572794823797,31.4491765701,4.785786580005076e-19,0.0,0.0,0.0,,,13.904641389846802
355,F2NaY,Na1Y1F2_JVASP_138900,0.346995586795789,15.841978997769502,20.00803277064169,1.2629755899473645,45.5504002852,0.3109513795812807,0.0936786171412047,0.3540274166001859,0.1453362063020538,0.12973779395193738,0.4391797649541739,3.4391534328460693
356,SY,Y1S1_mp_1534,0.5329659118605906,15.844010776751231,19.413760472848097,1.2253059371390322,37.1503747073,2.9160274069103584,1.868505180096387,2.909571920780918,1.9809516039929835,-0.002216248804160222,0.058438595060265705,0.1723127365112304
357,GaIrLi2,Li2Ga1Ir1_mp_31441,0.2743396431795346,15.896990922515377,25.861854379080004,1.62683960160354,59.0505239987,0.0340829668475198,0.0030293183084946,0.0455604760446582,0.0093879496537332,0.2902428337088087,1.1310893016279255,339.86292243003845
358,AgAl3Hf2,Hf2Al3Ag1_JVASP_99406,0.294141183834424,15.903210028716977,20.25354318946307,1.2735506324126102,58.8443975834,0.0738501529473955,0.010677999874833,0.1081186763743411,0.0315434126629242,0.3811913991125827,1.0831792384328307,65.61336970329285
359,AgTi,Ti1Ag1_mp_1961,0.5737803303508169,15.935473478262988,18.51330870615714,1.161767093485517,29.1502207692,3.778370208106914,2.5699179299134998,3.675534514554429,2.557636081458784,-0.02759418655221459,-0.004790538301787526,0.098745584487915
360,Ag2AlLi,Li1Al1Ag2_JVASP_16683,0.2529015309768063,15.94697596996729,22.93997969258195,1.438515975429102,46.5504195275,0.0116887329965991,0.0004691265290975,0.0174446739782975,0.0,0.4004089998314978,,91.14481902122498
361,Pt3Ti,Ti1Pt3_JVASP_16738,0.1577477539985265,15.956655108986473,17.967243203317548,1.1260031053249218,31.9502746475,1.9429958672263468e-09,2.546317837841275e-33,0.0,0.0,,,23.640060424804688
362,NiSc,Sc1Ni1_JVASP_16590,0.2576280524937708,15.990667235674303,19.255458365590528,1.2041685366719816,34.7503285259,0.0152345161136684,0.0007531378812278,0.021665870849694,0.0,0.35217460009763973,,72.7651891708374
363,MgPd,Mg1Pd1_mp_506,0.1575653664751611,16.009147310431334,21.47302387462157,1.341297163318002,39.7504247372,1.7894078661008976e-09,1.0485703941050288e-33,0.0,0.0,,,38.2884087562561
364,GaRh,Ga1Rh1_mp_2444,0.2094364647913351,16.031858713075135,17.878041392106972,1.1151571200865276,30.8502534811,0.000338248796803,2.885147929105488e-07,0.0,0.0,,,18.78563070297241
365,BeScTc2,Sc1Be1Tc2_JVASP_67731,0.8007431166337852,16.048749380702883,20.580199962639657,1.282355370779571,53.7504220147,9.174513493038074,7.369081954707354,9.075190115859408,7.504798369202554,-0.010885037915316031,0.018249465255241896,0.10906982421875
366,TaZn3,Ta1Zn3_JVASP_101611,0.1585130207713929,16.053070353214373,17.643602226783695,1.0990796052451637,28.6502111481,2.784269954158372e-09,8.744269206609689e-32,0.0,0.0,,,24.136418104171756
367,AlCu2Ti,Ti1Al1Cu2_JVASP_15444,0.2892108755074093,16.057847867872244,20.84835859323696,1.2983283167696047,41.0503136951,0.0624819893038973,0.0081315924985044,0.0780471950454871,0.0177206766094489,0.22243536432206024,0.7789753441727328,40.303905963897705
368,Te2Ti,Ti1Te2_mp_1907,0.3141129956061704,16.100394123859832,18.55972322762312,1.1527496212107444,36.0503535408,0.1404095179076493,0.0287431538238609,0.166453074713569,0.049375118597897,0.17015015548681764,0.5410470141804156,5.452560424804688
369,MnPt3,Mn1Pt3_mp_1180,0.3967140526878869,16.104801529470027,18.279210547629624,1.1350161946535426,26.9501784363,0.7595936937080735,0.3240738935161468,0.758469657678457,0.3540049726725562,-0.0014808818538547262,0.08833940393573105,0.490861177444458
370,Li3Sn,Li3Sn1_JVASP_109989,0.3954403739701423,16.11376331610495,26.057032598082987,1.6170668568800564,47.8504445424,0.7476516429537116,0.3167064410611835,0.6790959821773943,0.3315483863181748,-0.09617467580878901,0.04579846932851319,1.529649019241333
371,STa,Ta1S1_JVASP_4699,0.8939314638567704,16.18929167179329,22.490879523944415,1.3892441979490942,48.4504560878,11.540807707172874,9.5677167084686,11.097135976996473,9.350593480738992,-0.03920219565171569,-0.022954773379285007,0.0765943527221679
372,Ge2Sr,Sr1Ge2_mp_7390,0.1780979869078741,16.278119733242846,19.4962117019562,1.1976943296553737,28.4502072996,1.835351226683138e-06,2.6883560790014552e-14,0.0,0.0,,,43.33161401748657
373,MgNbOs2,Mg1Nb1Os2_JVASP_103278,0.3382141199447872,16.36531008265138,18.65935471509869,1.1401772786987514,44.2503752703,0.2643745820754298,0.0730502617806036,0.3226965725771696,0.1264866570489857,0.19934550892340164,0.5489891029593164,3.690540075302124
374,Re2,Re_mp_8,0.6757248593909101,16.372123493525155,17.367298038296045,1.060784695715523,25.950295251,6.240527869356526,4.68613049317599,6.225573015522585,4.72194932051222,-0.00239928445086299,0.0076145188205692755,0.0620064735412597
375,H2Ta,Ta1H2_mp_24723,0.7628387240118891,16.415358464921454,50.20065869986222,3.058151840371792,174.6509796622,8.473501192785202,6.68706307102604,7.845531491769186,6.58955929868605,-0.07699965421752457,-0.014688302886758672,0.929750919342041
376,Ir2P,P1Ir2_mp_2082,0.2519435218503474,16.428889888444274,23.50958667076273,1.4309905800329736,54.7504412569,0.0113936106364279,0.0004371379734569,0.0188058477234605,0.0,0.5011151428010208,,72.9717960357666
377,FePt3,Fe1Pt3_mp_649,0.3790643776653092,16.435573232558873,18.491455340505816,1.1250873382301163,27.5501899816,0.5887704751439015,0.2269674300831653,0.5960411568960887,0.2566571265809269,0.0122732978355362,0.12293452894626364,0.6417036056518555
378,MnSc2Si,Sc2Mn1Si1_JVASP_79498,0.3821942480270018,16.44002957826873,20.964700659617428,1.2752228066140243,46.5504195275,0.6206618714658649,0.24390384352298,0.6636153896178022,0.322694324284975,0.06691630590154754,0.27993144699478856,1.5727088451385498
379,GaZr3,Zr3Ga1_JVASP_99643,0.5555838145124707,16.450396459479887,17.482264272427383,1.062726014870776,28.3502053754,3.494403026790734,2.320038865581404,3.522193022356616,2.4185248886498854,0.007921260018722887,0.04157386622902623,0.0988030433654785
380,Be2ScTa,Sc1Ta1Be2_JVASP_70911,0.223099842275061,16.50474622850095,27.86777535668976,1.6884703933567151,67.650553425,0.0014134725794336,7.103571704723162e-06,0.0,0.0,,,53.57170033454895
381,HTa2,Ta2H1_mp_24082,0.3634737976737004,16.5217876369372,36.26211544359203,2.194805806759194,181.4511105095,0.4509322360145364,0.1559765691455641,0.6354023175939043,0.3651992660035643,0.34294129381111577,0.8507373406870665,61.07437586784363
382,S2V,V1S2_JVASP_572,0.7909984476162712,16.576179981085904,22.14498266409241,1.335952112571216,56.4504739688,9.242874110260932,7.392008459558988,9.033598076971597,7.424502203687783,-0.022902141979411383,0.004386160407302942,0.1063666343688964
383,GeLiNi2,Li1Ni2Ge1_JVASP_17402,0.2952998003399574,16.59626498489121,20.755580675808904,1.2506175753824262,59.4505316956,0.0802259690896314,0.0118753376121503,0.1163095382212824,0.0339898723757019,0.3714078035328295,1.0515988289273743,41.131571531295776
384,Sc2TcZn,Sc2Zn1Tc1_JVASP_41840,0.3868193309941012,16.637067825348613,20.092351157766068,1.2076858355504752,34.1503169805,0.6758837713519446,0.2730404566670182,0.6859598899777795,0.318236152570868,0.014798031205942091,0.15317374819818724,0.7147514820098877
385,AlNi2Sc,Sc1Al1Ni2_JVASP_16372,0.3093927958576626,16.64572151056952,20.796264995573324,1.2493459645091587,42.1503348615,0.1265300229130274,0.0240912881186059,0.1528334919952223,0.0448873757007452,0.18886942587568756,0.6223063041306475,11.57295846939087
386,Rh2ScZn,Sc1Zn1Rh2_JVASP_40504,0.2288382705439404,16.667575475321254,19.31771504871543,1.1589997043852054,34.8503304501,0.0023394344129102,2.0229177156293205e-05,0.0,0.0,,,24.690289735794067
387,LiPt,Li1Pt1_mp_11807,0.2115885641909665,16.672763879606478,20.75021087291904,1.244557352503501,59.3505297713,0.0004494443491999,5.370500956177327e-07,0.0,0.0,,,54.56892347335816
388,BeHfMn2,Hf1Mn2Be1_JVASP_71182,0.7172061419722031,16.682581694106577,24.084705796156957,1.443703752679078,69.0505803642,7.449879869973958,5.739029707554718,7.20213012094877,5.767605500376797,-0.0338210750269886,0.004966847571288743,0.1602261066436767
389,OsSc2Zn,Sc2Zn1Os1_JVASP_40343,0.2908890847187651,16.70306531785157,21.38386248327872,1.280235817579214,36.6503650862,0.0690959906747911,0.0093300439933604,0.0793839802338068,0.0168613434578642,0.13879988059944454,0.5917839024400336,26.794646501541138
390,BRh3Sc,Sc1B1Rh3_JVASP_56344,0.2475977069434166,16.724881565572055,23.99402461894824,1.4346304650873951,85.8507675771,0.0089393927985396,0.0002758866620703,0.0220234475783982,0.0,0.9016400175635393,,115.97904777526855
391,BRh3Y,Y1B1Rh3_JVASP_18546,0.2122921367088687,16.726978798346384,24.2668395399304,1.4507604650236898,78.8507689383,0.0004875467838347,6.468665300022092e-07,0.0,0.0,,,71.4795172214508
392,InMgSc2,Mg1Sc2In1_JVASP_38893,0.1462777525725045,16.728014354954283,20.951645721402084,1.2524885068141338,34.350320829,1.976665159109479e-12,6.987206024956182e-114,0.0,0.0,,,16.349594831466675
393,IrNiSc2,Sc2Ni1Ir1_JVASP_41868,0.1799977699504842,16.772087557271348,20.840702782262294,1.2425825175964484,39.5504208887,2.9493020960002984e-06,1.5647308717723634e-13,0.0,0.0,,,189.10603499412537
394,NiSbTi,Ti1Ni1Sb1_mp_20952,0.4368922341929845,16.78824503234366,19.30898387345752,1.150149037988038,31.9502746475,1.3279527302151763,0.6734063587397106,1.3349880157784524,0.7362132167397604,0.00528385916369303,0.08917082401188046,0.3098468780517578
395,Co2Sb2,Co2Sb2_JVASP_14996,0.2636275150111528,16.79082974636839,19.89685288359521,1.1849833024421326,34.9503323743,0.0218245618361904,0.0013644312867743,0.0293443892256661,0.0,0.2960653349295076,,38.55187749862671
396,SbY,Y1Sb1_mp_215,0.0870613560763802,16.80760977614765,18.10541386237764,1.0772152675790791,22.9502375243,0.0,0.0,0.0,0.0,,,6.286753416061401
397,MgSc,Mg1Sc1_JVASP_100208,0.302271687136729,16.80955365419804,20.317811427273533,1.2087061825225405,33.1502977383,0.1024634216849994,0.0173046649277722,0.1156170437163833,0.0279163223231208,0.1207775090850031,0.47823543310766486,11.760488033294678
398,LiRh,Li1Rh1_mp_600561,0.2406547488535924,16.862376955980636,19.328439375751124,1.1462464293265513,62.750595195,0.0057367796532159,0.000118743278492,0.0141316431467597,0.0,0.9015184608790734,,76.06477618217468
399,LiRh2Sn,Li1Sn1Rh2_JVASP_41105,0.1149286021928709,16.869537569918528,22.57619270802788,1.3382816579563726,51.0505061176,4.760500653111566e-63,0.0,0.0,0.0,,,21.760124444961548
400,MnPdSb,Mn1Sb1Pd1_mp_4142,0.5506505516742264,16.908987963233564,21.167485254084955,1.251848147275931,31.9502746475,3.4957146338532934,2.3027226438491133,3.2908871747817416,2.206821657008676,-0.06038064157502584,-0.0425388649116823,0.130312442779541
401,CuMgSn,Mg1Cu1Sn1_mp_11361,0.2709929953597902,16.91758972832541,19.575327114658634,1.1570990566039872,31.3502631022,0.031215537944246,0.0025062998168757,0.0389261212314821,,0.2207495403418422,,15.430830001831056
402,Os2TaTi,Ta1Ti1Os2_JVASP_40237,0.707546705925141,16.925815055563795,19.33149690088576,1.1421309306183856,33.9503131321,7.269371279358635,5.573641140372248,7.196716388112867,5.623258277042994,-0.010044941497182167,0.00886271450633533,0.0704939365386962
403,Al2Pt,Al2Pt1_mp_1502,0.3972110845426985,16.965606685941204,24.487772811189547,1.4433773730875004,40.9503117708,0.8075790536994838,0.3453090338407797,0.7462727928687523,0.3580597183069618,-0.07894974217514644,0.03626001705297262,0.9732122421264648
404,HfIr3,Hf1Ir3_JVASP_20590,0.2931763767522028,17.011201736019572,17.613770813727594,1.0354218994671105,23.9502567665,0.0762629370127233,0.0108124940972486,0.086500228323369,0.0160920834917986,0.12595998667431962,0.3976251161395269,7.936372995376587
405,Ni3Sb,Ni3Sb1_JVASP_38647,0.2500937981966044,17.045100202638285,18.513005266903612,1.086118887352632,33.2502996625,0.0105906569753626,0.0003714653180983,0.0162017227369342,0.0,0.42514538334785507,,143.33455801010132
406,Fe2Se2,Fe2Se2_mp_20311,0.1954598519179293,17.05465269968796,23.62463042911969,1.3852308132637576,44.9503887399,5.506663090992447e-05,2.272265907800976e-09,0.0,0.0,,,51.959083795547485
407,F2NaSc,Na1Sc1F2_JVASP_138878,0.5282171144681898,17.097320113121693,20.75485578578386,1.2139245009429938,50.0504868754,3.04482442168166,1.9355033219451452,3.1089115404029544,2.1481214420821653,0.020829439611598326,0.10422630497253099,0.2650876045227051
408,NbRu3,Nb1Ru3_JVASP_16588,0.8838690401857026,17.152941045831255,18.392128070827745,1.072243414215993,26.5501707394,11.83062194530454,9.801141886651,11.79254898965701,9.768673642349162,-0.0032233597019917385,-0.003318199299788026,0.0487301349639892
409,GaSc2Tc,Sc2Ga1Tc1_JVASP_41857,0.3140105809515959,17.182869618089708,21.06025997764271,1.225654413129631,36.6503650862,0.1494706714659357,0.0305493891644992,0.1663765583042547,0.0473214576231583,0.10715344678777873,0.43761915136597695,5.541578769683838
410,PZr,Zr1P1_mp_930,0.6820406350209399,17.230415919374693,22.34308391310751,1.2967234231405809,45.1503925883,6.770209635567385,5.100731562234824,6.597677213731761,5.1307269341923885,-0.02581440204207064,0.005863378696743058,0.1096937656402587
411,MgO2Ta,Mg1Ta1O2_JVASP_118722,0.9917623105050106,17.231818179148416,28.07545396920364,1.629279840195662,70.750613076,14.804411386373545,12.559146084353072,13.980324634963695,11.986076208908424,-0.057274245082740906,-0.04670351163827054,0.1002120971679687
412,AlRuSc2,Sc2Al1Ru1_JVASP_41902,0.3136493072855431,17.233710136740907,22.077050428450537,1.2810387463453974,44.550381043,0.1484052201047824,0.0301680243643147,0.1725823257586136,0.0524572743089536,0.15092786737519676,0.5532164480006458,9.278475284576416
413,FeI2,Fe1I2_mp_571122,0.0927858058571863,17.235985988466425,21.141423343923,1.2265862456647345,31.6502688749,0.0,0.0,0.0,0.0,,,11.373863458633425
414,BeIrOs2,Be1Ir1Os2_JVASP_71053,0.5279982955559548,17.384570023705145,21.22691480680313,1.2210204093548858,63.2506048161,3.091553890360354,1.96443220683139,3.285886736339032,2.331321998945985,0.0609627088207045,0.1712322378997361,0.3518831729888916
415,BeTiZn2,Ti1Be1Zn2_JVASP_67780,0.356295810118911,17.39441862530647,26.4129374157292,1.5184719871753591,51.0505061176,0.4134961141556226,0.1351381940878728,0.412903133684635,0.1718497600461137,-0.0014350946574731842,0.24032269223035585,3.4745893478393555
416,CuTi2,Ti2Cu1_mp_742,0.3086940353987553,17.422396109102507,22.16626949733124,1.2722859334916767,38.4493112659,0.1296988107700276,0.024419789022585,0.1432808485144448,0.0385137241734384,0.0995917576086256,0.4556208206985842,10.100748062133787
417,Co4Hf2,Hf2Co4_JVASP_14504,0.4334079998229715,17.4251146129322,21.388524869141445,1.2274538988264538,40.7503079224,1.325570446557874,0.663744720972437,1.3261570821487392,0.738810091366448,0.0004424554137518576,0.10714328817610375,0.4894604682922363
418,LiPd,Li1Pd1_mp_2744,0.137063141627641,17.449707527759493,22.684821350331017,1.3000115511531272,58.0505047564,1.7766770099962963e-16,0.0,0.0,0.0,,,37.50012183189392
419,Al6Fe2,Al6Fe2_JVASP_37941,0.4709004217056096,17.4507348642487,21.473150793767747,1.230501234521634,55.8504624234,1.9586016992111943,1.1017496825222004,2.0656442241136244,1.3232560522285497,0.0532113508275819,0.18319586892380696,0.4826126098632812
420,HfOs2Sc,Hf1Sc1Os2_JVASP_41242,0.23797800637412,17.46433144069011,20.04258042758164,1.1476294123051554,36.5503631619,0.0049300775658446,8.574979307447856e-05,0.0083984375,0.0,0.5326909552742779,,80.51510810852051
421,BeHf2Tc,Hf2Be1Tc1_JVASP_74422,0.3673276862126525,17.485256335322447,23.701161845539755,1.355494102632078,50.0504868754,0.5118414933634476,0.182199184720995,0.5458891961124859,0.2471228129618107,0.06440102379318308,0.30478492134664487,1.889997959136963
422,Ru2VZn,V1Zn1Ru2_JVASP_41590,0.5969027981024028,17.48575596746212,19.84433965800027,1.1348860006354349,34.2503189047,4.697636464000111,3.284684785520068,4.641678046098116,3.338082994867359,-0.011983553504172602,0.016125996950766622,0.1032323837280273
423,Al2IrLi,Li1Al2Ir1_JVASP_16583,0.450124523099674,17.51583282949656,26.04609441344364,1.4870029114220686,58.3505105291,1.6038717727722087,0.8495681198239223,1.5422129545627463,0.9203130391466852,-0.03920219565171546,0.07998574607394546,0.7988326549530029
424,AlSc2Zn,Sc2Al1Zn1_JVASP_41903,0.2151677514713423,17.519155865947024,22.06635379440623,1.259555766456639,40.0502944528,0.0006944081074409,1.3777459493146262e-06,0.0,0.0,,,41.4787917137146
425,Ga4Zr2,Zr2Ga4_mp_30683,0.2836206894017295,17.548731280512985,19.97449716591852,1.1382302712731849,32.6425328659,0.0551757913201686,0.0062993436678962,0.0666016899241475,0.0120000115146535,0.18820565741514295,0.6444621610706088,26.323405981063843
426,AgRuSc2,Sc2Ag1Ru1_JVASP_41894,0.2062343453000755,17.553197443498878,21.202885932688165,1.2079215767347853,35.1503362228,0.0002524035910231,1.2375825309556864e-07,0.0,0.0,,,19.23113346099853
427,MnZn3,Mn1Zn3_mp_11504,0.2244503642455094,17.577437269958516,19.736160172870136,1.1228121522925916,33.6503073594,0.00169718435238,9.775934301849236e-06,0.0,0.0,,,22.192970514297485
428,Ge2Y2,Y2Ge2_JVASP_16226,0.2707431118956095,17.578156425967723,19.191649790084025,1.091789680613647,27.0501803605,0.0320568115587318,0.0025538063777951,0.0379671616099597,0.0,0.1692119280397114,,11.039024829864502
429,GaLi2Rh,Li2Ga1Rh1_JVASP_15118,0.3118536678649641,17.58481881204115,25.75787990757231,1.464779374919387,58.2505086049,0.1438353875539771,0.0284545233056721,0.170850066005809,0.0547671232093816,0.1721168611944418,0.6547829331358842,19.744532108306885
430,CuOsSc2,Sc2Cu1Os1_JVASP_40525,0.254058565447111,17.607986650791116,21.963489592454117,1.2473595095250318,38.0503920253,0.0137796593250326,0.0005832478953406,0.0187347534662728,0.0,0.3071867303079541,,164.53185844421387
431,Co2ScSn,Sc1Co2Sn1_mp_3791,0.1724961738467626,17.635893392247862,19.951536471537917,1.1313028508273888,34.6503266016,4.619887039538778e-07,5.154741255831318e-17,0.0,0.0,,,222.423193693161
432,Be2NiPt,Be2Ni1Pt1_JVASP_67276,0.3878476494897044,17.665362470313113,27.639855575742327,1.5646356321412305,69.3505861369,0.7303838248351494,0.2967250569846624,0.7669503819051361,0.3973429308597578,0.048851924737041176,0.29199373752592506,2.812295913696289
433,Mg2Rh,Mg2Rh1_mp_12693,0.1531466618174526,17.674133774495008,24.111272567153275,1.364212406378156,41.5492348599,2.0076601100190603e-10,1.0521496822060887e-46,0.0,0.0,,,36.062212228775024
434,Sc2,Sc_mp_67,0.4508217002361939,17.721143003534383,19.125608177682672,1.0792536448618566,29.3502246177,1.628855502863198,0.865275054952136,1.6465831864047176,0.9305873313850574,0.010824722014873694,0.0727684869443572,0.2546756267547607
435,CTa,Ta1C1_JVASP_36405,1.685703236359026,17.721726873600367,31.23931290926771,1.7627691213210248,84.4507406379,30.79888217610964,27.768262888046024,30.18629450007612,27.23173538644791,-0.020090399466941525,-0.019510710480705924,0.073146104812622
436,AlLiY2,Li1Y2Al1_JVASP_41907,0.2728070797931647,17.74478384402664,22.75538862115264,1.282370572736658,39.1504131918,0.0355403728320488,0.003017776369063,0.0437333157573189,0.0068760389032503,0.20744087278878157,0.8235224867874007,83.20161819458008
437,Co4Zr2,Zr2Co4_JVASP_93356,0.4613056461177889,17.7487786458505,20.98893793227308,1.1825567466401468,38.9504093434,1.816464206917944,0.9953422440561276,1.8212561766401607,1.084914100768182,0.0026346018873145355,0.08616945114946992,0.3192720413208008
438,HfTc,Hf1Tc1_JVASP_16545,0.3691259472357086,17.750309834213862,19.15627571173833,1.079207962602121,25.4502856299,0.5356505143652379,0.1932179799307072,0.5406705928854109,0.2132124451069726,0.009328284819354254,0.09847008223828231,0.7139286994934082
439,Ni2Ti2,Ti2Ni2_mp_1048,0.4513941844962894,17.75543820166591,22.06360267434946,1.242639152227701,37.950117987,1.6450934165667666,0.8751137889640133,1.5876839610404994,0.905294313020964,-0.035520844750009495,0.03390617615645797,0.3258137702941894
440,Rh3Sb,Sb1Rh3_JVASP_39222,0.2028422013674727,17.766373667577888,19.347001720227265,1.088967398875207,29.3502246177,0.0001654255390762,4.170882250090349e-08,0.0,0.0,,,18.586867332458496
441,Co2GeZn,Zn1Co2Ge1_JVASP_7935,0.1758761614610117,17.796495356334102,20.306745881564904,1.141053082360812,36.5503631619,1.156848319132737e-06,3.045445743820702e-15,0.0,0.0,,,237.63784527778623
442,RuSc,Sc1Ru1_JVASP_8729,0.4561505482954824,17.907679341742657,19.978335406254963,1.115629503130851,36.3503593135,1.7394654011530528,0.9390800178367542,1.7908783019649437,1.056406690010251,0.029128345699864725,0.117727821649935,0.2916197776794433
443,LiMgP,Li1Mg1P1_mp_10178,0.1630616198632241,17.908615734466387,27.347998773900663,1.5270861343720454,63.0506009677,2.0877611784799172e-08,7.367233197568371e-25,0.0,0.0,,,54.0546498298645
444,AsRh2,As1Rh2_JVASP_14488,0.1634082304749619,17.94393465191899,20.8206827617971,1.1603186907265326,34.1503169805,2.3878314139359983e-08,1.886254531206709e-24,0.0,0.0,,,35.60503172874451
445,Rh3Sc,Sc1Rh3_JVASP_18919,0.3887722961495151,17.951190854219796,19.264767993592574,1.0731749302895968,31.1502592537,0.7507921819562422,0.306801343925647,0.7913175136538493,0.3663417566567655,0.052570403424367286,0.17736620912950965,0.554337739944458
446,GaSc2Zn,Sc2Zn1Ga1_JVASP_40342,0.1896741583128714,18.018164967987705,21.5386352306072,1.19538450607341,35.5503439197,2.2223212403191427e-05,1.3714531360070294e-10,0.0,0.0,,,43.49416208267212
447,AlIr2Mg,Mg1Al1Ir2_JVASP_39845,0.1415705633682552,18.06832309552065,24.108123778324423,1.334275663041531,49.3504734058,3.316864735766428e-14,0.0,0.0,0.0,,,25.512480974197388
448,AlCo2Hf,Hf1Al1Co2_mp_5221,0.1800763836579537,18.07844514945645,21.91164411226622,1.212031451328934,40.2502983012,3.236261910599743e-06,1.8051843059394387e-13,0.0,0.0,,,110.6899995803833
449,Li2Zn2,Li2Zn2_JVASP_20517,0.4152177729084328,18.10792497700036,25.06356544144607,1.384121343184289,52.9505426779,1.1038277349584762,0.5140764529340529,1.11412174431154,0.605995800149556,0.009282522766766109,0.16450106008788518,0.912566900253296
450,Ti2Zn,Ti2Zn1_mp_1014229,0.5135103940220057,18.108566952234,22.271862286542973,1.2299074987706504,35.7487150836,2.900501913358391,1.7952907195359031,2.769540057802022,1.776962358405889,-0.04620253329118112,-0.010261603286197104,0.1555538177490234
451,MgNiSb,Mg1Ni1Sb1_JVASP_17322,0.2309330865621186,18.119710416404157,20.234166745153036,1.11669371530544,33.9503131321,0.0030117649797206,3.106485325714116e-05,0.0050390625,0.0,0.514693773964058,,39.48896527290344
452,Mn2Sb2,Mn2Sb2_mp_786,0.3971359568813773,18.18053181244237,21.91914651810848,1.205638357790363,36.2503573893,0.8633621959079558,0.3691093010048671,0.8661155748005949,0.4170137153207087,0.003184060836714624,0.12202630285058474,0.6755893230438232
453,Ga2Sc2,Sc2Ga2_JVASP_16526,0.3601534948986024,18.2127606611825,20.62044067054801,1.1321974221347502,31.4502650264,0.4658432369358273,0.1571183218904972,0.4803603928275801,0.1874941840901107,0.03068746446487678,0.17674866262636746,1.15626859664917
454,LiOsSc2,Li1Sc2Os1_JVASP_42110,0.3219976690846468,18.22141157170348,24.767784663617505,1.359268164606965,49.8504830269,0.1975736850577501,0.0451333149098863,0.219630833111601,0.0722004191369069,0.10583650190911861,0.4698251874927172,7.968632459640503
455,CoGa2Ru,Ga2Co1Ru1_JVASP_80007,0.1333626139591057,18.22417923549734,20.34783449340197,1.1165295419048638,34.7503285259,7.047599393076094e-19,0.0,0.0,0.0,,,14.62041163444519
456,IrOs,Ir1Os1_mp_1223655,0.4388623914536013,18.241055237201643,19.2481116320749,1.055208231200321,27.2501842089,1.473154899871953,0.7524093912851144,1.488779150850886,0.8031697275987015,0.010550130848881583,0.06528547936374143,0.2551314830780029
457,Ni3Sn,Ni3Sn1_JVASP_16591,0.0875965366035697,18.2963291291863,19.851538764252314,1.0850011837940292,34.6503266016,0.0,0.0,0.0,0.0,,,11.303780794143677
458,Co2HfZn,Hf1Zn1Co2_JVASP_39989,0.1020784136297743,18.31294041177241,21.1061076095416,1.1525242334089405,30.3502438599,0.0,0.0,0.0,0.0,,,10.935874938964844
459,HfOs,Hf1Os1_mp_11452,0.0287740069798531,18.31484496695774,19.177448302506296,1.047098587899859,27.2501842089,0.0,0.0,0.0,0.0,,,5.906442165374756
460,AlSc2Tc,Sc2Al1Tc1_JVASP_41900,0.3529865776144845,18.330372511969724,22.56108866248939,1.2308036101152342,41.450321392,0.4074100572929583,0.1295073296808951,0.4347097524149227,0.1731781344001587,0.06485838254046718,0.290583263965657,2.246896505355835
461,BSc3Tl,Sc3Tl1B1_JVASP_15896,0.4838830754466045,18.333894751056345,29.18913759260072,1.592086023670389,63.5506105888,2.3176351592293964,1.3462360363512231,2.198806402819158,1.4061443442589163,-0.052632668931029886,0.04353887399722276,0.5557310581207275
462,BaO2Sc,Ba1Sc1O2_JVASP_133938,0.3216340166536819,18.34788982626293,25.419640226153845,1.3854258155490178,73.850672727,0.1970482030124508,0.0447976372668991,0.2580161164179944,0.0982993529468457,0.26957366555726214,0.7858620462465402,15.701105833053589
463,NbRu2Y,Y1Nb1Ru2_JVASP_37463,0.1837812037237572,18.35436910812313,19.913744062559967,1.0849593328569764,33.6503073594,7.324315099511641e-06,3.389981002595972e-12,0.0,0.0,,,26.51612949371338
464,HfRh3,Hf1Rh3_JVASP_19597,0.3878933001255266,18.361436768119237,19.647562908408734,1.0700449619782797,29.2502226934,0.7575199765345166,0.3080036118800668,0.7831670757419252,0.353008352926887,0.03329614351096747,0.13638020954759036,0.5370759963989258
465,Ir,Ir1_mp_101,0.3760501980294337,18.382106017102377,18.887935166929392,1.0275174753837455,25.2502817815,0.6253218700834471,0.2364835515931211,0.6474683879835652,0.2671834577122122,0.03480346142789515,0.12205687376212233,0.5159664154052734
466,ReTc2Ti,Ti1Re1Tc2_JVASP_39667,0.7514904438937934,18.38465484198543,20.860207349104662,1.1346531946558909,35.6503458439,9.103448983213106,7.154948587247644,9.001599422413008,7.167449369202679,-0.011251075712805461,0.0017456273966727012,0.0661463737487793
468,Ga3Sc,Sc1Ga3_mp_932,0.4313809913754156,18.4313433108454,20.86127422177099,1.1318368862184758,32.4502842687,1.3680886081793269,0.6800786985116,1.3701966286713234,0.7346178259782402,0.0015396649553242906,0.07714187474999427,0.3049046993255615
469,AlRe2,Al1Re2_mp_10909,0.3428277520433209,18.441434255432423,22.30619510875612,1.2095694293509318,43.6502276679,0.3306258650604714,0.0957201409957978,0.3698570911789156,0.1410892834392225,0.112129271922252,0.38796416982102266,3.0291128158569336
470,AlLi2Pt,Li2Al1Pt1_JVASP_18765,0.3440002274737074,18.488966443796382,29.175349990317343,1.5779870702348844,58.750518226,0.3405201673474965,0.0996946619106215,0.3353591596774481,0.1296487376340915,-0.015272276505946956,0.26271664119997884,5.885285377502441
471,Ir3Os,Ir3Os1_mp_1184761,0.4391723881560238,18.515903086169583,19.000628296396044,1.0261788586800569,24.3502644634,1.4997363601021811,0.7668882102466126,1.5065781934112965,0.7980823036432385,0.00455164953598289,0.03987068813679395,0.2007520198822021
472,TiZn3,Ti1Zn3_JVASP_18033,0.3381182567037701,18.541010656876228,21.43555446898213,1.1561157514912712,33.050295814,0.2988988108553938,0.082505153897318,0.3163598276188839,0.1067019291639375,0.056775169882819394,0.2571784755340782,1.9947571754455569
473,Be2PdPt,Be2Pd1Pt1_JVASP_68512,0.3125695896264119,18.585586765586225,29.847237792508214,1.6059346508109438,63.5506105888,0.1552513867695958,0.031048095299754,0.1713209407341774,0.054081537199534,0.09849299055875745,0.554955392383498,20.75663638114929
474,BeScZn2,Sc1Be1Zn2_JVASP_67710,0.3851916840123353,18.60263010721614,27.279233850575736,1.466418119016077,49.7504811027,0.7374967194915456,0.2950330439752596,0.7081298167748038,0.3325841638233712,-0.04063420614459128,0.1198055888039436,1.4210052490234375
475,LiS2Ti,Li1Ti1S2_JVASP_16170,0.4962779066594183,18.694917982448988,23.337098050520453,1.2483124062073767,53.1504104693,2.6179493904887225,1.5646389795550442,2.652414306272388,1.7416384679361958,0.013078948269784806,0.10717120500296623,0.3243553638458252
476,TeZr,Zr1Te1_mp_1539,0.0533101157582788,18.697547592932377,21.1719701803794,1.1323394191215936,27.8501957543,0.0,0.0,0.0,0.0,,,7.424071311950684
477,Mn2Se2,Mn2Se2_mp_10204,0.7667858581443372,18.743256190921738,20.913245751325537,1.1157744171183464,34.0503150563,9.703839158995915,7.685593215479161,9.603334509240389,7.671193896880933,-0.010411213916385243,-0.0018753040870843082,0.0596418380737304
478,NbZn3,Nb1Zn3_mp_953,0.1451439581446464,18.74632046295158,20.552731631427047,1.0963608390268098,31.3502631022,8.91386094439871e-13,1.3733042818245412e-148,0.0,0.0,,,15.835321187973022
479,CuRuSc2,Sc2Cu1Ru1_JVASP_41865,0.2415039795018974,18.75962258967168,22.01717703845021,1.1736471207353616,36.6503650862,0.0067617359462604,0.0001475317966392,0.0100373091208073,0.0,0.3950294086127632,,127.68885564804076
480,AlFe2Mn,Mn1Al1Fe2_mp_31185,0.8081052261285796,18.7637861219857,20.861532718048046,1.1117976181579046,51.8505215114,10.871606099315784,8.768044238113493,11.057427081290642,9.179962484014922,0.016947890791052463,0.04590934231722274,0.0883901119232177
481,Al3Cu,Al3Cu1_JVASP_106483,0.4479060048892934,18.781332612166445,25.41461944231185,1.3531850996477426,47.0504291486,1.6789620680689687,0.8832208946189496,1.5911485200078368,0.9104017887724892,-0.05371969076421303,0.030310695090944292,0.4417054653167724
482,Nb2S2,Nb2S2_JVASP_18923,1.0197104398916936,18.805579200897235,23.960414617437163,1.2741120260892569,49.2504714816,16.77680837143927,14.332790471978246,16.389448220685367,14.14232622686566,-0.02335975204261591,-0.01337779140008142,0.0594758987426757
483,W,W_mp_91,0.3786323439111388,18.81631430722031,19.534293591796988,1.038157275269428,27.8501957543,0.6685533618820333,0.2570697204601856,0.6980431088022563,0.2974266932707856,0.04316464465172155,0.14582045150695708,0.4953367710113525
484,LiRuSc2,Li1Sc2Ru1_JVASP_39744,0.3228117021016022,18.82074557364549,24.55922908453302,1.3049020289038429,50.0504868754,0.2084684069309008,0.0481324527060094,0.2393766499770864,0.0800357231795947,0.1382507485193851,0.5085164327078853,6.319076061248779
485,CAlCo3,Al1Co3C1_JVASP_15854,0.2184760156086293,18.82562605745385,28.28382832717188,1.5024110348762156,99.6508970632,0.001042832730599,3.139087138748583e-06,0.0,0.0,,,76.30815553665161
486,Tc2,Tc2_mp_113,0.9600595583102284,18.869212317166728,20.15535018951508,1.0681606550782332,30.3502438599,15.069126698082895,12.740298075007702,15.067515850555358,12.77540770736518,-0.00010690291902768876,0.0027520033986567116,0.045644998550415
487,CoOsSc2,Sc2Co1Os1_JVASP_40224,0.2215570554968821,18.910021179437617,22.008042786041447,1.1638296211943198,39.8502906043,0.0014049198729617,6.000829816859958e-06,0.0,0.0,,,47.67372131347656
488,PSn,Sn1P1_mp_7526,0.3095910501778863,18.92643412010734,23.346777193097804,1.2335539301771756,34.1503169805,0.1447109742310759,0.0276401770840561,0.1468750577153352,0.0358940265559205,0.014843805826975023,0.2613004847669836,9.964558601379396
489,MgRu2Sb,Mg1Sb1Ru2_JVASP_38883,0.1633555731005528,19.003217087144883,20.851587080346945,1.0972661620780213,40.0502944528,2.4783141431242843e-08,1.73533120801337e-24,0.0,0.0,,,63.13766050338745
491,AlMgNi2,Mg1Al1Ni2_JVASP_110823,0.1833507809834209,19.0272599859003,23.217387480473448,1.2202170726462005,44.4503791187,6.946957452360738e-06,2.5715998027370586e-12,0.0,0.0,,,79.34765958786011
492,Ti2,Ti_mp_46,0.6410271710634554,19.041436158031185,21.51704411444573,1.1300116197049772,35.250338147,6.308865051681996,4.606714238953506,6.218085165535433,4.624046166762575,-0.01449378719375431,0.0037552590285395812,0.0852172374725341
493,OsTa2W,Ta2Os1W1_JVASP_41041,0.1737057888550008,19.077240760943575,19.99326381594571,1.0480165379512054,27.0501803605,6.990105265140793e-07,2.638091126776206e-16,0.0,0.0,,,36.42978525161743
494,SSc,Sc1S1_JVASP_19725,0.6239632762672187,19.12668757678526,22.09407496326128,1.1551438206204423,41.9503310131,5.871352452654668,4.220778272334843,5.865885401324111,4.370190241429906,-0.0009315738155679053,0.0347870059002628,0.1096091270446777
495,Be2GaOs,Be2Ga1Os1_JVASP_68481,0.7073528908141806,19.154248956243368,30.13019340510072,1.5730292257311251,72.6506496363,8.277579968961705,6.33741978282543,7.775434022905511,6.148413538391431,-0.06258137200773291,-0.030277623991317917,0.1750433444976806
496,Ir3Ti,Ti1Ir3_JVASP_20075,0.337970238320663,19.15991954250599,20.57990118801577,1.074112088120181,33.3503015867,0.3076201805152603,0.0847921862658417,0.3419316257637582,0.1170798596517751,0.10574495057164202,0.3226528676242061,1.9631192684173584
497,TaW3,Ta1W3_JVASP_37414,0.1851842383608007,19.17970964562352,20.34646180351904,1.0608326288277128,26.6501726636,1.016611443460245e-05,9.401335210088664e-12,0.0,0.0,,,17.472001552581787
498,Rh3Zr,Zr1Rh3_JVASP_7997,0.3362638760315647,19.24804413468402,20.21527566010144,1.0502508991900386,28.5502092239,0.2969990342871413,0.0803998506214108,0.3185545256138246,0.1016092499302885,0.07006476814091368,0.23412225538066028,1.6181130409240725
499,Ir3Nb,Nb1Ir3_JVASP_19676,0.2248593156827156,19.258466797466117,19.954538854227817,1.036143690153636,30.0502380873,0.0019270035886514,1.1555374813251949e-05,0.0,0.0,,,26.68219327926636
500,AlSc3,Sc3Al1_JVASP_37214,0.4180231034235764,19.26883475944008,20.92754122459476,1.0860823441511978,32.0502765718,1.2146068561778312,0.5727656769386724,1.2381653476632597,0.6341308717596965,0.01921027638510547,0.10177866316351912,0.2959616184234619
501,Al2Pd,Al2Pd1_JVASP_17427,0.3706178778882992,19.300979558503755,24.89270890887028,1.2897122051975274,39.250415116,0.5990635786527093,0.2182985039133073,0.5815615140724075,0.2432520175743535,-0.029650982279170603,0.10823460509302613,1.2197952270507812
502,BeSc2Tc,Sc2Be1Tc1_JVASP_74622,0.5053972138603637,19.338145735786952,25.70887253024091,1.3294383485105483,46.2504137548,2.914352151174372,1.7750356636292195,2.773464713518705,1.7841779417357158,-0.04955021080065572,0.005137257398194399,0.2129445075988769
503,V,V_mp_146,1.3317103179836118,19.346364644762478,21.792131171708228,1.126419953921828,34.0503150563,24.82220368578109,22.10237276206909,25.094653065884696,22.28923351499352,0.010916235650469255,0.008418792301397979,0.0420901775360107
504,Pd3Ti,Ti1Pd3_JVASP_51456,0.0769677689197406,19.36974316163213,21.00470755613901,1.084408160751736,31.0502573295,0.0,0.0,0.0,0.0,,,9.182191133499146
505,PtRh3,Pt1Rh3_JVASP_39455,0.3805715451438959,19.443068010376766,20.7655223264169,1.068016751025833,29.050218845,0.7135840079515947,0.2777281405511488,0.7307615050759304,0.3125272135050686,0.023786977436903722,0.11804882506462207,0.5327625274658203
506,Cu2NiZn,Zn1Cu2Ni1_JVASP_18687,0.1018467865341833,19.46760314059559,21.107606264000605,1.0842426831675611,34.350320829,0.0,0.0,0.0,0.0,,,11.43451476097107
507,Al2NiOs,Al2Ni1Os1_JVASP_99747,0.1531827397001855,19.483777525530677,26.54733802609336,1.3625354729752437,48.9504657089,2.25889081758752e-10,1.6236327740460347e-46,0.0,0.0,,,36.383718967437744
508,CaO2Zr,Ca1Zr1O2_JVASP_114723,1.0122468967566425,19.50240814312338,27.289489709371303,1.3992882063128025,60.2505470894,17.262350936224994,14.715192354422214,16.764157189874055,14.403500075818378,-0.029284776925428593,-0.021409215727891246,0.0731523036956787
509,Mo2Pt2,Mo2Pt2_mp_999502,0.3534692692157115,19.50632601827447,21.302062049321314,1.0920591622104805,31.5502669506,0.4373382175932543,0.1396275782999768,0.4590442946371851,0.1701523438312759,0.0484398588311899,0.19771545283086384,1.0808930397033691
510,AsLiMn,Li1Mn1As1_JVASP_36265,0.228158814527666,19.535773728649,25.025464568054097,1.281007085547604,58.2505086049,0.0025931171398888,2.112592265311433e-05,0.0056640625,0.0,0.7812807099693682,,82.76250123977661
