target,lam,r_target,key,donor_r,status,Tc,moment_err
AlHfNi2,0.592722,1.3029027784610538,0,1.2495659770880998,ok,3.5752081882569087,1.376676550535194e-13
AlHfNi2,0.592722,1.3029027784610538,1,2.2706842351618963,ok,3.5997188656462,7.838174553853605e-14
AlHfNi2,0.592722,1.3029027784610538,2,1.7162466041892894,ok,3.598892663037571,1.1102230246251563e-16
AlHfNi2,0.592722,1.3029027784610538,3,1.2264104119995611,ok,3.5903552360817512,2.07245332006778e-12
AlHfNi2,0.592722,1.3029027784610538,4,2.788503163011089,ok,3.612111904775615,3.675948434533893e-12
AlHfNi2,0.592722,1.3029027784610538,7,1.91973294543728,ok,3.656726845641514,9.830625202766896e-10
AlHfNi2,0.592722,1.3029027784610538,8,1.2087205694286438,tilt_failed,,
AlHfNi2,0.592722,1.3029027784610538,9,1.54220592830463,ok,3.5892536326035804,1.1324274851176595e-14
AlHfNi2,0.592722,1.3029027784610538,10,1.2488199371162336,ok,3.6523204317288327,5.545564008002657e-12
AlHfNi2,0.592722,1.3029027784610538,11,1.6041167302560164,ok,3.599443464776656,2.235034379793888e-11
AlHfNi2,0.592722,1.3029027784610538,12,1.7261148456153768,ok,3.583745615212729,2.2582402614546027e-10
AlHfNi2,0.592722,1.3029027784610538,13,1.790288721762513,ok,3.710154614332776,4.440892098500626e-16
AlHfNi2,0.592722,1.3029027784610538,14,1.9239252842736112,ok,3.668569083031845,2.9083402353080597e-12
AlHfNi2,0.592722,1.3029027784610538,15,1.1274910127681486,tilt_failed,,
AlHfNi2,0.592722,1.3029027784610538,16,1.3560845507149728,ok,3.587601227386325,2.220446049250313e-16
AlHfNi2,0.592722,1.3029027784610538,17,1.960211845904679,ok,3.6520450308592896,2.0437207481904807e-11
AlHfNi2,0.592722,1.3029027784610538,18,1.2270725297391634,ok,3.620373930861893,5.26545473888973e-12
AlHfNi2,0.592722,1.3029027784610538,19,1.231716841418951,ok,3.606328486515221,7.475109420340685e-11
AlHfNi2,0.592722,1.3029027784610538,20,1.617458444836998,ok,3.617344521296925,4.440892098500626e-16
AlHfNi2,0.592722,1.3029027784610538,21,1.1014773083297704,tilt_failed,,
AlHfNi2,0.592722,1.3029027784610538,22,1.2230707005175832,ok,3.608531693471562,1.3438139490062897e-12
AlHfNi2,0.592722,1.3029027784610538,23,1.5082805379061974,ok,3.6234033404268615,1.0658141036401504e-14
AlHfNi2,0.592722,1.3029027784610538,24,1.1107421871665006,ok,3.6324915691217674,1.91402449445377e-13
AlHfNi2,0.592722,1.3029027784610538,25,1.6580338897417757,ok,3.6154167152101264,9.799796529819103e-10
AlHfNi2,0.592722,1.3029027784610538,26,1.4011250231692336,ok,3.611010301297445,1.2828027529110386e-10
AlHfNi2,0.592722,1.3029027784610538,27,1.1878485234326608,tilt_failed,,
AlHfNi2,0.592722,1.3029027784610538,28,1.2809142917378686,ok,3.622026336079149,8.037914778213917e-11
AlHfNi2,0.592722,1.3029027784610538,29,1.14417114939594,tilt_failed,,
AlHfNi2,0.592722,1.3029027784610538,30,1.279423498252087,ok,3.6074300899933913,1.623278400586514e-09
AlHfNi2,0.592722,1.3029027784610538,31,1.127390982145868,tilt_failed,,
AlHfNi2,0.592722,1.3029027784610538,32,1.7694527128929365,ok,3.5735557830396534,4.758415883543421e-13
AlHfNi2,0.592722,1.3029027784610538,33,1.9449744748383688,ok,3.6021974734720823,1.707523011873491e-13
AlHfNi2,0.592722,1.3029027784610538,34,1.305458862284803,ok,3.6209247326009777,2.2855295433998887e-10
AlHfNi2,0.592722,1.3029027784610538,35,1.14630375947696,tilt_failed,,
AlHfNi2,0.592722,1.3029027784610538,37,1.310178753577754,ok,3.637173383903991,2.268452092835105e-11
AlHfNi2,0.592722,1.3029027784610538,38,1.7442216691830636,ok,3.5694247699965143,3.7303493627405266e-14
AlHfNi2,0.592722,1.3029027784610538,39,1.1638444276297335,tilt_failed,,
AlHfNi2,0.592722,1.3029027784610538,40,1.4494239809659757,ok,3.5746573865178237,1.042410602281052e-11
AlHfNi2,0.592722,1.3029027784610538,41,1.8840287893421608,ok,3.737970102156577,1.3249956687388929e-11
AlHfNi2,0.592722,1.3029027784610538,42,1.351040894815895,ok,3.5892536326035804,8.437694987151191e-15
AlHfNi2,0.592722,1.3029027784610538,43,1.4702120347057033,ok,3.630288362165426,4.440892098500626e-16
AlHfNi2,0.592722,1.3029027784610538,44,1.8297438469304956,ok,3.599443464776656,2.220446049250313e-16
AlHfNi2,0.592722,1.3029027784610538,45,1.1493169231325773,tilt_failed,,
AlHfNi2,0.592722,1.3029027784610538,46,1.28602635845907,ok,3.589529033473124,1.46518797095041e-10
AlHfNi2,0.592722,1.3029027784610538,47,1.2238275409651755,tilt_failed,,
AlHfNi2,0.592722,1.3029027784610538,48,1.2894190733474804,ok,3.5752081882569087,9.515721544062217e-13
AlHfNi2,0.592722,1.3029027784610538,49,1.177109438002338,tilt_failed,,
AlHfNi2,0.592722,1.3029027784610538,50,1.2680247255034056,ok,3.591456839559921,1.9984014443252818e-15
AlHfNi2,0.592722,1.3029027784610538,51,1.1791416494237867,tilt_failed,,
AlHfNi2,0.592722,1.3029027784610538,52,1.3362714590165126,ok,3.599168063907114,5.514597667399811e-10
AlHfNi2,0.592722,1.3029027784610538,53,1.9706092067997636,ok,3.577135994343707,2.8709479238386848e-11
AlHfNi2,0.592722,1.3029027784610538,54,1.5184273841127949,ok,3.634419375208565,3.4150904326679665e-11
AlHfNi2,0.592722,1.3029027784610538,55,1.280423850703025,ok,3.634694776078107,3.840106010954969e-11
AlHfNi2,0.592722,1.3029027784610538,56,1.502562458544429,ok,3.66691667781459,2.7963853455048596e-11
AlHfNi2,0.592722,1.3029027784610538,57,1.2200550756937456,tilt_failed,,
AlHfNi2,0.592722,1.3029027784610538,58,1.2345136582655487,ok,3.5972402578203155,3.577138585342255e-13
AlHfNi2,0.592722,1.3029027784610538,59,1.0660111121143323,tilt_failed,,
AlHfNi2,0.592722,1.3029027784610538,60,1.3418071048269182,ok,3.628911357817713,1.1102230246251563e-16
AlHfNi2,0.592722,1.3029027784610538,61,1.1896608565745292,ok,3.626157349122288,2.148251798672618e-09
AlHfNi2,0.592722,1.3029027784610538,62,1.4185845019768744,ok,3.633593172599937,4.009703680196708e-11
AlHfNi2,0.592722,1.3029027784610538,63,1.2985196416877565,ok,3.603299076950252,4.440892098500626e-16
AlHfNi2,0.592722,1.3029027784610538,64,1.115432932623103,tilt_failed,,
AlHfNi2,0.592722,1.3029027784610538,65,1.3555050736729355,ok,3.6079808917324767,9.992007221626409e-16
AlHfNi2,0.592722,1.3029027784610538,66,1.1061142576035432,tilt_failed,,
AlHfNi2,0.592722,1.3029027784610538,67,1.2536100867170448,ok,3.589529033473124,3.5837999234900053e-13
AlHfNi2,0.592722,1.3029027784610538,68,1.3984362609311425,ok,3.606879288254306,1.0285563512013596e-09
AlHfNi2,0.592722,1.3029027784610538,69,1.187244556731469,tilt_failed,,
AlHfNi2,0.592722,1.3029027784610538,70,1.1889132929168749,tilt_failed,,
AlHfNi2,0.592722,1.3029027784610538,71,1.090596341240824,tilt_failed,,
AlHfNi2,0.592722,1.3029027784610538,72,1.4536873675875346,ok,3.615967516949212,4.553690757802542e-12
AlHfNi2,0.592722,1.3029027784610538,73,1.1491232568634893,tilt_failed,,
AlHfNi2,0.592722,1.3029027784610538,74,1.5519461116386573,ok,3.630563763034969,1.3322676295501878e-15
AlHfNi2,0.592722,1.3029027784610538,75,1.213740225956765,tilt_failed,,
AlHfNi2,0.592722,1.3029027784610538,76,1.483452949667594,ok,3.62753435347,1.8274270985330082e-13
AlHfNi2,0.592722,1.3029027784610538,77,2.029600064598912,ok,3.7316358821570974,1.869948640376151e-12
AlHfNi2,0.592722,1.3029027784610538,78,1.1109698597582736,tilt_failed,,
AlHfNi2,0.592722,1.3029027784610538,79,1.1378123861639873,tilt_failed,,
AlHfNi2,0.592722,1.3029027784610538,80,1.089164398668054,tilt_failed,,
AlHfNi2,0.592722,1.3029027784610538,81,1.310076556917332,ok,3.589529033473124,3.419332261778152e-09
AlHfNi2,0.592722,1.3029027784610538,82,1.1809358978696127,tilt_failed,,
AlHfNi2,0.592722,1.3029027784610538,83,1.272923944182704,ok,3.599168063907114,3.727229636041329e-10
AlHfNi2,0.592722,1.3029027784610538,84,1.692929560488284,ok,3.5815424082563885,5.4569682106375694e-12
AlHfNi2,0.592722,1.3029027784610538,86,1.6552762156375826,ok,3.682614527378517,1.2456702336294256e-13
AlHfNi2,0.592722,1.3029027784610538,87,1.5277331202443705,ok,3.6440584056425553,2.40696351738734e-13
AlHfNi2,0.592722,1.3029027784610538,88,1.180031941817787,tilt_failed,,
AlHfNi2,0.592722,1.3029027784610538,89,1.4650364878146038,ok,3.591181438690379,2.3251178760119726e-10
AlHfNi2,0.592722,1.3029027784610538,90,1.8204379516510836,ok,3.673801699553154,1.3988810110276972e-14
AlHfNi2,0.592722,1.3029027784610538,91,1.1367427913444363,tilt_failed,,
AlHfNi2,0.592722,1.3029027784610538,92,1.4580521646341924,ok,3.582919412604101,6.72795152922845e-14
AlHfNi2,0.592722,1.3029027784610538,93,1.4025405990429631,ok,3.601646671732997,3.8191672047105385e-14
AlHfNi2,0.592722,1.3029027784610538,94,1.1734459764579346,tilt_failed,,
AlHfNi2,0.592722,1.3029027784610538,95,1.188588702972832,tilt_failed,,
AlHfNi2,0.592722,1.3029027784610538,96,1.183748064018879,ok,3.608256292602019,1.4277468096679513e-13
AlHfNi2,0.592722,1.3029027784610538,97,1.6691354279943689,ok,3.56364135173612,6.138933805743818e-11
AlHfNi2,0.592722,1.3029027784610538,98,1.527407357159413,ok,3.622026336079149,4.440892098500626e-14
AlHfNi2,0.592722,1.3029027784610538,99,1.349041702506478,ok,3.6132135082537857,1.36439748388284e-11
AlHfNi2,0.592722,1.3029027784610538,100,1.2686733725284691,ok,3.567772364779259,1.7208456881689926e-14
AlHfNi2,0.592722,1.3029027784610538,101,1.1952692111054526,tilt_failed,,
AlHfNi2,0.592722,1.3029027784610538,102,1.6428132221391716,ok,3.59338464564672,4.440892098500626e-16
AlHfNi2,0.592722,1.3029027784610538,103,1.4789924766230378,ok,3.652871233467918,5.551115123125784e-16
AlHfNi2,0.592722,1.3029027784610538,104,1.604887959148538,ok,3.6010958699939115,1.561106355296715e-09
AlHfNi2,0.592722,1.3029027784610538,105,1.257899489985736,ok,3.5779621969523348,1.4654943925052066e-14
AlHfNi2,0.592722,1.3029027784610538,106,1.5614412208311628,ok,3.598066460428943,6.592530965576771e-10
AlHfNi2,0.592722,1.3029027784610538,107,1.081495084123776,tilt_failed,,
AlHfNi2,0.592722,1.3029027784610538,108,1.343766994610735,ok,3.6010958699939115,4.329869796038111e-15
AlHfNi2,0.592722,1.3029027784610538,109,1.358340283522718,ok,3.6192723273837215,7.771561172376097e-16
AlHfNi2,0.592722,1.3029027784610538,110,1.575061788917229,ok,3.5917322404294643,4.440892098500626e-16
AlHfNi2,0.592722,1.3029027784610538,111,1.436442909832728,ok,3.590630636951293,2.220446049250313e-16
AlHfNi2,0.592722,1.3029027784610538,112,1.1518957122218951,tilt_failed,,
AlHfNi2,0.592722,1.3029027784610538,113,1.5055184596021824,ok,3.5958632534726025,1.9984014443252818e-15
AlHfNi2,0.592722,1.3029027784610538,114,1.0987198766030724,tilt_failed,,
AlHfNi2,0.592722,1.3029027784610538,115,1.5235038680298332,ok,3.643232203033928,2.664535259100376e-15
AlHfNi2,0.592722,1.3029027784610538,116,1.333078688177768,ok,3.590079835212208,1.3557908129513407e-09
AlHfNi2,0.592722,1.3029027784610538,117,1.2540089392677942,ok,3.588978231734038,3.5452751845355124e-11
AlHfNi2,0.592722,1.3029027784610538,118,1.143882983505564,tilt_failed,,
AlHfNi2,0.592722,1.3029027784610538,119,1.3704393263599983,ok,3.591181438690379,5.551115123125784e-16
AlHfNi2,0.592722,1.3029027784610538,120,1.144395344691357,tilt_failed,,
AlHfNi2,0.592722,1.3029027784610538,121,1.1807788573901603,tilt_failed,,
AlHfNi2,0.592722,1.3029027784610538,122,1.2887006971178392,ok,3.6192723273837215,2.806643806252396e-13
AlHfNi2,0.592722,1.3029027784610538,123,1.189762463715359,tilt_failed,,
AlHfNi2,0.592722,1.3029027784610538,124,1.610495299143263,ok,3.6327669699913097,3.1483926576925114e-10
AlHfNi2,0.592722,1.3029027784610538,125,1.411138629723674,ok,3.566119959562004,1.4467129716422276e-09
AlHfNi2,0.592722,1.3029027784610538,126,1.3527309829010998,ok,3.6074300899933913,1.1102230246251563e-16
AlHfNi2,0.592722,1.3029027784610538,127,1.4372470134748845,ok,3.5804408047782177,2.220446049250313e-15
AlHfNi2,0.592722,1.3029027784610538,128,1.2414276531930049,tilt_failed,,
AlHfNi2,0.592722,1.3029027784610538,129,1.224222092828324,tilt_failed,,
AlHfNi2,0.592722,1.3029027784610538,130,1.3959931932380203,ok,3.589529033473124,7.363332166221426e-11
AlHfNi2,0.592722,1.3029027784610538,131,1.1674348404826378,tilt_failed,,
AlHfNi2,0.592722,1.3029027784610538,132,1.230716631784396,tilt_failed,,
AlHfNi2,0.592722,1.3029027784610538,133,1.915369861410412,ok,3.6060530856456783,1.8882007069009887e-11
AlHfNi2,0.592722,1.3029027784610538,134,1.2107274137413238,tilt_failed,,
AlHfNi2,0.592722,1.3029027784610538,135,1.266400074302206,ok,3.57851299869142,8.609779555968089e-13
AlHfNi2,0.592722,1.3029027784610538,136,2.0072148055446664,ok,3.5999942665157416,2.240874152903416e-12
AlHfNi2,0.592722,1.3029027784610538,137,1.2307455302633798,ok,3.588702830864496,4.191753610882642e-10
AlHfNi2,0.592722,1.3029027784610538,138,1.4948158524550723,ok,3.612387305645158,3.3153479961356425e-12
AlHfNi2,0.592722,1.3029027784610538,139,1.4394343085446633,ok,3.631665366513139,1.5141221609837885e-12
AlHfNi2,0.592722,1.3029027784610538,140,1.208104391913723,ok,3.596414055211688,4.348521542851813e-12
AlHfNi2,0.592722,1.3029027784610538,141,1.2125461951624,ok,3.6170691204273817,2.0403678746561127e-11
AlHfNi2,0.592722,1.3029027784610538,142,1.3621005063639018,ok,3.591181438690379,5.551115123125784e-16
AlHfNi2,0.592722,1.3029027784610538,143,1.304415160359255,ok,3.58594882216907,1.009969441412295e-09
AlHfNi2,0.592722,1.3029027784610538,144,1.139162767366352,tilt_failed,,
AlHfNi2,0.592722,1.3029027784610538,145,1.1809791869368715,tilt_failed,,
AlHfNi2,0.592722,1.3029027784610538,146,1.1077392885831656,tilt_failed,,
AlHfNi2,0.592722,1.3029027784610538,147,1.5212991981750854,ok,3.5617135456493223,3.752553823233029e-13
AlHfNi2,0.592722,1.3029027784610538,148,1.4085606637291097,ok,3.573004981300568,1.70693237322439e-09
AlHfNi2,0.592722,1.3029027784610538,149,1.1147076984090545,tilt_failed,,
AlHfNi2,0.592722,1.3029027784610538,150,1.465561536960908,ok,3.612387305645158,5.839531080908954e-10
AlHfNi2,0.592722,1.3029027784610538,151,1.778288711625336,ok,3.596414055211688,1.4258594305260884e-11
AlHfNi2,0.592722,1.3029027784610538,152,1.2889213397543615,ok,3.568047765648801,3.1805669209461485e-12
AlHfNi2,0.592722,1.3029027784610538,153,1.43422242156877,ok,3.5983418612984863,7.771561172376097e-16
AlHfNi2,0.592722,1.3029027784610538,154,1.2790711157260268,ok,3.584847218690899,2.5091040356528535e-14
AlHfNi2,0.592722,1.3029027784610538,155,1.1949958360842703,tilt_failed,,
AlHfNi2,0.592722,1.3029027784610538,156,1.392559330649519,ok,3.589529033473124,3.9862402267942803e-10
AlHfNi2,0.592722,1.3029027784610538,157,2.0146862980231384,ok,3.5763097917350795,4.1856118571104157e-10
AlHfNi2,0.592722,1.3029027784610538,158,1.2291977529804377,ok,3.630563763034969,3.650981739156123e-10
AlHfNi2,0.592722,1.3029027784610538,159,1.4098975511180123,ok,3.612387305645158,7.0519146078140685e-12
AlHfNi2,0.592722,1.3029027784610538,160,1.3466578054063896,ok,3.5958632534726025,4.440892098500626e-16
AlHfNi2,0.592722,1.3029027784610538,161,1.4437610677371713,ok,3.618170723905553,1.482158618060225e-09
AlHfNi2,0.592722,1.3029027784610538,162,1.3847319099428506,ok,3.598892663037571,3.3306690738754696e-16
AlHfNi2,0.592722,1.3029027784610538,163,1.3262402355053773,ok,3.5975156586898587,1.2870859933400422e-10
AlHfNi2,0.592722,1.3029027784610538,164,1.1306879890665755,tilt_failed,,
AlHfNi2,0.592722,1.3029027784610538,165,1.5011901098702691,ok,3.584571817821357,1.397515880796618e-09
AlHfNi2,0.592722,1.3029027784610538,166,1.163640736073686,tilt_failed,,
AlHfNi2,0.592722,1.3029027784610538,167,1.437761502755005,ok,3.639101189990789,4.440892098500626e-16
AlHfNi2,0.592722,1.3029027784610538,168,1.1696486834562227,tilt_failed,,
AlHfNi2,0.592722,1.3029027784610538,169,1.0749564463438346,tilt_failed,,
AlHfNi2,0.592722,1.3029027784610538,170,1.361803227221554,ok,3.663336466510536,1.38267175486817e-12
AlHfNi2,0.592722,1.3029027784610538,171,1.1735767108156834,tilt_failed,,
AlHfNi2,0.592722,1.3029027784610538,172,1.2153105527004917,ok,3.6446092073816407,1.4067591536104374e-10
AlHfNi2,0.592722,1.3029027784610538,173,1.1474876084722654,tilt_failed,,
AlHfNi2,0.592722,1.3029027784610538,174,1.4111318283749357,ok,3.608531693471562,5.551115123125784e-16
AlHfNi2,0.592722,1.3029027784610538,175,1.0688908404978614,tilt_failed,,
AlHfNi2,0.592722,1.3029027784610538,176,1.3773264423154874,ok,3.5975156586898587,1.1293734836215208e-09
AlHfNi2,0.592722,1.3029027784610538,177,1.08263932881456,tilt_failed,,
AlHfNi2,0.592722,1.3029027784610538,178,1.1739198743217023,tilt_failed,,
AlHfNi2,0.592722,1.3029027784610538,179,1.0942454571100102,tilt_failed,,
AlHfNi2,0.592722,1.3029027784610538,180,1.1890158521657803,tilt_failed,,
AlHfNi2,0.592722,1.3029027784610538,181,1.3029027784610538,ok,3.6021974734720823,9.623413177450857e-13
AlHfNi2,0.592722,1.3029027784610538,182,1.2152116774250383,tilt_failed,,
AlHfNi2,0.592722,1.3029027784610538,183,1.1362457556679368,tilt_failed,,
AlHfNi2,0.592722,1.3029027784610538,184,1.130157039069779,tilt_failed,,
AlHfNi2,0.592722,1.3029027784610538,185,1.3619305641256605,ok,3.5776867960827925,2.382094521635736e-12
AlHfNi2,0.592722,1.3029027784610538,186,1.7866098777593449,ok,3.597791059559401,6.8833827526759706e-15
AlHfNi2,0.592722,1.3029027784610538,187,1.2106070966716411,ok,3.599168063907114,2.3092638912203256e-14
AlHfNi2,0.592722,1.3029027784610538,188,1.1702211910012936,tilt_failed,,
AlHfNi2,0.592722,1.3029027784610538,189,1.3859855782588169,ok,3.605502283906593,4.440892098500626e-15
AlHfNi2,0.592722,1.3029027784610538,190,1.3071560126575426,ok,3.591181438690379,8.881784197001252e-16
AlHfNi2,0.592722,1.3029027784610538,191,1.2391387765366944,tilt_failed,,
AlHfNi2,0.592722,1.3029027784610538,192,1.1338062824699524,tilt_failed,,
AlHfNi2,0.592722,1.3029027784610538,193,1.3229109531003695,ok,3.586224223038612,1.4830359162942841e-12
AlHfNi2,0.592722,1.3029027784610538,194,1.2566149825846944,ok,3.625331146513659,1.3322676295501878e-15
AlHfNi2,0.592722,1.3029027784610538,195,1.1592174401246005,tilt_failed,,
AlHfNi2,0.592722,1.3029027784610538,196,1.22891909207467,ok,3.60192207260254,6.986344835979708e-11
AlHfNi2,0.592722,1.3029027784610538,197,1.1520028579943609,tilt_failed,,
AlHfNi2,0.592722,1.3029027784610538,198,1.1968238241844789,tilt_failed,,
AlHfNi2,0.592722,1.3029027784610538,199,1.1699724372925584,tilt_failed,,
AlHfNi2,0.592722,1.3029027784610538,200,1.1758533730359604,tilt_failed,,
AlHfNi2,0.592722,1.3029027784610538,201,1.342907166956666,ok,3.584847218690899,1.911958147360337e-09
AlHfNi2,0.592722,1.3029027784610538,202,1.3737057563015538,ok,3.5983418612984863,7.771561172376097e-16
AlHfNi2,0.592722,1.3029027784610538,203,1.1711131798216483,tilt_failed,,
AlHfNi2,0.592722,1.3029027784610538,205,1.1570428018565817,tilt_failed,,
AlHfNi2,0.592722,1.3029027784610538,206,1.213185281735262,tilt_failed,,
AlHfNi2,0.592722,1.3029027784610538,207,1.454830958553857,ok,3.582093209995474,1.2965628570782428e-11
AlHfNi2,0.592722,1.3029027784610538,208,1.1445793727955855,tilt_failed,,
AlHfNi2,0.592722,1.3029027784610538,209,1.3594724772282143,ok,3.6308391639045112,1.1624035067825392e-13
AlHfNi2,0.592722,1.3029027784610538,210,1.3993969673684326,ok,3.5741065847787388,2.6118662788121583e-11
AlHfNi2,0.592722,1.3029027784610538,211,1.3193362365046746,ok,3.589804434342666,5.09592368302947e-13
AlHfNi2,0.592722,1.3029027784610538,212,1.0923587376044432,tilt_failed,,
AlHfNi2,0.592722,1.3029027784610538,213,1.5349021026957292,ok,3.61679371955784,7.555941095027663e-09
AlHfNi2,0.592722,1.3029027784610538,214,1.6340348762511054,ok,3.597791059559401,1.1768364061026661e-14
AlHfNi2,0.592722,1.3029027784610538,215,1.331084395822535,ok,3.571903377822398,1.4745311638364456e-09
AlHfNi2,0.592722,1.3029027784610538,216,1.3707452381475895,ok,3.590630636951293,1.8185453143360067e-13
AlHfNi2,0.592722,1.3029027784610538,217,1.166656266846943,tilt_failed,,
AlHfNi2,0.592722,1.3029027784610538,219,1.1421813151806643,tilt_failed,,
AlHfNi2,0.592722,1.3029027784610538,220,1.2892005959333244,ok,3.593935447385805,8.659739592076221e-15
AlHfNi2,0.592722,1.3029027784610538,221,1.1354651202569948,tilt_failed,,
AlHfNi2,0.592722,1.3029027784610538,222,1.6637425118184814,ok,3.600269667385284,5.617482035091824e-10
AlHfNi2,0.592722,1.3029027784610538,223,1.0834378978178485,tilt_failed,,
AlHfNi2,0.592722,1.3029027784610538,224,1.639569113494013,ok,3.589529033473124,4.440892098500626e-16
AlHfNi2,0.592722,1.3029027784610538,225,1.192358197028064,tilt_failed,,
AlHfNi2,0.592722,1.3029027784610538,226,1.2700329486781816,ok,3.5903552360817512,8.215650382226158e-15
AlHfNi2,0.592722,1.3029027784610538,227,1.2446412551586832,ok,3.599443464776656,1.8089973963242299e-12
AlHfNi2,0.592722,1.3029027784610538,228,1.223494580669506,tilt_failed,,
AlHfNi2,0.592722,1.3029027784610538,229,1.3120751034636031,ok,3.604400680428423,1.2212453270876722e-15
AlHfNi2,0.592722,1.3029027784610538,230,1.297968233710469,ok,3.573831183909196,4.306939693776712e-09
AlHfNi2,0.592722,1.3029027784610538,231,1.4521294238640576,ok,3.614315111731956,1.1456289250588723e-09
AlHfNi2,0.592722,1.3029027784610538,232,1.3388972283626686,ok,3.5947616499944326,2.6555646570614044e-11
AlHfNi2,0.592722,1.3029027784610538,233,1.2294966337985014,ok,3.589529033473124,3.310386964550105e-09
AlHfNi2,0.592722,1.3029027784610538,234,1.3367577334805305,ok,3.584571817821357,4.440892098500626e-16
AlHfNi2,0.592722,1.3029027784610538,235,1.3456178525399525,ok,3.5920076412990065,7.848661720544213e-10
AlHfNi2,0.592722,1.3029027784610538,236,1.5347393946965364,ok,3.60302367608071,7.684963776455335e-13
AlHfNi2,0.592722,1.3029027784610538,237,1.372552847769868,ok,3.6520450308592896,9.992007221626409e-16
AlHfNi2,0.592722,1.3029027784610538,238,1.2078153338483466,ok,3.6234033404268615,2.220446049250313e-15
AlHfNi2,0.592722,1.3029027784610538,239,1.136799695865502,tilt_failed,,
AlHfNi2,0.592722,1.3029027784610538,240,1.2336936226850277,ok,3.598892663037571,1.0080825063596421e-13
AlHfNi2,0.592722,1.3029027784610538,241,1.3908392611094291,ok,3.592833843907634,2.9583880900574404e-09
AlHfNi2,0.592722,1.3029027784610538,242,1.1380664305711543,tilt_failed,,
AlHfNi2,0.592722,1.3029027784610538,243,1.4565967152004815,ok,3.592833843907634,4.440892098500626e-16
AlHfNi2,0.592722,1.3029027784610538,244,1.548177238737785,ok,3.6170691204273817,9.126033262418789e-14
AlHfNi2,0.592722,1.3029027784610538,245,1.080626628016535,tilt_failed,,
AlHfNi2,0.592722,1.3029027784610538,246,1.680666722983827,ok,3.603299076950252,1.4364569533853455e-09
AlHfNi2,0.592722,1.3029027784610538,247,1.6023410315738544,ok,3.623954142165947,1.1857181902996672e-13
AlHfNi2,0.592722,1.3029027784610538,248,1.280188717801789,ok,3.573831183909196,2.92554869218975e-12
AlHfNi2,0.592722,1.3029027784610538,249,1.1619572733578234,tilt_failed,,
AlHfNi2,0.592722,1.3029027784610538,250,1.6241687379889749,ok,3.61789532303601,1.896349743901737e-11
AlHfNi2,0.592722,1.3029027784610538,251,1.407138046146224,ok,3.6060530856456783,5.551115123125784e-16
AlHfNi2,0.592722,1.3029027784610538,252,1.1634444275069369,tilt_failed,,
AlHfNi2,0.592722,1.3029027784610538,253,1.145372048940466,tilt_failed,,
AlHfNi2,0.592722,1.3029027784610538,254,1.2480675339326317,ok,3.594486249124889,1.3011813848606837e-13
AlHfNi2,0.592722,1.3029027784610538,255,1.3171597627074,ok,3.5763097917350795,1.376676550535194e-14
AlHfNi2,0.592722,1.3029027784610538,256,1.3561775969891958,ok,3.6311145647740535,9.658940314238862e-15
AlHfNi2,0.592722,1.3029027784610538,257,1.2394352500850188,tilt_failed,,
AlHfNi2,0.592722,1.3029027784610538,258,1.637894953676489,ok,3.60192207260254,5.70214764294974e-10
AlHfNi2,0.592722,1.3029027784610538,259,1.5415246566853025,ok,3.628360556078628,3.3306690738754696e-16
AlHfNi2,0.592722,1.3029027784610538,260,1.1629476523510325,tilt_failed,,
AlHfNi2,0.592722,1.3029027784610538,261,1.0955162848962736,tilt_failed,,
AlHfNi2,0.592722,1.3029027784610538,262,1.0975952055705966,tilt_failed,,
AlHfNi2,0.592722,1.3029027784610538,263,1.4034793707473985,ok,3.5909060378208366,3.885780586188048e-15
AlHfNi2,0.592722,1.3029027784610538,264,1.1781617188091416,tilt_failed,,
AlHfNi2,0.592722,1.3029027784610538,265,1.390207366972563,ok,3.609633296949732,2.121636200058674e-12
AlHfNi2,0.592722,1.3029027784610538,266,1.1866622396078237,ok,3.612387305645158,1.2815974947955056e-09
AlHfNi2,0.592722,1.3029027784610538,267,1.1944758847773556,tilt_failed,,
AlHfNi2,0.592722,1.3029027784610538,268,1.2652190542882067,ok,3.5826440117345584,2.4977009349669292e-09
AlHfNi2,0.592722,1.3029027784610538,269,1.4254635342071718,ok,3.605777684776136,7.896796549999863e-10
AlHfNi2,0.592722,1.3029027784610538,270,1.343134553718497,ok,3.587325826516783,3.3306690738754696e-16
AlHfNi2,0.592722,1.3029027784610538,271,1.3767236353889774,ok,3.6093578960801898,4.440892098500626e-16
AlHfNi2,0.592722,1.3029027784610538,272,1.1123357058084111,tilt_failed,,
AlHfNi2,0.592722,1.3029027784610538,273,1.4168121091716548,ok,3.5961386543421456,6.873261959583488e-10
AlHfNi2,0.592722,1.3029027784610538,274,1.502616219596946,ok,3.5892536326035804,8.815170815523744e-14
AlHfNi2,0.592722,1.3029027784610538,275,1.2285917591153783,tilt_failed,,
AlHfNi2,0.592722,1.3029027784610538,276,1.2002689769020587,tilt_failed,,
AlHfNi2,0.592722,1.3029027784610538,277,1.302667296554906,ok,3.5958632534726025,5.717648576819556e-12
AlHfNi2,0.592722,1.3029027784610538,278,1.4852332540144135,ok,3.626157349122288,1.0280976070475843e-10
AlHfNi2,0.592722,1.3029027784610538,279,1.3858827829562197,ok,3.635796379556278,6.668452456892736e-10
AlHfNi2,0.592722,1.3029027784610538,280,1.204496744127414,tilt_failed,,
AlHfNi2,0.592722,1.3029027784610538,281,1.238996724981717,tilt_failed,,
AlHfNi2,0.592722,1.3029027784610538,282,1.2101433517951088,tilt_failed,,
AlHfNi2,0.592722,1.3029027784610538,283,1.160886390548463,tilt_failed,,
AlHfNi2,0.592722,1.3029027784610538,284,1.0712993897941343,tilt_failed,,
AlHfNi2,0.592722,1.3029027784610538,286,1.147957650854384,tilt_failed,,
AlHfNi2,0.592722,1.3029027784610538,287,1.3506629482712298,ok,3.6132135082537857,4.003464226798315e-13
AlHfNi2,0.592722,1.3029027784610538,288,1.3733169691241391,ok,3.574381985648281,2.945454991021279e-11
AlHfNi2,0.592722,1.3029027784610538,289,1.1352000177616108,tilt_failed,,
AlHfNi2,0.592722,1.3029027784610538,291,1.3762486528236826,ok,3.5920076412990065,2.55351295663786e-15
AlHfNi2,0.592722,1.3029027784610538,292,1.192245182172459,tilt_failed,,
AlHfNi2,0.592722,1.3029027784610538,293,1.1904444218079908,tilt_failed,,
AlHfNi2,0.592722,1.3029027784610538,294,1.149568554521543,tilt_failed,,
AlHfNi2,0.592722,1.3029027784610538,295,1.0830228085601894,tilt_failed,,
AlHfNi2,0.592722,1.3029027784610538,296,1.6428727676551007,ok,3.68619473868257,1.7047696587724204e-11
AlHfNi2,0.592722,1.3029027784610538,297,1.3153787662995997,ok,3.5812670073868453,5.338285369305139e-12
AlHfNi2,0.592722,1.3029027784610538,298,1.546156860171355,ok,3.606328486515221,1.532107773982716e-14
AlHfNi2,0.592722,1.3029027784610538,299,1.1303484304213467,tilt_failed,,
AlHfNi2,0.592722,1.3029027784610538,300,1.1358105762881288,tilt_failed,,
AlHfNi2,0.592722,1.3029027784610538,301,1.1203710110134677,tilt_failed,,
AlHfNi2,0.592722,1.3029027784610538,302,1.1659907139018306,tilt_failed,,
AlHfNi2,0.592722,1.3029027784610538,303,1.2387421296396957,tilt_failed,,
AlHfNi2,0.592722,1.3029027784610538,304,1.2173154420689452,ok,3.6313899656435966,1.0110845494182286e-10
AlHfNi2,0.592722,1.3029027784610538,305,1.155896555708419,tilt_failed,,
AlHfNi2,0.592722,1.3029027784610538,306,1.825819674466264,ok,3.608531693471562,4.5519144009631424e-14
AlHfNi2,0.592722,1.3029027784610538,307,1.1436358108272733,tilt_failed,,
AlHfNi2,0.592722,1.3029027784610538,308,1.1480605101444028,tilt_failed,,
AlHfNi2,0.592722,1.3029027784610538,309,1.1982749686549097,ok,3.658930052597855,2.042810365310288e-13
AlHfNi2,0.592722,1.3029027784610538,310,1.6516077338534148,ok,3.6060530856456783,2.4898749728663456e-10
AlHfNi2,0.592722,1.3029027784610538,311,1.3152829920740927,ok,3.5812670073868453,7.460698725481053e-14
AlHfNi2,0.592722,1.3029027784610538,312,1.1979141060348637,tilt_failed,,
AlHfNi2,0.592722,1.3029027784610538,313,1.172221976858001,tilt_failed,,
AlHfNi2,0.592722,1.3029027784610538,314,1.0918696604343066,tilt_failed,,
AlHfNi2,0.592722,1.3029027784610538,315,1.1608814571758117,tilt_failed,,
AlHfNi2,0.592722,1.3029027784610538,316,1.3487329521883222,ok,3.59558785260306,6.661338147750939e-16
AlHfNi2,0.592722,1.3029027784610538,317,1.4330893558471474,ok,3.6126627065147,4.440892098500626e-16
AlHfNi2,0.592722,1.3029027784610538,318,1.5619313928759844,ok,3.582919412604101,1.1146639167236573e-13
AlHfNi2,0.592722,1.3029027784610538,319,1.2982022868066938,ok,3.5699755717356,1.0413891970983968e-13
AlHfNi2,0.592722,1.3029027784610538,320,1.166710430208393,tilt_failed,,
AlHfNi2,0.592722,1.3029027784610538,321,1.2160449915327602,tilt_failed,,
AlHfNi2,0.592722,1.3029027784610538,322,1.2660816659977676,ok,3.606879288254306,8.053421818310369e-09
AlHfNi2,0.592722,1.3029027784610538,323,1.20467944867305,tilt_failed,,
AlHfNi2,0.592722,1.3029027784610538,324,1.1284486720638658,tilt_failed,,
AlHfNi2,0.592722,1.3029027784610538,325,1.150700666204492,tilt_failed,,
AlHfNi2,0.592722,1.3029027784610538,326,1.2148807908770896,tilt_failed,,
AlHfNi2,0.592722,1.3029027784610538,327,1.1862481748963218,tilt_failed,,
AlHfNi2,0.592722,1.3029027784610538,328,1.4049626379081834,ok,3.5694247699965143,5.6280313742718135e-11
AlHfNi2,0.592722,1.3029027784610538,329,1.2341072324353346,tilt_failed,,
AlHfNi2,0.592722,1.3029027784610538,330,1.1535173273721693,tilt_failed,,
AlHfNi2,0.592722,1.3029027784610538,331,1.1367278057719827,tilt_failed,,
AlHfNi2,0.592722,1.3029027784610538,332,1.076155895798754,tilt_failed,,
AlHfNi2,0.592722,1.3029027784610538,333,1.189435567980418,tilt_failed,,
AlHfNi2,0.592722,1.3029027784610538,334,1.1108768669256597,tilt_failed,,
AlHfNi2,0.592722,1.3029027784610538,335,1.3687987337976693,ok,3.563916752605663,2.2648549702353197e-14
AlHfNi2,0.592722,1.3029027784610538,336,1.2672968510267717,ok,3.619823129122808,1.3322676295501878e-15
AlHfNi2,0.592722,1.3029027784610538,337,1.2260974915502865,tilt_failed,,
AlHfNi2,0.592722,1.3029027784610538,338,1.1506847238368163,tilt_failed,,
AlHfNi2,0.592722,1.3029027784610538,339,1.1087154827616823,tilt_failed,,
AlHfNi2,0.592722,1.3029027784610538,340,1.121560164159752,tilt_failed,,
AlHfNi2,0.592722,1.3029027784610538,342,1.1794689713014943,tilt_failed,,
AlHfNi2,0.592722,1.3029027784610538,343,1.2773082776931366,ok,3.650117224772492,3.26405569239796e-14
AlHfNi2,0.592722,1.3029027784610538,344,1.0860828738982202,tilt_failed,,
AlHfNi2,0.592722,1.3029027784610538,345,1.1228328194471269,tilt_failed,,
AlHfNi2,0.592722,1.3029027784610538,346,1.1417771517915831,tilt_failed,,
AlHfNi2,0.592722,1.3029027784610538,347,1.0699845842885711,tilt_failed,,
AlHfNi2,0.592722,1.3029027784610538,348,1.058250336694259,tilt_failed,,
AlHfNi2,0.592722,1.3029027784610538,349,1.1911417433598366,ok,3.647363216077066,9.436851300392846e-11
AlHfNi2,0.592722,1.3029027784610538,350,1.1126864450648384,tilt_failed,,
AlHfNi2,0.592722,1.3029027784610538,351,1.2296345688578565,tilt_failed,,
AlHfNi2,0.592722,1.3029027784610538,352,1.2833141131667836,ok,3.6352455778171926,2.0573320824723848e-11
AlHfNi2,0.592722,1.3029027784610538,353,1.1213262395890362,tilt_failed,,
AlHfNi2,0.592722,1.3029027784610538,354,1.265572794823797,ok,3.565293756953376,2.0738966099997927e-13
AlHfNi2,0.592722,1.3029027784610538,355,1.2629755899473645,ok,3.5958632534726025,3.996802888650564e-15
AlHfNi2,0.592722,1.3029027784610538,356,1.2253059371390322,ok,3.6195477282532655,3.063847398010466e-09
AlHfNi2,0.592722,1.3029027784610538,357,1.62683960160354,ok,3.6021974734720823,6.042122357996503e-11
AlHfNi2,0.592722,1.3029027784610538,358,1.2735506324126102,ok,3.614865913471041,8.171241461241152e-14
AlHfNi2,0.592722,1.3029027784610538,359,1.161767093485517,tilt_failed,,
AlHfNi2,0.592722,1.3029027784610538,360,1.438515975429102,ok,3.576860593474164,8.851672728127368e-10
AlHfNi2,0.592722,1.3029027784610538,361,1.1260031053249218,tilt_failed,,
AlHfNi2,0.592722,1.3029027784610538,362,1.2041685366719816,tilt_failed,,
AlHfNi2,0.592722,1.3029027784610538,363,1.341297163318002,ok,3.6008204691243693,7.133227342137616e-11
AlHfNi2,0.592722,1.3029027784610538,364,1.1151571200865276,tilt_failed,,
AlHfNi2,0.592722,1.3029027784610538,365,1.282355370779571,ok,3.6060530856456783,1.960205331386078e-10
AlHfNi2,0.592722,1.3029027784610538,366,1.0990796052451637,tilt_failed,,
AlHfNi2,0.592722,1.3029027784610538,367,1.2983283167696047,ok,3.587601227386325,4.440892098500626e-15
AlHfNi2,0.592722,1.3029027784610538,368,1.1527496212107444,tilt_failed,,
AlHfNi2,0.592722,1.3029027784610538,369,1.1350161946535426,tilt_failed,,
AlHfNi2,0.592722,1.3029027784610538,370,1.6170668568800564,ok,3.5655691578229183,2.4603119541666274e-10
AlHfNi2,0.592722,1.3029027784610538,371,1.3892441979490942,ok,3.6234033404268615,8.689227115610265e-11
AlHfNi2,0.592722,1.3029027784610538,372,1.1976943296553737,tilt_failed,,
AlHfNi2,0.592722,1.3029027784610538,373,1.1401772786987514,tilt_failed,,
AlHfNi2,0.592722,1.3029027784610538,374,1.060784695715523,tilt_failed,,
AlHfNi2,0.592722,1.3029027784610538,375,3.058151840371792,ok,3.796355086499604,3.9745984281580604e-14
AlHfNi2,0.592722,1.3029027784610538,376,1.4309905800329736,ok,3.614865913471041,2.7955415760061438e-12
AlHfNi2,0.592722,1.3029027784610538,377,1.1250873382301163,tilt_failed,,
AlHfNi2,0.592722,1.3029027784610538,378,1.2752228066140243,ok,3.591181438690379,3.552713678800501e-15
AlHfNi2,0.592722,1.3029027784610538,379,1.062726014870776,tilt_failed,,
AlHfNi2,0.592722,1.3029027784610538,380,1.6884703933567151,ok,3.614315111731956,1.0045566600780376e-09
AlHfNi2,0.592722,1.3029027784610538,381,2.194805806759194,ok,3.750913943025078,4.2299497238218464e-14
AlHfNi2,0.592722,1.3029027784610538,382,1.335952112571216,ok,3.5983418612984863,1.9090178327019203e-09
AlHfNi2,0.592722,1.3029027784610538,383,1.2506175753824262,ok,3.6324915691217674,5.972999872483342e-14
AlHfNi2,0.592722,1.3029027784610538,384,1.2076858355504752,tilt_failed,,
AlHfNi2,0.592722,1.3029027784610538,385,1.2493459645091587,ok,3.5972402578203155,1.24903420939404e-11
AlHfNi2,0.592722,1.3029027784610538,386,1.1589997043852054,tilt_failed,,
AlHfNi2,0.592722,1.3029027784610538,387,1.244557352503501,ok,3.639376590860332,2.9976021664879227e-14
AlHfNi2,0.592722,1.3029027784610538,388,1.443703752679078,ok,3.5752081882569087,3.1326674587717207e-10
AlHfNi2,0.592722,1.3029027784610538,389,1.280235817579214,ok,3.5708017743442277,7.593925488436072e-14
AlHfNi2,0.592722,1.3029027784610538,390,1.4346304650873951,ok,3.68399153172623,5.1178172810750766e-11
AlHfNi2,0.592722,1.3029027784610538,391,1.4507604650236898,ok,3.68288992824806,1.4432899320127037e-15
AlHfNi2,0.592722,1.3029027784610538,392,1.2524885068141338,ok,3.5683231665183444,1.2367884494324244e-13
AlHfNi2,0.592722,1.3029027784610538,393,1.2425825175964484,ok,3.583745615212729,1.1100009800202315e-11
AlHfNi2,0.592722,1.3029027784610538,394,1.150149037988038,tilt_failed,,
AlHfNi2,0.592722,1.3029027784610538,395,1.1849833024421326,tilt_failed,,
AlHfNi2,0.592722,1.3029027784610538,396,1.0772152675790791,tilt_failed,,
AlHfNi2,0.592722,1.3029027784610538,397,1.2087061825225405,tilt_failed,,
AlHfNi2,0.592722,1.3029027784610538,398,1.1462464293265513,ok,3.6465370134684383,4.8849813083506894e-14
AlHfNi2,0.592722,1.3029027784610538,399,1.3382816579563726,ok,3.616518318688296,1.917777048277003e-11
AlHfNi2,0.592722,1.3029027784610538,400,1.251848147275931,tilt_failed,,
AlHfNi2,0.592722,1.3029027784610538,401,1.1570990566039872,tilt_failed,,
AlHfNi2,0.592722,1.3029027784610538,402,1.1421309306183856,tilt_failed,,
AlHfNi2,0.592722,1.3029027784610538,403,1.4433773730875004,ok,3.571627976952855,1.207289823668134e-10
AlHfNi2,0.592722,1.3029027784610538,404,1.0354218994671105,tilt_failed,,
AlHfNi2,0.592722,1.3029027784610538,405,1.086118887352632,tilt_failed,,
AlHfNi2,0.592722,1.3029027784610538,406,1.3852308132637576,ok,3.584847218690899,1.8651746813702633e-14
AlHfNi2,0.592722,1.3029027784610538,407,1.2139245009429938,ok,3.609633296949732,7.579492589115944e-12
AlHfNi2,0.592722,1.3029027784610538,408,1.072243414215993,tilt_failed,,
AlHfNi2,0.592722,1.3029027784610538,409,1.225654413129631,tilt_failed,,
AlHfNi2,0.592722,1.3029027784610538,410,1.2967234231405809,ok,3.616518318688296,1.6624479570737094e-12
AlHfNi2,0.592722,1.3029027784610538,411,1.629279840195662,ok,3.598892663037571,7.016609515630989e-14
AlHfNi2,0.592722,1.3029027784610538,412,1.2810387463453974,ok,3.5864996239081552,3.179656538065956e-11
AlHfNi2,0.592722,1.3029027784610538,413,1.2265862456647345,tilt_failed,,
AlHfNi2,0.592722,1.3029027784610538,414,1.2210204093548858,ok,3.66581507433642,2.16258122520685e-11
AlHfNi2,0.592722,1.3029027784610538,415,1.5184719871753591,ok,3.5864996239081552,7.73248132190929e-12
AlHfNi2,0.592722,1.3029027784610538,416,1.2722859334916767,ok,3.5710771752137704,2.837276080747131e-09
AlHfNi2,0.592722,1.3029027784610538,417,1.2274538988264538,ok,3.5774113952132494,2.4513724383723456e-13
AlHfNi2,0.592722,1.3029027784610538,418,1.3000115511531272,ok,3.616242917818754,4.440892098500626e-16
AlHfNi2,0.592722,1.3029027784610538,419,1.230501234521634,ok,3.624504943905032,1.273110505906061e-10
AlHfNi2,0.592722,1.3029027784610538,420,1.1476294123051554,tilt_failed,,
AlHfNi2,0.592722,1.3029027784610538,421,1.355494102632078,ok,3.609633296949732,8.473433066313872e-10
AlHfNi2,0.592722,1.3029027784610538,422,1.1348860006354349,tilt_failed,,
AlHfNi2,0.592722,1.3029027784610538,423,1.4870029114220686,ok,3.5694247699965143,1.6993073614912646e-12
AlHfNi2,0.592722,1.3029027784610538,424,1.259555766456639,ok,3.573831183909196,4.454667301700965e-09
AlHfNi2,0.592722,1.3029027784610538,425,1.1382302712731849,tilt_failed,,
AlHfNi2,0.592722,1.3029027784610538,426,1.2079215767347853,tilt_failed,,
AlHfNi2,0.592722,1.3029027784610538,427,1.1228121522925916,tilt_failed,,
AlHfNi2,0.592722,1.3029027784610538,428,1.091789680613647,tilt_failed,,
AlHfNi2,0.592722,1.3029027784610538,429,1.464779374919387,ok,3.612111904775615,4.440892098500626e-16
AlHfNi2,0.592722,1.3029027784610538,430,1.2473595095250318,tilt_failed,,
AlHfNi2,0.592722,1.3029027784610538,431,1.1313028508273888,tilt_failed,,
AlHfNi2,0.592722,1.3029027784610538,432,1.5646356321412305,ok,3.624229543035489,2.5157653738006047e-12
AlHfNi2,0.592722,1.3029027784610538,433,1.364212406378156,ok,3.576860593474164,1.0647038806155252e-13
AlHfNi2,0.592722,1.3029027784610538,434,1.0792536448618566,tilt_failed,,
AlHfNi2,0.592722,1.3029027784610538,435,1.7627691213210248,ok,3.637173383903991,5.551115123125784e-16
AlHfNi2,0.592722,1.3029027784610538,436,1.282370572736658,ok,3.5752081882569087,1.9539925233402755e-14
AlHfNi2,0.592722,1.3029027784610538,437,1.1825567466401468,tilt_failed,,
AlHfNi2,0.592722,1.3029027784610538,438,1.079207962602121,tilt_failed,,
AlHfNi2,0.592722,1.3029027784610538,439,1.242639152227701,ok,3.591181438690379,1.9307888621256097e-12
AlHfNi2,0.592722,1.3029027784610538,440,1.088967398875207,tilt_failed,,
AlHfNi2,0.592722,1.3029027784610538,441,1.141053082360812,tilt_failed,,
AlHfNi2,0.592722,1.3029027784610538,442,1.115629503130851,tilt_failed,,
AlHfNi2,0.592722,1.3029027784610538,443,1.5270861343720454,ok,3.5697001708660574,2.900173434738917e-10
AlHfNi2,0.592722,1.3029027784610538,444,1.1603186907265326,tilt_failed,,
AlHfNi2,0.592722,1.3029027784610538,445,1.0731749302895968,tilt_failed,,
AlHfNi2,0.592722,1.3029027784610538,446,1.19538450607341,tilt_failed,,
AlHfNi2,0.592722,1.3029027784610538,447,1.334275663041531,ok,3.612111904775615,1.1652141473916802e-09
AlHfNi2,0.592722,1.3029027784610538,448,1.212031451328934,tilt_failed,,
AlHfNi2,0.592722,1.3029027784610538,449,1.384121343184289,ok,3.60522688303705,1.4699352846037073e-12
AlHfNi2,0.592722,1.3029027784610538,450,1.2299074987706504,tilt_failed,,
AlHfNi2,0.592722,1.3029027784610538,451,1.11669371530544,tilt_failed,,
AlHfNi2,0.592722,1.3029027784610538,452,1.205638357790363,tilt_failed,,
AlHfNi2,0.592722,1.3029027784610538,453,1.1321974221347502,tilt_failed,,
AlHfNi2,0.592722,1.3029027784610538,454,1.359268164606965,ok,3.591456839559921,3.996802888650564e-15
AlHfNi2,0.592722,1.3029027784610538,455,1.1165295419048638,tilt_failed,,
AlHfNi2,0.592722,1.3029027784610538,456,1.055208231200321,tilt_failed,,
AlHfNi2,0.592722,1.3029027784610538,457,1.0850011837940292,tilt_failed,,
AlHfNi2,0.592722,1.3029027784610538,458,1.1525242334089405,tilt_failed,,
AlHfNi2,0.592722,1.3029027784610538,459,1.047098587899859,tilt_failed,,
AlHfNi2,0.592722,1.3029027784610538,460,1.2308036101152342,tilt_failed,,
AlHfNi2,0.592722,1.3029027784610538,461,1.592086023670389,ok,3.641028996077587,1.5543122344752194e-15
AlHfNi2,0.592722,1.3029027784610538,462,1.3854258155490178,ok,3.6352455778171926,5.1852522275908086e-11
AlHfNi2,0.592722,1.3029027784610538,463,1.0849593328569764,tilt_failed,,
AlHfNi2,0.592722,1.3029027784610538,464,1.0700449619782797,tilt_failed,,
AlHfNi2,0.592722,1.3029027784610538,465,1.0275174753837455,tilt_failed,,
AlHfNi2,0.592722,1.3029027784610538,466,1.1346531946558909,tilt_failed,,
AlHfNi2,0.592722,1.3029027784610538,468,1.1318368862184758,tilt_failed,,
AlHfNi2,0.592722,1.3029027784610538,469,1.2095694293509318,ok,3.5983418612984863,7.394085344003544e-14
AlHfNi2,0.592722,1.3029027784610538,470,1.5779870702348844,ok,3.566119959562004,1.3322676295501878e-15
AlHfNi2,0.592722,1.3029027784610538,471,1.0261788586800569,tilt_failed,,
AlHfNi2,0.592722,1.3029027784610538,472,1.1561157514912712,tilt_failed,,
AlHfNi2,0.592722,1.3029027784610538,473,1.6059346508109438,ok,3.622026336079149,2.41078268459205e-11
AlHfNi2,0.592722,1.3029027784610538,474,1.466418119016077,ok,3.5853980204299845,4.440892098500626e-16
AlHfNi2,0.592722,1.3029027784610538,475,1.2483124062073767,ok,3.598617262168029,1.2190248810384221e-13
AlHfNi2,0.592722,1.3029027784610538,476,1.1323394191215936,tilt_failed,,
AlHfNi2,0.592722,1.3029027784610538,477,1.1157744171183464,tilt_failed,,
AlHfNi2,0.592722,1.3029027784610538,478,1.0963608390268098,tilt_failed,,
AlHfNi2,0.592722,1.3029027784610538,479,1.1736471207353616,tilt_failed,,
AlHfNi2,0.592722,1.3029027784610538,480,1.1117976181579046,tilt_failed,,
AlHfNi2,0.592722,1.3029027784610538,481,1.3531850996477426,ok,3.569149369126972,1.3322676295501878e-15
AlHfNi2,0.592722,1.3029027784610538,482,1.2741120260892569,ok,3.598617262168029,3.9523939676655573e-13
AlHfNi2,0.592722,1.3029027784610538,483,1.038157275269428,tilt_failed,,
AlHfNi2,0.592722,1.3029027784610538,484,1.3049020289038429,ok,3.6035744778197953,7.771561172376097e-16
AlHfNi2,0.592722,1.3029027784610538,485,1.5024110348762156,ok,3.655625242163344,1.5543122344752194e-15
AlHfNi2,0.592722,1.3029027784610538,486,1.0681606550782332,tilt_failed,,
AlHfNi2,0.592722,1.3029027784610538,487,1.1638296211943198,tilt_failed,,
AlHfNi2,0.592722,1.3029027784610538,488,1.2335539301771756,tilt_failed,,
AlHfNi2,0.592722,1.3029027784610538,489,1.0972661620780213,tilt_failed,,
AlHfNi2,0.592722,1.3029027784610538,491,1.2202170726462005,ok,3.596414055211688,6.940389374321397e-10
AlHfNi2,0.592722,1.3029027784610538,492,1.1300116197049772,tilt_failed,,
AlHfNi2,0.592722,1.3029027784610538,493,1.0480165379512054,tilt_failed,,
AlHfNi2,0.592722,1.3029027784610538,494,1.1551438206204423,tilt_failed,,
AlHfNi2,0.592722,1.3029027784610538,495,1.5730292257311251,ok,3.6060530856456783,1.0103029524088925e-13
AlHfNi2,0.592722,1.3029027784610538,496,1.074112088120181,tilt_failed,,
AlHfNi2,0.592722,1.3029027784610538,497,1.0608326288277128,tilt_failed,,
AlHfNi2,0.592722,1.3029027784610538,498,1.0502508991900386,tilt_failed,,
AlHfNi2,0.592722,1.3029027784610538,499,1.036143690153636,tilt_failed,,
AlHfNi2,0.592722,1.3029027784610538,500,1.0860823441511978,tilt_failed,,
AlHfNi2,0.592722,1.3029027784610538,501,1.2897122051975274,ok,3.5603365413016093,2.6243061057584782e-09
AlHfNi2,0.592722,1.3029027784610538,502,1.3294383485105483,ok,3.5812670073868453,3.61710661422876e-13
AlHfNi2,0.592722,1.3029027784610538,503,1.126419953921828,tilt_failed,,
AlHfNi2,0.592722,1.3029027784610538,504,1.084408160751736,tilt_failed,,
AlHfNi2,0.592722,1.3029027784610538,505,1.068016751025833,tilt_failed,,
AlHfNi2,0.592722,1.3029027784610538,506,1.0842426831675611,tilt_failed,,
AlHfNi2,0.592722,1.3029027784610538,507,1.3625354729752437,ok,3.5931092447771773,2.220446049250313e-15
AlHfNi2,0.592722,1.3029027784610538,508,1.3992882063128025,ok,3.6013712708634547,1.2094769630266457e-12
AlHfNi2,0.592722,1.3029027784610538,509,1.0920591622104805,tilt_failed,,
AlHfNi2,0.592722,1.3029027784610538,510,1.281007085547604,ok,3.599443464776656,4.440892098500626e-16
AlHfNi2,0.592722,1.3029027784610538,511,1.3940162954417472,ok,3.595037050863975,1.3322676295501878e-15
AlHfNi2,0.592722,1.3029027784610538,512,1.028004033590029,tilt_failed,,
AlHfNi2,0.592722,1.3029027784610538,513,1.0754531338532665,tilt_failed,,
AlHfNi2,0.592722,1.3029027784610538,514,1.1290047319323775,tilt_failed,,
AlHfNi2,0.592722,1.3029027784610538,515,1.154096110368401,tilt_failed,,
AlHfNi2,0.592722,1.3029027784610538,516,1.0732988848754477,tilt_failed,,
AlHfNi2,0.592722,1.3029027784610538,517,2.5527503734974726,ok,3.755044956068217,2.728495207549031e-11
AlHfNi2,0.592722,1.3029027784610538,518,1.207599905396106,tilt_failed,,
AlHfNi2,0.592722,1.3029027784610538,519,1.213131454392245,ok,3.692253557812508,1.0119638460537316e-10
AlHfNi2,0.592722,1.3029027784610538,520,1.0395397254286556,tilt_failed,,
AlHfNi2,0.592722,1.3029027784610538,521,1.207242111858359,tilt_failed,,
AlHfNi2,0.592722,1.3029027784610538,522,1.5948177636208922,ok,3.6955583682470183,1.7763568394002505e-15
AlHfNi2,0.592722,1.3029027784610538,523,1.3898149719830528,ok,3.619823129122808,8.535394613318203e-13
AlHfNi2,0.592722,1.3029027784610538,524,1.1620048108236,tilt_failed,,
AlHfNi2,0.592722,1.3029027784610538,525,1.1119655104691213,tilt_failed,,
AlHfNi2,0.592722,1.3029027784610538,526,1.0638306187470297,tilt_failed,,
AlHfNi2,0.592722,1.3029027784610538,527,1.161646340928487,tilt_failed,,
AlHfNi2,0.592722,1.3029027784610538,528,1.053579142661157,tilt_failed,,
AlHfNi2,0.592722,1.3029027784610538,529,1.3579125363916082,ok,3.6145905126014983,1.7300569865597024e-09
AlHfNi2,0.592722,1.3029027784610538,530,1.1953578692528664,tilt_failed,,
AlHfNi2,0.592722,1.3029027784610538,531,1.2953720770768211,ok,3.61899692651418,1.1284528866895016e-11
AlHfNi2,0.592722,1.3029027784610538,532,1.2254043502917111,ok,3.626157349122288,1.1124434706744069e-13
AlHfNi2,0.592722,1.3029027784610538,533,1.10342514216843,tilt_failed,,
AlHfNi2,0.592722,1.3029027784610538,534,1.0419312588201404,tilt_failed,,
AlHfNi2,0.592722,1.3029027784610538,535,1.1213214887456953,tilt_failed,,
AlHfNi2,0.592722,1.3029027784610538,536,1.3334181003682204,ok,3.612938107384244,1.336967203613426e-09
AlHfNi2,0.592722,1.3029027784610538,537,1.1916521869498526,tilt_failed,,
AlHfNi2,0.592722,1.3029027784610538,538,1.0906362882662763,tilt_failed,,
AlHfNi2,0.592722,1.3029027784610538,539,1.482813276329974,ok,3.6010958699939115,5.551115123125784e-16
AlHfNi2,0.592722,1.3029027784610538,540,1.07145714671719,tilt_failed,,
AlHfNi2,0.592722,1.3029027784610538,541,1.3281704825123353,ok,3.5892536326035804,2.29692931341674e-10
AlHfNi2,0.592722,1.3029027784610538,542,1.1450576885672918,tilt_failed,,
AlHfNi2,0.592722,1.3029027784610538,543,1.3428091909843654,ok,3.5815424082563885,8.083556046756256e-11
AlHfNi2,0.592722,1.3029027784610538,544,1.1190120836294777,tilt_failed,,
AlHfNi2,0.592722,1.3029027784610538,545,1.5559622718193424,ok,3.6021974734720823,8.04933897313731e-12
AlHfNi2,0.592722,1.3029027784610538,546,1.2035695009052405,tilt_failed,,
AlHfNi2,0.592722,1.3029027784610538,547,1.1069042659343584,tilt_failed,,
AlHfNi2,0.592722,1.3029027784610538,548,1.1702734019716694,tilt_failed,,
AlHfNi2,0.592722,1.3029027784610538,549,1.3640783577535511,ok,3.573280382170111,9.103828801926284e-15
AlHfNi2,0.592722,1.3029027784610538,550,1.257963714134149,ok,3.612111904775615,2.220446049250313e-15
AlHfNi2,0.592722,1.3029027784610538,551,1.14583965376563,tilt_failed,,
AlHfNi2,0.592722,1.3029027784610538,552,1.3127582868646086,ok,3.606879288254306,5.329070518200752e-14
AlHfNi2,0.592722,1.3029027784610538,553,1.1533645364784628,tilt_failed,,
AlHfNi2,0.592722,1.3029027784610538,554,1.084671925685571,tilt_failed,,
AlHfNi2,0.592722,1.3029027784610538,555,1.0643603212308337,tilt_failed,,
AlHfNi2,0.592722,1.3029027784610538,556,1.0425286930831037,tilt_failed,,
AlHfNi2,0.592722,1.3029027784610538,557,1.0620238054284048,tilt_failed,,
AlHfNi2,0.592722,1.3029027784610538,558,1.190847871261124,tilt_failed,,
AlHfNi2,0.592722,1.3029027784610538,559,1.292645550576489,ok,3.603299076950252,2.3109292257572637e-12
AlHfNi2,0.592722,1.3029027784610538,560,1.2289021169568826,ok,3.6170691204273817,1.8074497454279023e-10
AlHfNi2,0.592722,1.3029027784610538,561,1.0565281907190045,tilt_failed,,
AlHfNi2,0.592722,1.3029027784610538,562,1.0504659159101686,tilt_failed,,
AlHfNi2,0.592722,1.3029027784610538,563,1.5592580295757577,ok,3.591456839559921,1.4051426688865831e-11
AlHfNi2,0.592722,1.3029027784610538,564,1.2228748677795211,tilt_failed,,
AlHfNi2,0.592722,1.3029027784610538,565,1.1516596580595817,tilt_failed,,
AlHfNi2,0.592722,1.3029027784610538,566,1.2629731761539318,ok,3.5779621969523348,4.317207036308446e-09
AlHfNi2,0.592722,1.3029027784610538,567,1.1452085085050605,tilt_failed,,
AlHfNi2,0.592722,1.3029027784610538,568,1.3628011950194494,ok,3.6093578960801898,3.3306690738754696e-16
AlHfNi2,0.592722,1.3029027784610538,569,1.4058367581909883,ok,3.5840210160822714,1.0810108364012193e-10
AlHfNi2,0.592722,1.3029027784610538,570,1.2754255202963285,ok,3.583470214343186,2.24582152874575e-09
AlHfNi2,0.592722,1.3029027784610538,571,1.2449289984344638,ok,3.5983418612984863,8.861800182558e-13
AlHfNi2,0.592722,1.3029027784610538,572,1.1195291822920297,tilt_failed,,
AlHfNi2,0.592722,1.3029027784610538,573,1.089344198932645,tilt_failed,,
AlHfNi2,0.592722,1.3029027784610538,574,1.127657972110392,tilt_failed,,
AlHfNi2,0.592722,1.3029027784610538,575,1.2345442914765088,tilt_failed,,
AlHfNi2,0.592722,1.3029027784610538,576,1.4340606211930524,ok,3.5724541795614826,2.851052727237402e-13
AlHfNi2,0.592722,1.3029027784610538,577,1.6602213334994511,ok,3.683716130856688,1.4387380176117404e-12
AlHfNi2,0.592722,1.3029027784610538,578,1.0847023047820183,tilt_failed,,
AlHfNi2,0.592722,1.3029027784610538,579,1.111259314048245,tilt_failed,,
AlHfNi2,0.592722,1.3029027784610538,580,1.1000405541497054,tilt_failed,,
AlHfNi2,0.592722,1.3029027784610538,581,1.201168334522767,tilt_failed,,
AlHfNi2,0.592722,1.3029027784610538,582,1.2244756908659498,tilt_failed,,
AlHfNi2,0.592722,1.3029027784610538,583,1.0470732876328228,tilt_failed,,
AlHfNi2,0.592722,1.3029027784610538,584,1.1634785711065403,tilt_failed,,
AlHfNi2,0.592722,1.3029027784610538,585,1.5604574008513528,ok,3.658930052597855,1.2212453270876722e-15
AlHfNi2,0.592722,1.3029027784610538,586,1.402492204506722,ok,3.59668945608123,2.147843125577253e-09
AlHfNi2,0.592722,1.3029027784610538,587,1.126071575809924,tilt_failed,,
AlHfNi2,0.592722,1.3029027784610538,588,1.5116118118963864,ok,3.594486249124889,6.081801728896608e-12
AlHfNi2,0.592722,1.3029027784610538,589,1.0921434205919514,tilt_failed,,
AlHfNi2,0.592722,1.3029027784610538,590,1.1317148948873987,tilt_failed,,
AlHfNi2,0.592722,1.3029027784610538,591,1.215493972786655,tilt_failed,,
AlHfNi2,0.592722,1.3029027784610538,592,1.4333685868964163,ok,3.625055745644117,6.010174580239891e-10
AlHfNi2,0.592722,1.3029027784610538,593,1.153969392702866,tilt_failed,,
AlHfNi2,0.592722,1.3029027784610538,594,1.1201904677318644,tilt_failed,,
AlHfNi2,0.592722,1.3029027784610538,595,1.1108004815198855,tilt_failed,,
AlHfNi2,0.592722,1.3029027784610538,596,1.598968454006404,ok,3.62643274999183,2.220446049250313e-16
AlHfNi2,0.592722,1.3029027784610538,597,1.1653368917721894,tilt_failed,,
AlHfNi2,0.592722,1.3029027784610538,598,1.0668108099770908,tilt_failed,,
AlHfNi2,0.592722,1.3029027784610538,599,1.2880755585137602,ok,3.55620552825847,7.549516567451064e-15
AlHfNi2,0.592722,1.3029027784610538,600,1.0518435470435687,tilt_failed,,
AlHfNi2,0.592722,1.3029027784610538,601,1.1634299095579057,ok,3.62643274999183,5.069854536188244e-10
AlHfNi2,0.592722,1.3029027784610538,602,1.0708559786703795,tilt_failed,,
AlHfNi2,0.592722,1.3029027784610538,603,1.267706736756795,ok,3.586224223038612,3.0420110874729296e-14
AlHfNi2,0.592722,1.3029027784610538,604,1.075003899929044,tilt_failed,,
AlHfNi2,0.592722,1.3029027784610538,605,1.1267107802498304,tilt_failed,,
AlHfNi2,0.592722,1.3029027784610538,606,1.080174280003938,tilt_failed,,
AlHfNi2,0.592722,1.3029027784610538,607,1.1174987870622637,tilt_failed,,
AlHfNi2,0.592722,1.3029027784610538,608,1.032452433001274,tilt_failed,,
AlHfNi2,0.592722,1.3029027784610538,609,1.0969438634781394,tilt_failed,,
AlHfNi2,0.592722,1.3029027784610538,610,1.038968298693158,tilt_failed,,
AlHfNi2,0.592722,1.3029027784610538,611,1.1816142439104695,tilt_failed,,
AlHfNi2,0.592722,1.3029027784610538,612,1.2446131482306677,ok,3.608256292602019,5.1958437552457326e-14
AlHfNi2,0.592722,1.3029027784610538,613,1.2674343291754524,ok,3.5972402578203155,1.7821077946678088e-11
AlHfNi2,0.592722,1.3029027784610538,614,1.308657603913992,ok,3.5787883995609624,1.7763568394002505e-15
AlHfNi2,0.592722,1.3029027784610538,615,1.2067154655634993,tilt_failed,,
AlHfNi2,0.592722,1.3029027784610538,616,1.3209555141205536,ok,3.614865913471041,5.750955267558311e-14
AlHfNi2,0.592722,1.3029027784610538,617,1.1613872662236318,tilt_failed,,
AlHfNi2,0.592722,1.3029027784610538,618,1.3333217814419691,ok,3.583470214343186,9.881738760597614e-10
AlHfNi2,0.592722,1.3029027784610538,619,1.2123112821016595,tilt_failed,,
AlHfNi2,0.592722,1.3029027784610538,620,1.1571634233029482,tilt_failed,,
AlHfNi2,0.592722,1.3029027784610538,621,1.1107861740245868,tilt_failed,,
AlHfNi2,0.592722,1.3029027784610538,622,1.189229986348954,ok,3.620373930861893,1.3523848707563955e-11
AlHfNi2,0.592722,1.3029027784610538,623,1.1065458071595184,tilt_failed,,
AlHfNi2,0.592722,1.3029027784610538,624,1.5427943384390168,ok,3.605777684776136,1.7319479184152442e-14
AlHfNi2,0.592722,1.3029027784610538,625,1.194888263492166,ok,3.682063725639432,7.657985356956942e-11
AlHfNi2,0.592722,1.3029027784610538,626,1.1304261135410982,tilt_failed,,
AlHfNi2,0.592722,1.3029027784610538,627,1.1285293684186026,tilt_failed,,
AlHfNi2,0.592722,1.3029027784610538,628,1.064765498937828,tilt_failed,,
AlHfNi2,0.592722,1.3029027784610538,629,1.0942427915594055,tilt_failed,,
AlHfNi2,0.592722,1.3029027784610538,630,1.3228530138509245,ok,3.5826440117345584,2.3308022178980536e-12
AlHfNi2,0.592722,1.3029027784610538,631,1.5058878697718867,ok,3.589529033473124,1.4803713810351837e-11
AlHfNi2,0.592722,1.3029027784610538,632,1.204551130844791,tilt_failed,,
AlHfNi2,0.592722,1.3029027784610538,633,1.3835459500754543,ok,3.5517991143457888,2.8635982474156663e-11
AlHfNi2,0.592722,1.3029027784610538,634,1.3900164560891362,ok,3.57961460216959,1.1739080818529144e-09
AlHfNi2,0.592722,1.3029027784610538,635,1.3392843280548152,ok,3.663336466510536,5.278422143817352e-11
AlHfNi2,0.592722,1.3029027784610538,636,1.2430809820097486,tilt_failed,,
AlHfNi2,0.592722,1.3029027784610538,637,1.1384893634974496,tilt_failed,,
AlHfNi2,0.592722,1.3029027784610538,638,1.0746514591658638,tilt_failed,,
AlHfNi2,0.592722,1.3029027784610538,639,1.550770872657142,ok,3.594486249124889,3.0231372960543013e-13
AlHfNi2,0.592722,1.3029027784610538,640,1.103953376030722,tilt_failed,,
AlHfNi2,0.592722,1.3029027784610538,641,1.716808061046379,ok,3.6691198847709305,6.481482017761664e-13
AlHfNi2,0.592722,1.3029027784610538,642,1.15556227935999,tilt_failed,,
AlHfNi2,0.592722,1.3029027784610538,643,1.1257512319527256,tilt_failed,,
AlHfNi2,0.592722,1.3029027784610538,644,1.4381726871913751,ok,3.6388257891212463,7.2648553839371735e-12
AlHfNi2,0.592722,1.3029027784610538,645,1.1012523903786384,tilt_failed,,
AlHfNi2,0.592722,1.3029027784610538,646,1.2754611503402158,ok,3.6093578960801898,3.859135233597044e-13
AlHfNi2,0.592722,1.3029027784610538,647,1.1300563841728593,tilt_failed,,
AlHfNi2,0.592722,1.3029027784610538,648,1.1963245022016702,ok,3.604951482167509,2.6150193122020937e-12
AlHfNi2,0.592722,1.3029027784610538,649,1.0656406908046188,tilt_failed,,
AlHfNi2,0.592722,1.3029027784610538,650,2.171150857033295,ok,3.761103775198154,1.197930643570544e-12
AlHfNi2,0.592722,1.3029027784610538,651,1.185311113838804,tilt_failed,,
AlHfNi2,0.592722,1.3029027784610538,652,1.124733224716892,tilt_failed,,
AlHfNi2,0.592722,1.3029027784610538,653,1.0708683112253563,tilt_failed,,
AlHfNi2,0.592722,1.3029027784610538,654,1.0815223431623415,tilt_failed,,
AlHfNi2,0.592722,1.3029027784610538,655,1.2860278815882444,ok,3.588702830864496,2.2311041902867146e-12
AlHfNi2,0.592722,1.3029027784610538,657,1.119462564835952,tilt_failed,,
AlHfNi2,0.592722,1.3029027784610538,658,1.101059288170661,tilt_failed,,
AlHfNi2,0.592722,1.3029027784610538,659,1.3572512400163907,ok,3.620649331731435,2.3364631340783152e-08
AlHfNi2,0.592722,1.3029027784610538,660,1.1724010134359886,tilt_failed,,
AlHfNi2,0.592722,1.3029027784610538,661,1.1827772243151622,tilt_failed,,
AlHfNi2,0.592722,1.3029027784610538,662,1.0910184168514014,tilt_failed,,
AlHfNi2,0.592722,1.3029027784610538,663,1.0656478952176092,tilt_failed,,
AlHfNi2,0.592722,1.3029027784610538,664,1.144183317283355,tilt_failed,,
AlHfNi2,0.592722,1.3029027784610538,665,1.7602510401913272,ok,3.604951482167509,8.71525074330748e-14
AlHfNi2,0.592722,1.3029027784610538,666,1.1401459351239511,tilt_failed,,
AlHfNi2,0.592722,1.3029027784610538,667,1.2263612534549424,ok,3.626157349122288,1.694644424787839e-12
AlHfNi2,0.592722,1.3029027784610538,668,1.2798428607989982,ok,3.6118365039060727,7.344262975550463e-10
AlHfNi2,0.592722,1.3029027784610538,669,1.085232482929601,tilt_failed,,
AlHfNi2,0.592722,1.3029027784610538,670,1.055445266174546,tilt_failed,,
AlHfNi2,0.592722,1.3029027784610538,671,1.652046949029803,ok,3.7718444091103134,5.551115123125784e-16
AlHfNi2,0.592722,1.3029027784610538,672,1.2416838277420752,ok,3.574381985648281,9.992007221626409e-14
AlHfNi2,0.592722,1.3029027784610538,673,1.2781876051672627,ok,3.614039710862413,3.0337288237092246e-11
AlHfNi2,0.592722,1.3029027784610538,674,1.207933389330646,tilt_failed,,
AlHfNi2,0.592722,1.3029027784610538,675,1.162111940051532,tilt_failed,,
AlHfNi2,0.592722,1.3029027784610538,676,1.5211645510157898,ok,3.6156921160796687,8.435363518799477e-12
AlHfNi2,0.592722,1.3029027784610538,677,1.2450379848219353,tilt_failed,,
AlHfNi2,0.592722,1.3029027784610538,678,1.095180663218599,tilt_failed,,
AlHfNi2,0.592722,1.3029027784610538,679,1.2782766486362338,ok,3.603299076950252,1.4073520127055872e-11
AlHfNi2,0.592722,1.3029027784610538,680,1.1024461824685508,tilt_failed,,
AlHfNi2,0.592722,1.3029027784610538,681,1.4598782889936577,ok,3.6118365039060727,7.771561172376097e-16
AlHfNi2,0.592722,1.3029027784610538,682,1.1590535694655726,tilt_failed,,
AlHfNi2,0.592722,1.3029027784610538,683,1.1638297000632745,tilt_failed,,
AlHfNi2,0.592722,1.3029027784610538,684,1.3043870332739247,ok,3.590079835212208,4.440892098500626e-16
AlHfNi2,0.592722,1.3029027784610538,685,1.051066528212449,tilt_failed,,
AlHfNi2,0.592722,1.3029027784610538,686,1.2459973478485469,ok,3.624504943905032,8.604228440844963e-14
AlHfNi2,0.592722,1.3029027784610538,687,1.0918641441484935,tilt_failed,,
AlHfNi2,0.592722,1.3029027784610538,688,1.1282098749277671,tilt_failed,,
AlHfNi2,0.592722,1.3029027784610538,689,1.0883580536584898,tilt_failed,,
AlHfNi2,0.592722,1.3029027784610538,690,1.098963676579011,tilt_failed,,
AlHfNi2,0.592722,1.3029027784610538,691,1.4079563797735437,ok,3.596414055211688,2.4831692257976098e-11
AlHfNi2,0.592722,1.3029027784610538,692,1.3161881356911644,ok,3.5699755717356,1.6906032129782034e-11
AlHfNi2,0.592722,1.3029027784610538,693,1.290646694739161,ok,3.583745615212729,7.105427357601003e-14
AlHfNi2,0.592722,1.3029027784610538,694,1.0806030528811434,tilt_failed,,
AlHfNi2,0.592722,1.3029027784610538,695,1.1980522977140051,ok,3.6170691204273817,8.630762771133504e-12
AlHfNi2,0.592722,1.3029027784610538,696,1.1309207686708938,tilt_failed,,
AlHfNi2,0.592722,1.3029027784610538,697,1.1128800884383645,tilt_failed,,
AlHfNi2,0.592722,1.3029027784610538,698,1.367542812801651,ok,3.57961460216959,1.7136292385089293e-12
AlHfNi2,0.592722,1.3029027784610538,699,1.3414247287486172,ok,3.5787883995609624,7.771561172376097e-16
AlHfNi2,0.592722,1.3029027784610538,700,1.0568522134567138,tilt_failed,,
AlHfNi2,0.592722,1.3029027784610538,702,1.2833093941388976,ok,3.583745615212729,3.198782017044266e-09
AlHfNi2,0.592722,1.3029027784610538,703,1.372220349642347,ok,3.727229468244416,4.286109245299485e-10
AlHfNi2,0.592722,1.3029027784610538,704,1.4778370921820263,ok,3.571903377822398,7.974088056528217e-11
AlHfNi2,0.592722,1.3029027784610538,705,1.5750342033437736,ok,3.5999942665157416,1.3722141201100158e-09
AlHfNi2,0.592722,1.3029027784610538,706,1.582210124063084,ok,3.5774113952132494,1.9011570095983643e-09
AlHfNi2,0.592722,1.3029027784610538,707,1.197854660861849,ok,3.625606547383202,8.96362539748452e-10
AlHfNi2,0.592722,1.3029027784610538,708,1.2301303063577644,ok,3.600269667385284,3.226752198770555e-12
AlHfNi2,0.592722,1.3029027784610538,709,1.051692746799368,tilt_failed,,
AlHfNi2,0.592722,1.3029027784610538,710,1.1335726263737174,tilt_failed,,
AlHfNi2,0.592722,1.3029027784610538,711,1.1137075895269453,tilt_failed,,
AlHfNi2,0.592722,1.3029027784610538,712,1.356362350517843,ok,3.5765851926046217,3.403632931053835e-11
AlHfNi2,0.592722,1.3029027784610538,713,1.071347758063508,tilt_failed,,
AlHfNi2,0.592722,1.3029027784610538,714,1.2818253336298615,ok,3.592833843907634,2.023750722557338e-09
AlHfNi2,0.592722,1.3029027784610538,715,1.1231288354600832,tilt_failed,,
AlHfNi2,0.592722,1.3029027784610538,717,1.503968082938417,ok,3.5856734212995267,6.8833827526759706e-15
AlHfNi2,0.592722,1.3029027784610538,718,1.0690242340430005,tilt_failed,,
AlHfNi2,0.592722,1.3029027784610538,719,1.2074290938735242,ok,3.6101840986888174,2.09010586615932e-12
AlHfNi2,0.592722,1.3029027784610538,720,1.0735568160580529,tilt_failed,,
AlHfNi2,0.592722,1.3029027784610538,721,1.0804971275286763,tilt_failed,,
AlHfNi2,0.592722,1.3029027784610538,722,1.1738975698696268,tilt_failed,,
AlHfNi2,0.592722,1.3029027784610538,723,1.140768110589428,tilt_failed,,
AlHfNi2,0.592722,1.3029027784610538,724,1.125269066943261,tilt_failed,,
AlHfNi2,0.592722,1.3029027784610538,725,1.4202826699381992,ok,3.6115611030365296,7.138560853547914e-10
AlHfNi2,0.592722,1.3029027784610538,726,1.202590911972875,tilt_failed,,
AlHfNi2,0.592722,1.3029027784610538,727,1.2024726550085851,tilt_failed,,
AlHfNi2,0.592722,1.3029027784610538,728,1.185661417883195,tilt_failed,,
AlHfNi2,0.592722,1.3029027784610538,729,1.2561364407084632,tilt_failed,,
AlHfNi2,0.592722,1.3029027784610538,730,1.066060007130727,tilt_failed,,
AlHfNi2,0.592722,1.3029027784610538,731,1.0424240006230945,tilt_failed,,
AlHfNi2,0.592722,1.3029027784610538,732,1.409820015515751,ok,3.624229543035489,5.544267267509895e-10
AlHfNi2,0.592722,1.3029027784610538,733,1.0726942335467955,tilt_failed,,
AlHfNi2,0.592722,1.3029027784610538,734,1.061400145447566,tilt_failed,,
AlHfNi2,0.592722,1.3029027784610538,735,1.1868461361923732,tilt_failed,,
AlHfNi2,0.592722,1.3029027784610538,736,1.0618319886389664,tilt_failed,,
AlHfNi2,0.592722,1.3029027784610538,737,2.17654635165504,tilt_failed,,
AlHfNi2,0.592722,1.3029027784610538,738,1.2833815855501252,ok,3.6223017369486903,7.257638934277111e-11
AlHfNi2,0.592722,1.3029027784610538,740,1.4677068654234613,ok,3.5710771752137704,1.2357270762208827e-10
AlHfNi2,0.592722,1.3029027784610538,741,1.1044192728748767,tilt_failed,,
AlHfNi2,0.592722,1.3029027784610538,742,1.1658408473845685,tilt_failed,,
AlHfNi2,0.592722,1.3029027784610538,743,1.4645744456970498,ok,3.618446124775095,1.2212453270876722e-15
AlHfNi2,0.592722,1.3029027784610538,744,1.3952164471847102,ok,3.573280382170111,1.3333063542120271e-09
AlHfNi2,0.592722,1.3029027784610538,745,1.1263477321343236,tilt_failed,,
AlHfNi2,0.592722,1.3029027784610538,746,1.317350963511957,ok,3.6192723273837215,2.851718861052177e-12
AlHfNi2,0.592722,1.3029027784610538,747,1.1167482788359062,tilt_failed,,
AlHfNi2,0.592722,1.3029027784610538,748,1.694493506989641,ok,3.741550313460631,3.6637359812630166e-15
AlHfNi2,0.592722,1.3029027784610538,749,1.302262799573773,ok,3.5818178091259307,1.4930279235159105e-12
AlHfNi2,0.592722,1.3029027784610538,751,1.4302325000328937,ok,3.5997188656462,8.65307825392847e-13
AlHfNi2,0.592722,1.3029027784610538,752,1.1843795937360242,tilt_failed,,
AlHfNi2,0.592722,1.3029027784610538,753,1.2467991454991594,tilt_failed,,
AlHfNi2,0.592722,1.3029027784610538,754,1.3084037010738316,ok,3.558684136084354,1.439989238960493e-10
AlHfNi2,0.592722,1.3029027784610538,755,1.127904637347318,tilt_failed,,
AlHfNi2,0.592722,1.3029027784610538,756,1.1362818426184422,tilt_failed,,
AlHfNi2,0.592722,1.3029027784610538,757,1.100802380846258,tilt_failed,,
AlHfNi2,0.592722,1.3029027784610538,758,1.3949927741481365,ok,3.579339201300048,1.2878587085651816e-13
AlHfNi2,0.592722,1.3029027784610538,759,1.4183842994842466,ok,3.5787883995609624,8.126832540256147e-14
AlHfNi2,0.592722,1.3029027784610538,760,1.2102611209640577,tilt_failed,,
AlHfNi2,0.592722,1.3029027784610538,761,1.2663314026180976,ok,3.6192723273837215,1.5001333508735115e-11
AlHfNi2,0.592722,1.3029027784610538,762,1.3777321774334297,ok,3.5975156586898587,3.538280779480374e-12
AlHfNi2,0.592722,1.3029027784610538,763,1.305145963756346,ok,3.557307131736641,7.771561172376097e-16
AlHfNi2,0.592722,1.3029027784610538,764,1.1478558696214831,tilt_failed,,
AlHfNi2,0.592722,1.3029027784610538,765,1.1502605178984286,tilt_failed,,
AlHfNi2,0.592722,1.3029027784610538,766,1.0838412212065316,tilt_failed,,
AlHfNi2,0.592722,1.3029027784610538,767,1.1332403717730348,tilt_failed,,
AlHfNi2,0.592722,1.3029027784610538,768,1.2320401148776583,tilt_failed,,
AlHfNi2,0.592722,1.3029027784610538,769,1.2486667610503928,ok,3.587601227386325,2.5863644559365184e-11
AlHfNi2,0.592722,1.3029027784610538,770,1.250848039528919,tilt_failed,,
AlHfNi2,0.592722,1.3029027784610538,771,1.3936369998261762,ok,3.591456839559921,2.460254222569347e-13
AlHfNi2,0.592722,1.3029027784610538,772,1.1205212158736564,tilt_failed,,
AlHfNi2,0.592722,1.3029027784610538,773,1.3981100032596707,ok,3.592558443038092,8.393286066166183e-14
AlHfNi2,0.592722,1.3029027784610538,774,1.2331029301613488,ok,3.5774113952132494,3.1308289294429414e-13
AlHfNi2,0.592722,1.3029027784610538,775,1.1555018982998198,tilt_failed,,
AlHfNi2,0.592722,1.3029027784610538,776,1.2044493992086105,tilt_failed,,
AlHfNi2,0.592722,1.3029027784610538,777,1.234105473032425,tilt_failed,,
AlHfNi2,0.592722,1.3029027784610538,778,1.1570272559376111,tilt_failed,,
AlHfNi2,0.592722,1.3029027784610538,779,1.1787220633212,tilt_failed,,
AlHfNi2,0.592722,1.3029027784610538,780,1.1993280645351014,tilt_failed,,
AlHfNi2,0.592722,1.3029027784610538,781,1.4811431690612211,ok,3.558959536953896,1.6653345369377348e-15
AlHfNi2,0.592722,1.3029027784610538,782,1.1483026716648268,tilt_failed,,
AlHfNi2,0.592722,1.3029027784610538,783,1.277439204456397,ok,3.5724541795614826,1.4608438902996566e-09
AlHfNi2,0.592722,1.3029027784610538,784,1.8278752279782176,ok,3.569149369126972,2.220446049250313e-16
AlHfNi2,0.592722,1.3029027784610538,785,1.1108773276310775,tilt_failed,,
AlHfNi2,0.592722,1.3029027784610538,787,1.1244237018254992,tilt_failed,,
AlHfNi2,0.592722,1.3029027784610538,788,1.3448207846155091,ok,3.5713525760833127,3.18856052672345e-13
AlHfNi2,0.592722,1.3029027784610538,789,1.236080660105768,tilt_failed,,
AlHfNi2,0.592722,1.3029027784610538,790,1.463730019930028,ok,3.6008204691243693,2.9464141126922527e-09
AlHfNi2,0.592722,1.3029027784610538,791,1.3486661710751071,ok,3.5697001708660574,1.2212453270876722e-15
AlHfNi2,0.592722,1.3029027784610538,792,1.4998417781302211,ok,3.5983418612984863,7.771561172376097e-16
AlHfNi2,0.592722,1.3029027784610538,793,1.262363712317896,tilt_failed,,
AlHfNi2,0.592722,1.3029027784610538,794,1.648859186350943,ok,3.5853980204299845,9.96602800285018e-12
AlHfNi2,0.592722,1.3029027784610538,795,1.457897167543866,ok,3.5672215630401736,1.7763568394002505e-15
AlHfNi2,0.592722,1.3029027784610538,796,1.0771268421274127,tilt_failed,,
AlHfNi2,0.592722,1.3029027784610538,797,1.3019344124387546,ok,3.5763097917350795,3.5588199054359386e-11
AlHfNi2,0.592722,1.3029027784610538,798,1.5813757586167136,ok,3.580991606517303,2.879918525877656e-13
AlHfNi2,0.592722,1.3029027784610538,799,1.7880193935350666,ok,3.6674674795536752,2.0982460213758716e-10
AlHfNi2,0.592722,1.3029027784610538,800,1.195687095530662,tilt_failed,,
AlHfNi2,0.592722,1.3029027784610538,801,1.2236251517407148,ok,3.6145905126014983,2.0229253827608318e-09
AlHfNi2,0.592722,1.3029027784610538,802,1.0611425939610082,tilt_failed,,
AlHfNi2,0.592722,1.3029027784610538,803,1.342126825185788,ok,3.558684136084354,2.876587856803781e-13
AlHfNi2,0.592722,1.3029027784610538,804,1.2612192930393813,ok,3.583745615212729,9.969802761133907e-14
AlHfNi2,0.592722,1.3029027784610538,806,1.1579681711987988,tilt_failed,,
AlHfNi2,0.592722,1.3029027784610538,807,1.2870565508573726,ok,3.5699755717356,1.2289580464397432e-10
AlHfNi2,0.592722,1.3029027784610538,808,1.1858657415896154,tilt_failed,,
AlHfNi2,0.592722,1.3029027784610538,809,1.318700227235636,ok,3.5752081882569087,3.5482727867020007e-12
AlHfNi2,0.592722,1.3029027784610538,810,1.3291901552686738,ok,3.56253974825795,3.9978542698548836e-10
AlHfNi2,0.592722,1.3029027784610538,811,1.4888995687284132,ok,3.557307131736641,8.393286066166183e-14
AlHfNi2,0.592722,1.3029027784610538,812,1.193489593933878,tilt_failed,,
AlHfNi2,0.592722,1.3029027784610538,813,1.3317096472829055,ok,3.5779621969523348,2.3141446536811827e-09
AlHfNi2,0.592722,1.3029027784610538,814,1.1474775913885171,tilt_failed,,
AlHfNi2,0.592722,1.3029027784610538,815,1.2225593489689772,ok,3.594210848255347,3.996802888650564e-15
AlHfNi2,0.592722,1.3029027784610538,816,1.197729369049827,tilt_failed,,
AlHfNi2,0.592722,1.3029027784610538,817,1.1334106835406128,tilt_failed,,
AlHfNi2,0.592722,1.3029027784610538,818,1.165560238853013,tilt_failed,,
AlHfNi2,0.592722,1.3029027784610538,819,1.198483176689656,ok,3.615967516949212,1.6540653291485794e-09
AlHfNi2,0.592722,1.3029027784610538,820,1.0501245364790412,tilt_failed,,
AlHfNi2,0.592722,1.3029027784610538,821,1.0636832133118437,tilt_failed,,
AlHfNi2,0.592722,1.3029027784610538,822,1.0747872770621276,tilt_failed,,
AlHfNi2,0.592722,1.3029027784610538,823,1.151419329299825,tilt_failed,,
AsZr,0.859168,1.2131852817352615,0,1.2495659770880998,ok,8.824308749721354,5.3305645453249895e-09
AsZr,0.859168,1.2131852817352615,1,2.2706842351618963,ok,8.816348382083593,1.532107773982716e-14
AsZr,0.859168,1.2131852817352615,2,1.7162466041892894,ok,8.813453702942589,3.852540508830771e-11
AsZr,0.859168,1.2131852817352615,3,1.2264104119995611,ok,8.809835354016332,1.1837419933158344e-11
AsZr,0.859168,1.2131852817352615,4,2.788503163011089,ok,8.820690400795097,6.550315845288425e-14
AsZr,0.859168,1.2131852817352615,7,1.91973294543728,ok,8.827203428862358,1.6653345369377348e-15
AsZr,0.859168,1.2131852817352615,8,1.2087205694286438,ok,8.813453702942589,5.1625370645069785e-14
AsZr,0.859168,1.2131852817352615,9,1.54220592830463,ok,8.823585079936102,2.220446049250313e-16
AsZr,0.859168,1.2131852817352615,10,1.2488199371162336,ok,8.830821777788614,7.838174553853605e-14
AsZr,0.859168,1.2131852817352615,11,1.6041167302560164,ok,8.797532967667063,5.551115123125784e-16
AsZr,0.859168,1.2131852817352615,12,1.7261148456153768,ok,8.810559023801584,1.8149259872757284e-11
AsZr,0.859168,1.2131852817352615,13,1.790288721762513,ok,8.907530775025233,7.902567489281864e-13
AsZr,0.859168,1.2131852817352615,14,1.9239252842736112,ok,8.850360861990396,2.6867397195928788e-14
AsZr,0.859168,1.2131852817352615,15,1.1274910127681486,tilt_failed,,
AsZr,0.859168,1.2131852817352615,16,1.3560845507149728,ok,8.811282693586833,2.69562150378988e-13
AsZr,0.859168,1.2131852817352615,17,1.960211845904679,ok,8.830821777788614,2.5976998330179413e-12
AsZr,0.859168,1.2131852817352615,18,1.2270725297391634,ok,8.809835354016332,5.2035487030366305e-11
AsZr,0.859168,1.2131852817352615,19,1.231716841418951,ok,8.828650768432858,3.552713678800501e-15
AsZr,0.859168,1.2131852817352615,20,1.617458444836998,ok,8.809835354016332,3.5642866436091936e-10
AsZr,0.859168,1.2131852817352615,21,1.1014773083297704,tilt_failed,,
AsZr,0.859168,1.2131852817352615,22,1.2230707005175832,ok,8.80766434466058,1.160516127640676e-11
AsZr,0.859168,1.2131852817352615,23,1.5082805379061974,ok,8.82286141015085,4.440892098500626e-16
AsZr,0.859168,1.2131852817352615,24,1.1107421871665006,ok,8.861939578554413,4.356870531019297e-09
AsZr,0.859168,1.2131852817352615,25,1.6580338897417757,ok,8.823585079936102,5.755498300175076e-10
AsZr,0.859168,1.2131852817352615,26,1.4011250231692336,ok,8.80766434466058,1.99651051246974e-09
AsZr,0.859168,1.2131852817352615,27,1.1878485234326608,ok,8.825756089291854,1.9984014443252818e-15
AsZr,0.859168,1.2131852817352615,28,1.2809142917378686,ok,8.825756089291854,2.964295475749168e-13
AsZr,0.859168,1.2131852817352615,29,1.14417114939594,tilt_failed,,
AsZr,0.859168,1.2131852817352615,30,1.279423498252087,ok,8.800427646808068,2.7793105594753342e-09
AsZr,0.859168,1.2131852817352615,31,1.127390982145868,tilt_failed,,
AsZr,0.859168,1.2131852817352615,32,1.7694527128929365,ok,8.789572600029299,3.5008467236252723e-09
AsZr,0.859168,1.2131852817352615,33,1.9449744748383688,ok,8.806217005090076,1.1102230246251563e-15
AsZr,0.859168,1.2131852817352615,34,1.305458862284803,ok,8.833716456929618,4.159783628665537e-12
AsZr,0.859168,1.2131852817352615,35,1.14630375947696,tilt_failed,,
AsZr,0.859168,1.2131852817352615,37,1.310178753577754,ok,8.82141407058035,1.3322676295501878e-15
AsZr,0.859168,1.2131852817352615,38,1.7442216691830636,ok,8.780888562606286,2.320366121466577e-14
AsZr,0.859168,1.2131852817352615,39,1.1638444276297335,tilt_failed,,
AsZr,0.859168,1.2131852817352615,40,1.4494239809659757,ok,8.787401590673547,7.771561172376097e-16
AsZr,0.859168,1.2131852817352615,41,1.8840287893421608,ok,8.928517198797515,3.3861802251067274e-14
AsZr,0.859168,1.2131852817352615,42,1.351040894815895,ok,8.798256637452315,2.641487029109157e-11
AsZr,0.859168,1.2131852817352615,43,1.4702120347057033,ok,8.837334805855875,2.664535259100376e-15
AsZr,0.859168,1.2131852817352615,44,1.8297438469304956,ok,8.805493335304824,3.4799318981981737e-10
AsZr,0.859168,1.2131852817352615,45,1.1493169231325773,tilt_failed,,
AsZr,0.859168,1.2131852817352615,46,1.28602635845907,ok,8.81562471229834,2.952910138631637e-09
AsZr,0.859168,1.2131852817352615,47,1.2238275409651755,ok,8.812006363372085,7.79598607891785e-12
AsZr,0.859168,1.2131852817352615,48,1.2894190733474804,ok,8.816348382083593,3.306532825320119e-11
AsZr,0.859168,1.2131852817352615,49,1.177109438002338,ok,8.838058475641127,1.0835776720341529e-13
AsZr,0.859168,1.2131852817352615,50,1.2680247255034056,ok,8.850360861990396,6.101430471971979e-11
AsZr,0.859168,1.2131852817352615,51,1.1791416494237867,ok,8.838058475641127,1.0015321905143537e-12
AsZr,0.859168,1.2131852817352615,52,1.3362714590165126,ok,8.796085628096563,2.081734784553646e-11
AsZr,0.859168,1.2131852817352615,53,1.9706092067997636,ok,8.830098108003362,4.263256414560601e-14
AsZr,0.859168,1.2131852817352615,54,1.5184273841127949,ok,8.827203428862358,1.2995160503237457e-12
AsZr,0.859168,1.2131852817352615,55,1.280423850703025,ok,8.819243061224597,3.269498005664673e-10
AsZr,0.859168,1.2131852817352615,56,1.502562458544429,ok,8.851084531775648,7.984723993104126e-13
AsZr,0.859168,1.2131852817352615,57,1.2200550756937456,ok,8.798980307237567,5.3163029534175614e-11
AsZr,0.859168,1.2131852817352615,58,1.2345136582655487,ok,8.813453702942589,2.6610202930044125e-10
AsZr,0.859168,1.2131852817352615,59,1.0660111121143323,tilt_failed,,
AsZr,0.859168,1.2131852817352615,60,1.3418071048269182,ok,8.824308749721354,9.192646643896297e-14
AsZr,0.859168,1.2131852817352615,61,1.1896608565745292,ok,8.840229484996879,3.5728531244672006e-11
AsZr,0.859168,1.2131852817352615,62,1.4185845019768744,ok,8.824308749721354,1.1217693440812582e-12
AsZr,0.859168,1.2131852817352615,63,1.2985196416877565,ok,8.808388014445828,2.194854742398888e-09
AsZr,0.859168,1.2131852817352615,64,1.115432932623103,tilt_failed,,
AsZr,0.859168,1.2131852817352615,65,1.3555050736729355,ok,8.806940674875328,5.624389842751043e-13
AsZr,0.859168,1.2131852817352615,66,1.1061142576035432,tilt_failed,,
AsZr,0.859168,1.2131852817352615,67,1.2536100867170448,ok,8.812730033157337,5.4038521435373355e-09
AsZr,0.859168,1.2131852817352615,68,1.3984362609311425,ok,8.799703977022816,1.0658141036401504e-14
AsZr,0.859168,1.2131852817352615,69,1.187244556731469,ok,8.827203428862358,4.6614158089042235e-09
AsZr,0.859168,1.2131852817352615,70,1.1889132929168749,ok,8.82937443821811,1.2707612739859542e-12
AsZr,0.859168,1.2131852817352615,71,1.090596341240824,tilt_failed,,
AsZr,0.859168,1.2131852817352615,72,1.4536873675875346,ok,8.796809297881811,5.099032307498419e-12
AsZr,0.859168,1.2131852817352615,73,1.1491232568634893,tilt_failed,,
AsZr,0.859168,1.2131852817352615,74,1.5519461116386573,ok,8.819243061224597,5.440992101313212e-10
AsZr,0.859168,1.2131852817352615,75,1.213740225956765,ok,8.811282693586833,2.922062591892427e-11
AsZr,0.859168,1.2131852817352615,76,1.483452949667594,ok,8.833716456929618,3.3306690738754696e-16
AsZr,0.859168,1.2131852817352615,77,2.029600064598912,ok,8.918385821803998,2.0594637106796654e-13
AsZr,0.859168,1.2131852817352615,78,1.1109698597582736,tilt_failed,,
AsZr,0.859168,1.2131852817352615,79,1.1378123861639873,tilt_failed,,
AsZr,0.859168,1.2131852817352615,80,1.089164398668054,tilt_failed,,
AsZr,0.859168,1.2131852817352615,81,1.310076556917332,ok,8.804769665519576,3.22749227343877e-09
AsZr,0.859168,1.2131852817352615,82,1.1809358978696127,ok,8.88147866275619,1.3059886505573104e-11
AsZr,0.859168,1.2131852817352615,83,1.272923944182704,ok,8.812730033157337,4.5634607204192434e-12
AsZr,0.859168,1.2131852817352615,84,1.692929560488284,ok,8.780888562606286,1.5329959524024164e-12
AsZr,0.859168,1.2131852817352615,86,1.6552762156375826,ok,8.865557927480669,9.992007221626409e-16
AsZr,0.859168,1.2131852817352615,87,1.5277331202443705,ok,8.830098108003362,2.5979218776228663e-14
AsZr,0.859168,1.2131852817352615,88,1.180031941817787,tilt_failed,,
AsZr,0.859168,1.2131852817352615,89,1.4650364878146038,ok,8.819966731009846,8.997469436167194e-12
AsZr,0.859168,1.2131852817352615,90,1.8204379516510836,ok,8.85976856919866,5.896920729497879e-10
AsZr,0.859168,1.2131852817352615,91,1.1367427913444363,tilt_failed,,
AsZr,0.859168,1.2131852817352615,92,1.4580521646341924,ok,8.804045995734324,2.5313084961453572e-14
AsZr,0.859168,1.2131852817352615,93,1.4025405990429631,ok,8.784506911532542,4.18554080283684e-14
AsZr,0.859168,1.2131852817352615,94,1.1734459764579346,tilt_failed,,
AsZr,0.859168,1.2131852817352615,95,1.188588702972832,ok,8.848913522419892,8.436561338420745e-09
AsZr,0.859168,1.2131852817352615,96,1.183748064018879,ok,8.832992787144367,5.96189764223709e-14
AsZr,0.859168,1.2131852817352615,97,1.6691354279943689,ok,8.814177372727837,4.795053243356051e-12
AsZr,0.859168,1.2131852817352615,98,1.527407357159413,ok,8.836611136070623,7.771561172376096e-15
AsZr,0.859168,1.2131852817352615,99,1.349041702506478,ok,8.797532967667063,8.459899447643694e-14
AsZr,0.859168,1.2131852817352615,100,1.2686733725284691,ok,8.806940674875328,8.538059148577304e-12
AsZr,0.859168,1.2131852817352615,101,1.1952692111054526,ok,8.822137740365601,6.115163930786592e-11
AsZr,0.859168,1.2131852817352615,102,1.6428132221391716,ok,8.800427646808068,9.992007221626407e-15
AsZr,0.859168,1.2131852817352615,103,1.4789924766230378,ok,8.843847833923135,3.254863045754064e-10
AsZr,0.859168,1.2131852817352615,104,1.604887959148538,ok,8.803322325949072,4.440892098500626e-16
AsZr,0.859168,1.2131852817352615,105,1.257899489985736,ok,8.799703977022816,1.1246559239452837e-13
AsZr,0.859168,1.2131852817352615,106,1.5614412208311628,ok,8.826479759077106,8.223421943398534e-12
AsZr,0.859168,1.2131852817352615,107,1.081495084123776,tilt_failed,,
AsZr,0.859168,1.2131852817352615,108,1.343766994610735,ok,8.800427646808068,4.5908277179762536e-11
AsZr,0.859168,1.2131852817352615,109,1.358340283522718,ok,8.82141407058035,5.551115123125783e-15
AsZr,0.859168,1.2131852817352615,110,1.575061788917229,ok,8.80115131659332,1.5962786648060499e-12
AsZr,0.859168,1.2131852817352615,111,1.436442909832728,ok,8.796085628096563,3.0420110874729296e-14
AsZr,0.859168,1.2131852817352615,112,1.1518957122218951,tilt_failed,,
AsZr,0.859168,1.2131852817352615,113,1.5055184596021824,ok,8.832992787144367,2.7089441800853823e-14
AsZr,0.859168,1.2131852817352615,114,1.0987198766030724,tilt_failed,,
AsZr,0.859168,1.2131852817352615,115,1.5235038680298332,ok,8.871347285762678,8.881784197001252e-16
AsZr,0.859168,1.2131852817352615,116,1.333078688177768,ok,8.796085628096563,7.064127061084946e-12
AsZr,0.859168,1.2131852817352615,117,1.2540089392677942,ok,8.797532967667063,6.650013872899763e-12
AsZr,0.859168,1.2131852817352615,118,1.143882983505564,tilt_failed,,
AsZr,0.859168,1.2131852817352615,119,1.3704393263599983,ok,8.809835354016332,1.5987211554602254e-13
AsZr,0.859168,1.2131852817352615,120,1.144395344691357,tilt_failed,,
AsZr,0.859168,1.2131852817352615,121,1.1807788573901603,ok,8.836611136070623,4.1122547589367295e-09
AsZr,0.859168,1.2131852817352615,122,1.2887006971178392,ok,8.818519391439345,9.443557047461582e-13
AsZr,0.859168,1.2131852817352615,123,1.189762463715359,ok,8.840953154782131,1.2989609388114332e-14
AsZr,0.859168,1.2131852817352615,124,1.610495299143263,ok,8.826479759077106,1.439337538045038e-11
AsZr,0.859168,1.2131852817352615,125,1.411138629723674,ok,8.805493335304824,8.881784197001252e-16
AsZr,0.859168,1.2131852817352615,126,1.3527309829010998,ok,8.799703977022816,1.7060575174809856e-11
AsZr,0.859168,1.2131852817352615,127,1.4372470134748845,ok,8.80115131659332,1.8491874698156607e-12
AsZr,0.859168,1.2131852817352615,128,1.2414276531930049,ok,8.798980307237567,9.703252645820726e-10
AsZr,0.859168,1.2131852817352615,129,1.224222092828324,ok,8.789572600029299,8.176792576364278e-13
AsZr,0.859168,1.2131852817352615,130,1.3959931932380203,ok,8.793190948955555,1.7763568394002505e-14
AsZr,0.859168,1.2131852817352615,131,1.1674348404826378,ok,8.856150220272404,7.784661804066673e-12
AsZr,0.859168,1.2131852817352615,132,1.230716631784396,ok,8.791019939599803,3.492595102017049e-11
AsZr,0.859168,1.2131852817352615,133,1.915369861410412,ok,8.877136644044686,1.3369509943572664e-09
AsZr,0.859168,1.2131852817352615,134,1.2107274137413238,ok,8.809835354016332,3.4118966540930273e-09
AsZr,0.859168,1.2131852817352615,135,1.266400074302206,ok,8.80115131659332,3.530120640249379e-11
AsZr,0.859168,1.2131852817352615,136,2.0072148055446664,ok,8.806940674875328,6.661338147750939e-16
AsZr,0.859168,1.2131852817352615,137,1.2307455302633798,ok,8.804769665519576,7.018732262054073e-10
AsZr,0.859168,1.2131852817352615,138,1.4948158524550723,ok,8.820690400795097,4.0994585503995035e-10
AsZr,0.859168,1.2131852817352615,139,1.4394343085446633,ok,8.810559023801584,3.9192205036897576e-11
AsZr,0.859168,1.2131852817352615,140,1.208104391913723,ok,8.830098108003362,7.105427357601002e-15
AsZr,0.859168,1.2131852817352615,141,1.2125461951624,ok,8.814901042513089,1.8099912679758743e-09
AsZr,0.859168,1.2131852817352615,142,1.3621005063639018,ok,8.798980307237567,5.760059096360237e-12
AsZr,0.859168,1.2131852817352615,143,1.304415160359255,ok,8.803322325949072,3.0020506081029903e-09
AsZr,0.859168,1.2131852817352615,144,1.139162767366352,tilt_failed,,
AsZr,0.859168,1.2131852817352615,145,1.1809791869368715,ok,8.955292980851809,1.0331957511766632e-11
AsZr,0.859168,1.2131852817352615,146,1.1077392885831656,tilt_failed,,
AsZr,0.859168,1.2131852817352615,147,1.5212991981750854,ok,8.796809297881811,5.551115123125783e-15
AsZr,0.859168,1.2131852817352615,148,1.4085606637291097,ok,8.837334805855875,3.552713678800501e-15
AsZr,0.859168,1.2131852817352615,149,1.1147076984090545,tilt_failed,,
AsZr,0.859168,1.2131852817352615,150,1.465561536960908,ok,8.80911168423108,7.811529201262601e-13
AsZr,0.859168,1.2131852817352615,151,1.778288711625336,ok,8.800427646808068,3.7436720390360284e-13
AsZr,0.859168,1.2131852817352615,152,1.2889213397543615,ok,8.805493335304824,3.3625841000528567e-09
AsZr,0.859168,1.2131852817352615,153,1.43422242156877,ok,8.801874986378571,3.064215547965432e-14
AsZr,0.859168,1.2131852817352615,154,1.2790711157260268,ok,8.796809297881811,2.220446049250313e-15
AsZr,0.859168,1.2131852817352615,155,1.1949958360842703,ok,8.835163796500119,4.0783743049388477e-10
AsZr,0.859168,1.2131852817352615,156,1.392559330649519,ok,8.791743609385055,1.5540901898702941e-12
AsZr,0.859168,1.2131852817352615,157,2.0146862980231384,tilt_failed,,
AsZr,0.859168,1.2131852817352615,158,1.2291977529804377,ok,8.820690400795097,3.3306690738754696e-16
AsZr,0.859168,1.2131852817352615,159,1.4098975511180123,ok,8.795361958311311,3.2263793858788863e-09
AsZr,0.859168,1.2131852817352615,160,1.3466578054063896,ok,8.838782145426375,1.0125233984581429e-13
AsZr,0.859168,1.2131852817352615,161,1.4437610677371713,ok,8.814901042513089,1.4397436576274456e-09
AsZr,0.859168,1.2131852817352615,162,1.3847319099428506,ok,8.825756089291854,1.3988810110276972e-13
AsZr,0.859168,1.2131852817352615,163,1.3262402355053773,ok,8.797532967667063,1.6409096303959816e-13
AsZr,0.859168,1.2131852817352615,164,1.1306879890665755,tilt_failed,,
AsZr,0.859168,1.2131852817352615,165,1.5011901098702691,ok,8.796809297881811,5.431155525315035e-10
AsZr,0.859168,1.2131852817352615,166,1.163640736073686,ok,8.851808201560896,2.4080737404119645e-13
AsZr,0.859168,1.2131852817352615,167,1.437761502755005,ok,8.819966731009846,4.440892098500626e-16
AsZr,0.859168,1.2131852817352615,168,1.1696486834562227,tilt_failed,,
AsZr,0.859168,1.2131852817352615,169,1.0749564463438346,tilt_failed,,
AsZr,0.859168,1.2131852817352615,170,1.361803227221554,ok,8.84529517349364,7.249756350802272e-13
AsZr,0.859168,1.2131852817352615,171,1.1735767108156834,ok,8.818519391439345,1.031508212179233e-11
AsZr,0.859168,1.2131852817352615,172,1.2153105527004917,ok,8.817795721654093,3.6762148880598033e-11
AsZr,0.859168,1.2131852817352615,173,1.1474876084722654,tilt_failed,,
AsZr,0.859168,1.2131852817352615,174,1.4111318283749357,ok,8.798256637452315,3.6415315207705135e-14
AsZr,0.859168,1.2131852817352615,175,1.0688908404978614,tilt_failed,,
AsZr,0.859168,1.2131852817352615,176,1.3773264423154874,ok,8.79029626981455,3.4368063950296346e-12
AsZr,0.859168,1.2131852817352615,177,1.08263932881456,tilt_failed,,
AsZr,0.859168,1.2131852817352615,178,1.1739198743217023,tilt_failed,,
AsZr,0.859168,1.2131852817352615,179,1.0942454571100102,tilt_failed,,
AsZr,0.859168,1.2131852817352615,180,1.1890158521657803,ok,8.844571503708387,4.0967229608668276e-14
AsZr,0.859168,1.2131852817352615,181,1.3029027784610538,ok,8.803322325949072,4.933831121434197e-13
AsZr,0.859168,1.2131852817352615,182,1.2152116774250383,ok,8.793914618740807,1.0880185641326534e-14
AsZr,0.859168,1.2131852817352615,183,1.1362457556679368,tilt_failed,,
AsZr,0.859168,1.2131852817352615,184,1.130157039069779,tilt_failed,,
AsZr,0.859168,1.2131852817352615,185,1.3619305641256605,ok,8.789572600029299,3.6637359812630166e-15
AsZr,0.859168,1.2131852817352615,186,1.7866098777593449,ok,8.848913522419892,2.220446049250313e-16
AsZr,0.859168,1.2131852817352615,187,1.2106070966716411,ok,8.83588746628537,3.418926142195744e-09
AsZr,0.859168,1.2131852817352615,188,1.1702211910012936,tilt_failed,,
AsZr,0.859168,1.2131852817352615,189,1.3859855782588169,ok,8.812006363372085,7.771561172376096e-15
AsZr,0.859168,1.2131852817352615,190,1.3071560126575426,ok,8.796809297881811,1.1102230246251563e-15
AsZr,0.859168,1.2131852817352615,191,1.2391387765366944,ok,8.80259865616382,1.1102230246251563e-15
AsZr,0.859168,1.2131852817352615,192,1.1338062824699524,tilt_failed,,
AsZr,0.859168,1.2131852817352615,193,1.3229109531003695,ok,8.797532967667063,3.3306690738754696e-16
AsZr,0.859168,1.2131852817352615,194,1.2566149825846944,ok,8.82141407058035,1.1090683926795464e-11
AsZr,0.859168,1.2131852817352615,195,1.1592174401246005,tilt_failed,,
AsZr,0.859168,1.2131852817352615,196,1.22891909207467,ok,8.825032419506606,7.150191549953888e-11
AsZr,0.859168,1.2131852817352615,197,1.1520028579943609,tilt_failed,,
AsZr,0.859168,1.2131852817352615,198,1.1968238241844789,ok,8.851808201560896,4.92605956026182e-13
AsZr,0.859168,1.2131852817352615,199,1.1699724372925584,ok,8.82937443821811,1.2809753258125056e-12
AsZr,0.859168,1.2131852817352615,200,1.1758533730359604,ok,8.84674251306414,2.1234125568980744e-12
AsZr,0.859168,1.2131852817352615,201,1.342907166956666,ok,8.794638288526059,4.2188474935755954e-13
AsZr,0.859168,1.2131852817352615,202,1.3737057563015538,ok,8.808388014445828,2.953561950569394e-09
AsZr,0.859168,1.2131852817352615,203,1.1711131798216483,tilt_failed,,
AsZr,0.859168,1.2131852817352615,205,1.1570428018565817,tilt_failed,,
AsZr,0.859168,1.2131852817352615,206,1.213185281735262,ok,8.805493335304824,3.552713678800501e-15
AsZr,0.859168,1.2131852817352615,207,1.454830958553857,ok,8.80766434466058,8.92619311798626e-14
AsZr,0.859168,1.2131852817352615,208,1.1445793727955855,tilt_failed,,
AsZr,0.859168,1.2131852817352615,209,1.3594724772282143,ok,8.832269117359115,6.494600413020635e-10
AsZr,0.859168,1.2131852817352615,210,1.3993969673684326,ok,8.788848930244047,6.856737400084967e-13
AsZr,0.859168,1.2131852817352615,211,1.3193362365046746,ok,8.811282693586833,3.537974357925577e-10
AsZr,0.859168,1.2131852817352615,212,1.0923587376044432,tilt_failed,,
AsZr,0.859168,1.2131852817352615,213,1.5349021026957292,ok,8.849637192205144,1.0366041358622624e-10
AsZr,0.859168,1.2131852817352615,214,1.6340348762511054,ok,8.801874986378571,2.8048723343943042e-09
AsZr,0.859168,1.2131852817352615,215,1.331084395822535,ok,8.789572600029299,1.887379141862766e-15
AsZr,0.859168,1.2131852817352615,216,1.3707452381475895,ok,8.796085628096563,5.551115123125784e-16
AsZr,0.859168,1.2131852817352615,217,1.166656266846943,ok,8.827203428862358,2.3281376826389533e-12
AsZr,0.859168,1.2131852817352615,219,1.1421813151806643,tilt_failed,,
AsZr,0.859168,1.2131852817352615,220,1.2892005959333244,ok,8.810559023801584,6.41111608246092e-11
AsZr,0.859168,1.2131852817352615,221,1.1354651202569948,tilt_failed,,
AsZr,0.859168,1.2131852817352615,222,1.6637425118184814,ok,8.835163796500119,1.2063683385576949e-12
AsZr,0.859168,1.2131852817352615,223,1.0834378978178485,tilt_failed,,
AsZr,0.859168,1.2131852817352615,224,1.639569113494013,ok,8.82937443821811,2.3758772726978353e-14
AsZr,0.859168,1.2131852817352615,225,1.192358197028064,ok,8.80259865616382,6.099640792456285e-10
AsZr,0.859168,1.2131852817352615,226,1.2700329486781816,ok,8.796085628096563,5.473916875331496e-10
AsZr,0.859168,1.2131852817352615,227,1.2446412551586832,ok,8.797532967667063,3.774758283725532e-15
AsZr,0.859168,1.2131852817352615,228,1.223494580669506,ok,8.84674251306414,1.1882606010260588e-11
AsZr,0.859168,1.2131852817352615,229,1.3120751034636031,ok,8.80766434466058,1.1805165733846932e-09
AsZr,0.859168,1.2131852817352615,230,1.297968233710469,ok,8.825756089291854,1.007031125155322e-10
AsZr,0.859168,1.2131852817352615,231,1.4521294238640576,ok,8.822137740365601,1.5463827995887412e-09
AsZr,0.859168,1.2131852817352615,232,1.3388972283626686,ok,8.801874986378571,7.749356711883594e-14
AsZr,0.859168,1.2131852817352615,233,1.2294966337985014,ok,8.80115131659332,1.0870149225183924e-10
AsZr,0.859168,1.2131852817352615,234,1.3367577334805305,ok,8.791019939599803,1.3174328294951462e-10
AsZr,0.859168,1.2131852817352615,235,1.3456178525399525,ok,8.801874986378571,2.930988785010413e-14
AsZr,0.859168,1.2131852817352615,236,1.5347393946965364,ok,8.816348382083593,3.806732706834737e-12
AsZr,0.859168,1.2131852817352615,237,1.372552847769868,ok,8.836611136070623,2.4424906541753444e-15
AsZr,0.859168,1.2131852817352615,238,1.2078153338483466,ok,8.82937443821811,2.042810365310288e-14
AsZr,0.859168,1.2131852817352615,239,1.136799695865502,tilt_failed,,
AsZr,0.859168,1.2131852817352615,240,1.2336936226850277,ok,8.822137740365601,4.440892098500626e-16
AsZr,0.859168,1.2131852817352615,241,1.3908392611094291,ok,8.80115131659332,5.440092820663267e-15
AsZr,0.859168,1.2131852817352615,242,1.1380664305711543,tilt_failed,,
AsZr,0.859168,1.2131852817352615,243,1.4565967152004815,ok,8.806940674875328,4.603364356370321e-10
AsZr,0.859168,1.2131852817352615,244,1.548177238737785,ok,8.82792709864761,9.103828801926284e-15
AsZr,0.859168,1.2131852817352615,245,1.080626628016535,tilt_failed,,
AsZr,0.859168,1.2131852817352615,246,1.680666722983827,ok,8.82937443821811,3.2153391060774084e-11
AsZr,0.859168,1.2131852817352615,247,1.6023410315738544,ok,8.8532555411314,2.220446049250313e-16
AsZr,0.859168,1.2131852817352615,248,1.280188717801789,ok,8.822137740365601,3.419486915845482e-14
AsZr,0.859168,1.2131852817352615,249,1.1619572733578234,tilt_failed,,
AsZr,0.859168,1.2131852817352615,250,1.6241687379889749,ok,8.823585079936102,4.390798835629539e-11
AsZr,0.859168,1.2131852817352615,251,1.407138046146224,ok,8.819243061224597,2.998534753828608e-11
AsZr,0.859168,1.2131852817352615,252,1.1634444275069369,ok,8.843847833923135,1.1284417844592554e-11
AsZr,0.859168,1.2131852817352615,253,1.145372048940466,tilt_failed,,
AsZr,0.859168,1.2131852817352615,254,1.2480675339326317,ok,8.827203428862358,1.7763568394002505e-15
AsZr,0.859168,1.2131852817352615,255,1.3171597627074,ok,8.793190948955555,8.25439283591578e-09
AsZr,0.859168,1.2131852817352615,256,1.3561775969891958,ok,8.819966731009846,6.772360450213456e-14
AsZr,0.859168,1.2131852817352615,257,1.2394352500850188,ok,8.796085628096563,3.702802175986619e-09
AsZr,0.859168,1.2131852817352615,258,1.637894953676489,ok,8.836611136070623,6.603317892484029e-11
AsZr,0.859168,1.2131852817352615,259,1.5415246566853025,ok,8.824308749721354,2.220446049250313e-16
AsZr,0.859168,1.2131852817352615,260,1.1629476523510325,tilt_failed,,
AsZr,0.859168,1.2131852817352615,261,1.0955162848962736,tilt_failed,,
AsZr,0.859168,1.2131852817352615,262,1.0975952055705966,tilt_failed,,
AsZr,0.859168,1.2131852817352615,263,1.4034793707473985,ok,8.787401590673547,8.77434680468525e-10
AsZr,0.859168,1.2131852817352615,264,1.1781617188091416,tilt_failed,,
AsZr,0.859168,1.2131852817352615,265,1.390207366972563,ok,8.848913522419892,4.615419157971701e-12
AsZr,0.859168,1.2131852817352615,266,1.1866622396078237,ok,8.827203428862358,1.2878587085651816e-14
AsZr,0.859168,1.2131852817352615,267,1.1944758847773556,ok,8.82286141015085,2.1451262988136927e-10
AsZr,0.859168,1.2131852817352615,268,1.2652190542882067,ok,8.801874986378571,2.369120677414571e-09
AsZr,0.859168,1.2131852817352615,269,1.4254635342071718,ok,8.811282693586833,9.990830385220305e-11
AsZr,0.859168,1.2131852817352615,270,1.343134553718497,ok,8.85976856919866,3.3306690738754696e-16
AsZr,0.859168,1.2131852817352615,271,1.3767236353889774,ok,8.80911168423108,1.8340884366807586e-13
AsZr,0.859168,1.2131852817352615,272,1.1123357058084111,tilt_failed,,
AsZr,0.859168,1.2131852817352615,273,1.4168121091716548,ok,8.804045995734324,8.881784197001252e-16
AsZr,0.859168,1.2131852817352615,274,1.502616219596946,ok,8.80911168423108,2.220446049250313e-16
AsZr,0.859168,1.2131852817352615,275,1.2285917591153783,ok,8.84529517349364,2.5208723997138804e-11
AsZr,0.859168,1.2131852817352615,276,1.2002689769020587,ok,8.842400494352635,1.388384740508286e-09
AsZr,0.859168,1.2131852817352615,277,1.302667296554906,ok,8.80115131659332,3.629182510067608e-10
AsZr,0.859168,1.2131852817352615,278,1.4852332540144135,ok,8.841676824567383,1.5094592242803628e-12
AsZr,0.859168,1.2131852817352615,279,1.3858827829562197,ok,8.868452606621673,1.32128730179204e-09
AsZr,0.859168,1.2131852817352615,280,1.204496744127414,ok,8.813453702942589,1.4763745781465332e-12
AsZr,0.859168,1.2131852817352615,281,1.238996724981717,ok,8.787401590673547,1.853910358562416e-10
AsZr,0.859168,1.2131852817352615,282,1.2101433517951088,ok,8.80911168423108,6.772360450213455e-15
AsZr,0.859168,1.2131852817352615,283,1.160886390548463,ok,8.831545447573863,4.576339307504895e-13
AsZr,0.859168,1.2131852817352615,284,1.0712993897941343,tilt_failed,,
AsZr,0.859168,1.2131852817352615,286,1.147957650854384,tilt_failed,,
AsZr,0.859168,1.2131852817352615,287,1.3506629482712298,ok,8.816348382083593,3.3306690738754696e-16
AsZr,0.859168,1.2131852817352615,288,1.3733169691241391,ok,8.801874986378571,9.613009277487095e-10
AsZr,0.859168,1.2131852817352615,289,1.1352000177616108,tilt_failed,,
AsZr,0.859168,1.2131852817352615,291,1.3762486528236826,ok,8.805493335304824,1.1957101975212936e-13
AsZr,0.859168,1.2131852817352615,292,1.192245182172459,ok,8.828650768432858,2.55351295663786e-15
AsZr,0.859168,1.2131852817352615,293,1.1904444218079908,ok,8.835163796500119,1.1377945807744538e-08
AsZr,0.859168,1.2131852817352615,294,1.149568554521543,tilt_failed,,
AsZr,0.859168,1.2131852817352615,295,1.0830228085601894,tilt_failed,,
AsZr,0.859168,1.2131852817352615,296,1.6428727676551007,ok,8.872070955547926,1.0402789740737717e-13
AsZr,0.859168,1.2131852817352615,297,1.3153787662995997,ok,8.80259865616382,3.9634961979118095e-14
AsZr,0.859168,1.2131852817352615,298,1.546156860171355,ok,8.832269117359115,3.3306690738754696e-16
AsZr,0.859168,1.2131852817352615,299,1.1303484304213467,tilt_failed,,
AsZr,0.859168,1.2131852817352615,300,1.1358105762881288,tilt_failed,,
AsZr,0.859168,1.2131852817352615,301,1.1203710110134677,tilt_failed,,
AsZr,0.859168,1.2131852817352615,302,1.1659907139018306,tilt_failed,,
AsZr,0.859168,1.2131852817352615,303,1.2387421296396957,ok,8.816348382083593,9.238050435733667e-09
AsZr,0.859168,1.2131852817352615,304,1.2173154420689452,ok,8.830821777788614,3.6637359812630166e-15
AsZr,0.859168,1.2131852817352615,305,1.155896555708419,tilt_failed,,
AsZr,0.859168,1.2131852817352615,306,1.825819674466264,ok,8.828650768432858,3.1086244689504387e-15
AsZr,0.859168,1.2131852817352615,307,1.1436358108272733,tilt_failed,,
AsZr,0.859168,1.2131852817352615,308,1.1480605101444028,tilt_failed,,
AsZr,0.859168,1.2131852817352615,309,1.1982749686549097,ok,8.864110587910165,4.440892098500626e-16
AsZr,0.859168,1.2131852817352615,310,1.6516077338534148,ok,8.82792709864761,1.7218892978121403e-11
AsZr,0.859168,1.2131852817352615,311,1.3152829920740927,ok,8.803322325949072,9.992007221626409e-16
AsZr,0.859168,1.2131852817352615,312,1.1979141060348637,ok,8.819243061224597,5.8372195965716855e-12
AsZr,0.859168,1.2131852817352615,313,1.172221976858001,ok,8.835163796500119,3.2973623831367156e-14
AsZr,0.859168,1.2131852817352615,314,1.0918696604343066,tilt_failed,,
AsZr,0.859168,1.2131852817352615,315,1.1608814571758117,tilt_failed,,
AsZr,0.859168,1.2131852817352615,316,1.3487329521883222,ok,8.798256637452315,1.0862422072932532e-12
AsZr,0.859168,1.2131852817352615,317,1.4330893558471474,ok,8.819966731009846,2.220446049250313e-16
AsZr,0.859168,1.2131852817352615,318,1.5619313928759844,ok,8.787401590673547,1.885158695813516e-13
AsZr,0.859168,1.2131852817352615,319,1.2982022868066938,ok,8.791019939599803,5.508926648190027e-12
AsZr,0.859168,1.2131852817352615,320,1.166710430208393,tilt_failed,,
AsZr,0.859168,1.2131852817352615,321,1.2160449915327602,ok,8.80115131659332,3.1974423109204515e-14
AsZr,0.859168,1.2131852817352615,322,1.2660816659977676,ok,8.814901042513089,9.769962616701378e-15
AsZr,0.859168,1.2131852817352615,323,1.20467944867305,ok,8.808388014445828,1.927347170749272e-12
AsZr,0.859168,1.2131852817352615,324,1.1284486720638658,tilt_failed,,
AsZr,0.859168,1.2131852817352615,325,1.150700666204492,tilt_failed,,
AsZr,0.859168,1.2131852817352615,326,1.2148807908770896,ok,8.809835354016332,5.551115123125784e-16
AsZr,0.859168,1.2131852817352615,327,1.1862481748963218,tilt_failed,,
AsZr,0.859168,1.2131852817352615,328,1.4049626379081834,ok,8.817072051868841,6.661338147750939e-16
AsZr,0.859168,1.2131852817352615,329,1.2341072324353346,ok,8.794638288526059,4.74101757852452e-10
AsZr,0.859168,1.2131852817352615,330,1.1535173273721693,tilt_failed,,
AsZr,0.859168,1.2131852817352615,331,1.1367278057719827,tilt_failed,,
AsZr,0.859168,1.2131852817352615,332,1.076155895798754,tilt_failed,,
AsZr,0.859168,1.2131852817352615,333,1.189435567980418,ok,8.82141407058035,9.514611321037592e-13
AsZr,0.859168,1.2131852817352615,334,1.1108768669256597,tilt_failed,,
AsZr,0.859168,1.2131852817352615,335,1.3687987337976693,ok,8.838058475641127,9.333223083274332e-11
AsZr,0.859168,1.2131852817352615,336,1.2672968510267717,ok,8.816348382083593,1.0769163338864018e-13
AsZr,0.859168,1.2131852817352615,337,1.2260974915502865,ok,8.82141407058035,1.1204148719912156e-11
AsZr,0.859168,1.2131852817352615,338,1.1506847238368163,tilt_failed,,
AsZr,0.859168,1.2131852817352615,339,1.1087154827616823,tilt_failed,,
AsZr,0.859168,1.2131852817352615,340,1.121560164159752,tilt_failed,,
AsZr,0.859168,1.2131852817352615,342,1.1794689713014943,tilt_failed,,
AsZr,0.859168,1.2131852817352615,343,1.2773082776931366,ok,8.834440126714867,1.8250956301812948e-11
AsZr,0.859168,1.2131852817352615,344,1.0860828738982202,tilt_failed,,
AsZr,0.859168,1.2131852817352615,345,1.1228328194471269,tilt_failed,,
AsZr,0.859168,1.2131852817352615,346,1.1417771517915831,tilt_failed,,
AsZr,0.859168,1.2131852817352615,347,1.0699845842885711,tilt_failed,,
AsZr,0.859168,1.2131852817352615,348,1.058250336694259,tilt_failed,,
AsZr,0.859168,1.2131852817352615,349,1.1911417433598366,ok,8.856150220272404,1.021405182655144e-14
AsZr,0.859168,1.2131852817352615,350,1.1126864450648384,tilt_failed,,
AsZr,0.859168,1.2131852817352615,351,1.2296345688578565,ok,8.791019939599803,8.641198867564981e-12
AsZr,0.859168,1.2131852817352615,352,1.2833141131667836,ok,8.828650768432858,1.5844769940542847e-11
AsZr,0.859168,1.2131852817352615,353,1.1213262395890362,ok,8.859044899413409,3.774758283725532e-15
AsZr,0.859168,1.2131852817352615,354,1.265572794823797,ok,8.809835354016332,3.3396206911007202e-09
AsZr,0.859168,1.2131852817352615,355,1.2629755899473645,ok,8.810559023801584,1.8984813721090177e-13
AsZr,0.859168,1.2131852817352615,356,1.2253059371390322,ok,8.806940674875328,1.196711285622598e-09
AsZr,0.859168,1.2131852817352615,357,1.62683960160354,ok,8.82141407058035,1.3042233959481564e-11
AsZr,0.859168,1.2131852817352615,358,1.2735506324126102,ok,8.804045995734324,5.551115123125784e-16
AsZr,0.859168,1.2131852817352615,359,1.161767093485517,tilt_failed,,
AsZr,0.859168,1.2131852817352615,360,1.438515975429102,ok,8.780164892821034,1.205924249347845e-12
AsZr,0.859168,1.2131852817352615,361,1.1260031053249218,tilt_failed,,
AsZr,0.859168,1.2131852817352615,362,1.2041685366719816,ok,8.804769665519576,2.952292854629945e-10
AsZr,0.859168,1.2131852817352615,363,1.341297163318002,ok,8.797532967667063,2.1052271037547143e-11
AsZr,0.859168,1.2131852817352615,364,1.1151571200865276,tilt_failed,,
AsZr,0.859168,1.2131852817352615,365,1.282355370779571,ok,8.818519391439345,2.3412167760028524e-09
AsZr,0.859168,1.2131852817352615,366,1.0990796052451637,tilt_failed,,
AsZr,0.859168,1.2131852817352615,367,1.2983283167696047,ok,8.792467279170303,5.10702591327572e-15
AsZr,0.859168,1.2131852817352615,368,1.1527496212107444,tilt_failed,,
AsZr,0.859168,1.2131852817352615,369,1.1350161946535426,tilt_failed,,
AsZr,0.859168,1.2131852817352615,370,1.6170668568800564,ok,8.784506911532542,1.8050771988242784e-10
AsZr,0.859168,1.2131852817352615,371,1.3892441979490942,ok,8.813453702942589,1.5543122344752194e-15
AsZr,0.859168,1.2131852817352615,372,1.1976943296553737,ok,8.84674251306414,2.0875360329242203e-09
AsZr,0.859168,1.2131852817352615,373,1.1401772786987514,ok,8.846018843278888,3.0412361518017406e-10
AsZr,0.859168,1.2131852817352615,374,1.060784695715523,tilt_failed,,
AsZr,0.859168,1.2131852817352615,375,3.058151840371792,ok,8.999436837752125,3.8045122607854864e-11
AsZr,0.859168,1.2131852817352615,376,1.4309905800329736,ok,8.842400494352635,1.4721557306529578e-13
AsZr,0.859168,1.2131852817352615,377,1.1250873382301163,tilt_failed,,
AsZr,0.859168,1.2131852817352615,378,1.2752228066140243,ok,8.803322325949072,8.323541855759231e-11
AsZr,0.859168,1.2131852817352615,379,1.062726014870776,tilt_failed,,
AsZr,0.859168,1.2131852817352615,380,1.6884703933567151,ok,8.823585079936102,5.404525715846376e-10
AsZr,0.859168,1.2131852817352615,381,2.194805806759194,ok,8.955292980851809,8.881784197001252e-16
AsZr,0.859168,1.2131852817352615,382,1.335952112571216,ok,8.808388014445828,2.886579864025407e-14
AsZr,0.859168,1.2131852817352615,383,1.2506175753824262,ok,8.849637192205144,7.127631818093505e-14
AsZr,0.859168,1.2131852817352615,384,1.2076858355504752,ok,8.81562471229834,1.7343904090694197e-12
AsZr,0.859168,1.2131852817352615,385,1.2493459645091587,ok,8.80911168423108,5.979338135730926e-10
AsZr,0.859168,1.2131852817352615,386,1.1589997043852054,tilt_failed,,
AsZr,0.859168,1.2131852817352615,387,1.244557352503501,ok,8.864110587910165,1.1102230246251563e-16
AsZr,0.859168,1.2131852817352615,388,1.443703752679078,ok,8.804769665519576,8.525402606096577e-12
AsZr,0.859168,1.2131852817352615,389,1.280235817579214,ok,8.792467279170303,1.1102230246251563e-15
AsZr,0.859168,1.2131852817352615,390,1.4346304650873951,ok,8.87351829511843,3.574252005478229e-12
AsZr,0.859168,1.2131852817352615,391,1.4507604650236898,ok,8.88003132318569,7.771561172376097e-16
AsZr,0.859168,1.2131852817352615,392,1.2524885068141338,ok,8.830098108003362,1.5543122344752194e-15
AsZr,0.859168,1.2131852817352615,393,1.2425825175964484,ok,8.804769665519576,7.1015449076838885e-09
AsZr,0.859168,1.2131852817352615,394,1.150149037988038,tilt_failed,,
AsZr,0.859168,1.2131852817352615,395,1.1849833024421326,tilt_failed,,
AsZr,0.859168,1.2131852817352615,396,1.0772152675790791,tilt_failed,,
AsZr,0.859168,1.2131852817352615,397,1.2087061825225405,ok,8.800427646808068,9.481304630298837e-14
AsZr,0.859168,1.2131852817352615,398,1.1462464293265513,ok,8.858321229628157,2.220446049250313e-15
AsZr,0.859168,1.2131852817352615,399,1.3382816579563726,ok,8.822137740365601,1.6540102620865582e-12
AsZr,0.859168,1.2131852817352615,400,1.251848147275931,ok,8.797532967667063,1.035220464906672e-09
AsZr,0.859168,1.2131852817352615,401,1.1570990566039872,tilt_failed,,
AsZr,0.859168,1.2131852817352615,402,1.1421309306183856,tilt_failed,,
AsZr,0.859168,1.2131852817352615,403,1.4433773730875004,ok,8.787401590673547,1.311280972693396e-09
AsZr,0.859168,1.2131852817352615,404,1.0354218994671105,tilt_failed,,
AsZr,0.859168,1.2131852817352615,405,1.086118887352632,tilt_failed,,
AsZr,0.859168,1.2131852817352615,406,1.3852308132637576,ok,8.82141407058035,9.825473767932637e-13
AsZr,0.859168,1.2131852817352615,407,1.2139245009429938,ok,8.826479759077106,2.444777713606072e-11
AsZr,0.859168,1.2131852817352615,408,1.072243414215993,tilt_failed,,
AsZr,0.859168,1.2131852817352615,409,1.225654413129631,ok,8.801874986378571,1.1027734281299216e-11
AsZr,0.859168,1.2131852817352615,410,1.2967234231405809,ok,8.812006363372085,9.28290777579832e-12
AsZr,0.859168,1.2131852817352615,411,1.629279840195662,ok,8.80115131659332,5.551115123125784e-16
AsZr,0.859168,1.2131852817352615,412,1.2810387463453974,ok,8.806940674875328,9.577671988836299e-12
AsZr,0.859168,1.2131852817352615,413,1.2265862456647345,ok,8.86121590876916,1.21217369475346e-10
AsZr,0.859168,1.2131852817352615,414,1.2210204093548858,ok,8.857597559842905,4.3853809472693683e-13
AsZr,0.859168,1.2131852817352615,415,1.5184719871753591,ok,8.805493335304824,2.3422153105912003e-11
AsZr,0.859168,1.2131852817352615,416,1.2722859334916767,ok,8.799703977022816,4.960853949853572e-11
AsZr,0.859168,1.2131852817352615,417,1.2274538988264538,ok,8.832992787144367,9.675860113134148e-11
AsZr,0.859168,1.2131852817352615,418,1.3000115511531272,ok,8.850360861990396,6.08129102630528e-11
AsZr,0.859168,1.2131852817352615,419,1.230501234521634,ok,8.836611136070623,2.959016254244773e-09
AsZr,0.859168,1.2131852817352615,420,1.1476294123051554,tilt_failed,,
AsZr,0.859168,1.2131852817352615,421,1.355494102632078,ok,8.820690400795097,2.220446049250313e-16
AsZr,0.859168,1.2131852817352615,422,1.1348860006354349,tilt_failed,,
AsZr,0.859168,1.2131852817352615,423,1.4870029114220686,ok,8.784506911532542,6.661338147750939e-16
AsZr,0.859168,1.2131852817352615,424,1.259555766456639,ok,8.82141407058035,5.4178883601707645e-14
AsZr,0.859168,1.2131852817352615,425,1.1382302712731849,tilt_failed,,
AsZr,0.859168,1.2131852817352615,426,1.2079215767347853,ok,8.83588746628537,3.4305891460917343e-14
AsZr,0.859168,1.2131852817352615,427,1.1228121522925916,tilt_failed,,
AsZr,0.859168,1.2131852817352615,428,1.091789680613647,tilt_failed,,
AsZr,0.859168,1.2131852817352615,429,1.464779374919387,ok,8.819243061224597,6.8769234751187e-10
AsZr,0.859168,1.2131852817352615,430,1.2473595095250318,ok,8.798980307237567,2.9420910152566655e-14
AsZr,0.859168,1.2131852817352615,431,1.1313028508273888,tilt_failed,,
AsZr,0.859168,1.2131852817352615,432,1.5646356321412305,ok,8.825756089291854,9.192646643896297e-14
AsZr,0.859168,1.2131852817352615,433,1.364212406378156,ok,8.798256637452315,6.63235355524705e-10
AsZr,0.859168,1.2131852817352615,434,1.0792536448618566,tilt_failed,,
AsZr,0.859168,1.2131852817352615,435,1.7627691213210248,ok,8.832992787144367,1.7802603835548323e-10
AsZr,0.859168,1.2131852817352615,436,1.282370572736658,ok,8.794638288526059,1.1102230246251563e-15
AsZr,0.859168,1.2131852817352615,437,1.1825567466401468,ok,8.838782145426375,1.0769163338864018e-13
AsZr,0.859168,1.2131852817352615,438,1.079207962602121,tilt_failed,,
AsZr,0.859168,1.2131852817352615,439,1.242639152227701,ok,8.86700526705117,4.218847493575595e-15
AsZr,0.859168,1.2131852817352615,440,1.088967398875207,tilt_failed,,
AsZr,0.859168,1.2131852817352615,441,1.141053082360812,tilt_failed,,
AsZr,0.859168,1.2131852817352615,442,1.115629503130851,tilt_failed,,
AsZr,0.859168,1.2131852817352615,443,1.5270861343720454,ok,8.856873890057656,2.1716695108864315e-10
AsZr,0.859168,1.2131852817352615,444,1.1603186907265326,tilt_failed,,
AsZr,0.859168,1.2131852817352615,445,1.0731749302895968,tilt_failed,,
AsZr,0.859168,1.2131852817352615,446,1.19538450607341,ok,8.830098108003362,1.3422596367718145e-13
AsZr,0.859168,1.2131852817352615,447,1.334275663041531,ok,8.803322325949072,3.6906944167469646e-10
AsZr,0.859168,1.2131852817352615,448,1.212031451328934,ok,8.844571503708387,2.220446049250313e-16
AsZr,0.859168,1.2131852817352615,449,1.384121343184289,ok,8.804045995734324,4.2603431893439847e-10
AsZr,0.859168,1.2131852817352615,450,1.2299074987706504,ok,8.812730033157337,7.186840011996765e-11
AsZr,0.859168,1.2131852817352615,451,1.11669371530544,tilt_failed,,
AsZr,0.859168,1.2131852817352615,452,1.205638357790363,ok,8.812730033157337,7.906854060379941e-10
AsZr,0.859168,1.2131852817352615,453,1.1321974221347502,tilt_failed,,
AsZr,0.859168,1.2131852817352615,454,1.359268164606965,ok,8.827203428862358,5.839773109528323e-14
AsZr,0.859168,1.2131852817352615,455,1.1165295419048638,tilt_failed,,
AsZr,0.859168,1.2131852817352615,456,1.055208231200321,tilt_failed,,
AsZr,0.859168,1.2131852817352615,457,1.0850011837940292,tilt_failed,,
AsZr,0.859168,1.2131852817352615,458,1.1525242334089405,tilt_failed,,
AsZr,0.859168,1.2131852817352615,459,1.047098587899859,tilt_failed,,
AsZr,0.859168,1.2131852817352615,460,1.2308036101152342,ok,8.804769665519576,4.888867088936877e-11
AsZr,0.859168,1.2131852817352615,461,1.592086023670389,ok,8.847466182849391,9.217553387230735e-10
AsZr,0.859168,1.2131852817352615,462,1.3854258155490178,ok,8.825032419506606,7.335310137079887e-11
AsZr,0.859168,1.2131852817352615,463,1.0849593328569764,tilt_failed,,
AsZr,0.859168,1.2131852817352615,464,1.0700449619782797,tilt_failed,,
AsZr,0.859168,1.2131852817352615,465,1.0275174753837455,tilt_failed,,
AsZr,0.859168,1.2131852817352615,466,1.1346531946558909,tilt_failed,,
AsZr,0.859168,1.2131852817352615,468,1.1318368862184758,tilt_failed,,
AsZr,0.859168,1.2131852817352615,469,1.2095694293509318,ok,8.81562471229834,1.7763568394002505e-15
AsZr,0.859168,1.2131852817352615,470,1.5779870702348844,ok,8.810559023801584,3.6587399776522034e-11
AsZr,0.859168,1.2131852817352615,471,1.0261788586800569,tilt_failed,,
AsZr,0.859168,1.2131852817352615,472,1.1561157514912712,tilt_failed,,
AsZr,0.859168,1.2131852817352615,473,1.6059346508109438,ok,8.825032419506606,7.194245199571014e-14
AsZr,0.859168,1.2131852817352615,474,1.466418119016077,ok,8.811282693586833,2.220446049250313e-16
AsZr,0.859168,1.2131852817352615,475,1.2483124062073767,ok,8.791019939599803,4.716138590765695e-11
AsZr,0.859168,1.2131852817352615,476,1.1323394191215936,tilt_failed,,
AsZr,0.859168,1.2131852817352615,477,1.1157744171183464,tilt_failed,,
AsZr,0.859168,1.2131852817352615,478,1.0963608390268098,tilt_failed,,
AsZr,0.859168,1.2131852817352615,479,1.1736471207353616,tilt_failed,,
AsZr,0.859168,1.2131852817352615,480,1.1117976181579046,tilt_failed,,
AsZr,0.859168,1.2131852817352615,481,1.3531850996477426,ok,8.810559023801584,1.4337420140009274e-12
AsZr,0.859168,1.2131852817352615,482,1.2741120260892569,ok,8.796809297881811,1.3758694183962916e-10
AsZr,0.859168,1.2131852817352615,483,1.038157275269428,tilt_failed,,
AsZr,0.859168,1.2131852817352615,484,1.3049020289038429,ok,8.825032419506606,2.5859314689569143e-11
AsZr,0.859168,1.2131852817352615,485,1.5024110348762156,ok,8.834440126714867,1.0658141036401504e-14
AsZr,0.859168,1.2131852817352615,486,1.0681606550782332,tilt_failed,,
AsZr,0.859168,1.2131852817352615,487,1.1638296211943198,tilt_failed,,
AsZr,0.859168,1.2131852817352615,488,1.2335539301771756,ok,8.837334805855875,8.980775345612813e-09
AsZr,0.859168,1.2131852817352615,489,1.0972661620780213,tilt_failed,,
AsZr,0.859168,1.2131852817352615,491,1.2202170726462005,ok,8.818519391439345,1.1202150318467831e-13
AsZr,0.859168,1.2131852817352615,492,1.1300116197049772,tilt_failed,,
AsZr,0.859168,1.2131852817352615,493,1.0480165379512054,tilt_failed,,
AsZr,0.859168,1.2131852817352615,494,1.1551438206204423,tilt_failed,,
AsZr,0.859168,1.2131852817352615,495,1.5730292257311251,ok,8.796809297881811,1.4432899320127035e-14
AsZr,0.859168,1.2131852817352615,496,1.074112088120181,tilt_failed,,
AsZr,0.859168,1.2131852817352615,497,1.0608326288277128,tilt_failed,,
AsZr,0.859168,1.2131852817352615,498,1.0502508991900386,tilt_failed,,
AsZr,0.859168,1.2131852817352615,499,1.036143690153636,tilt_failed,,
AsZr,0.859168,1.2131852817352615,500,1.0860823441511978,tilt_failed,,
AsZr,0.859168,1.2131852817352615,501,1.2897122051975274,ok,8.79029626981455,3.279265747835325e-12
AsZr,0.859168,1.2131852817352615,502,1.3294383485105483,ok,8.805493335304824,5.551115123125784e-16
AsZr,0.859168,1.2131852817352615,503,1.126419953921828,tilt_failed,,
AsZr,0.859168,1.2131852817352615,504,1.084408160751736,tilt_failed,,
AsZr,0.859168,1.2131852817352615,505,1.068016751025833,tilt_failed,,
AsZr,0.859168,1.2131852817352615,506,1.0842426831675611,tilt_failed,,
AsZr,0.859168,1.2131852817352615,507,1.3625354729752437,ok,8.805493335304824,1.1868284133242926e-13
AsZr,0.859168,1.2131852817352615,508,1.3992882063128025,ok,8.819243061224597,2.048805569643264e-12
AsZr,0.859168,1.2131852817352615,509,1.0920591622104805,tilt_failed,,
AsZr,0.859168,1.2131852817352615,510,1.281007085547604,ok,8.812730033157337,6.774580896262705e-13
AsZr,0.859168,1.2131852817352615,511,1.3940162954417472,ok,8.830098108003362,2.3479271860082918e-09
AsZr,0.859168,1.2131852817352615,512,1.028004033590029,tilt_failed,,
AsZr,0.859168,1.2131852817352615,513,1.0754531338532665,tilt_failed,,
AsZr,0.859168,1.2131852817352615,514,1.1290047319323775,tilt_failed,,
AsZr,0.859168,1.2131852817352615,515,1.154096110368401,tilt_failed,,
AsZr,0.859168,1.2131852817352615,516,1.0732988848754477,tilt_failed,,
AsZr,0.859168,1.2131852817352615,517,2.5527503734974726,ok,8.945885273643544,1.0080825063596421e-13
AsZr,0.859168,1.2131852817352615,518,1.207599905396106,ok,8.800427646808068,2.664535259100376e-15
AsZr,0.859168,1.2131852817352615,519,1.213131454392245,ok,8.884373341897199,3.12194714524594e-13
AsZr,0.859168,1.2131852817352615,520,1.0395397254286556,tilt_failed,,
AsZr,0.859168,1.2131852817352615,521,1.207242111858359,ok,8.832269117359115,2.009503674571533e-14
AsZr,0.859168,1.2131852817352615,522,1.5948177636208922,ok,8.880754992970939,3.3306690738754696e-16
AsZr,0.859168,1.2131852817352615,523,1.3898149719830528,ok,8.826479759077106,2.595701431573616e-13
AsZr,0.859168,1.2131852817352615,524,1.1620048108236,tilt_failed,,
AsZr,0.859168,1.2131852817352615,525,1.1119655104691213,tilt_failed,,
AsZr,0.859168,1.2131852817352615,526,1.0638306187470297,tilt_failed,,
AsZr,0.859168,1.2131852817352615,527,1.161646340928487,tilt_failed,,
AsZr,0.859168,1.2131852817352615,528,1.053579142661157,tilt_failed,,
AsZr,0.859168,1.2131852817352615,529,1.3579125363916082,ok,8.817072051868841,1.1102230246251563e-16
AsZr,0.859168,1.2131852817352615,530,1.1953578692528664,ok,8.832269117359115,2.434719093002969e-13
AsZr,0.859168,1.2131852817352615,531,1.2953720770768211,ok,8.82937443821811,3.3306690738754696e-16
AsZr,0.859168,1.2131852817352615,532,1.2254043502917111,ok,8.831545447573863,6.296518861859113e-12
AsZr,0.859168,1.2131852817352615,533,1.10342514216843,tilt_failed,,
AsZr,0.859168,1.2131852817352615,534,1.0419312588201404,tilt_failed,,
AsZr,0.859168,1.2131852817352615,535,1.1213214887456953,tilt_failed,,
AsZr,0.859168,1.2131852817352615,536,1.3334181003682204,ok,8.812006363372085,1.1102230246251563e-15
AsZr,0.859168,1.2131852817352615,537,1.1916521869498526,ok,8.820690400795097,7.7937656328686e-14
AsZr,0.859168,1.2131852817352615,538,1.0906362882662763,tilt_failed,,
AsZr,0.859168,1.2131852817352615,539,1.482813276329974,ok,8.80115131659332,1.7888579506575297e-11
AsZr,0.859168,1.2131852817352615,540,1.07145714671719,tilt_failed,,
AsZr,0.859168,1.2131852817352615,541,1.3281704825123353,ok,8.797532967667063,4.244227191918526e-11
AsZr,0.859168,1.2131852817352615,542,1.1450576885672918,tilt_failed,,
AsZr,0.859168,1.2131852817352615,543,1.3428091909843654,ok,8.78378324174729,2.9420910152566655e-14
AsZr,0.859168,1.2131852817352615,544,1.1190120836294777,tilt_failed,,
AsZr,0.859168,1.2131852817352615,545,1.5559622718193424,ok,8.816348382083593,9.059419880941277e-14
AsZr,0.859168,1.2131852817352615,546,1.2035695009052405,ok,8.818519391439345,9.9253938401489e-14
AsZr,0.859168,1.2131852817352615,547,1.1069042659343584,tilt_failed,,
AsZr,0.859168,1.2131852817352615,548,1.1702734019716694,tilt_failed,,
AsZr,0.859168,1.2131852817352615,549,1.3640783577535511,ok,8.796809297881811,7.744138663667853e-11
AsZr,0.859168,1.2131852817352615,550,1.257963714134149,ok,8.822137740365601,6.572520305780928e-14
AsZr,0.859168,1.2131852817352615,551,1.14583965376563,tilt_failed,,
AsZr,0.859168,1.2131852817352615,552,1.3127582868646086,ok,8.820690400795097,2.621941885827539e-09
AsZr,0.859168,1.2131852817352615,553,1.1533645364784628,tilt_failed,,
AsZr,0.859168,1.2131852817352615,554,1.084671925685571,tilt_failed,,
AsZr,0.859168,1.2131852817352615,555,1.0643603212308337,tilt_failed,,
AsZr,0.859168,1.2131852817352615,556,1.0425286930831037,tilt_failed,,
AsZr,0.859168,1.2131852817352615,557,1.0620238054284048,tilt_failed,,
AsZr,0.859168,1.2131852817352615,558,1.190847871261124,ok,8.838782145426375,3.950173521616307e-13
AsZr,0.859168,1.2131852817352615,559,1.292645550576489,ok,8.803322325949072,1.4814416360309224e-10
AsZr,0.859168,1.2131852817352615,560,1.2289021169568826,ok,8.838782145426375,2.2183366255035253e-12
AsZr,0.859168,1.2131852817352615,561,1.0565281907190045,tilt_failed,,
AsZr,0.859168,1.2131852817352615,562,1.0504659159101686,tilt_failed,,
AsZr,0.859168,1.2131852817352615,563,1.5592580295757577,ok,8.835163796500119,8.402167850363186e-13
AsZr,0.859168,1.2131852817352615,564,1.2228748677795211,ok,8.806217005090076,1.5765166949677223e-14
AsZr,0.859168,1.2131852817352615,565,1.1516596580595817,tilt_failed,,
AsZr,0.859168,1.2131852817352615,566,1.2629731761539318,ok,8.82937443821811,9.295897385186436e-12
AsZr,0.859168,1.2131852817352615,567,1.1452085085050605,tilt_failed,,
AsZr,0.859168,1.2131852817352615,568,1.3628011950194494,ok,8.823585079936102,2.220446049250313e-16
AsZr,0.859168,1.2131852817352615,569,1.4058367581909883,ok,8.803322325949072,2.220446049250313e-16
AsZr,0.859168,1.2131852817352615,570,1.2754255202963285,ok,8.814901042513089,3.996802888650564e-15
AsZr,0.859168,1.2131852817352615,571,1.2449289984344638,ok,8.832992787144367,2.522426711948356e-13
AsZr,0.859168,1.2131852817352615,572,1.1195291822920297,tilt_failed,,
AsZr,0.859168,1.2131852817352615,573,1.089344198932645,tilt_failed,,
AsZr,0.859168,1.2131852817352615,574,1.127657972110392,tilt_failed,,
AsZr,0.859168,1.2131852817352615,575,1.2345442914765088,ok,8.801874986378571,2.6812190245806278e-09
AsZr,0.859168,1.2131852817352615,576,1.4340606211930524,ok,8.812730033157337,3.9649705740885105e-10
AsZr,0.859168,1.2131852817352615,577,1.6602213334994511,ok,8.87351829511843,1.9857637756359736e-10
AsZr,0.859168,1.2131852817352615,578,1.0847023047820183,tilt_failed,,
AsZr,0.859168,1.2131852817352615,579,1.111259314048245,tilt_failed,,
AsZr,0.859168,1.2131852817352615,580,1.1000405541497054,tilt_failed,,
AsZr,0.859168,1.2131852817352615,581,1.201168334522767,ok,8.831545447573863,1.6178725026350094e-11
AsZr,0.859168,1.2131852817352615,582,1.2244756908659498,ok,8.806940674875328,1.1286527268339341e-12
AsZr,0.859168,1.2131852817352615,583,1.0470732876328228,tilt_failed,,
AsZr,0.859168,1.2131852817352615,584,1.1634785711065403,tilt_failed,,
AsZr,0.859168,1.2131852817352615,585,1.5604574008513528,ok,8.848189852634643,6.251665851664256e-13
AsZr,0.859168,1.2131852817352615,586,1.402492204506722,ok,8.80115131659332,1.708702623837155e-09
AsZr,0.859168,1.2131852817352615,587,1.126071575809924,tilt_failed,,
AsZr,0.859168,1.2131852817352615,588,1.5116118118963864,ok,8.806940674875328,2.664535259100376e-15
AsZr,0.859168,1.2131852817352615,589,1.0921434205919514,tilt_failed,,
AsZr,0.859168,1.2131852817352615,590,1.1317148948873987,tilt_failed,,
AsZr,0.859168,1.2131852817352615,591,1.215493972786655,ok,8.819243061224597,1.7646806238502675e-09
AsZr,0.859168,1.2131852817352615,592,1.4333685868964163,ok,8.817795721654093,1.537593163902784e-09
AsZr,0.859168,1.2131852817352615,593,1.153969392702866,tilt_failed,,
AsZr,0.859168,1.2131852817352615,594,1.1201904677318644,tilt_failed,,
AsZr,0.859168,1.2131852817352615,595,1.1108004815198855,tilt_failed,,
AsZr,0.859168,1.2131852817352615,596,1.598968454006404,ok,8.817072051868841,5.286104887147758e-11
AsZr,0.859168,1.2131852817352615,597,1.1653368917721894,tilt_failed,,
AsZr,0.859168,1.2131852817352615,598,1.0668108099770908,tilt_failed,,
AsZr,0.859168,1.2131852817352615,599,1.2880755585137602,ok,8.83588746628537,7.597172890783098e-10
AsZr,0.859168,1.2131852817352615,600,1.0518435470435687,tilt_failed,,
AsZr,0.859168,1.2131852817352615,601,1.1634299095579057,ok,8.83588746628537,2.55351295663786e-15
AsZr,0.859168,1.2131852817352615,602,1.0708559786703795,tilt_failed,,
AsZr,0.859168,1.2131852817352615,603,1.267706736756795,ok,8.803322325949072,6.439293542825908e-15
AsZr,0.859168,1.2131852817352615,604,1.075003899929044,tilt_failed,,
AsZr,0.859168,1.2131852817352615,605,1.1267107802498304,tilt_failed,,
AsZr,0.859168,1.2131852817352615,606,1.080174280003938,tilt_failed,,
AsZr,0.859168,1.2131852817352615,607,1.1174987870622637,tilt_failed,,
AsZr,0.859168,1.2131852817352615,608,1.032452433001274,tilt_failed,,
AsZr,0.859168,1.2131852817352615,609,1.0969438634781394,tilt_failed,,
AsZr,0.859168,1.2131852817352615,610,1.038968298693158,tilt_failed,,
AsZr,0.859168,1.2131852817352615,611,1.1816142439104695,tilt_failed,,
AsZr,0.859168,1.2131852817352615,612,1.2446131482306677,ok,8.828650768432858,2.886579864025407e-15
AsZr,0.859168,1.2131852817352615,613,1.2674343291754524,ok,8.816348382083593,1.5543122344752194e-15
AsZr,0.859168,1.2131852817352615,614,1.308657603913992,ok,8.80911168423108,8.245102378623415e-10
AsZr,0.859168,1.2131852817352615,615,1.2067154655634993,ok,8.804045995734324,2.1965762542208722e-12
AsZr,0.859168,1.2131852817352615,616,1.3209555141205536,ok,8.834440126714867,3.6415315207705135e-12
AsZr,0.859168,1.2131852817352615,617,1.1613872662236318,tilt_failed,,
AsZr,0.859168,1.2131852817352615,618,1.3333217814419691,ok,8.782335902176786,7.438494264988549e-15
AsZr,0.859168,1.2131852817352615,619,1.2123112821016595,ok,8.806217005090076,1.494778190114232e-09
AsZr,0.859168,1.2131852817352615,620,1.1571634233029482,tilt_failed,,
AsZr,0.859168,1.2131852817352615,621,1.1107861740245868,tilt_failed,,
AsZr,0.859168,1.2131852817352615,622,1.189229986348954,ok,8.830098108003362,1.109401459586934e-11
AsZr,0.859168,1.2131852817352615,623,1.1065458071595184,tilt_failed,,
AsZr,0.859168,1.2131852817352615,624,1.5427943384390168,ok,8.80115131659332,4.988232049640828e-13
AsZr,0.859168,1.2131852817352615,625,1.194888263492166,ok,8.875689304474182,4.39648317751562e-14
AsZr,0.859168,1.2131852817352615,626,1.1304261135410982,tilt_failed,,
AsZr,0.859168,1.2131852817352615,627,1.1285293684186026,tilt_failed,,
AsZr,0.859168,1.2131852817352615,628,1.064765498937828,tilt_failed,,
AsZr,0.859168,1.2131852817352615,629,1.0942427915594055,tilt_failed,,
AsZr,0.859168,1.2131852817352615,630,1.3228530138509245,ok,8.822137740365601,2.8139024443873945e-10
AsZr,0.859168,1.2131852817352615,631,1.5058878697718867,ok,8.801874986378571,7.641309807127071e-11
AsZr,0.859168,1.2131852817352615,632,1.204551130844791,ok,8.81562471229834,1.9095502956645305e-11
AsZr,0.859168,1.2131852817352615,633,1.3835459500754543,ok,8.856150220272404,4.8627768478581856e-14
AsZr,0.859168,1.2131852817352615,634,1.3900164560891362,ok,8.800427646808068,1.2212453270876722e-15
AsZr,0.859168,1.2131852817352615,635,1.3392843280548152,ok,8.860492238983909,2.0936652411762677e-10
AsZr,0.859168,1.2131852817352615,636,1.2430809820097486,ok,8.80115131659332,1.9192168965176393e-09
AsZr,0.859168,1.2131852817352615,637,1.1384893634974496,tilt_failed,,
AsZr,0.859168,1.2131852817352615,638,1.0746514591658638,tilt_failed,,
AsZr,0.859168,1.2131852817352615,639,1.550770872657142,ok,8.822137740365601,1.8611872043550196e-08
AsZr,0.859168,1.2131852817352615,640,1.103953376030722,tilt_failed,,
AsZr,0.859168,1.2131852817352615,641,1.716808061046379,ok,8.851808201560896,9.110789900290683e-10
AsZr,0.859168,1.2131852817352615,642,1.15556227935999,tilt_failed,,
AsZr,0.859168,1.2131852817352615,643,1.1257512319527256,tilt_failed,,
AsZr,0.859168,1.2131852817352615,644,1.4381726871913751,ok,8.865557927480669,4.085620730620576e-14
AsZr,0.859168,1.2131852817352615,645,1.1012523903786384,tilt_failed,,
AsZr,0.859168,1.2131852817352615,646,1.2754611503402158,ok,8.808388014445828,1.5654144647214707e-14
AsZr,0.859168,1.2131852817352615,647,1.1300563841728593,tilt_failed,,
AsZr,0.859168,1.2131852817352615,648,1.1963245022016702,ok,8.82141407058035,2.8440028110310323e-11
AsZr,0.859168,1.2131852817352615,649,1.0656406908046188,tilt_failed,,
AsZr,0.859168,1.2131852817352615,650,2.171150857033295,ok,8.956740320422309,7.771561172376097e-16
AsZr,0.859168,1.2131852817352615,651,1.185311113838804,ok,8.814177372727837,1.3988810110276972e-14
AsZr,0.859168,1.2131852817352615,652,1.124733224716892,tilt_failed,,
AsZr,0.859168,1.2131852817352615,653,1.0708683112253563,tilt_failed,,
AsZr,0.859168,1.2131852817352615,654,1.0815223431623415,tilt_failed,,
AsZr,0.859168,1.2131852817352615,655,1.2860278815882444,ok,8.826479759077106,7.368883281344552e-11
AsZr,0.859168,1.2131852817352615,657,1.119462564835952,tilt_failed,,
AsZr,0.859168,1.2131852817352615,658,1.101059288170661,tilt_failed,,
AsZr,0.859168,1.2131852817352615,659,1.3572512400163907,ok,8.814901042513089,2.045141833662001e-12
AsZr,0.859168,1.2131852817352615,660,1.1724010134359886,tilt_failed,,
AsZr,0.859168,1.2131852817352615,661,1.1827772243151622,tilt_failed,,
AsZr,0.859168,1.2131852817352615,662,1.0910184168514014,tilt_failed,,
AsZr,0.859168,1.2131852817352615,663,1.0656478952176092,tilt_failed,,
AsZr,0.859168,1.2131852817352615,664,1.144183317283355,tilt_failed,,
AsZr,0.859168,1.2131852817352615,665,1.7602510401913272,ok,8.786677920888295,6.0176308380732735e-12
AsZr,0.859168,1.2131852817352615,666,1.1401459351239511,tilt_failed,,
AsZr,0.859168,1.2131852817352615,667,1.2263612534549424,ok,8.822137740365601,3.5986769120199824e-12
AsZr,0.859168,1.2131852817352615,668,1.2798428607989982,ok,8.812006363372085,3.50675044558102e-12
AsZr,0.859168,1.2131852817352615,669,1.085232482929601,tilt_failed,,
AsZr,0.859168,1.2131852817352615,670,1.055445266174546,tilt_failed,,
AsZr,0.859168,1.2131852817352615,671,1.652046949029803,ok,8.96470068806007,3.0397906414236786e-13
AsZr,0.859168,1.2131852817352615,672,1.2416838277420752,ok,8.838058475641127,4.440892098500626e-16
AsZr,0.859168,1.2131852817352615,673,1.2781876051672627,ok,8.817072051868841,1.1525669307843598e-11
AsZr,0.859168,1.2131852817352615,674,1.207933389330646,ok,8.83588746628537,2.4424906541753444e-15
AsZr,0.859168,1.2131852817352615,675,1.162111940051532,tilt_failed,,
AsZr,0.859168,1.2131852817352615,676,1.5211645510157898,tilt_failed,,
AsZr,0.859168,1.2131852817352615,677,1.2450379848219353,ok,8.81562471229834,3.6804570502368955e-10
AsZr,0.859168,1.2131852817352615,678,1.095180663218599,tilt_failed,,
AsZr,0.859168,1.2131852817352615,679,1.2782766486362338,ok,8.827203428862358,2.2426727142033087e-11
AsZr,0.859168,1.2131852817352615,680,1.1024461824685508,tilt_failed,,
AsZr,0.859168,1.2131852817352615,681,1.4598782889936577,ok,8.806217005090076,1.9984014443252818e-15
AsZr,0.859168,1.2131852817352615,682,1.1590535694655726,tilt_failed,,
AsZr,0.859168,1.2131852817352615,683,1.1638297000632745,tilt_failed,,
AsZr,0.859168,1.2131852817352615,684,1.3043870332739247,ok,8.847466182849391,3.119764002690317e-09
AsZr,0.859168,1.2131852817352615,685,1.051066528212449,tilt_failed,,
AsZr,0.859168,1.2131852817352615,686,1.2459973478485469,ok,8.824308749721354,5.551115123125784e-16
AsZr,0.859168,1.2131852817352615,687,1.0918641441484935,tilt_failed,,
AsZr,0.859168,1.2131852817352615,688,1.1282098749277671,tilt_failed,,
AsZr,0.859168,1.2131852817352615,689,1.0883580536584898,tilt_failed,,
AsZr,0.859168,1.2131852817352615,690,1.098963676579011,tilt_failed,,
AsZr,0.859168,1.2131852817352615,691,1.4079563797735437,ok,8.80259865616382,3.812614668419201e-10
AsZr,0.859168,1.2131852817352615,692,1.3161881356911644,ok,8.78378324174729,4.16469081443438e-11
AsZr,0.859168,1.2131852817352615,693,1.290646694739161,ok,8.804769665519576,1.981868003042564e-10
AsZr,0.859168,1.2131852817352615,694,1.0806030528811434,tilt_failed,,
AsZr,0.859168,1.2131852817352615,695,1.1980522977140051,ok,8.838782145426375,9.736655925962625e-14
AsZr,0.859168,1.2131852817352615,696,1.1309207686708938,ok,8.861939578554413,1.2749552524837782e-09
AsZr,0.859168,1.2131852817352615,697,1.1128800884383645,tilt_failed,,
AsZr,0.859168,1.2131852817352615,698,1.367542812801651,ok,8.801874986378571,4.0662151423731524e-10
AsZr,0.859168,1.2131852817352615,699,1.3414247287486172,ok,8.799703977022816,1.6215917497675036e-12
AsZr,0.859168,1.2131852817352615,700,1.0568522134567138,tilt_failed,,
AsZr,0.859168,1.2131852817352615,702,1.2833093941388976,ok,8.792467279170303,4.816890220027402e-10
AsZr,0.859168,1.2131852817352615,703,1.372220349642347,ok,8.918385821803998,1.0728595789544215e-10
AsZr,0.859168,1.2131852817352615,704,1.4778370921820263,ok,8.831545447573863,4.8627768478581856e-14
AsZr,0.859168,1.2131852817352615,705,1.5750342033437736,ok,8.796809297881811,2.792774012050358e-09
AsZr,0.859168,1.2131852817352615,706,1.582210124063084,ok,8.803322325949072,2.9618643093698442e-09
AsZr,0.859168,1.2131852817352615,707,1.197854660861849,ok,8.83588746628537,3.774758283725532e-15
AsZr,0.859168,1.2131852817352615,708,1.2301303063577644,ok,8.832269117359115,1.0816247897338371e-10
AsZr,0.859168,1.2131852817352615,709,1.051692746799368,tilt_failed,,
AsZr,0.859168,1.2131852817352615,710,1.1335726263737174,tilt_failed,,
AsZr,0.859168,1.2131852817352615,711,1.1137075895269453,tilt_failed,,
AsZr,0.859168,1.2131852817352615,712,1.356362350517843,ok,8.792467279170303,1.2839729279789937e-12
AsZr,0.859168,1.2131852817352615,713,1.071347758063508,tilt_failed,,
AsZr,0.859168,1.2131852817352615,714,1.2818253336298615,ok,8.82286141015085,2.118527575589724e-12
AsZr,0.859168,1.2131852817352615,715,1.1231288354600832,tilt_failed,,
AsZr,0.859168,1.2131852817352615,717,1.503968082938417,ok,8.827203428862358,2.5135449277513544e-13
AsZr,0.859168,1.2131852817352615,718,1.0690242340430005,tilt_failed,,
AsZr,0.859168,1.2131852817352615,719,1.2074290938735242,ok,8.817072051868841,2.276672184109429e-10
AsZr,0.859168,1.2131852817352615,720,1.0735568160580529,tilt_failed,,
AsZr,0.859168,1.2131852817352615,721,1.0804971275286763,tilt_failed,,
AsZr,0.859168,1.2131852817352615,722,1.1738975698696268,tilt_failed,,
AsZr,0.859168,1.2131852817352615,723,1.140768110589428,tilt_failed,,
AsZr,0.859168,1.2131852817352615,724,1.125269066943261,tilt_failed,,
AsZr,0.859168,1.2131852817352615,725,1.4202826699381992,ok,8.808388014445828,5.410067949185303e-10
AsZr,0.859168,1.2131852817352615,726,1.202590911972875,ok,8.823585079936102,2.3262503034970905e-12
AsZr,0.859168,1.2131852817352615,727,1.2024726550085851,ok,8.824308749721354,1.3928858066947214e-12
AsZr,0.859168,1.2131852817352615,728,1.185661417883195,ok,8.870623615977426,5.584727791330124e-09
AsZr,0.859168,1.2131852817352615,729,1.2561364407084632,ok,8.82937443821811,4.8072656966269285e-14
AsZr,0.859168,1.2131852817352615,730,1.066060007130727,tilt_failed,,
AsZr,0.859168,1.2131852817352615,731,1.0424240006230945,tilt_failed,,
AsZr,0.859168,1.2131852817352615,732,1.409820015515751,ok,8.816348382083593,4.535261055593765e-13
AsZr,0.859168,1.2131852817352615,733,1.0726942335467955,tilt_failed,,
AsZr,0.859168,1.2131852817352615,734,1.061400145447566,tilt_failed,,
AsZr,0.859168,1.2131852817352615,735,1.1868461361923732,ok,8.820690400795097,7.116529587847253e-14
AsZr,0.859168,1.2131852817352615,736,1.0618319886389664,tilt_failed,,
AsZr,0.859168,1.2131852817352615,737,2.17654635165504,tilt_failed,,
AsZr,0.859168,1.2131852817352615,738,1.2833815855501252,ok,8.80911168423108,1.3322676295501878e-15
AsZr,0.859168,1.2131852817352615,740,1.4677068654234613,tilt_failed,,
AsZr,0.859168,1.2131852817352615,741,1.1044192728748767,tilt_failed,,
AsZr,0.859168,1.2131852817352615,742,1.1658408473845685,tilt_failed,,
AsZr,0.859168,1.2131852817352615,743,1.4645744456970498,ok,8.810559023801584,9.992007221626409e-16
AsZr,0.859168,1.2131852817352615,744,1.3952164471847102,ok,8.810559023801584,4.440892098500626e-15
AsZr,0.859168,1.2131852817352615,745,1.1263477321343236,tilt_failed,,
AsZr,0.859168,1.2131852817352615,746,1.317350963511957,ok,8.861939578554413,1.059523579982624e-10
AsZr,0.859168,1.2131852817352615,747,1.1167482788359062,tilt_failed,,
AsZr,0.859168,1.2131852817352615,748,1.694493506989641,ok,8.93647756643528,3.3306690738754696e-16
AsZr,0.859168,1.2131852817352615,749,1.302262799573773,ok,8.793190948955555,2.0844492798488543e-10
AsZr,0.859168,1.2131852817352615,751,1.4302325000328937,ok,8.787401590673547,5.479530162944002e-10
AsZr,0.859168,1.2131852817352615,752,1.1843795937360242,tilt_failed,,
AsZr,0.859168,1.2131852817352615,753,1.2467991454991594,ok,8.801874986378571,1.1588507931037384e-12
AsZr,0.859168,1.2131852817352615,754,1.3084037010738316,ok,8.774375534539026,2.0721835358727958e-10
AsZr,0.859168,1.2131852817352615,755,1.127904637347318,tilt_failed,,
AsZr,0.859168,1.2131852817352615,756,1.1362818426184422,tilt_failed,,
AsZr,0.859168,1.2131852817352615,757,1.100802380846258,tilt_failed,,
AsZr,0.859168,1.2131852817352615,758,1.3949927741481365,ok,8.863386918124913,6.397105067890152e-13
AsZr,0.859168,1.2131852817352615,759,1.4183842994842466,ok,8.843847833923135,2.8990143619012088e-12
AsZr,0.859168,1.2131852817352615,760,1.2102611209640577,ok,8.804769665519576,5.5423680089816685e-09
AsZr,0.859168,1.2131852817352615,761,1.2663314026180976,ok,8.812006363372085,7.010503288995551e-12
AsZr,0.859168,1.2131852817352615,762,1.3777321774334297,ok,8.798256637452315,2.721367797775542e-09
AsZr,0.859168,1.2131852817352615,763,1.305145963756346,ok,8.792467279170303,9.992007221626409e-16
AsZr,0.859168,1.2131852817352615,764,1.1478558696214831,tilt_failed,,
AsZr,0.859168,1.2131852817352615,765,1.1502605178984286,tilt_failed,,
AsZr,0.859168,1.2131852817352615,766,1.0838412212065316,tilt_failed,,
AsZr,0.859168,1.2131852817352615,767,1.1332403717730348,tilt_failed,,
AsZr,0.859168,1.2131852817352615,768,1.2320401148776583,ok,8.781612232391538,4.648790352668186e-09
AsZr,0.859168,1.2131852817352615,769,1.2486667610503928,ok,8.803322325949072,1.1657341758564144e-14
AsZr,0.859168,1.2131852817352615,770,1.250848039528919,ok,8.78378324174729,3.6497571631599607e-10
AsZr,0.859168,1.2131852817352615,771,1.3936369998261762,ok,8.780164892821034,1.688027495561073e-11
AsZr,0.859168,1.2131852817352615,772,1.1205212158736564,tilt_failed,,
AsZr,0.859168,1.2131852817352615,773,1.3981100032596707,ok,8.804769665519576,8.424372310855689e-13
AsZr,0.859168,1.2131852817352615,774,1.2331029301613488,ok,8.823585079936102,5.143998560441787e-10
AsZr,0.859168,1.2131852817352615,775,1.1555018982998198,tilt_failed,,
AsZr,0.859168,1.2131852817352615,776,1.2044493992086105,ok,8.877136644044686,4.39825953435502e-12
AsZr,0.859168,1.2131852817352615,777,1.234105473032425,ok,8.793190948955555,1.4099832412739488e-14
AsZr,0.859168,1.2131852817352615,778,1.1570272559376111,tilt_failed,,
AsZr,0.859168,1.2131852817352615,779,1.1787220633212,ok,8.843847833923135,1.075806110861777e-13
AsZr,0.859168,1.2131852817352615,780,1.1993280645351014,ok,8.796085628096563,2.043920588334913e-13
AsZr,0.859168,1.2131852817352615,781,1.4811431690612211,ok,8.777993883465282,9.992007221626409e-16
AsZr,0.859168,1.2131852817352615,782,1.1483026716648268,tilt_failed,,
AsZr,0.859168,1.2131852817352615,783,1.277439204456397,ok,8.796085628096563,2.220446049250313e-16
AsZr,0.859168,1.2131852817352615,784,1.8278752279782176,ok,8.817072051868841,8.881784197001252e-16
AsZr,0.859168,1.2131852817352615,785,1.1108773276310775,tilt_failed,,
AsZr,0.859168,1.2131852817352615,787,1.1244237018254992,tilt_failed,,
AsZr,0.859168,1.2131852817352615,788,1.3448207846155091,ok,8.791743609385055,9.170442183403793e-14
AsZr,0.859168,1.2131852817352615,789,1.236080660105768,ok,8.785954251103043,1.8317902750197845e-11
AsZr,0.859168,1.2131852817352615,790,1.463730019930028,ok,8.81562471229834,3.887934418855821e-11
AsZr,0.859168,1.2131852817352615,791,1.3486661710751071,ok,8.832269117359115,9.096057240753908e-13
AsZr,0.859168,1.2131852817352615,792,1.4998417781302211,ok,8.838782145426375,2.983411295787164e-10
AsZr,0.859168,1.2131852817352615,793,1.262363712317896,ok,8.791743609385055,1.3544720900426911e-14
AsZr,0.859168,1.2131852817352615,794,1.648859186350943,ok,8.794638288526059,3.2684965844964614e-13
AsZr,0.859168,1.2131852817352615,795,1.457897167543866,ok,8.812730033157337,3.617572907899103e-11
AsZr,0.859168,1.2131852817352615,796,1.0771268421274127,tilt_failed,,
AsZr,0.859168,1.2131852817352615,797,1.3019344124387546,ok,8.782335902176786,3.88281273799862e-09
AsZr,0.859168,1.2131852817352615,798,1.5813757586167136,ok,8.861939578554413,1.3120328046234421e-08
AsZr,0.859168,1.2131852817352615,799,1.7880193935350666,tilt_failed,,
AsZr,0.859168,1.2131852817352615,800,1.195687095530662,ok,8.824308749721354,1.175595176761135e-10
AsZr,0.859168,1.2131852817352615,801,1.2236251517407148,ok,8.804769665519576,8.359757330822504e-12
AsZr,0.859168,1.2131852817352615,802,1.0611425939610082,tilt_failed,,
AsZr,0.859168,1.2131852817352615,803,1.342126825185788,ok,8.775099204324277,8.459899447643694e-14
AsZr,0.859168,1.2131852817352615,804,1.2612192930393813,ok,8.788848930244047,1.059363707867078e-10
AsZr,0.859168,1.2131852817352615,806,1.1579681711987988,tilt_failed,,
AsZr,0.859168,1.2131852817352615,807,1.2870565508573726,ok,8.806940674875328,7.66053886991358e-15
AsZr,0.859168,1.2131852817352615,808,1.1858657415896154,tilt_failed,,
AsZr,0.859168,1.2131852817352615,809,1.318700227235636,ok,8.809835354016332,4.6629367034256575e-15
AsZr,0.859168,1.2131852817352615,810,1.3291901552686738,ok,8.814901042513089,9.606948569995666e-11
AsZr,0.859168,1.2131852817352615,811,1.4888995687284132,ok,8.774375534539026,2.572386748056488e-13
AsZr,0.859168,1.2131852817352615,812,1.193489593933878,tilt_failed,,
AsZr,0.859168,1.2131852817352615,813,1.3317096472829055,ok,8.804045995734324,3.557154570899002e-13
AsZr,0.859168,1.2131852817352615,814,1.1474775913885171,tilt_failed,,
AsZr,0.859168,1.2131852817352615,815,1.2225593489689772,ok,8.833716456929618,4.18554080283684e-14
AsZr,0.859168,1.2131852817352615,816,1.197729369049827,ok,8.806940674875328,1.552158068740539e-09
AsZr,0.859168,1.2131852817352615,817,1.1334106835406128,tilt_failed,,
AsZr,0.859168,1.2131852817352615,818,1.165560238853013,tilt_failed,,
AsZr,0.859168,1.2131852817352615,819,1.198483176689656,ok,8.830821777788614,4.9872994623001426e-11
AsZr,0.859168,1.2131852817352615,820,1.0501245364790412,tilt_failed,,
AsZr,0.859168,1.2131852817352615,821,1.0636832133118437,tilt_failed,,
AsZr,0.859168,1.2131852817352615,822,1.0747872770621276,tilt_failed,,
AsZr,0.859168,1.2131852817352615,823,1.151419329299825,tilt_failed,,
Be2PdZn,0.443579,1.4828132919148904,0,1.2495659770880998,tilt_failed,,
Be2PdZn,0.443579,1.4828132919148904,1,2.2706842351618963,ok,2.352646265728514,3.61932706027801e-14
Be2PdZn,0.443579,1.4828132919148904,2,1.7162466041892894,ok,2.3537627884367995,1.6212520215219683e-10
Be2PdZn,0.443579,1.4828132919148904,3,1.2264104119995611,tilt_failed,,
Be2PdZn,0.443579,1.4828132919148904,4,2.788503163011089,ok,2.360621427930556,1.1400769217573267e-10
Be2PdZn,0.443579,1.4828132919148904,7,1.91973294543728,ok,2.452335793254044,3.6637359812630166e-15
Be2PdZn,0.443579,1.4828132919148904,8,1.2087205694286438,tilt_failed,,
Be2PdZn,0.443579,1.4828132919148904,9,1.54220592830463,ok,2.2958631108499707,1.0661915794685228e-11
Be2PdZn,0.443579,1.4828132919148904,10,1.2488199371162336,ok,2.42888881638004,5.323319562933192e-11
Be2PdZn,0.443579,1.4828132919148904,11,1.6041167302560164,ok,2.347861168407288,3.233511236544473e-10
Be2PdZn,0.443579,1.4828132919148904,12,1.7261148456153768,ok,2.324095185045201,4.085620730620576e-13
Be2PdZn,0.443579,1.4828132919148904,13,1.790288721762513,ok,2.50050577295438,1.887379141862766e-15
Be2PdZn,0.443579,1.4828132919148904,14,1.9239252842736112,ok,2.457758903551433,2.043476499125063e-12
Be2PdZn,0.443579,1.4828132919148904,15,1.1274910127681486,tilt_failed,,
Be2PdZn,0.443579,1.4828132919148904,16,1.3560845507149728,ok,2.28820695513601,4.868661029888699e-12
Be2PdZn,0.443579,1.4828132919148904,17,1.960211845904679,ok,2.4397350369748168,1.482458600321479e-11
Be2PdZn,0.443579,1.4828132919148904,18,1.2270725297391634,tilt_failed,,
Be2PdZn,0.443579,1.4828132919148904,19,1.231716841418951,ok,2.3531247754606364,2.6757485116490898e-12
Be2PdZn,0.443579,1.4828132919148904,20,1.617458444836998,ok,2.3531247754606364,1.7641221816688812e-10
Be2PdZn,0.443579,1.4828132919148904,21,1.1014773083297704,tilt_failed,,
Be2PdZn,0.443579,1.4828132919148904,22,1.2230707005175832,tilt_failed,,
Be2PdZn,0.443579,1.4828132919148904,23,1.5082805379061974,ok,2.353603285192759,1.3002932064409833e-12
Be2PdZn,0.443579,1.4828132919148904,24,1.1107421871665006,tilt_failed,,
Be2PdZn,0.443579,1.4828132919148904,25,1.6580338897417757,ok,2.373222184209783,3.282041305396888e-12
Be2PdZn,0.443579,1.4828132919148904,26,1.4011250231692336,ok,2.3579098727818617,1.8274270985330082e-13
Be2PdZn,0.443579,1.4828132919148904,27,1.1878485234326608,tilt_failed,,
Be2PdZn,0.443579,1.4828132919148904,28,1.2809142917378686,ok,2.3266472369498548,7.993605777301127e-15
Be2PdZn,0.443579,1.4828132919148904,29,1.14417114939594,tilt_failed,,
Be2PdZn,0.443579,1.4828132919148904,30,1.279423498252087,tilt_failed,,
Be2PdZn,0.443579,1.4828132919148904,31,1.127390982145868,tilt_failed,,
Be2PdZn,0.443579,1.4828132919148904,32,1.7694527128929365,ok,2.320745616920344,2.709610313900157e-12
Be2PdZn,0.443579,1.4828132919148904,33,1.9449744748383688,ok,2.356793350073576,1.4432899320127037e-15
Be2PdZn,0.443579,1.4828132919148904,34,1.305458862284803,ok,2.3365364380803872,6.661338147750939e-15
Be2PdZn,0.443579,1.4828132919148904,35,1.14630375947696,tilt_failed,,
Be2PdZn,0.443579,1.4828132919148904,37,1.310178753577754,ok,2.385025424268806,2.4424906541753444e-15
Be2PdZn,0.443579,1.4828132919148904,38,1.7442216691830636,ok,2.3110159190338515,4.901874461893382e-10
Be2PdZn,0.443579,1.4828132919148904,39,1.1638444276297335,tilt_failed,,
Be2PdZn,0.443579,1.4828132919148904,40,1.4494239809659757,ok,2.2918755297489497,1.2591883091772615e-10
Be2PdZn,0.443579,1.4828132919148904,41,1.8840287893421608,ok,2.5167751038465465,5.6621374255882976e-15
Be2PdZn,0.443579,1.4828132919148904,42,1.351040894815895,ok,2.3078258541530343,7.040587002293819e-10
Be2PdZn,0.443579,1.4828132919148904,43,1.4702120347057033,ok,2.392362573494685,1.1102230246251563e-15
Be2PdZn,0.443579,1.4828132919148904,44,1.829743846930496,ok,2.333505876443611,7.771561172376099e-16
Be2PdZn,0.443579,1.4828132919148904,45,1.1493169231325773,tilt_failed,,
Be2PdZn,0.443579,1.4828132919148904,46,1.28602635845907,ok,2.3047952925162583,1.4765966227514582e-14
Be2PdZn,0.443579,1.4828132919148904,47,1.2238275409651755,tilt_failed,,
Be2PdZn,0.443579,1.4828132919148904,48,1.2894190733474804,tilt_failed,,
Be2PdZn,0.443579,1.4828132919148904,49,1.177109438002338,tilt_failed,,
Be2PdZn,0.443579,1.4828132919148904,50,1.2680247255034056,ok,2.292354039481072,1.886935052652916e-12
Be2PdZn,0.443579,1.4828132919148904,51,1.1791416494237867,tilt_failed,,
Be2PdZn,0.443579,1.4828132919148904,52,1.3362714590165126,tilt_failed,,
Be2PdZn,0.443579,1.4828132919148904,53,1.970609206799764,ok,2.313567970938505,4.143352327901084e-13
Be2PdZn,0.443579,1.4828132919148904,54,1.5184273841127949,ok,2.3529652722165952,3.847135943146896e-10
Be2PdZn,0.443579,1.4828132919148904,55,1.280423850703025,ok,2.376571752334641,4.0234482412415673e-13
Be2PdZn,0.443579,1.4828132919148904,56,1.502562458544429,ok,2.4138955114402,2.3959723094435503e-12
Be2PdZn,0.443579,1.4828132919148904,57,1.2200550756937456,tilt_failed,,
Be2PdZn,0.443579,1.4828132919148904,58,1.2345136582655487,tilt_failed,,
Be2PdZn,0.443579,1.4828132919148904,59,1.0660111121143323,tilt_failed,,
Be2PdZn,0.443579,1.4828132919148904,60,1.3418071048269182,ok,2.385025424268806,5.551115123125786e-16
Be2PdZn,0.443579,1.4828132919148904,61,1.1896608565745292,tilt_failed,,
Be2PdZn,0.443579,1.4828132919148904,62,1.4185845019768744,ok,2.371148642037252,4.3076653355456086e-14
Be2PdZn,0.443579,1.4828132919148904,63,1.2985196416877565,ok,2.3217026363845883,6.733502644351574e-13
Be2PdZn,0.443579,1.4828132919148904,64,1.115432932623103,tilt_failed,,
Be2PdZn,0.443579,1.4828132919148904,65,1.3555050736729355,ok,2.3213836298965065,1.4321877017664523e-14
Be2PdZn,0.443579,1.4828132919148904,66,1.1061142576035432,tilt_failed,,
Be2PdZn,0.443579,1.4828132919148904,67,1.2536100867170448,tilt_failed,,
Be2PdZn,0.443579,1.4828132919148904,68,1.3984362609311425,ok,2.360621427930556,1.247535408310796e-11
Be2PdZn,0.443579,1.4828132919148904,69,1.187244556731469,tilt_failed,,
Be2PdZn,0.443579,1.4828132919148904,70,1.1889132929168749,tilt_failed,,
Be2PdZn,0.443579,1.4828132919148904,71,1.090596341240824,tilt_failed,,
Be2PdZn,0.443579,1.4828132919148904,72,1.4536873675875346,ok,2.350891730044064,3.419486915845482e-14
Be2PdZn,0.443579,1.4828132919148904,73,1.1491232568634893,tilt_failed,,
Be2PdZn,0.443579,1.4828132919148904,74,1.5519461116386573,ok,2.369234603108762,1.5543122344752197e-15
Be2PdZn,0.443579,1.4828132919148904,75,1.213740225956765,tilt_failed,,
Be2PdZn,0.443579,1.4828132919148904,76,1.483452949667594,ok,2.377688275042927,2.1155743823442208e-11
Be2PdZn,0.443579,1.4828132919148904,77,2.029600064598912,ok,2.505290870275606,2.834399381868025e-12
Be2PdZn,0.443579,1.4828132919148904,78,1.1109698597582736,tilt_failed,,
Be2PdZn,0.443579,1.4828132919148904,79,1.1378123861639873,tilt_failed,,
Be2PdZn,0.443579,1.4828132919148904,80,1.089164398668054,tilt_failed,,
Be2PdZn,0.443579,1.4828132919148904,81,1.310076556917332,tilt_failed,,
Be2PdZn,0.443579,1.4828132919148904,82,1.1809358978696127,tilt_failed,,
Be2PdZn,0.443579,1.4828132919148904,83,1.272923944182704,tilt_failed,,
Be2PdZn,0.443579,1.4828132919148904,84,1.692929560488284,ok,2.3445116002824307,1.1102230246251563e-15
Be2PdZn,0.443579,1.4828132919148904,86,1.6552762156375826,ok,2.440532553195021,9.037891546270771e-10
Be2PdZn,0.443579,1.4828132919148904,87,1.5277331202443705,ok,2.409269917363015,5.335065722533727e-12
Be2PdZn,0.443579,1.4828132919148904,88,1.180031941817787,tilt_failed,,
Be2PdZn,0.443579,1.4828132919148904,89,1.4650364878146038,ok,2.335738921860183,2.220446049250313e-16
Be2PdZn,0.443579,1.4828132919148904,90,1.820437951651084,ok,2.4442011278079607,1.341149413747189e-13
Be2PdZn,0.443579,1.4828132919148904,91,1.1367427913444363,tilt_failed,,
Be2PdZn,0.443579,1.4828132919148904,92,1.4580521646341924,ok,2.306071318468585,1.2195799925507345e-11
Be2PdZn,0.443579,1.4828132919148904,93,1.4025405990429631,ok,2.2958631108499707,6.449918377171571e-11
Be2PdZn,0.443579,1.4828132919148904,94,1.1734459764579346,tilt_failed,,
Be2PdZn,0.443579,1.4828132919148904,95,1.188588702972832,tilt_failed,,
Be2PdZn,0.443579,1.4828132919148904,96,1.183748064018879,tilt_failed,,
Be2PdZn,0.443579,1.4828132919148904,97,1.6691354279943689,ok,2.282145831862458,2.19824158875781e-14
Be2PdZn,0.443579,1.4828132919148904,98,1.527407357159413,ok,2.372424667989579,2.2218960005204728e-10
Be2PdZn,0.443579,1.4828132919148904,99,1.349041702506478,ok,2.394276612423175,1.9984014443252818e-15
Be2PdZn,0.443579,1.4828132919148904,100,1.2686733725284691,tilt_failed,,
Be2PdZn,0.443579,1.4828132919148904,101,1.1952692111054526,tilt_failed,,
Be2PdZn,0.443579,1.4828132919148904,102,1.6428132221391716,ok,2.334462895907856,6.975087174510009e-12
Be2PdZn,0.443579,1.4828132919148904,103,1.4789924766230378,ok,2.3960311481076246,1.3144296762135355e-10
Be2PdZn,0.443579,1.4828132919148904,104,1.604887959148538,ok,2.352327259240432,6.59472476627343e-14
Be2PdZn,0.443579,1.4828132919148904,105,1.257899489985736,tilt_failed,,
Be2PdZn,0.443579,1.4828132919148904,106,1.5614412208311628,ok,2.3309538245389576,2.131628207280301e-13
Be2PdZn,0.443579,1.4828132919148904,107,1.081495084123776,tilt_failed,,
Be2PdZn,0.443579,1.4828132919148904,108,1.343766994610735,tilt_failed,,
Be2PdZn,0.443579,1.4828132919148904,109,1.358340283522718,ok,2.3255307142415687,4.11226608321158e-13
Be2PdZn,0.443579,1.4828132919148904,110,1.575061788917229,ok,2.361737950638842,5.551115123125786e-16
Be2PdZn,0.443579,1.4828132919148904,111,1.436442909832728,ok,2.3052738022483807,7.105427357601002e-15
Be2PdZn,0.443579,1.4828132919148904,112,1.1518957122218951,tilt_failed,,
Be2PdZn,0.443579,1.4828132919148904,113,1.5055184596021824,ok,2.3180340617716486,3.2636116031881098e-12
Be2PdZn,0.443579,1.4828132919148904,114,1.0987198766030724,tilt_failed,,
Be2PdZn,0.443579,1.4828132919148904,115,1.5235038680298332,ok,2.3982641935241964,3.118014735292718e-10
Be2PdZn,0.443579,1.4828132919148904,116,1.333078688177768,ok,2.3044762860281764,4.780620344035924e-13
Be2PdZn,0.443579,1.4828132919148904,117,1.2540089392677942,tilt_failed,,
Be2PdZn,0.443579,1.4828132919148904,118,1.143882983505564,tilt_failed,,
Be2PdZn,0.443579,1.4828132919148904,119,1.3704393263599983,ok,2.296820130314216,1.2973733198862192e-11
Be2PdZn,0.443579,1.4828132919148904,120,1.144395344691357,tilt_failed,,
Be2PdZn,0.443579,1.4828132919148904,121,1.1807788573901603,tilt_failed,,
Be2PdZn,0.443579,1.4828132919148904,122,1.2887006971178392,ok,2.3274447531700586,2.723243852642554e-10
Be2PdZn,0.443579,1.4828132919148904,123,1.189762463715359,tilt_failed,,
Be2PdZn,0.443579,1.4828132919148904,124,1.610495299143263,ok,2.393479096202971,4.981792756098002e-12
Be2PdZn,0.443579,1.4828132919148904,125,1.411138629723674,ok,2.2532757446910643,1.5054624213917125e-13
Be2PdZn,0.443579,1.4828132919148904,126,1.3527309829010998,ok,2.3363769348363466,4.4703230006604144e-10
Be2PdZn,0.443579,1.4828132919148904,127,1.4372470134748845,ok,2.3078258541530343,6.661338147750939e-16
Be2PdZn,0.443579,1.4828132919148904,128,1.2414276531930049,tilt_failed,,
Be2PdZn,0.443579,1.4828132919148904,129,1.224222092828324,tilt_failed,,
Be2PdZn,0.443579,1.4828132919148904,130,1.3959931932380203,ok,2.313567970938505,1.1768364061026661e-14
Be2PdZn,0.443579,1.4828132919148904,131,1.1674348404826378,tilt_failed,,
Be2PdZn,0.443579,1.4828132919148904,132,1.230716631784396,tilt_failed,,
Be2PdZn,0.443579,1.4828132919148904,133,1.915369861410412,ok,2.3473826586751656,1.2985168496015829e-12
Be2PdZn,0.443579,1.4828132919148904,134,1.2107274137413238,tilt_failed,,
Be2PdZn,0.443579,1.4828132919148904,135,1.266400074302206,tilt_failed,,
Be2PdZn,0.443579,1.4828132919148904,136,2.0072148055446664,ok,2.344192593794349,2.6925128793209296e-12
Be2PdZn,0.443579,1.4828132919148904,137,1.2307455302633798,tilt_failed,,
Be2PdZn,0.443579,1.4828132919148904,138,1.4948158524550723,ok,2.373541190697865,5.551115123125786e-16
Be2PdZn,0.443579,1.4828132919148904,139,1.4394343085446633,ok,2.368437086888558,3.801070569409149e-12
Be2PdZn,0.443579,1.4828132919148904,140,1.208104391913723,tilt_failed,,
Be2PdZn,0.443579,1.4828132919148904,141,1.2125461951624,tilt_failed,,
Be2PdZn,0.443579,1.4828132919148904,142,1.3621005063639018,ok,2.302083737367564,1.199040866595169e-13
Be2PdZn,0.443579,1.4828132919148904,143,1.304415160359255,tilt_failed,,
Be2PdZn,0.443579,1.4828132919148904,144,1.139162767366352,tilt_failed,,
Be2PdZn,0.443579,1.4828132919148904,145,1.1809791869368715,tilt_failed,,
Be2PdZn,0.443579,1.4828132919148904,146,1.1077392885831656,tilt_failed,,
Be2PdZn,0.443579,1.4828132919148904,147,1.5212991981750854,ok,2.288366458380051,1.460776166695154e-09
Be2PdZn,0.443579,1.4828132919148904,148,1.4085606637291097,ok,2.282145831862458,1.8762769116165146e-13
Be2PdZn,0.443579,1.4828132919148904,149,1.1147076984090545,tilt_failed,,
Be2PdZn,0.443579,1.4828132919148904,150,1.465561536960908,ok,2.376890758822723,6.283862319378386e-14
Be2PdZn,0.443579,1.4828132919148904,151,1.778288711625336,ok,2.3633329830792507,1.9984014443252818e-15
Be2PdZn,0.443579,1.4828132919148904,152,1.2889213397543615,tilt_failed,,
Be2PdZn,0.443579,1.4828132919148904,153,1.43422242156877,ok,2.341640541889695,8.215650382226158e-15
Be2PdZn,0.443579,1.4828132919148904,154,1.2790711157260268,tilt_failed,,
Be2PdZn,0.443579,1.4828132919148904,155,1.1949958360842703,tilt_failed,,
Be2PdZn,0.443579,1.4828132919148904,156,1.392559330649519,ok,2.331591837515121,4.596545366553073e-12
Be2PdZn,0.443579,1.4828132919148904,157,2.0146862980231384,ok,2.2819863286184168,3.2041991282483195e-10
Be2PdZn,0.443579,1.4828132919148904,158,1.2291977529804377,ok,2.3770502620667635,8.92619311798626e-14
Be2PdZn,0.443579,1.4828132919148904,159,1.4098975511180123,ok,2.401135251916932,1.7763568394002505e-15
Be2PdZn,0.443579,1.4828132919148904,160,1.3466578054063896,ok,2.314843996890832,1.887379141862766e-15
Be2PdZn,0.443579,1.4828132919148904,161,1.4437610677371713,ok,2.3591858987341885,2.7092150745033905e-10
Be2PdZn,0.443579,1.4828132919148904,162,1.3847319099428506,ok,2.32010760394418,4.0115466504175856e-11
Be2PdZn,0.443579,1.4828132919148904,163,1.3262402355053773,tilt_failed,,
Be2PdZn,0.443579,1.4828132919148904,164,1.1306879890665755,tilt_failed,,
Be2PdZn,0.443579,1.4828132919148904,165,1.5011901098702691,ok,2.327125746681977,1.3214895844271268e-10
Be2PdZn,0.443579,1.4828132919148904,166,1.163640736073686,tilt_failed,,
Be2PdZn,0.443579,1.4828132919148904,167,1.437761502755005,ok,2.3958716448635835,4.440892098500626e-16
Be2PdZn,0.443579,1.4828132919148904,168,1.1696486834562227,tilt_failed,,
Be2PdZn,0.443579,1.4828132919148904,169,1.0749564463438346,tilt_failed,,
Be2PdZn,0.443579,1.4828132919148904,170,1.361803227221554,ok,2.4346309331655096,7.838174553853605e-14
Be2PdZn,0.443579,1.4828132919148904,171,1.1735767108156834,tilt_failed,,
Be2PdZn,0.443579,1.4828132919148904,172,1.2153105527004917,tilt_failed,,
Be2PdZn,0.443579,1.4828132919148904,173,1.1474876084722654,tilt_failed,,
Be2PdZn,0.443579,1.4828132919148904,174,1.4111318283749357,ok,2.38374939831648,1.6266543667597944e-11
Be2PdZn,0.443579,1.4828132919148904,175,1.0688908404978614,tilt_failed,,
Be2PdZn,0.443579,1.4828132919148904,176,1.3773264423154874,ok,2.317396048795485,1.1761108753560734e-09
Be2PdZn,0.443579,1.4828132919148904,177,1.08263932881456,tilt_failed,,
Be2PdZn,0.443579,1.4828132919148904,178,1.1739198743217023,tilt_failed,,
Be2PdZn,0.443579,1.4828132919148904,179,1.0942454571100102,tilt_failed,,
Be2PdZn,0.443579,1.4828132919148904,180,1.1890158521657803,tilt_failed,,
Be2PdZn,0.443579,1.4828132919148904,181,1.3029027784610538,ok,2.3408430256694905,1.14229614656125e-09
Be2PdZn,0.443579,1.4828132919148904,182,1.2152116774250383,tilt_failed,,
Be2PdZn,0.443579,1.4828132919148904,183,1.1362457556679368,tilt_failed,,
Be2PdZn,0.443579,1.4828132919148904,184,1.130157039069779,tilt_failed,,
Be2PdZn,0.443579,1.4828132919148904,185,1.3619305641256605,tilt_failed,,
Be2PdZn,0.443579,1.4828132919148904,186,1.7866098777593449,ok,2.331751340759162,5.551115123125786e-16
Be2PdZn,0.443579,1.4828132919148904,187,1.2106070966716411,tilt_failed,,
Be2PdZn,0.443579,1.4828132919148904,188,1.1702211910012936,tilt_failed,,
Be2PdZn,0.443579,1.4828132919148904,189,1.3859855782588169,ok,2.316758035819322,1.103572788707652e-11
Be2PdZn,0.443579,1.4828132919148904,190,1.3071560126575426,tilt_failed,,
Be2PdZn,0.443579,1.4828132919148904,191,1.2391387765366944,tilt_failed,,
Be2PdZn,0.443579,1.4828132919148904,192,1.1338062824699524,tilt_failed,,
Be2PdZn,0.443579,1.4828132919148904,193,1.3229109531003695,tilt_failed,,
Be2PdZn,0.443579,1.4828132919148904,194,1.2566149825846944,ok,2.3540817949248813,2.8279878439008144e-10
Be2PdZn,0.443579,1.4828132919148904,195,1.1592174401246005,tilt_failed,,
Be2PdZn,0.443579,1.4828132919148904,196,1.22891909207467,tilt_failed,,
Be2PdZn,0.443579,1.4828132919148904,197,1.1520028579943609,tilt_failed,,
Be2PdZn,0.443579,1.4828132919148904,198,1.1968238241844789,tilt_failed,,
Be2PdZn,0.443579,1.4828132919148904,199,1.1699724372925584,tilt_failed,,
Be2PdZn,0.443579,1.4828132919148904,200,1.1758533730359604,tilt_failed,,
Be2PdZn,0.443579,1.4828132919148904,201,1.342907166956666,tilt_failed,,
Be2PdZn,0.443579,1.4828132919148904,202,1.3737057563015538,ok,2.3006482081711965,2.861377801366416e-12
Be2PdZn,0.443579,1.4828132919148904,203,1.1711131798216483,tilt_failed,,
Be2PdZn,0.443579,1.4828132919148904,205,1.1570428018565817,tilt_failed,,
Be2PdZn,0.443579,1.4828132919148904,206,1.213185281735262,tilt_failed,,
Be2PdZn,0.443579,1.4828132919148904,207,1.454830958553857,ok,2.333824882931693,4.078959392472825e-13
Be2PdZn,0.443579,1.4828132919148904,208,1.1445793727955855,tilt_failed,,
Be2PdZn,0.443579,1.4828132919148904,209,1.3594724772282143,ok,2.380559333435662,3.61932706027801e-14
Be2PdZn,0.443579,1.4828132919148904,210,1.3993969673684326,tilt_failed,,
Be2PdZn,0.443579,1.4828132919148904,211,1.3193362365046746,tilt_failed,,
Be2PdZn,0.443579,1.4828132919148904,212,1.0923587376044432,tilt_failed,,
Be2PdZn,0.443579,1.4828132919148904,213,1.5349021026957292,ok,2.315641513111036,3.80616205220008e-10
Be2PdZn,0.443579,1.4828132919148904,214,1.6340348762511054,ok,2.332389353735325,1.4418466420806908e-11
Be2PdZn,0.443579,1.4828132919148904,215,1.331084395822535,tilt_failed,,
Be2PdZn,0.443579,1.4828132919148904,216,1.3707452381475895,ok,2.324254688289242,7.100098287082801e-12
Be2PdZn,0.443579,1.4828132919148904,217,1.166656266846943,tilt_failed,,
Be2PdZn,0.443579,1.4828132919148904,219,1.1421813151806643,tilt_failed,,
Be2PdZn,0.443579,1.4828132919148904,220,1.2892005959333244,tilt_failed,,
Be2PdZn,0.443579,1.4828132919148904,221,1.1354651202569948,tilt_failed,,
Be2PdZn,0.443579,1.4828132919148904,222,1.6637425118184814,ok,2.3183530682597304,1.7047252498514354e-11
Be2PdZn,0.443579,1.4828132919148904,223,1.0834378978178485,tilt_failed,,
Be2PdZn,0.443579,1.4828132919148904,224,1.639569113494013,ok,2.3331868699555294,5.032152472495e-11
Be2PdZn,0.443579,1.4828132919148904,225,1.192358197028064,tilt_failed,,
Be2PdZn,0.443579,1.4828132919148904,226,1.2700329486781816,tilt_failed,,
Be2PdZn,0.443579,1.4828132919148904,227,1.2446412551586832,tilt_failed,,
Be2PdZn,0.443579,1.4828132919148904,228,1.223494580669506,tilt_failed,,
Be2PdZn,0.443579,1.4828132919148904,229,1.3120751034636031,tilt_failed,,
Be2PdZn,0.443579,1.4828132919148904,230,1.297968233710469,tilt_failed,,
Be2PdZn,0.443579,1.4828132919148904,231,1.4521294238640576,ok,2.3551983176331674,1.4862777675261896e-11
Be2PdZn,0.443579,1.4828132919148904,232,1.3388972283626686,ok,2.313886977426587,2.375877272697836e-14
Be2PdZn,0.443579,1.4828132919148904,233,1.2294966337985014,tilt_failed,,
Be2PdZn,0.443579,1.4828132919148904,234,1.3367577334805305,tilt_failed,,
Be2PdZn,0.443579,1.4828132919148904,235,1.3456178525399525,tilt_failed,,
Be2PdZn,0.443579,1.4828132919148904,236,1.5347393946965364,ok,2.3465851424549617,4.2526737686898736e-10
Be2PdZn,0.443579,1.4828132919148904,237,1.372552847769868,ok,2.413257498464036,1.80576886776862e-10
Be2PdZn,0.443579,1.4828132919148904,238,1.2078153338483466,ok,2.3528057689725546,9.43689570931383e-15
Be2PdZn,0.443579,1.4828132919148904,239,1.136799695865502,tilt_failed,,
Be2PdZn,0.443579,1.4828132919148904,240,1.2336936226850277,tilt_failed,,
Be2PdZn,0.443579,1.4828132919148904,241,1.3908392611094291,ok,2.2826243415945804,2.8954616482224093e-13
Be2PdZn,0.443579,1.4828132919148904,242,1.1380664305711543,tilt_failed,,
Be2PdZn,0.443579,1.4828132919148904,243,1.4565967152004815,ok,2.296820130314216,7.340794638821535e-13
Be2PdZn,0.443579,1.4828132919148904,244,1.548177238737785,ok,2.3609404344186378,4.440892098500626e-16
Be2PdZn,0.443579,1.4828132919148904,245,1.080626628016535,tilt_failed,,
Be2PdZn,0.443579,1.4828132919148904,246,1.680666722983827,ok,2.335579418616142,4.8472337255134335e-11
Be2PdZn,0.443579,1.4828132919148904,247,1.6023410315738544,ok,2.345947129478798,1.7341683644644945e-13
Be2PdZn,0.443579,1.4828132919148904,248,1.280188717801789,tilt_failed,,
Be2PdZn,0.443579,1.4828132919148904,249,1.1619572733578234,tilt_failed,,
Be2PdZn,0.443579,1.4828132919148904,250,1.6241687379889749,ok,2.3743387069180693,4.085620730620576e-14
Be2PdZn,0.443579,1.4828132919148904,251,1.407138046146224,ok,2.362216460370965,1.5543122344752197e-15
Be2PdZn,0.443579,1.4828132919148904,252,1.1634444275069369,tilt_failed,,
Be2PdZn,0.443579,1.4828132919148904,253,1.145372048940466,tilt_failed,,
Be2PdZn,0.443579,1.4828132919148904,254,1.2480675339326317,tilt_failed,,
Be2PdZn,0.443579,1.4828132919148904,255,1.3171597627074,tilt_failed,,
Be2PdZn,0.443579,1.4828132919148904,256,1.3561775969891958,ok,2.3504132203119417,3.6859404417555203e-14
Be2PdZn,0.443579,1.4828132919148904,257,1.2394352500850188,tilt_failed,,
Be2PdZn,0.443579,1.4828132919148904,258,1.637894953676489,ok,2.3382909737648365,2.1522783555383285e-11
Be2PdZn,0.443579,1.4828132919148904,259,1.5415246566853025,ok,2.373541190697865,1.1708078950789512e-11
Be2PdZn,0.443579,1.4828132919148904,260,1.1629476523510325,tilt_failed,,
Be2PdZn,0.443579,1.4828132919148904,261,1.0955162848962736,tilt_failed,,
Be2PdZn,0.443579,1.4828132919148904,262,1.0975952055705966,tilt_failed,,
Be2PdZn,0.443579,1.4828132919148904,263,1.4034793707473985,tilt_failed,,
Be2PdZn,0.443579,1.4828132919148904,264,1.1781617188091416,tilt_failed,,
Be2PdZn,0.443579,1.4828132919148904,265,1.390207366972563,ok,2.3365364380803872,2.220446049250313e-14
Be2PdZn,0.443579,1.4828132919148904,266,1.1866622396078237,tilt_failed,,
Be2PdZn,0.443579,1.4828132919148904,267,1.1944758847773556,tilt_failed,,
Be2PdZn,0.443579,1.4828132919148904,268,1.2652190542882067,tilt_failed,,
Be2PdZn,0.443579,1.4828132919148904,269,1.4254635342071718,ok,2.334781902395938,6.217248937900877e-15
Be2PdZn,0.443579,1.4828132919148904,270,1.343134553718497,ok,2.279115270225682,5.45723244371743e-10
Be2PdZn,0.443579,1.4828132919148904,271,1.3767236353889774,ok,2.333505876443611,2.633041562560834e-10
Be2PdZn,0.443579,1.4828132919148904,272,1.1123357058084111,tilt_failed,,
Be2PdZn,0.443579,1.4828132919148904,273,1.4168121091716548,ok,2.330315811562794,8.881784197001252e-16
Be2PdZn,0.443579,1.4828132919148904,274,1.502616219596946,ok,2.298255659510584,2.347011474057581e-13
Be2PdZn,0.443579,1.4828132919148904,275,1.2285917591153783,tilt_failed,,
Be2PdZn,0.443579,1.4828132919148904,276,1.2002689769020587,tilt_failed,,
Be2PdZn,0.443579,1.4828132919148904,277,1.302667296554906,tilt_failed,,
Be2PdZn,0.443579,1.4828132919148904,278,1.4852332540144135,ok,2.348020671651329,9.618172924774626e-11
Be2PdZn,0.443579,1.4828132919148904,279,1.3858827829562197,ok,2.388215489149623,4.440892098500626e-16
Be2PdZn,0.443579,1.4828132919148904,280,1.204496744127414,tilt_failed,,
Be2PdZn,0.443579,1.4828132919148904,281,1.238996724981717,tilt_failed,,
Be2PdZn,0.443579,1.4828132919148904,282,1.2101433517951088,tilt_failed,,
Be2PdZn,0.443579,1.4828132919148904,283,1.160886390548463,tilt_failed,,
Be2PdZn,0.443579,1.4828132919148904,284,1.0712993897941343,tilt_failed,,
Be2PdZn,0.443579,1.4828132919148904,286,1.147957650854384,tilt_failed,,
Be2PdZn,0.443579,1.4828132919148904,287,1.3506629482712298,ok,2.38008082370354,1.7763568394002505e-15
Be2PdZn,0.443579,1.4828132919148904,288,1.3733169691241391,tilt_failed,,
Be2PdZn,0.443579,1.4828132919148904,289,1.1352000177616108,tilt_failed,,
Be2PdZn,0.443579,1.4828132919148904,291,1.3762486528236826,ok,2.291556523260868,8.649272409400052e-10
Be2PdZn,0.443579,1.4828132919148904,292,1.192245182172459,tilt_failed,,
Be2PdZn,0.443579,1.4828132919148904,293,1.1904444218079908,tilt_failed,,
Be2PdZn,0.443579,1.4828132919148904,294,1.149568554521543,tilt_failed,,
Be2PdZn,0.443579,1.4828132919148904,295,1.0830228085601894,tilt_failed,,
Be2PdZn,0.443579,1.4828132919148904,296,1.6428727676551007,ok,2.434152423433387,2.1538326677728043e-14
Be2PdZn,0.443579,1.4828132919148904,297,1.3153787662995997,tilt_failed,,
Be2PdZn,0.443579,1.4828132919148904,298,1.546156860171355,ok,2.323297668824997,2.9683588920192955e-10
Be2PdZn,0.443579,1.4828132919148904,299,1.1303484304213467,tilt_failed,,
Be2PdZn,0.443579,1.4828132919148904,300,1.1358105762881288,tilt_failed,,
Be2PdZn,0.443579,1.4828132919148904,301,1.1203710110134677,tilt_failed,,
Be2PdZn,0.443579,1.4828132919148904,302,1.1659907139018306,tilt_failed,,
Be2PdZn,0.443579,1.4828132919148904,303,1.2387421296396957,tilt_failed,,
Be2PdZn,0.443579,1.4828132919148904,304,1.2173154420689452,tilt_failed,,
Be2PdZn,0.443579,1.4828132919148904,305,1.155896555708419,tilt_failed,,
Be2PdZn,0.443579,1.4828132919148904,306,1.825819674466264,ok,2.345468619746676,2.220446049250313e-16
Be2PdZn,0.443579,1.4828132919148904,307,1.1436358108272733,tilt_failed,,
Be2PdZn,0.443579,1.4828132919148904,308,1.1480605101444028,tilt_failed,,
Be2PdZn,0.443579,1.4828132919148904,309,1.1982749686549097,ok,2.4067178654583614,4.884981308350689e-15
Be2PdZn,0.443579,1.4828132919148904,310,1.6516077338534148,ok,2.3445116002824307,3.241407142695607e-12
Be2PdZn,0.443579,1.4828132919148904,311,1.3152829920740927,tilt_failed,,
Be2PdZn,0.443579,1.4828132919148904,312,1.1979141060348637,tilt_failed,,
Be2PdZn,0.443579,1.4828132919148904,313,1.172221976858001,tilt_failed,,
Be2PdZn,0.443579,1.4828132919148904,314,1.0918696604343066,tilt_failed,,
Be2PdZn,0.443579,1.4828132919148904,315,1.1608814571758117,tilt_failed,,
Be2PdZn,0.443579,1.4828132919148904,316,1.3487329521883222,tilt_failed,,
Be2PdZn,0.443579,1.4828132919148904,317,1.4330893558471474,ok,2.358707389002066,5.129230373768223e-14
Be2PdZn,0.443579,1.4828132919148904,318,1.5619313928759844,ok,2.324095185045201,2.398081733190338e-14
Be2PdZn,0.443579,1.4828132919148904,319,1.2982022868066938,tilt_failed,,
Be2PdZn,0.443579,1.4828132919148904,320,1.166710430208393,tilt_failed,,
Be2PdZn,0.443579,1.4828132919148904,321,1.2160449915327602,tilt_failed,,
Be2PdZn,0.443579,1.4828132919148904,322,1.2660816659977676,tilt_failed,,
Be2PdZn,0.443579,1.4828132919148904,323,1.20467944867305,tilt_failed,,
Be2PdZn,0.443579,1.4828132919148904,324,1.1284486720638658,tilt_failed,,
Be2PdZn,0.443579,1.4828132919148904,325,1.150700666204492,tilt_failed,,
Be2PdZn,0.443579,1.4828132919148904,326,1.2148807908770896,tilt_failed,,
Be2PdZn,0.443579,1.4828132919148904,327,1.1862481748963218,tilt_failed,,
Be2PdZn,0.443579,1.4828132919148904,328,1.4049626379081834,ok,2.2601343841848207,1.3455903058456897e-12
Be2PdZn,0.443579,1.4828132919148904,329,1.2341072324353346,tilt_failed,,
Be2PdZn,0.443579,1.4828132919148904,330,1.1535173273721693,tilt_failed,,
Be2PdZn,0.443579,1.4828132919148904,331,1.1367278057719827,tilt_failed,,
Be2PdZn,0.443579,1.4828132919148904,332,1.076155895798754,tilt_failed,,
Be2PdZn,0.443579,1.4828132919148904,333,1.189435567980418,tilt_failed,,
Be2PdZn,0.443579,1.4828132919148904,334,1.1108768669256597,tilt_failed,,
Be2PdZn,0.443579,1.4828132919148904,335,1.3687987337976693,tilt_failed,,
Be2PdZn,0.443579,1.4828132919148904,336,1.2672968510267717,tilt_failed,,
Be2PdZn,0.443579,1.4828132919148904,337,1.2260974915502865,tilt_failed,,
Be2PdZn,0.443579,1.4828132919148904,338,1.1506847238368163,tilt_failed,,
Be2PdZn,0.443579,1.4828132919148904,339,1.1087154827616823,tilt_failed,,
Be2PdZn,0.443579,1.4828132919148904,340,1.121560164159752,tilt_failed,,
Be2PdZn,0.443579,1.4828132919148904,342,1.1794689713014943,tilt_failed,,
Be2PdZn,0.443579,1.4828132919148904,343,1.2773082776931366,ok,2.4148525309044446,4.275606535486531e-10
Be2PdZn,0.443579,1.4828132919148904,344,1.0860828738982202,tilt_failed,,
Be2PdZn,0.443579,1.4828132919148904,345,1.1228328194471269,tilt_failed,,
Be2PdZn,0.443579,1.4828132919148904,346,1.1417771517915831,tilt_failed,,
Be2PdZn,0.443579,1.4828132919148904,347,1.0699845842885711,tilt_failed,,
Be2PdZn,0.443579,1.4828132919148904,348,1.058250336694259,tilt_failed,,
Be2PdZn,0.443579,1.4828132919148904,349,1.1911417433598366,ok,2.3855039340009285,7.0766725812632095e-12
Be2PdZn,0.443579,1.4828132919148904,350,1.1126864450648384,tilt_failed,,
Be2PdZn,0.443579,1.4828132919148904,351,1.2296345688578565,tilt_failed,,
Be2PdZn,0.443579,1.4828132919148904,352,1.2833141131667836,ok,2.3500942138238603,1.417754802446325e-12
Be2PdZn,0.443579,1.4828132919148904,353,1.1213262395890362,tilt_failed,,
Be2PdZn,0.443579,1.4828132919148904,354,1.265572794823797,tilt_failed,,
Be2PdZn,0.443579,1.4828132919148904,355,1.2629755899473645,tilt_failed,,
Be2PdZn,0.443579,1.4828132919148904,356,1.2253059371390322,tilt_failed,,
Be2PdZn,0.443579,1.4828132919148904,357,1.62683960160354,ok,2.340205012693328,7.616129948928575e-14
Be2PdZn,0.443579,1.4828132919148904,358,1.2735506324126102,ok,2.3528057689725546,1.4654943925052066e-14
Be2PdZn,0.443579,1.4828132919148904,359,1.161767093485517,tilt_failed,,
Be2PdZn,0.443579,1.4828132919148904,360,1.438515975429102,ok,2.313886977426587,1.8141044222375056e-12
Be2PdZn,0.443579,1.4828132919148904,361,1.1260031053249218,tilt_failed,,
Be2PdZn,0.443579,1.4828132919148904,362,1.2041685366719816,tilt_failed,,
Be2PdZn,0.443579,1.4828132919148904,363,1.341297163318002,tilt_failed,,
Be2PdZn,0.443579,1.4828132919148904,364,1.1151571200865276,tilt_failed,,
Be2PdZn,0.443579,1.4828132919148904,365,1.282355370779571,ok,2.342438058109899,3.086420008457935e-14
Be2PdZn,0.443579,1.4828132919148904,366,1.0990796052451637,tilt_failed,,
Be2PdZn,0.443579,1.4828132919148904,367,1.2983283167696047,tilt_failed,,
Be2PdZn,0.443579,1.4828132919148904,368,1.1527496212107444,tilt_failed,,
Be2PdZn,0.443579,1.4828132919148904,369,1.1350161946535426,tilt_failed,,
Be2PdZn,0.443579,1.4828132919148904,370,1.6170668568800564,ok,2.294108575165521,1.926148129882677e-11
Be2PdZn,0.443579,1.4828132919148904,371,1.3892441979490942,ok,2.345468619746676,2.486899575160351e-13
Be2PdZn,0.443579,1.4828132919148904,372,1.1976943296553737,tilt_failed,,
Be2PdZn,0.443579,1.4828132919148904,373,1.1401772786987514,tilt_failed,,
Be2PdZn,0.443579,1.4828132919148904,374,1.060784695715523,tilt_failed,,
Be2PdZn,0.443579,1.4828132919148904,375,3.058151840371792,ok,2.6024283458964823,6.669886865040553e-11
Be2PdZn,0.443579,1.4828132919148904,376,1.4309905800329736,ok,2.3349414056399787,3.978672946658433e-10
Be2PdZn,0.443579,1.4828132919148904,377,1.1250873382301163,tilt_failed,,
Be2PdZn,0.443579,1.4828132919148904,378,1.2752228066140243,tilt_failed,,
Be2PdZn,0.443579,1.4828132919148904,379,1.062726014870776,tilt_failed,,
Be2PdZn,0.443579,1.4828132919148904,380,1.6884703933567151,ok,2.3610999376626784,3.2867486510212984e-11
Be2PdZn,0.443579,1.4828132919148904,381,2.194805806759194,ok,2.5596814764935347,9.452438831658585e-13
Be2PdZn,0.443579,1.4828132919148904,382,1.335952112571216,ok,2.315163003378913,3.3687908018720236e-10
Be2PdZn,0.443579,1.4828132919148904,383,1.2506175753824262,ok,2.372105661501497,2.50701237547446e-10
Be2PdZn,0.443579,1.4828132919148904,384,1.2076858355504752,tilt_failed,,
Be2PdZn,0.443579,1.4828132919148904,385,1.2493459645091587,tilt_failed,,
Be2PdZn,0.443579,1.4828132919148904,386,1.1589997043852054,tilt_failed,,
Be2PdZn,0.443579,1.4828132919148904,387,1.244557352503501,ok,2.3633329830792507,8.008038676621254e-13
Be2PdZn,0.443579,1.4828132919148904,388,1.443703752679078,ok,2.32393568180116,2.4424906541753444e-15
Be2PdZn,0.443579,1.4828132919148904,389,1.280235817579214,tilt_failed,,
Be2PdZn,0.443579,1.4828132919148904,390,1.4346304650873951,ok,2.4631820138488214,5.551115123125786e-16
Be2PdZn,0.443579,1.4828132919148904,391,1.4507604650236898,ok,2.451378773789799,3.9022118869524986e-12
Be2PdZn,0.443579,1.4828132919148904,392,1.2524885068141338,tilt_failed,,
Be2PdZn,0.443579,1.4828132919148904,393,1.2425825175964484,tilt_failed,,
Be2PdZn,0.443579,1.4828132919148904,394,1.150149037988038,tilt_failed,,
Be2PdZn,0.443579,1.4828132919148904,395,1.1849833024421326,tilt_failed,,
Be2PdZn,0.443579,1.4828132919148904,396,1.0772152675790791,tilt_failed,,
Be2PdZn,0.443579,1.4828132919148904,397,1.2087061825225405,tilt_failed,,
Be2PdZn,0.443579,1.4828132919148904,398,1.1462464293265513,ok,2.3719461582574564,9.284795154940184e-12
Be2PdZn,0.443579,1.4828132919148904,399,1.3382816579563726,ok,2.34626613596688,4.810596365700803e-13
Be2PdZn,0.443579,1.4828132919148904,400,1.251848147275931,tilt_failed,,
Be2PdZn,0.443579,1.4828132919148904,401,1.1570990566039872,tilt_failed,,
Be2PdZn,0.443579,1.4828132919148904,402,1.1421309306183856,tilt_failed,,
Be2PdZn,0.443579,1.4828132919148904,403,1.4433773730875004,ok,2.264281468529883,2.19824158875781e-14
Be2PdZn,0.443579,1.4828132919148904,404,1.0354218994671105,tilt_failed,,
Be2PdZn,0.443579,1.4828132919148904,405,1.086118887352632,tilt_failed,,
Be2PdZn,0.443579,1.4828132919148904,406,1.3852308132637576,ok,2.278317754005477,1.273314786942592e-12
Be2PdZn,0.443579,1.4828132919148904,407,1.2139245009429938,tilt_failed,,
Be2PdZn,0.443579,1.4828132919148904,408,1.072243414215993,tilt_failed,,
Be2PdZn,0.443579,1.4828132919148904,409,1.225654413129631,tilt_failed,,
Be2PdZn,0.443579,1.4828132919148904,410,1.2967234231405809,tilt_failed,,
Be2PdZn,0.443579,1.4828132919148904,411,1.629279840195662,ok,2.3363769348363466,4.440892098500626e-16
Be2PdZn,0.443579,1.4828132919148904,412,1.2810387463453974,tilt_failed,,
Be2PdZn,0.443579,1.4828132919148904,413,1.2265862456647345,tilt_failed,,
Be2PdZn,0.443579,1.4828132919148904,414,1.2210204093548858,ok,2.4095889238510964,2.6372515282702125e-10
Be2PdZn,0.443579,1.4828132919148904,415,1.5184719871753591,ok,2.3150035001348725,2.0257884258967351e-10
Be2PdZn,0.443579,1.4828132919148904,416,1.2722859334916767,tilt_failed,,
Be2PdZn,0.443579,1.4828132919148904,417,1.2274538988264538,tilt_failed,,
Be2PdZn,0.443579,1.4828132919148904,418,1.3000115511531272,ok,2.327923262902181,1.0158354157852043e-09
Be2PdZn,0.443579,1.4828132919148904,419,1.230501234521634,tilt_failed,,
Be2PdZn,0.443579,1.4828132919148904,420,1.1476294123051554,tilt_failed,,
Be2PdZn,0.443579,1.4828132919148904,421,1.355494102632078,ok,2.320745616920344,1.87192150669091e-10
Be2PdZn,0.443579,1.4828132919148904,422,1.1348860006354349,tilt_failed,,
Be2PdZn,0.443579,1.4828132919148904,423,1.4870029114220686,ok,2.3098993963255654,4.440892098500626e-16
Be2PdZn,0.443579,1.4828132919148904,424,1.259555766456639,tilt_failed,,
Be2PdZn,0.443579,1.4828132919148904,425,1.1382302712731849,tilt_failed,,
Be2PdZn,0.443579,1.4828132919148904,426,1.2079215767347853,tilt_failed,,
Be2PdZn,0.443579,1.4828132919148904,427,1.1228121522925916,tilt_failed,,
Be2PdZn,0.443579,1.4828132919148904,428,1.091789680613647,tilt_failed,,
Be2PdZn,0.443579,1.4828132919148904,429,1.464779374919387,ok,2.343554580818185,3.90354415458205e-13
Be2PdZn,0.443579,1.4828132919148904,430,1.2473595095250318,tilt_failed,,
Be2PdZn,0.443579,1.4828132919148904,431,1.1313028508273888,tilt_failed,,
Be2PdZn,0.443579,1.4828132919148904,432,1.5646356321412305,ok,2.3716271517693746,7.771561172376099e-16
Be2PdZn,0.443579,1.4828132919148904,433,1.364212406378156,tilt_failed,,
Be2PdZn,0.443579,1.4828132919148904,434,1.0792536448618566,tilt_failed,,
Be2PdZn,0.443579,1.4828132919148904,435,1.7627691213210248,ok,2.3840684048045606,4.218847493575595e-15
Be2PdZn,0.443579,1.4828132919148904,436,1.282370572736658,tilt_failed,,
Be2PdZn,0.443579,1.4828132919148904,437,1.1825567466401468,tilt_failed,,
Be2PdZn,0.443579,1.4828132919148904,438,1.079207962602121,tilt_failed,,
Be2PdZn,0.443579,1.4828132919148904,439,1.242639152227701,tilt_failed,,
Be2PdZn,0.443579,1.4828132919148904,440,1.088967398875207,tilt_failed,,
Be2PdZn,0.443579,1.4828132919148904,441,1.141053082360812,tilt_failed,,
Be2PdZn,0.443579,1.4828132919148904,442,1.115629503130851,tilt_failed,,
Be2PdZn,0.443579,1.4828132919148904,443,1.5270861343720454,ok,2.299053175730788,4.5958792327382975e-10
Be2PdZn,0.443579,1.4828132919148904,444,1.1603186907265326,tilt_failed,,
Be2PdZn,0.443579,1.4828132919148904,445,1.0731749302895968,tilt_failed,,
Be2PdZn,0.443579,1.4828132919148904,446,1.19538450607341,tilt_failed,,
Be2PdZn,0.443579,1.4828132919148904,447,1.334275663041531,tilt_failed,,
Be2PdZn,0.443579,1.4828132919148904,448,1.212031451328934,tilt_failed,,
Be2PdZn,0.443579,1.4828132919148904,449,1.384121343184289,ok,2.32393568180116,3.108624468950439e-15
Be2PdZn,0.443579,1.4828132919148904,450,1.2299074987706504,tilt_failed,,
Be2PdZn,0.443579,1.4828132919148904,451,1.11669371530544,tilt_failed,,
Be2PdZn,0.443579,1.4828132919148904,452,1.205638357790363,tilt_failed,,
Be2PdZn,0.443579,1.4828132919148904,453,1.1321974221347502,tilt_failed,,
Be2PdZn,0.443579,1.4828132919148904,454,1.359268164606965,ok,2.3024027438556454,1.0746958878371517e-13
Be2PdZn,0.443579,1.4828132919148904,455,1.1165295419048638,tilt_failed,,
Be2PdZn,0.443579,1.4828132919148904,456,1.055208231200321,tilt_failed,,
Be2PdZn,0.443579,1.4828132919148904,457,1.0850011837940292,tilt_failed,,
Be2PdZn,0.443579,1.4828132919148904,458,1.1525242334089405,tilt_failed,,
Be2PdZn,0.443579,1.4828132919148904,459,1.047098587899859,tilt_failed,,
Be2PdZn,0.443579,1.4828132919148904,460,1.2308036101152342,tilt_failed,,
Be2PdZn,0.443579,1.4828132919148904,461,1.592086023670389,ok,2.372105661501497,3.3306690738754696e-16
Be2PdZn,0.443579,1.4828132919148904,462,1.3854258155490178,ok,2.3960311481076246,7.105427357601002e-15
Be2PdZn,0.443579,1.4828132919148904,463,1.0849593328569764,tilt_failed,,
Be2PdZn,0.443579,1.4828132919148904,464,1.0700449619782797,tilt_failed,,
Be2PdZn,0.443579,1.4828132919148904,465,1.0275174753837455,tilt_failed,,
Be2PdZn,0.443579,1.4828132919148904,466,1.1346531946558909,tilt_failed,,
Be2PdZn,0.443579,1.4828132919148904,468,1.1318368862184758,tilt_failed,,
Be2PdZn,0.443579,1.4828132919148904,469,1.2095694293509318,tilt_failed,,
Be2PdZn,0.443579,1.4828132919148904,470,1.5779870702348844,ok,2.289163974600255,1.3322676295501878e-14
Be2PdZn,0.443579,1.4828132919148904,471,1.0261788586800569,tilt_failed,,
Be2PdZn,0.443579,1.4828132919148904,472,1.1561157514912712,tilt_failed,,
Be2PdZn,0.443579,1.4828132919148904,473,1.6059346508109438,ok,2.3429165678420216,5.796474411567942e-13
Be2PdZn,0.443579,1.4828132919148904,474,1.466418119016077,ok,2.299691188706951,1.2260841231181983e-09
Be2PdZn,0.443579,1.4828132919148904,475,1.2483124062073767,tilt_failed,,
Be2PdZn,0.443579,1.4828132919148904,476,1.1323394191215936,tilt_failed,,
Be2PdZn,0.443579,1.4828132919148904,477,1.1157744171183464,tilt_failed,,
Be2PdZn,0.443579,1.4828132919148904,478,1.0963608390268098,tilt_failed,,
Be2PdZn,0.443579,1.4828132919148904,479,1.1736471207353616,tilt_failed,,
Be2PdZn,0.443579,1.4828132919148904,480,1.1117976181579046,tilt_failed,,
Be2PdZn,0.443579,1.4828132919148904,481,1.3531850996477426,tilt_failed,,
Be2PdZn,0.443579,1.4828132919148904,482,1.2741120260892569,tilt_failed,,
Be2PdZn,0.443579,1.4828132919148904,483,1.038157275269428,tilt_failed,,
Be2PdZn,0.443579,1.4828132919148904,484,1.3049020289038429,ok,2.309420886593443,1.0480505352461483e-13
Be2PdZn,0.443579,1.4828132919148904,485,1.5024110348762156,ok,2.4411705661711847,5.662137425588298e-14
Be2PdZn,0.443579,1.4828132919148904,486,1.0681606550782332,tilt_failed,,
Be2PdZn,0.443579,1.4828132919148904,487,1.1638296211943198,tilt_failed,,
Be2PdZn,0.443579,1.4828132919148904,488,1.2335539301771756,tilt_failed,,
Be2PdZn,0.443579,1.4828132919148904,489,1.0972661620780213,tilt_failed,,
Be2PdZn,0.443579,1.4828132919148904,491,1.2202170726462005,tilt_failed,,
Be2PdZn,0.443579,1.4828132919148904,492,1.1300116197049772,tilt_failed,,
Be2PdZn,0.443579,1.4828132919148904,493,1.0480165379512054,tilt_failed,,
Be2PdZn,0.443579,1.4828132919148904,494,1.1551438206204423,tilt_failed,,
Be2PdZn,0.443579,1.4828132919148904,495,1.5730292257311251,ok,2.3542412981689225,1.423750006779301e-12
Be2PdZn,0.443579,1.4828132919148904,496,1.074112088120181,tilt_failed,,
Be2PdZn,0.443579,1.4828132919148904,497,1.0608326288277128,tilt_failed,,
Be2PdZn,0.443579,1.4828132919148904,498,1.0502508991900386,tilt_failed,,
Be2PdZn,0.443579,1.4828132919148904,499,1.036143690153636,tilt_failed,,
Be2PdZn,0.443579,1.4828132919148904,500,1.0860823441511978,tilt_failed,,
Be2PdZn,0.443579,1.4828132919148904,501,1.2897122051975274,tilt_failed,,
Be2PdZn,0.443579,1.4828132919148904,502,1.3294383485105483,tilt_failed,,
Be2PdZn,0.443579,1.4828132919148904,503,1.126419953921828,tilt_failed,,
Be2PdZn,0.443579,1.4828132919148904,504,1.084408160751736,tilt_failed,,
Be2PdZn,0.443579,1.4828132919148904,505,1.068016751025833,tilt_failed,,
Be2PdZn,0.443579,1.4828132919148904,506,1.0842426831675611,tilt_failed,,
Be2PdZn,0.443579,1.4828132919148904,507,1.3625354729752437,ok,2.285495399987316,3.650078017614078e-10
Be2PdZn,0.443579,1.4828132919148904,508,1.3992882063128025,ok,2.3134084676944644,1.887379141862766e-14
Be2PdZn,0.443579,1.4828132919148904,509,1.0920591622104805,tilt_failed,,
Be2PdZn,0.443579,1.4828132919148904,510,1.281007085547604,ok,2.3266472369498548,1.962541240629889e-12
Be2PdZn,0.443579,1.4828132919148904,511,1.3940162954417472,ok,2.3475421619192067,1.3322676295501878e-15
Be2PdZn,0.443579,1.4828132919148904,512,1.028004033590029,tilt_failed,,
Be2PdZn,0.443579,1.4828132919148904,513,1.0754531338532665,tilt_failed,,
Be2PdZn,0.443579,1.4828132919148904,514,1.1290047319323775,tilt_failed,,
Be2PdZn,0.443579,1.4828132919148904,515,1.154096110368401,tilt_failed,,
Be2PdZn,0.443579,1.4828132919148904,516,1.0732988848754477,tilt_failed,,
Be2PdZn,0.443579,1.4828132919148904,517,2.5527503734974726,ok,2.5381485385480205,2.078337502098293e-13
Be2PdZn,0.443579,1.4828132919148904,518,1.207599905396106,tilt_failed,,
Be2PdZn,0.443579,1.4828132919148904,519,1.213131454392245,ok,2.4542498321825343,1.6653345369377348e-15
Be2PdZn,0.443579,1.4828132919148904,520,1.0395397254286556,tilt_failed,,
Be2PdZn,0.443579,1.4828132919148904,521,1.207242111858359,tilt_failed,,
Be2PdZn,0.443579,1.4828132919148904,522,1.5948177636208922,ok,2.461427478164373,2.4424906541753444e-15
Be2PdZn,0.443579,1.4828132919148904,523,1.3898149719830528,ok,2.3477016651632474,2.019696410116012e-09
Be2PdZn,0.443579,1.4828132919148904,524,1.1620048108236,tilt_failed,,
Be2PdZn,0.443579,1.4828132919148904,525,1.1119655104691213,tilt_failed,,
Be2PdZn,0.443579,1.4828132919148904,526,1.0638306187470297,tilt_failed,,
Be2PdZn,0.443579,1.4828132919148904,527,1.161646340928487,tilt_failed,,
Be2PdZn,0.443579,1.4828132919148904,528,1.053579142661157,tilt_failed,,
Be2PdZn,0.443579,1.4828132919148904,529,1.3579125363916082,ok,2.322819159092874,6.29496454962464e-13
Be2PdZn,0.443579,1.4828132919148904,530,1.1953578692528664,tilt_failed,,
Be2PdZn,0.443579,1.4828132919148904,531,1.2953720770768211,ok,2.3625354668590464,8.881784197001252e-16
Be2PdZn,0.443579,1.4828132919148904,532,1.2254043502917111,ok,2.345947129478798,5.919709167301338e-13
Be2PdZn,0.443579,1.4828132919148904,533,1.10342514216843,tilt_failed,,
Be2PdZn,0.443579,1.4828132919148904,534,1.0419312588201404,tilt_failed,,
Be2PdZn,0.443579,1.4828132919148904,535,1.1213214887456953,tilt_failed,,
Be2PdZn,0.443579,1.4828132919148904,536,1.3334181003682204,ok,2.324892701265405,8.508349580438335e-10
Be2PdZn,0.443579,1.4828132919148904,537,1.1916521869498526,tilt_failed,,
Be2PdZn,0.443579,1.4828132919148904,538,1.0906362882662763,tilt_failed,,
Be2PdZn,0.443579,1.4828132919148904,539,1.482813276329974,ok,2.306071318468585,3.01523250811897e-10
Be2PdZn,0.443579,1.4828132919148904,540,1.07145714671719,tilt_failed,,
Be2PdZn,0.443579,1.4828132919148904,541,1.3281704825123353,ok,2.315801016355077,1.438818397758723e-09
Be2PdZn,0.443579,1.4828132919148904,542,1.1450576885672918,tilt_failed,,
Be2PdZn,0.443579,1.4828132919148904,543,1.3428091909843654,tilt_failed,,
Be2PdZn,0.443579,1.4828132919148904,544,1.1190120836294777,tilt_failed,,
Be2PdZn,0.443579,1.4828132919148904,545,1.5559622718193424,ok,2.328242269390263,2.220446049250313e-16
Be2PdZn,0.443579,1.4828132919148904,546,1.2035695009052405,tilt_failed,,
Be2PdZn,0.443579,1.4828132919148904,547,1.1069042659343584,tilt_failed,,
Be2PdZn,0.443579,1.4828132919148904,548,1.1702734019716694,tilt_failed,,
Be2PdZn,0.443579,1.4828132919148904,549,1.3640783577535511,tilt_failed,,
Be2PdZn,0.443579,1.4828132919148904,550,1.257963714134149,ok,2.3349414056399787,3.3143177091687903e-10
Be2PdZn,0.443579,1.4828132919148904,551,1.14583965376563,tilt_failed,,
Be2PdZn,0.443579,1.4828132919148904,552,1.3127582868646086,tilt_failed,,
Be2PdZn,0.443579,1.4828132919148904,553,1.1533645364784628,tilt_failed,,
Be2PdZn,0.443579,1.4828132919148904,554,1.084671925685571,tilt_failed,,
Be2PdZn,0.443579,1.4828132919148904,555,1.0643603212308337,tilt_failed,,
Be2PdZn,0.443579,1.4828132919148904,556,1.0425286930831037,tilt_failed,,
Be2PdZn,0.443579,1.4828132919148904,557,1.0620238054284048,tilt_failed,,
Be2PdZn,0.443579,1.4828132919148904,558,1.190847871261124,tilt_failed,,
Be2PdZn,0.443579,1.4828132919148904,559,1.292645550576489,tilt_failed,,
Be2PdZn,0.443579,1.4828132919148904,560,1.2289021169568826,ok,2.334462895907856,9.991085736515967e-11
Be2PdZn,0.443579,1.4828132919148904,561,1.0565281907190045,tilt_failed,,
Be2PdZn,0.443579,1.4828132919148904,562,1.0504659159101686,tilt_failed,,
Be2PdZn,0.443579,1.4828132919148904,563,1.5592580295757577,ok,2.308463867129198,5.551115123125786e-16
Be2PdZn,0.443579,1.4828132919148904,564,1.2228748677795211,tilt_failed,,
Be2PdZn,0.443579,1.4828132919148904,565,1.1516596580595817,tilt_failed,,
Be2PdZn,0.443579,1.4828132919148904,566,1.2629731761539318,tilt_failed,,
Be2PdZn,0.443579,1.4828132919148904,567,1.1452085085050605,tilt_failed,,
Be2PdZn,0.443579,1.4828132919148904,568,1.3628011950194494,ok,2.326966243437936,4.696465438769337e-12
Be2PdZn,0.443579,1.4828132919148904,569,1.4058367581909883,ok,2.3004887049271554,5.995204332975845e-14
Be2PdZn,0.443579,1.4828132919148904,570,1.2754255202963285,tilt_failed,,
Be2PdZn,0.443579,1.4828132919148904,571,1.2449289984344638,ok,2.312132441742137,2.334263893288835e-10
Be2PdZn,0.443579,1.4828132919148904,572,1.1195291822920297,tilt_failed,,
Be2PdZn,0.443579,1.4828132919148904,573,1.089344198932645,tilt_failed,,
Be2PdZn,0.443579,1.4828132919148904,574,1.127657972110392,tilt_failed,,
Be2PdZn,0.443579,1.4828132919148904,575,1.2345442914765088,tilt_failed,,
Be2PdZn,0.443579,1.4828132919148904,576,1.4340606211930524,ok,2.3052738022483807,4.097806538538862e-10
Be2PdZn,0.443579,1.4828132919148904,577,1.6602213334994511,ok,2.43638546884996,2.911115792869623e-12
Be2PdZn,0.443579,1.4828132919148904,578,1.0847023047820183,tilt_failed,,
Be2PdZn,0.443579,1.4828132919148904,579,1.111259314048245,tilt_failed,,
Be2PdZn,0.443579,1.4828132919148904,580,1.1000405541497054,tilt_failed,,
Be2PdZn,0.443579,1.4828132919148904,581,1.201168334522767,tilt_failed,,
Be2PdZn,0.443579,1.4828132919148904,582,1.2244756908659498,tilt_failed,,
Be2PdZn,0.443579,1.4828132919148904,583,1.0470732876328228,tilt_failed,,
Be2PdZn,0.443579,1.4828132919148904,584,1.1634785711065403,tilt_failed,,
Be2PdZn,0.443579,1.4828132919148904,585,1.5604574008513528,ok,2.394276612423175,5.07260899951234e-13
Be2PdZn,0.443579,1.4828132919148904,586,1.402492204506722,ok,2.2934705621893583,3.419486915845482e-13
Be2PdZn,0.443579,1.4828132919148904,587,1.126071575809924,tilt_failed,,
Be2PdZn,0.443579,1.4828132919148904,588,1.5116118118963864,ok,2.316917539063363,7.471778751266811e-11
Be2PdZn,0.443579,1.4828132919148904,589,1.0921434205919514,tilt_failed,,
Be2PdZn,0.443579,1.4828132919148904,590,1.1317148948873987,tilt_failed,,
Be2PdZn,0.443579,1.4828132919148904,591,1.215493972786655,tilt_failed,,
Be2PdZn,0.443579,1.4828132919148904,592,1.4333685868964163,ok,2.358707389002066,4.440892098500626e-16
Be2PdZn,0.443579,1.4828132919148904,593,1.153969392702866,tilt_failed,,
Be2PdZn,0.443579,1.4828132919148904,594,1.1201904677318644,tilt_failed,,
Be2PdZn,0.443579,1.4828132919148904,595,1.1108004815198855,tilt_failed,,
Be2PdZn,0.443579,1.4828132919148904,596,1.598968454006404,ok,2.3666825512041085,9.627854069549358e-13
Be2PdZn,0.443579,1.4828132919148904,597,1.1653368917721894,tilt_failed,,
Be2PdZn,0.443579,1.4828132919148904,598,1.0668108099770908,tilt_failed,,
Be2PdZn,0.443579,1.4828132919148904,599,1.2880755585137602,tilt_failed,,
Be2PdZn,0.443579,1.4828132919148904,600,1.0518435470435687,tilt_failed,,
Be2PdZn,0.443579,1.4828132919148904,601,1.1634299095579057,tilt_failed,,
Be2PdZn,0.443579,1.4828132919148904,602,1.0708559786703795,tilt_failed,,
Be2PdZn,0.443579,1.4828132919148904,603,1.267706736756795,tilt_failed,,
Be2PdZn,0.443579,1.4828132919148904,604,1.075003899929044,tilt_failed,,
Be2PdZn,0.443579,1.4828132919148904,605,1.1267107802498304,tilt_failed,,
Be2PdZn,0.443579,1.4828132919148904,606,1.080174280003938,tilt_failed,,
Be2PdZn,0.443579,1.4828132919148904,607,1.1174987870622637,tilt_failed,,
Be2PdZn,0.443579,1.4828132919148904,608,1.032452433001274,tilt_failed,,
Be2PdZn,0.443579,1.4828132919148904,609,1.0969438634781394,tilt_failed,,
Be2PdZn,0.443579,1.4828132919148904,610,1.038968298693158,tilt_failed,,
Be2PdZn,0.443579,1.4828132919148904,611,1.1816142439104695,tilt_failed,,
Be2PdZn,0.443579,1.4828132919148904,612,1.2446131482306677,tilt_failed,,
Be2PdZn,0.443579,1.4828132919148904,613,1.2674343291754524,tilt_failed,,
Be2PdZn,0.443579,1.4828132919148904,614,1.308657603913992,tilt_failed,,
Be2PdZn,0.443579,1.4828132919148904,615,1.2067154655634993,tilt_failed,,
Be2PdZn,0.443579,1.4828132919148904,616,1.3209555141205536,ok,2.357750369537821,1.102340441150318e-11
Be2PdZn,0.443579,1.4828132919148904,617,1.1613872662236318,tilt_failed,,
Be2PdZn,0.443579,1.4828132919148904,618,1.3333217814419691,tilt_failed,,
Be2PdZn,0.443579,1.4828132919148904,619,1.2123112821016595,tilt_failed,,
Be2PdZn,0.443579,1.4828132919148904,620,1.1571634233029482,tilt_failed,,
Be2PdZn,0.443579,1.4828132919148904,621,1.1107861740245868,tilt_failed,,
Be2PdZn,0.443579,1.4828132919148904,622,1.189229986348954,tilt_failed,,
Be2PdZn,0.443579,1.4828132919148904,623,1.1065458071595184,tilt_failed,,
Be2PdZn,0.443579,1.4828132919148904,624,1.5427943384390168,ok,2.3180340617716486,1.4432899320127037e-15
Be2PdZn,0.443579,1.4828132919148904,625,1.194888263492166,ok,2.4264962677194264,3.930189507173054e-14
Be2PdZn,0.443579,1.4828132919148904,626,1.1304261135410982,tilt_failed,,
Be2PdZn,0.443579,1.4828132919148904,627,1.1285293684186026,tilt_failed,,
Be2PdZn,0.443579,1.4828132919148904,628,1.064765498937828,tilt_failed,,
Be2PdZn,0.443579,1.4828132919148904,629,1.0942427915594055,tilt_failed,,
Be2PdZn,0.443579,1.4828132919148904,630,1.3228530138509245,tilt_failed,,
Be2PdZn,0.443579,1.4828132919148904,631,1.5058878697718867,ok,2.318991081235894,2.0594304039889264e-10
Be2PdZn,0.443579,1.4828132919148904,632,1.204551130844791,tilt_failed,,
Be2PdZn,0.443579,1.4828132919148904,633,1.3835459500754543,tilt_failed,,
Be2PdZn,0.443579,1.4828132919148904,634,1.3900164560891362,tilt_failed,,
Be2PdZn,0.443579,1.4828132919148904,635,1.3392843280548152,ok,2.408153394654729,2.9495739184426384e-11
Be2PdZn,0.443579,1.4828132919148904,636,1.2430809820097486,tilt_failed,,
Be2PdZn,0.443579,1.4828132919148904,637,1.1384893634974496,tilt_failed,,
Be2PdZn,0.443579,1.4828132919148904,638,1.0746514591658638,tilt_failed,,
Be2PdZn,0.443579,1.4828132919148904,639,1.550770872657142,ok,2.289642484332377,5.551115123125786e-16
Be2PdZn,0.443579,1.4828132919148904,640,1.103953376030722,tilt_failed,,
Be2PdZn,0.443579,1.4828132919148904,641,1.716808061046379,ok,2.4150120341484853,2.426947531830592e-13
Be2PdZn,0.443579,1.4828132919148904,642,1.15556227935999,tilt_failed,,
Be2PdZn,0.443579,1.4828132919148904,643,1.1257512319527256,tilt_failed,,
Be2PdZn,0.443579,1.4828132919148904,644,1.4381726871913751,ok,2.364609009031577,4.737898962048348e-11
Be2PdZn,0.443579,1.4828132919148904,645,1.1012523903786384,tilt_failed,,
Be2PdZn,0.443579,1.4828132919148904,646,1.2754611503402158,tilt_failed,,
Be2PdZn,0.443579,1.4828132919148904,647,1.1300563841728593,tilt_failed,,
Be2PdZn,0.443579,1.4828132919148904,648,1.1963245022016702,tilt_failed,,
Be2PdZn,0.443579,1.4828132919148904,649,1.0656406908046188,tilt_failed,,
Be2PdZn,0.443579,1.4828132919148904,650,2.171150857033295,ok,2.552025320779574,9.992007221626409e-16
Be2PdZn,0.443579,1.4828132919148904,651,1.185311113838804,tilt_failed,,
Be2PdZn,0.443579,1.4828132919148904,652,1.124733224716892,tilt_failed,,
Be2PdZn,0.443579,1.4828132919148904,653,1.0708683112253563,tilt_failed,,
Be2PdZn,0.443579,1.4828132919148904,654,1.0815223431623415,tilt_failed,,
Be2PdZn,0.443579,1.4828132919148904,655,1.2860278815882444,tilt_failed,,
Be2PdZn,0.443579,1.4828132919148904,657,1.119462564835952,tilt_failed,,
Be2PdZn,0.443579,1.4828132919148904,658,1.101059288170661,tilt_failed,,
Be2PdZn,0.443579,1.4828132919148904,659,1.3572512400163907,ok,2.33334637319957,4.3064329879882735e-11
Be2PdZn,0.443579,1.4828132919148904,660,1.1724010134359886,tilt_failed,,
Be2PdZn,0.443579,1.4828132919148904,661,1.1827772243151622,tilt_failed,,
Be2PdZn,0.443579,1.4828132919148904,662,1.0910184168514014,tilt_failed,,
Be2PdZn,0.443579,1.4828132919148904,663,1.0656478952176092,tilt_failed,,
Be2PdZn,0.443579,1.4828132919148904,664,1.144183317283355,tilt_failed,,
Be2PdZn,0.443579,1.4828132919148904,665,1.7602510401913272,ok,2.332708360223407,2.830706780088121e-10
Be2PdZn,0.443579,1.4828132919148904,666,1.1401459351239511,tilt_failed,,
Be2PdZn,0.443579,1.4828132919148904,667,1.2263612534549424,tilt_failed,,
Be2PdZn,0.443579,1.4828132919148904,668,1.2798428607989982,tilt_failed,,
Be2PdZn,0.443579,1.4828132919148904,669,1.085232482929601,tilt_failed,,
Be2PdZn,0.443579,1.4828132919148904,670,1.055445266174546,tilt_failed,,
Be2PdZn,0.443579,1.4828132919148904,671,1.652046949029803,ok,2.5694111743800265,1.5558865307241376e-10
Be2PdZn,0.443579,1.4828132919148904,672,1.2416838277420752,tilt_failed,,
Be2PdZn,0.443579,1.4828132919148904,673,1.2781876051672627,ok,2.3341438894197744,1.3669808618388402e-09
Be2PdZn,0.443579,1.4828132919148904,674,1.207933389330646,tilt_failed,,
Be2PdZn,0.443579,1.4828132919148904,675,1.162111940051532,tilt_failed,,
Be2PdZn,0.443579,1.4828132919148904,676,1.5211645510157898,ok,2.3255307142415687,1.568605689783453e-09
Be2PdZn,0.443579,1.4828132919148904,677,1.2450379848219353,tilt_failed,,
Be2PdZn,0.443579,1.4828132919148904,678,1.095180663218599,tilt_failed,,
Be2PdZn,0.443579,1.4828132919148904,679,1.2782766486362338,ok,2.312451448230219,3.2862601528904634e-14
Be2PdZn,0.443579,1.4828132919148904,680,1.1024461824685508,tilt_failed,,
Be2PdZn,0.443579,1.4828132919148904,681,1.4598782889936577,ok,2.336217431592305,8.970268972063877e-12
Be2PdZn,0.443579,1.4828132919148904,682,1.1590535694655726,tilt_failed,,
Be2PdZn,0.443579,1.4828132919148904,683,1.1638297000632745,tilt_failed,,
Be2PdZn,0.443579,1.4828132919148904,684,1.3043870332739247,ok,2.2993721822188693,1.4432899320127037e-15
Be2PdZn,0.443579,1.4828132919148904,685,1.051066528212449,tilt_failed,,
Be2PdZn,0.443579,1.4828132919148904,686,1.2459973478485469,tilt_failed,,
Be2PdZn,0.443579,1.4828132919148904,687,1.0918641441484935,tilt_failed,,
Be2PdZn,0.443579,1.4828132919148904,688,1.1282098749277671,tilt_failed,,
Be2PdZn,0.443579,1.4828132919148904,689,1.0883580536584898,tilt_failed,,
Be2PdZn,0.443579,1.4828132919148904,690,1.098963676579011,tilt_failed,,
Be2PdZn,0.443579,1.4828132919148904,691,1.4079563797735437,ok,2.3078258541530343,5.684341886080804e-14
Be2PdZn,0.443579,1.4828132919148904,692,1.3161881356911644,tilt_failed,,
Be2PdZn,0.443579,1.4828132919148904,693,1.290646694739161,tilt_failed,,
Be2PdZn,0.443579,1.4828132919148904,694,1.0806030528811434,tilt_failed,,
Be2PdZn,0.443579,1.4828132919148904,695,1.1980522977140051,tilt_failed,,
Be2PdZn,0.443579,1.4828132919148904,696,1.1309207686708938,tilt_failed,,
Be2PdZn,0.443579,1.4828132919148904,697,1.1128800884383645,tilt_failed,,
Be2PdZn,0.443579,1.4828132919148904,698,1.367542812801651,tilt_failed,,
Be2PdZn,0.443579,1.4828132919148904,699,1.3414247287486172,tilt_failed,,
Be2PdZn,0.443579,1.4828132919148904,700,1.0568522134567138,tilt_failed,,
Be2PdZn,0.443579,1.4828132919148904,702,1.2833093941388976,tilt_failed,,
Be2PdZn,0.443579,1.4828132919148904,703,1.372220349642347,ok,2.50034626971034,1.3589129821411916e-12
Be2PdZn,0.443579,1.4828132919148904,704,1.4778370921820263,ok,2.349934710579819,1.5543122344752197e-15
Be2PdZn,0.443579,1.4828132919148904,705,1.5750342033437736,ok,2.319629094212057,6.983302824892237e-14
Be2PdZn,0.443579,1.4828132919148904,706,1.582210124063084,ok,2.317077042307404,1.7763568394002505e-14
Be2PdZn,0.443579,1.4828132919148904,707,1.197854660861849,tilt_failed,,
Be2PdZn,0.443579,1.4828132919148904,708,1.2301303063577644,tilt_failed,,
Be2PdZn,0.443579,1.4828132919148904,709,1.051692746799368,tilt_failed,,
Be2PdZn,0.443579,1.4828132919148904,710,1.1335726263737174,tilt_failed,,
Be2PdZn,0.443579,1.4828132919148904,711,1.1137075895269453,tilt_failed,,
Be2PdZn,0.443579,1.4828132919148904,712,1.356362350517843,tilt_failed,,
Be2PdZn,0.443579,1.4828132919148904,713,1.071347758063508,tilt_failed,,
Be2PdZn,0.443579,1.4828132919148904,714,1.2818253336298615,tilt_failed,,
Be2PdZn,0.443579,1.4828132919148904,715,1.1231288354600832,tilt_failed,,
Be2PdZn,0.443579,1.4828132919148904,717,1.503968082938417,ok,2.2965011238261344,3.4665603720895888e-12
Be2PdZn,0.443579,1.4828132919148904,718,1.0690242340430005,tilt_failed,,
Be2PdZn,0.443579,1.4828132919148904,719,1.2074290938735242,tilt_failed,,
Be2PdZn,0.443579,1.4828132919148904,720,1.0735568160580529,tilt_failed,,
Be2PdZn,0.443579,1.4828132919148904,721,1.0804971275286763,tilt_failed,,
Be2PdZn,0.443579,1.4828132919148904,722,1.1738975698696268,tilt_failed,,
Be2PdZn,0.443579,1.4828132919148904,723,1.140768110589428,tilt_failed,,
Be2PdZn,0.443579,1.4828132919148904,724,1.125269066943261,tilt_failed,,
Be2PdZn,0.443579,1.4828132919148904,725,1.4202826699381992,ok,2.326328230461773,1.6076029396572274e-13
Be2PdZn,0.443579,1.4828132919148904,726,1.202590911972875,tilt_failed,,
Be2PdZn,0.443579,1.4828132919148904,727,1.2024726550085851,tilt_failed,,
Be2PdZn,0.443579,1.4828132919148904,728,1.185661417883195,tilt_failed,,
Be2PdZn,0.443579,1.4828132919148904,729,1.2561364407084632,tilt_failed,,
Be2PdZn,0.443579,1.4828132919148904,730,1.066060007130727,tilt_failed,,
Be2PdZn,0.443579,1.4828132919148904,731,1.0424240006230945,tilt_failed,,
Be2PdZn,0.443579,1.4828132919148904,732,1.409820015515751,ok,2.3363769348363466,1.3735290682603818e-10
Be2PdZn,0.443579,1.4828132919148904,733,1.0726942335467955,tilt_failed,,
Be2PdZn,0.443579,1.4828132919148904,734,1.061400145447566,tilt_failed,,
Be2PdZn,0.443579,1.4828132919148904,735,1.1868461361923732,tilt_failed,,
Be2PdZn,0.443579,1.4828132919148904,736,1.0618319886389664,tilt_failed,,
Be2PdZn,0.443579,1.4828132919148904,737,2.17654635165504,ok,2.478972835008866,5.048184092970587e-12
Be2PdZn,0.443579,1.4828132919148904,738,1.2833815855501252,tilt_failed,,
Be2PdZn,0.443579,1.4828132919148904,740,1.4677068654234613,ok,2.25247822847086,8.093525849517391e-14
Be2PdZn,0.443579,1.4828132919148904,741,1.1044192728748767,tilt_failed,,
Be2PdZn,0.443579,1.4828132919148904,742,1.1658408473845685,tilt_failed,,
Be2PdZn,0.443579,1.4828132919148904,743,1.4645744456970498,ok,2.346106632722839,9.865441796819141e-13
Be2PdZn,0.443579,1.4828132919148904,744,1.3952164471847102,ok,2.292673045969154,1.2042189467820208e-10
Be2PdZn,0.443579,1.4828132919148904,745,1.1263477321343236,tilt_failed,,
Be2PdZn,0.443579,1.4828132919148904,746,1.317350963511957,ok,2.3274447531700586,2.389644038203187e-11
Be2PdZn,0.443579,1.4828132919148904,747,1.1167482788359062,tilt_failed,,
Be2PdZn,0.443579,1.4828132919148904,748,1.694493506989641,ok,2.523314736852221,2.19824158875781e-14
Be2PdZn,0.443579,1.4828132919148904,749,1.302262799573773,tilt_failed,,
Be2PdZn,0.443579,1.4828132919148904,751,1.4302325000328937,ok,2.3153225066229544,4.75175454539567e-14
Be2PdZn,0.443579,1.4828132919148904,752,1.1843795937360242,tilt_failed,,
Be2PdZn,0.443579,1.4828132919148904,753,1.2467991454991594,tilt_failed,,
Be2PdZn,0.443579,1.4828132919148904,754,1.3084037010738316,tilt_failed,,
Be2PdZn,0.443579,1.4828132919148904,755,1.127904637347318,tilt_failed,,
Be2PdZn,0.443579,1.4828132919148904,756,1.1362818426184422,tilt_failed,,
Be2PdZn,0.443579,1.4828132919148904,757,1.100802380846258,tilt_failed,,
Be2PdZn,0.443579,1.4828132919148904,758,1.3949927741481365,ok,2.2593368679646164,4.3991299492063263e-10
Be2PdZn,0.443579,1.4828132919148904,759,1.4183842994842466,ok,2.26364345555372,6.26536822423418e-10
Be2PdZn,0.443579,1.4828132919148904,760,1.2102611209640577,tilt_failed,,
Be2PdZn,0.443579,1.4828132919148904,761,1.2663314026180976,tilt_failed,,
Be2PdZn,0.443579,1.4828132919148904,762,1.3777321774334297,ok,2.317077042307404,1.0635936575909e-13
Be2PdZn,0.443579,1.4828132919148904,763,1.305145963756346,tilt_failed,,
Be2PdZn,0.443579,1.4828132919148904,764,1.1478558696214831,tilt_failed,,
Be2PdZn,0.443579,1.4828132919148904,765,1.1502605178984286,tilt_failed,,
Be2PdZn,0.443579,1.4828132919148904,766,1.0838412212065316,tilt_failed,,
Be2PdZn,0.443579,1.4828132919148904,767,1.1332403717730348,tilt_failed,,
Be2PdZn,0.443579,1.4828132919148904,768,1.2320401148776583,tilt_failed,,
Be2PdZn,0.443579,1.4828132919148904,769,1.2486667610503928,tilt_failed,,
Be2PdZn,0.443579,1.4828132919148904,770,1.250848039528919,tilt_failed,,
Be2PdZn,0.443579,1.4828132919148904,771,1.3936369998261762,ok,2.3319108440032026,2.0860735361338806e-10
Be2PdZn,0.443579,1.4828132919148904,772,1.1205212158736564,tilt_failed,,
Be2PdZn,0.443579,1.4828132919148904,773,1.3981100032596707,ok,2.363970996055414,8.881784197001252e-16
Be2PdZn,0.443579,1.4828132919148904,774,1.2331029301613488,tilt_failed,,
Be2PdZn,0.443579,1.4828132919148904,775,1.1555018982998198,tilt_failed,,
Be2PdZn,0.443579,1.4828132919148904,776,1.2044493992086105,tilt_failed,,
Be2PdZn,0.443579,1.4828132919148904,777,1.234105473032425,tilt_failed,,
Be2PdZn,0.443579,1.4828132919148904,778,1.1570272559376111,tilt_failed,,
Be2PdZn,0.443579,1.4828132919148904,779,1.1787220633212,tilt_failed,,
Be2PdZn,0.443579,1.4828132919148904,780,1.1993280645351014,tilt_failed,,
Be2PdZn,0.443579,1.4828132919148904,781,1.4811431690612211,ok,2.2878879486479287,5.948574965941589e-13
Be2PdZn,0.443579,1.4828132919148904,782,1.1483026716648268,tilt_failed,,
Be2PdZn,0.443579,1.4828132919148904,783,1.277439204456397,tilt_failed,,
Be2PdZn,0.443579,1.4828132919148904,784,1.8278752279782176,ok,2.280231792933968,2.220446049250313e-16
Be2PdZn,0.443579,1.4828132919148904,785,1.1108773276310775,tilt_failed,,
Be2PdZn,0.443579,1.4828132919148904,787,1.1244237018254992,tilt_failed,,
Be2PdZn,0.443579,1.4828132919148904,788,1.3448207846155091,tilt_failed,,
Be2PdZn,0.443579,1.4828132919148904,789,1.236080660105768,tilt_failed,,
Be2PdZn,0.443579,1.4828132919148904,790,1.463730019930028,ok,2.3047952925162583,4.920508445138694e-13
Be2PdZn,0.443579,1.4828132919148904,791,1.3486661710751071,tilt_failed,,
Be2PdZn,0.443579,1.4828132919148904,792,1.4998417781302211,ok,2.3078258541530343,8.881784197001252e-16
Be2PdZn,0.443579,1.4828132919148904,793,1.262363712317896,tilt_failed,,
Be2PdZn,0.443579,1.4828132919148904,794,1.648859186350943,ok,2.32377617855712,2.664535259100376e-15
Be2PdZn,0.443579,1.4828132919148904,795,1.457897167543866,ok,2.285335896743275,4.6629367034256575e-15
Be2PdZn,0.443579,1.4828132919148904,796,1.0771268421274127,tilt_failed,,
Be2PdZn,0.443579,1.4828132919148904,797,1.3019344124387546,tilt_failed,,
Be2PdZn,0.443579,1.4828132919148904,798,1.5813757586167136,ok,2.2580608420122896,2.220446049250313e-16
Be2PdZn,0.443579,1.4828132919148904,799,1.7880193935350666,ok,2.4078343881666475,1.7039702981946905e-12
Be2PdZn,0.443579,1.4828132919148904,800,1.195687095530662,tilt_failed,,
Be2PdZn,0.443579,1.4828132919148904,801,1.2236251517407148,tilt_failed,,
Be2PdZn,0.443579,1.4828132919148904,802,1.0611425939610082,tilt_failed,,
Be2PdZn,0.443579,1.4828132919148904,803,1.342126825185788,tilt_failed,,
Be2PdZn,0.443579,1.4828132919148904,804,1.2612192930393813,tilt_failed,,
Be2PdZn,0.443579,1.4828132919148904,806,1.1579681711987988,tilt_failed,,
Be2PdZn,0.443579,1.4828132919148904,807,1.2870565508573726,tilt_failed,,
Be2PdZn,0.443579,1.4828132919148904,808,1.1858657415896154,tilt_failed,,
Be2PdZn,0.443579,1.4828132919148904,809,1.318700227235636,tilt_failed,,
Be2PdZn,0.443579,1.4828132919148904,810,1.3291901552686738,tilt_failed,,
Be2PdZn,0.443579,1.4828132919148904,811,1.4888995687284132,ok,2.240355981923756,4.705224321277512e-09
Be2PdZn,0.443579,1.4828132919148904,812,1.193489593933878,tilt_failed,,
Be2PdZn,0.443579,1.4828132919148904,813,1.3317096472829055,tilt_failed,,
Be2PdZn,0.443579,1.4828132919148904,814,1.1474775913885171,tilt_failed,,
Be2PdZn,0.443579,1.4828132919148904,815,1.2225593489689772,tilt_failed,,
Be2PdZn,0.443579,1.4828132919148904,816,1.197729369049827,tilt_failed,,
Be2PdZn,0.443579,1.4828132919148904,817,1.1334106835406128,tilt_failed,,
Be2PdZn,0.443579,1.4828132919148904,818,1.165560238853013,tilt_failed,,
Be2PdZn,0.443579,1.4828132919148904,819,1.198483176689656,tilt_failed,,
Be2PdZn,0.443579,1.4828132919148904,820,1.0501245364790412,tilt_failed,,
Be2PdZn,0.443579,1.4828132919148904,821,1.0636832133118437,tilt_failed,,
Be2PdZn,0.443579,1.4828132919148904,822,1.0747872770621276,tilt_failed,,
Be2PdZn,0.443579,1.4828132919148904,823,1.151419329299825,tilt_failed,,
BeNi2Si,0.410858,1.3334180944262313,0,1.2495659770880998,tilt_failed,,
BeNi2Si,0.410858,1.3334180944262313,1,2.2706842351618963,ok,1.7456436984519563,7.771561172376098e-16
BeNi2Si,0.410858,1.3334180944262313,2,1.7162466041892894,ok,1.7456436984519563,5.174412009978369e-10
BeNi2Si,0.410858,1.3334180944262313,3,1.2264104119995611,tilt_failed,,
BeNi2Si,0.410858,1.3334180944262313,4,2.788503163011089,ok,1.7574703843432211,9.570122472268853e-14
BeNi2Si,0.410858,1.3334180944262313,7,1.91973294543728,ok,1.804244394309575,2.9958258096485224e-12
BeNi2Si,0.410858,1.3334180944262313,8,1.2087205694286438,tilt_failed,,
BeNi2Si,0.410858,1.3334180944262313,9,1.54220592830463,ok,1.7312598912869048,1.1102230246251563e-16
BeNi2Si,0.410858,1.3334180944262313,10,1.2488199371162336,ok,1.7954010165710614,4.440892098500626e-16
BeNi2Si,0.410858,1.3334180944262313,11,1.6041167302560164,ok,1.750012113961343,3.663735981263017e-13
BeNi2Si,0.410858,1.3334180944262313,12,1.7261148456153768,ok,1.730407517528976,3.1747937612180976e-12
BeNi2Si,0.410858,1.3334180944262313,13,1.790288721762513,ok,1.835888770072689,4.7588821772137635e-11
BeNi2Si,0.410858,1.3334180944262313,14,1.9239252842736112,ok,1.807334249182068,3.419486915845482e-14
BeNi2Si,0.410858,1.3334180944262313,15,1.1274910127681486,tilt_failed,,
BeNi2Si,0.410858,1.3334180944262313,16,1.3560845507149728,ok,1.7298747839302702,6.483036329996139e-12
BeNi2Si,0.410858,1.3334180944262313,17,1.960211845904679,ok,1.7946551895328735,4.638511796883904e-13
BeNi2Si,0.410858,1.3334180944262313,18,1.2270725297391634,tilt_failed,,
BeNi2Si,0.410858,1.3334180944262313,19,1.231716841418951,ok,1.747668086127038,4.334954617490894e-11
BeNi2Si,0.410858,1.3334180944262313,20,1.617458444836998,ok,1.7635435473684655,2.9783620014711687e-10
BeNi2Si,0.410858,1.3334180944262313,21,1.1014773083297704,tilt_failed,,
BeNi2Si,0.410858,1.3334180944262313,22,1.2230707005175832,tilt_failed,,
BeNi2Si,0.410858,1.3334180944262313,23,1.5082805379061974,ok,1.7665268555212172,1.1102230246251563e-16
BeNi2Si,0.410858,1.3334180944262313,24,1.1107421871665006,tilt_failed,,
BeNi2Si,0.410858,1.3334180944262313,25,1.6580338897417757,ok,1.7601340523367497,2.0209389717251725e-11
BeNi2Si,0.410858,1.3334180944262313,26,1.4011250231692336,ok,1.7586423982603736,1.6875389974302384e-13
BeNi2Si,0.410858,1.3334180944262313,27,1.1878485234326608,tilt_failed,,
BeNi2Si,0.410858,1.3334180944262313,28,1.2809142917378686,ok,1.759920958897267,1.09801057135428e-13
BeNi2Si,0.410858,1.3334180944262313,29,1.14417114939594,tilt_failed,,
BeNi2Si,0.410858,1.3334180944262313,30,1.279423498252087,ok,1.750225207400825,9.853562410455652e-12
BeNi2Si,0.410858,1.3334180944262313,31,1.127390982145868,tilt_failed,,
BeNi2Si,0.410858,1.3334180944262313,32,1.7694527128929365,ok,1.7249736348221787,5.551115123125785e-16
BeNi2Si,0.410858,1.3334180944262313,33,1.9449744748383688,ok,1.7506513942797897,8.881784197001252e-16
BeNi2Si,0.410858,1.3334180944262313,34,1.305458862284803,ok,1.7610929728144198,1.8101742327303327e-11
BeNi2Si,0.410858,1.3334180944262313,35,1.14630375947696,tilt_failed,,
BeNi2Si,0.410858,1.3334180944262313,37,1.310178753577754,ok,1.7806975692467866,5.964118088286341e-13
BeNi2Si,0.410858,1.3334180944262313,38,1.7442216691830636,ok,1.7220968733891682,2.8612667790639534e-12
BeNi2Si,0.410858,1.3334180944262313,39,1.1638444276297335,tilt_failed,,
BeNi2Si,0.410858,1.3334180944262313,40,1.4494239809659757,ok,1.7251867282616606,1.9984014443252818e-15
BeNi2Si,0.410858,1.3334180944262313,41,1.8840287893421608,ok,1.861886169689524,1.4062084829902233e-12
BeNi2Si,0.410858,1.3334180944262313,42,1.351040894815895,ok,1.73648068055422,1.2458922782343508e-11
BeNi2Si,0.410858,1.3334180944262313,43,1.4702120347057033,ok,1.77153455134905,5.551115123125785e-16
BeNi2Si,0.410858,1.3334180944262313,44,1.829743846930496,ok,1.747454992687556,7.33983318568221e-10
BeNi2Si,0.410858,1.3334180944262313,45,1.1493169231325773,tilt_failed,,
BeNi2Si,0.410858,1.3334180944262313,46,1.28602635845907,ok,1.7309402511276817,3.25961480029946e-13
BeNi2Si,0.410858,1.3334180944262313,47,1.2238275409651755,tilt_failed,,
BeNi2Si,0.410858,1.3334180944262313,48,1.2894190733474804,ok,1.710589827657127,1.3988810110276972e-14
BeNi2Si,0.410858,1.3334180944262313,49,1.177109438002338,tilt_failed,,
BeNi2Si,0.410858,1.3334180944262313,50,1.2680247255034056,ok,1.7163433505231476,2.63407518019676e-10
BeNi2Si,0.410858,1.3334180944262313,51,1.1791416494237867,tilt_failed,,
BeNi2Si,0.410858,1.3334180944262313,52,1.3362714590165126,ok,1.748413913165226,5.472766684277983e-10
BeNi2Si,0.410858,1.3334180944262313,53,1.9706092067997636,ok,1.7170891775613355,1.464228738257134e-11
BeNi2Si,0.410858,1.3334180944262313,54,1.5184273841127949,ok,1.777501167654553,1.1329825966299722e-12
BeNi2Si,0.410858,1.3334180944262313,55,1.280423850703025,ok,1.7784600881322228,2.4424906541753444e-15
BeNi2Si,0.410858,1.3334180944262313,56,1.502562458544429,ok,1.8071211557425853,7.904787935331116e-14
BeNi2Si,0.410858,1.3334180944262313,57,1.2200550756937456,tilt_failed,,
BeNi2Si,0.410858,1.3334180944262313,58,1.2345136582655487,ok,1.7336039191212098,1.56859247812946e-09
BeNi2Si,0.410858,1.3334180944262313,59,1.0660111121143323,tilt_failed,,
BeNi2Si,0.410858,1.3334180944262313,60,1.3418071048269182,ok,1.7732392988649082,7.224310039077864e-11
BeNi2Si,0.410858,1.3334180944262313,61,1.1896608565745292,ok,1.761519159693384,7.281358849198226e-10
BeNi2Si,0.410858,1.3334180944262313,62,1.4185845019768744,ok,1.7788862750111876,2.353672812205332e-13
BeNi2Si,0.410858,1.3334180944262313,63,1.2985196416877565,ok,1.7468157123691093,2.3314683517128287e-15
BeNi2Si,0.410858,1.3334180944262313,64,1.115432932623103,tilt_failed,,
BeNi2Si,0.410858,1.3334180944262313,65,1.3555050736729355,ok,1.753847795872023,7.027267656667391e-12
BeNi2Si,0.410858,1.3334180944262313,66,1.1061142576035432,tilt_failed,,
BeNi2Si,0.410858,1.3334180944262313,67,1.2536100867170448,ok,1.7240147143445084,6.644684802381562e-13
BeNi2Si,0.410858,1.3334180944262313,68,1.3984362609311425,ok,1.7566180105852929,1.1293188606487092e-12
BeNi2Si,0.410858,1.3334180944262313,69,1.187244556731469,tilt_failed,,
BeNi2Si,0.410858,1.3334180944262313,70,1.1889132929168749,tilt_failed,,
BeNi2Si,0.410858,1.3334180944262313,71,1.090596341240824,tilt_failed,,
BeNi2Si,0.410858,1.3334180944262313,72,1.4536873675875346,ok,1.767166135839664,1.5543122344752194e-15
BeNi2Si,0.410858,1.3334180944262313,73,1.1491232568634893,tilt_failed,,
BeNi2Si,0.410858,1.3334180944262313,74,1.5519461116386573,ok,1.7769684340558474,5.370321964903724e-10
BeNi2Si,0.410858,1.3334180944262313,75,1.213740225956765,tilt_failed,,
BeNi2Si,0.410858,1.3334180944262313,76,1.483452949667594,ok,1.7691905235147454,1.2212453270876722e-15
BeNi2Si,0.410858,1.3334180944262313,77,2.029600064598912,ok,1.858157034498584,2.633449014410872e-13
BeNi2Si,0.410858,1.3334180944262313,78,1.1109698597582736,tilt_failed,,
BeNi2Si,0.410858,1.3334180944262313,79,1.1378123861639873,tilt_failed,,
BeNi2Si,0.410858,1.3334180944262313,80,1.089164398668054,tilt_failed,,
BeNi2Si,0.410858,1.3334180944262313,81,1.310076556917332,ok,1.7345628395988797,7.541722801818195e-10
BeNi2Si,0.410858,1.3334180944262313,82,1.1809358978696127,tilt_failed,,
BeNi2Si,0.410858,1.3334180944262313,83,1.272923944182704,ok,1.7411687362228294,5.88418203051333e-14
BeNi2Si,0.410858,1.3334180944262313,84,1.692929560488284,ok,1.7350955731975852,1.5765166949677225e-13
BeNi2Si,0.410858,1.3334180944262313,86,1.6552762156375826,ok,1.8196936686720384,1.6209256159527282e-14
BeNi2Si,0.410858,1.3334180944262313,87,1.5277331202443705,ok,1.7876231060299594,1.4432899320127037e-15
BeNi2Si,0.410858,1.3334180944262313,88,1.180031941817787,tilt_failed,,
BeNi2Si,0.410858,1.3334180944262313,89,1.4650364878146038,ok,1.7340301060001742,2.90878432451791e-13
BeNi2Si,0.410858,1.3334180944262313,90,1.8204379516510836,ok,1.8113830245322304,2.1094237467877974e-15
BeNi2Si,0.410858,1.3334180944262313,91,1.1367427913444363,tilt_failed,,
BeNi2Si,0.410858,1.3334180944262313,92,1.4580521646341924,ok,1.730514064248717,1.6136836311630987e-09
BeNi2Si,0.410858,1.3334180944262313,93,1.4025405990429631,ok,1.7511841278784952,4.885092330653151e-12
BeNi2Si,0.410858,1.3334180944262313,94,1.1734459764579346,tilt_failed,,
BeNi2Si,0.410858,1.3334180944262313,95,1.188588702972832,tilt_failed,,
BeNi2Si,0.410858,1.3334180944262313,96,1.183748064018879,tilt_failed,,
BeNi2Si,0.410858,1.3334180944262313,97,1.6691354279943689,ok,1.706860692466187,1.9242829552013063e-11
BeNi2Si,0.410858,1.3334180944262313,98,1.527407357159413,ok,1.7633304539289831,6.661338147750939e-16
BeNi2Si,0.410858,1.3334180944262313,99,1.349041702506478,ok,1.7650352014448414,1.8227197529085967e-10
BeNi2Si,0.410858,1.3334180944262313,100,1.2686733725284691,tilt_failed,,
BeNi2Si,0.410858,1.3334180944262313,101,1.1952692111054526,tilt_failed,,
BeNi2Si,0.410858,1.3334180944262313,102,1.6428132221391716,ok,1.7428734837386872,7.231228948967328e-10
BeNi2Si,0.410858,1.3334180944262313,103,1.4789924766230378,ok,1.7932700821762393,8.751444013910259e-11
BeNi2Si,0.410858,1.3334180944262313,104,1.604887959148538,ok,1.7495859270823786,1.1282086376240839e-11
BeNi2Si,0.410858,1.3334180944262313,105,1.257899489985736,tilt_failed,,
BeNi2Si,0.410858,1.3334180944262313,106,1.5614412208311628,ok,1.7397836288661948,2.375077912120105e-11
BeNi2Si,0.410858,1.3334180944262313,107,1.081495084123776,tilt_failed,,
BeNi2Si,0.410858,1.3334180944262313,108,1.343766994610735,ok,1.748946646763932,1.5654144647214707e-14
BeNi2Si,0.410858,1.3334180944262313,109,1.358340283522718,ok,1.762264986731572,2.046851577119924e-11
BeNi2Si,0.410858,1.3334180944262313,110,1.575061788917229,ok,1.741808016541276,4.872768855079812e-12
BeNi2Si,0.410858,1.3334180944262313,111,1.436442909832728,ok,1.7393574419872304,2.0439427927954054e-10
BeNi2Si,0.410858,1.3334180944262313,112,1.1518957122218951,tilt_failed,,
BeNi2Si,0.410858,1.3334180944262313,113,1.5055184596021824,ok,1.736587227273961,1.4678911419707672e-09
BeNi2Si,0.410858,1.3334180944262313,114,1.0987198766030724,tilt_failed,,
BeNi2Si,0.410858,1.3334180944262313,115,1.5235038680298332,ok,1.7755833266992127,4.440892098500626e-16
BeNi2Si,0.410858,1.3334180944262313,116,1.333078688177768,ok,1.7377592411911134,1.2774226121337053e-12
BeNi2Si,0.410858,1.3334180944262313,117,1.2540089392677942,ok,1.7312598912869048,1.407429728317311e-12
BeNi2Si,0.410858,1.3334180944262313,118,1.143882983505564,tilt_failed,,
BeNi2Si,0.410858,1.3334180944262313,119,1.3704393263599983,ok,1.7358414002357732,6.048272993552928e-11
BeNi2Si,0.410858,1.3334180944262313,120,1.144395344691357,tilt_failed,,
BeNi2Si,0.410858,1.3334180944262313,121,1.1807788573901603,tilt_failed,,
BeNi2Si,0.410858,1.3334180944262313,122,1.2887006971178392,ok,1.7609864260946786,1.0658141036401504e-14
BeNi2Si,0.410858,1.3334180944262313,123,1.189762463715359,tilt_failed,,
BeNi2Si,0.410858,1.3334180944262313,124,1.610495299143263,ok,1.7773946209348117,6.885381154120296e-12
BeNi2Si,0.410858,1.3334180944262313,125,1.411138629723674,ok,1.7079261596635988,2.8044233602031454e-13
BeNi2Si,0.410858,1.3334180944262313,126,1.3527309829010998,ok,1.7572572909037394,8.267830864383539e-12
BeNi2Si,0.410858,1.3334180944262313,127,1.4372470134748845,ok,1.7283831298538948,2.886020311620996e-10
BeNi2Si,0.410858,1.3334180944262313,128,1.2414276531930049,tilt_failed,,
BeNi2Si,0.410858,1.3334180944262313,129,1.224222092828324,tilt_failed,,
BeNi2Si,0.410858,1.3334180944262313,130,1.3959931932380203,ok,1.7394639887069712,1.1768364061026661e-14
BeNi2Si,0.410858,1.3334180944262313,131,1.1674348404826378,tilt_failed,,
BeNi2Si,0.410858,1.3334180944262313,132,1.230716631784396,tilt_failed,,
BeNi2Si,0.410858,1.3334180944262313,133,1.915369861410412,ok,1.7378657879108546,1.6275869541004797e-13
BeNi2Si,0.410858,1.3334180944262313,134,1.2107274137413238,tilt_failed,,
BeNi2Si,0.410858,1.3334180944262313,135,1.266400074302206,ok,1.711335654695315,3.2445601760855425e-11
BeNi2Si,0.410858,1.3334180944262313,136,2.0072148055446664,ok,1.747454992687556,1.461053500406706e-13
BeNi2Si,0.410858,1.3334180944262313,137,1.2307455302633798,tilt_failed,,
BeNi2Si,0.410858,1.3334180944262313,138,1.4948158524550723,ok,1.7567245573050334,6.217248937900877e-15
BeNi2Si,0.410858,1.3334180944262313,139,1.4394343085446633,ok,1.780164835648081,2.3314683517128287e-15
BeNi2Si,0.410858,1.3334180944262313,140,1.208104391913723,ok,1.727211115936742,7.66053886991358e-14
BeNi2Si,0.410858,1.3334180944262313,141,1.2125461951624,tilt_failed,,
BeNi2Si,0.410858,1.3334180944262313,142,1.3621005063639018,ok,1.7390378018280068,4.255396035546255e-11
BeNi2Si,0.410858,1.3334180944262313,143,1.304415160359255,ok,1.7271045692170008,6.647717931684838e-10
BeNi2Si,0.410858,1.3334180944262313,144,1.139162767366352,tilt_failed,,
BeNi2Si,0.410858,1.3334180944262313,145,1.1809791869368715,tilt_failed,,
BeNi2Si,0.410858,1.3334180944262313,146,1.1077392885831656,tilt_failed,,
BeNi2Si,0.410858,1.3334180944262313,147,1.5212991981750854,ok,1.7112291079755737,5.551115123125784e-16
BeNi2Si,0.410858,1.3334180944262313,148,1.4085606637291097,ok,1.7104832809373858,3.076650045841234e-12
BeNi2Si,0.410858,1.3334180944262313,149,1.1147076984090545,tilt_failed,,
BeNi2Si,0.410858,1.3334180944262313,150,1.465561536960908,ok,1.7590685851393384,1.0942358130705545e-12
BeNi2Si,0.410858,1.3334180944262313,151,1.778288711625336,ok,1.745856791891439,2.55351295663786e-14
BeNi2Si,0.410858,1.3334180944262313,152,1.2889213397543615,ok,1.7049428515108471,2.042810365310288e-13
BeNi2Si,0.410858,1.3334180944262313,153,1.43422242156877,ok,1.746709165649368,2.022906286924808e-10
BeNi2Si,0.410858,1.3334180944262313,154,1.2790711157260268,ok,1.7240147143445084,3.74200670449909e-12
BeNi2Si,0.410858,1.3334180944262313,155,1.1949958360842703,tilt_failed,,
BeNi2Si,0.410858,1.3334180944262313,156,1.392559330649519,ok,1.740636002624124,2.2337687255458152e-13
BeNi2Si,0.410858,1.3334180944262313,157,2.0146862980231384,ok,1.726891475777519,5.396794122702886e-13
BeNi2Si,0.410858,1.3334180944262313,158,1.2291977529804377,ok,1.7744113127820604,1.0436096431476471e-14
BeNi2Si,0.410858,1.3334180944262313,159,1.4098975511180123,ok,1.7654613883238055,1.2212453270876722e-15
BeNi2Si,0.410858,1.3334180944262313,160,1.3466578054063896,ok,1.734775933038362,4.440892098500626e-16
BeNi2Si,0.410858,1.3334180944262313,161,1.4437610677371713,ok,1.7647155612856178,7.527312106958561e-12
BeNi2Si,0.410858,1.3334180944262313,162,1.3847319099428506,ok,1.740955642783347,2.3732127374387346e-12
BeNi2Si,0.410858,1.3334180944262313,163,1.3262402355053773,ok,1.744791324694028,4.218847493575595e-15
BeNi2Si,0.410858,1.3334180944262313,164,1.1306879890665755,tilt_failed,,
BeNi2Si,0.410858,1.3334180944262313,165,1.5011901098702691,ok,1.7346693863186209,7.403189172805469e-12
BeNi2Si,0.410858,1.3334180944262313,166,1.163640736073686,tilt_failed,,
BeNi2Si,0.410858,1.3334180944262313,167,1.437761502755005,ok,1.785279078195655,1.6569634553320608e-11
BeNi2Si,0.410858,1.3334180944262313,168,1.1696486834562227,tilt_failed,,
BeNi2Si,0.410858,1.3334180944262313,169,1.0749564463438346,tilt_failed,,
BeNi2Si,0.410858,1.3334180944262313,170,1.361803227221554,ok,1.803285473831905,1.887379141862766e-15
BeNi2Si,0.410858,1.3334180944262313,171,1.1735767108156834,tilt_failed,,
BeNi2Si,0.410858,1.3334180944262313,172,1.2153105527004917,ok,1.7885820265076298,6.994405055138486e-15
BeNi2Si,0.410858,1.3334180944262313,173,1.1474876084722654,tilt_failed,,
BeNi2Si,0.410858,1.3334180944262313,174,1.4111318283749357,ok,1.7576834777827035,2.7542412794900883e-12
BeNi2Si,0.410858,1.3334180944262313,175,1.0688908404978614,tilt_failed,,
BeNi2Si,0.410858,1.3334180944262313,176,1.3773264423154874,ok,1.7487335533244497,8.881784197001252e-16
BeNi2Si,0.410858,1.3334180944262313,177,1.08263932881456,tilt_failed,,
BeNi2Si,0.410858,1.3334180944262313,178,1.1739198743217023,tilt_failed,,
BeNi2Si,0.410858,1.3334180944262313,179,1.0942454571100102,tilt_failed,,
BeNi2Si,0.410858,1.3334180944262313,180,1.1890158521657803,tilt_failed,,
BeNi2Si,0.410858,1.3334180944262313,181,1.3029027784610538,ok,1.7491597402034138,2.4424906541753444e-15
BeNi2Si,0.410858,1.3334180944262313,182,1.2152116774250383,tilt_failed,,
BeNi2Si,0.410858,1.3334180944262313,183,1.1362457556679368,tilt_failed,,
BeNi2Si,0.410858,1.3334180944262313,184,1.130157039069779,tilt_failed,,
BeNi2Si,0.410858,1.3334180944262313,185,1.3619305641256605,ok,1.7257194618603666,9.348744001158592e-12
BeNi2Si,0.410858,1.3334180944262313,186,1.7866098777593449,ok,1.7370134141529254,5.551115123125784e-16
BeNi2Si,0.410858,1.3334180944262313,187,1.2106070966716411,ok,1.7266783823380365,2.09277040141842e-13
BeNi2Si,0.410858,1.3334180944262313,188,1.1702211910012936,tilt_failed,,
BeNi2Si,0.410858,1.3334180944262313,189,1.3859855782588169,ok,1.751077581158754,6.94226454100999e-10
BeNi2Si,0.410858,1.3334180944262313,190,1.3071560126575426,ok,1.7390378018280068,2.202904525461236e-11
BeNi2Si,0.410858,1.3334180944262313,191,1.2391387765366944,tilt_failed,,
BeNi2Si,0.410858,1.3334180944262313,192,1.1338062824699524,tilt_failed,,
BeNi2Si,0.410858,1.3334180944262313,193,1.3229109531003695,ok,1.7336039191212098,2.9976021664879227e-14
BeNi2Si,0.410858,1.3334180944262313,194,1.2566149825846944,ok,1.7668464956804404,1.4845902285287593e-12
BeNi2Si,0.410858,1.3334180944262313,195,1.1592174401246005,tilt_failed,,
BeNi2Si,0.410858,1.3334180944262313,196,1.22891909207467,ok,1.7366937739937025,2.502487106426088e-11
BeNi2Si,0.410858,1.3334180944262313,197,1.1520028579943609,tilt_failed,,
BeNi2Si,0.410858,1.3334180944262313,198,1.1968238241844789,tilt_failed,,
BeNi2Si,0.410858,1.3334180944262313,199,1.1699724372925584,tilt_failed,,
BeNi2Si,0.410858,1.3334180944262313,200,1.1758533730359604,tilt_failed,,
BeNi2Si,0.410858,1.3334180944262313,201,1.342907166956666,ok,1.7323253584843163,2.3314683517128287e-15
BeNi2Si,0.410858,1.3334180944262313,202,1.3737057563015538,ok,1.74404549765584,2.0525803279269894e-12
BeNi2Si,0.410858,1.3334180944262313,203,1.1711131798216483,tilt_failed,,
BeNi2Si,0.410858,1.3334180944262313,205,1.1570428018565817,tilt_failed,,
BeNi2Si,0.410858,1.3334180944262313,206,1.213185281735262,tilt_failed,,
BeNi2Si,0.410858,1.3334180944262313,207,1.454830958553857,ok,1.7290224101723417,4.440892098500626e-16
BeNi2Si,0.410858,1.3334180944262313,208,1.1445793727955855,tilt_failed,,
BeNi2Si,0.410858,1.3334180944262313,209,1.3594724772282143,ok,1.7729196587056846,8.881784197001252e-16
BeNi2Si,0.410858,1.3334180944262313,210,1.3993969673684326,ok,1.7226296069878737,3.95072863312862e-12
BeNi2Si,0.410858,1.3334180944262313,211,1.3193362365046746,ok,1.7301944240894938,3.4416913763379853e-13
BeNi2Si,0.410858,1.3334180944262313,212,1.0923587376044432,tilt_failed,,
BeNi2Si,0.410858,1.3334180944262313,213,1.5349021026957292,ok,1.7455371517322158,8.469158707669067e-10
BeNi2Si,0.410858,1.3334180944262313,214,1.6340348762511054,ok,1.7463895254901445,4.440892098500626e-16
BeNi2Si,0.410858,1.3334180944262313,215,1.331084395822535,ok,1.7171957242810767,1.8481053354335582e-09
BeNi2Si,0.410858,1.3334180944262313,216,1.3707452381475895,ok,1.7404229091846417,4.5414583205172216e-10
BeNi2Si,0.410858,1.3334180944262313,217,1.166656266846943,tilt_failed,,
BeNi2Si,0.410858,1.3334180944262313,219,1.1421813151806643,tilt_failed,,
BeNi2Si,0.410858,1.3334180944262313,220,1.2892005959333244,ok,1.7370134141529254,1.551163641977382e-09
BeNi2Si,0.410858,1.3334180944262313,221,1.1354651202569948,tilt_failed,,
BeNi2Si,0.410858,1.3334180944262313,222,1.6637425118184814,ok,1.7408490960636058,2.7948310332703837e-11
BeNi2Si,0.410858,1.3334180944262313,223,1.0834378978178485,tilt_failed,,
BeNi2Si,0.410858,1.3334180944262313,224,1.639569113494013,ok,1.733177732242245,1.61653801455941e-10
BeNi2Si,0.410858,1.3334180944262313,225,1.192358197028064,tilt_failed,,
BeNi2Si,0.410858,1.3334180944262313,226,1.2700329486781816,ok,1.7360544936752556,9.269651712884296e-11
BeNi2Si,0.410858,1.3334180944262313,227,1.2446412551586832,tilt_failed,,
BeNi2Si,0.410858,1.3334180944262313,228,1.223494580669506,tilt_failed,,
BeNi2Si,0.410858,1.3334180944262313,229,1.3120751034636031,ok,1.7506513942797897,3.3136160482172266e-11
BeNi2Si,0.410858,1.3334180944262313,230,1.297968233710469,ok,1.7054755851095529,1.2367632473697652e-09
BeNi2Si,0.410858,1.3334180944262313,231,1.4521294238640576,ok,1.7582162113814093,1.6210588427156836e-11
BeNi2Si,0.410858,1.3334180944262313,232,1.3388972283626686,ok,1.7426603902992053,3.552713678800501e-15
BeNi2Si,0.410858,1.3334180944262313,233,1.2294966337985014,tilt_failed,,
BeNi2Si,0.410858,1.3334180944262313,234,1.3367577334805305,ok,1.7344562928791385,8.881784197001252e-16
BeNi2Si,0.410858,1.3334180944262313,235,1.3456178525399525,ok,1.7395705354267124,2.3536728122053322e-14
BeNi2Si,0.410858,1.3334180944262313,236,1.5347393946965364,ok,1.7487335533244497,1.1102230246251563e-15
BeNi2Si,0.410858,1.3334180944262313,237,1.372552847769868,ok,1.7938028157749448,2.4416024757556447e-12
BeNi2Si,0.410858,1.3334180944262313,238,1.2078153338483466,ok,1.764076280967171,2.1819213102958197e-12
BeNi2Si,0.410858,1.3334180944262313,239,1.136799695865502,tilt_failed,,
BeNi2Si,0.410858,1.3334180944262313,240,1.2336936226850277,ok,1.7374396010318902,6.621592163469359e-12
BeNi2Si,0.410858,1.3334180944262313,241,1.3908392611094291,ok,1.7377592411911134,6.716849298982197e-14
BeNi2Si,0.410858,1.3334180944262313,242,1.1380664305711543,tilt_failed,,
BeNi2Si,0.410858,1.3334180944262313,243,1.4565967152004815,ok,1.7372265075924078,3.5786484886557446e-11
BeNi2Si,0.410858,1.3334180944262313,244,1.548177238737785,ok,1.7605602392157138,1.4432899320127037e-15
BeNi2Si,0.410858,1.3334180944262313,245,1.080626628016535,tilt_failed,,
BeNi2Si,0.410858,1.3334180944262313,246,1.680666722983827,ok,1.7461764320506623,6.347633529912855e-11
BeNi2Si,0.410858,1.3334180944262313,247,1.6023410315738544,ok,1.760453692495973,4.440892098500626e-16
BeNi2Si,0.410858,1.3334180944262313,248,1.280188717801789,ok,1.7096309071794566,1.5987211554602254e-14
BeNi2Si,0.410858,1.3334180944262313,249,1.1619572733578234,tilt_failed,,
BeNi2Si,0.410858,1.3334180944262313,250,1.6241687379889749,ok,1.7623715334513133,1.8474111129762605e-13
BeNi2Si,0.410858,1.3334180944262313,251,1.407138046146224,ok,1.7507579409995309,7.977329907760121e-11
BeNi2Si,0.410858,1.3334180944262313,252,1.1634444275069369,tilt_failed,,
BeNi2Si,0.410858,1.3334180944262313,253,1.145372048940466,tilt_failed,,
BeNi2Si,0.410858,1.3334180944262313,254,1.2480675339326317,ok,1.733177732242245,2.6714008782846577e-10
BeNi2Si,0.410858,1.3334180944262313,255,1.3171597627074,ok,1.7229492471470973,1.1812772982011668e-13
BeNi2Si,0.410858,1.3334180944262313,256,1.3561775969891958,ok,1.7759029668584358,3.1178171155943346e-11
BeNi2Si,0.410858,1.3334180944262313,257,1.2394352500850188,tilt_failed,,
BeNi2Si,0.410858,1.3334180944262313,258,1.637894953676489,ok,1.743512764057134,1.2849277197801712e-11
BeNi2Si,0.410858,1.3334180944262313,259,1.5415246566853025,ok,1.7728131119859434,6.232938609684878e-10
BeNi2Si,0.410858,1.3334180944262313,260,1.1629476523510325,tilt_failed,,
BeNi2Si,0.410858,1.3334180944262313,261,1.0955162848962736,tilt_failed,,
BeNi2Si,0.410858,1.3334180944262313,262,1.0975952055705966,tilt_failed,,
BeNi2Si,0.410858,1.3334180944262313,263,1.4034793707473985,ok,1.7397836288661948,1.0624834345662749e-13
BeNi2Si,0.410858,1.3334180944262313,264,1.1781617188091416,tilt_failed,,
BeNi2Si,0.410858,1.3334180944262313,265,1.390207366972563,ok,1.74692225908885,4.440892098500626e-16
BeNi2Si,0.410858,1.3334180944262313,266,1.1866622396078237,ok,1.748520459884967,2.4888635596909126e-10
BeNi2Si,0.410858,1.3334180944262313,267,1.1944758847773556,tilt_failed,,
BeNi2Si,0.410858,1.3334180944262313,268,1.2652190542882067,ok,1.7241212610642496,7.792877454448899e-12
BeNi2Si,0.410858,1.3334180944262313,269,1.4254635342071718,ok,1.7522495950759065,3.65063534957244e-12
BeNi2Si,0.410858,1.3334180944262313,270,1.343134553718497,ok,1.717408817720559,2.5313084961453572e-14
BeNi2Si,0.410858,1.3334180944262313,271,1.3767236353889774,ok,1.7567245573050334,3.211919619161563e-11
BeNi2Si,0.410858,1.3334180944262313,272,1.1123357058084111,tilt_failed,,
BeNi2Si,0.410858,1.3334180944262313,273,1.4168121091716548,ok,1.7441520443755807,3.1223912344557907e-12
BeNi2Si,0.410858,1.3334180944262313,274,1.502616219596946,ok,1.7340301060001742,6.661338147750939e-16
BeNi2Si,0.410858,1.3334180944262313,275,1.2285917591153783,tilt_failed,,
BeNi2Si,0.410858,1.3334180944262313,276,1.2002689769020587,tilt_failed,,
BeNi2Si,0.410858,1.3334180944262313,277,1.302667296554906,ok,1.7420211099807583,5.020327487059717e-10
BeNi2Si,0.410858,1.3334180944262313,278,1.4852332540144135,ok,1.7654613883238055,3.1816771439707736e-12
BeNi2Si,0.410858,1.3334180944262313,279,1.3858827829562197,ok,1.7694036169542278,5.950129278176064e-12
BeNi2Si,0.410858,1.3334180944262313,280,1.204496744127414,tilt_failed,,
BeNi2Si,0.410858,1.3334180944262313,281,1.238996724981717,tilt_failed,,
BeNi2Si,0.410858,1.3334180944262313,282,1.2101433517951088,tilt_failed,,
BeNi2Si,0.410858,1.3334180944262313,283,1.160886390548463,tilt_failed,,
BeNi2Si,0.410858,1.3334180944262313,284,1.0712993897941343,tilt_failed,,
BeNi2Si,0.410858,1.3334180944262313,286,1.147957650854384,tilt_failed,,
BeNi2Si,0.410858,1.3334180944262313,287,1.3506629482712298,ok,1.7589620384195972,2.3485879907525486e-11
BeNi2Si,0.410858,1.3334180944262313,288,1.3733169691241391,ok,1.7179415513192646,2.081890215777093e-12
BeNi2Si,0.410858,1.3334180944262313,289,1.1352000177616108,tilt_failed,,
BeNi2Si,0.410858,1.3334180944262313,291,1.3762486528236826,ok,1.736587227273961,2.3730672982225087e-10
BeNi2Si,0.410858,1.3334180944262313,292,1.192245182172459,tilt_failed,,
BeNi2Si,0.410858,1.3334180944262313,293,1.1904444218079908,tilt_failed,,
BeNi2Si,0.410858,1.3334180944262313,294,1.149568554521543,tilt_failed,,
BeNi2Si,0.410858,1.3334180944262313,295,1.0830228085601894,tilt_failed,,
BeNi2Si,0.410858,1.3334180944262313,296,1.6428727676551007,ok,1.8220376965063427,6.086242620995108e-13
BeNi2Si,0.410858,1.3334180944262313,297,1.3153787662995997,ok,1.7187939250771933,1.2404310911762195e-10
BeNi2Si,0.410858,1.3334180944262313,298,1.546156860171355,ok,1.7473484459678148,4.440892098500626e-16
BeNi2Si,0.410858,1.3334180944262313,299,1.1303484304213467,tilt_failed,,
BeNi2Si,0.410858,1.3334180944262313,300,1.1358105762881288,tilt_failed,,
BeNi2Si,0.410858,1.3334180944262313,301,1.1203710110134677,tilt_failed,,
BeNi2Si,0.410858,1.3334180944262313,302,1.1659907139018306,tilt_failed,,
BeNi2Si,0.410858,1.3334180944262313,303,1.2387421296396957,tilt_failed,,
BeNi2Si,0.410858,1.3334180944262313,304,1.2173154420689452,ok,1.7658875752027705,2.278943700417813e-11
BeNi2Si,0.410858,1.3334180944262313,305,1.155896555708419,tilt_failed,,
BeNi2Si,0.410858,1.3334180944262313,306,1.825819674466264,ok,1.7504383008403073,1.4432899320127037e-15
BeNi2Si,0.410858,1.3334180944262313,307,1.1436358108272733,tilt_failed,,
BeNi2Si,0.410858,1.3334180944262313,308,1.1480605101444028,tilt_failed,,
BeNi2Si,0.410858,1.3334180944262313,309,1.1982749686549097,ok,1.7926308018577926,8.900746806261849e-11
BeNi2Si,0.410858,1.3334180944262313,310,1.6516077338534148,ok,1.749266286923155,5.367262190247857e-12
BeNi2Si,0.410858,1.3334180944262313,311,1.3152829920740927,ok,1.7257194618603666,2.1974511099642766e-10
BeNi2Si,0.410858,1.3334180944262313,312,1.1979141060348637,tilt_failed,,
BeNi2Si,0.410858,1.3334180944262313,313,1.172221976858001,tilt_failed,,
BeNi2Si,0.410858,1.3334180944262313,314,1.0918696604343066,tilt_failed,,
BeNi2Si,0.410858,1.3334180944262313,315,1.1608814571758117,tilt_failed,,
BeNi2Si,0.410858,1.3334180944262313,316,1.3487329521883222,ok,1.744365137815063,2.631228568361621e-13
BeNi2Si,0.410858,1.3334180944262313,317,1.4330893558471474,ok,1.7571507441839982,1.7716361710995443e-10
BeNi2Si,0.410858,1.3334180944262313,318,1.5619313928759844,ok,1.7345628395988797,1.634151258755878e-09
BeNi2Si,0.410858,1.3334180944262313,319,1.2982022868066938,ok,1.7179415513192646,8.388845174067684e-13
BeNi2Si,0.410858,1.3334180944262313,320,1.166710430208393,tilt_failed,,
BeNi2Si,0.410858,1.3334180944262313,321,1.2160449915327602,tilt_failed,,
BeNi2Si,0.410858,1.3334180944262313,322,1.2660816659977676,ok,1.7463895254901445,8.50652881467795e-12
BeNi2Si,0.410858,1.3334180944262313,323,1.20467944867305,tilt_failed,,
BeNi2Si,0.410858,1.3334180944262313,324,1.1284486720638658,tilt_failed,,
BeNi2Si,0.410858,1.3334180944262313,325,1.150700666204492,tilt_failed,,
BeNi2Si,0.410858,1.3334180944262313,326,1.2148807908770896,tilt_failed,,
BeNi2Si,0.410858,1.3334180944262313,327,1.1862481748963218,tilt_failed,,
BeNi2Si,0.410858,1.3334180944262313,328,1.4049626379081834,ok,1.7063279588674818,5.684341886080803e-14
BeNi2Si,0.410858,1.3334180944262313,329,1.2341072324353346,tilt_failed,,
BeNi2Si,0.410858,1.3334180944262313,330,1.1535173273721693,tilt_failed,,
BeNi2Si,0.410858,1.3334180944262313,331,1.1367278057719827,tilt_failed,,
BeNi2Si,0.410858,1.3334180944262313,332,1.076155895798754,tilt_failed,,
BeNi2Si,0.410858,1.3334180944262313,333,1.189435567980418,tilt_failed,,
BeNi2Si,0.410858,1.3334180944262313,334,1.1108768669256597,tilt_failed,,
BeNi2Si,0.410858,1.3334180944262313,335,1.3687987337976693,ok,1.6972714876894863,4.3415249173506254e-10
BeNi2Si,0.410858,1.3334180944262313,336,1.2672968510267717,ok,1.7608798793749374,7.365774656875601e-12
BeNi2Si,0.410858,1.3334180944262313,337,1.2260974915502865,tilt_failed,,
BeNi2Si,0.410858,1.3334180944262313,338,1.1506847238368163,tilt_failed,,
BeNi2Si,0.410858,1.3334180944262313,339,1.1087154827616823,tilt_failed,,
BeNi2Si,0.410858,1.3334180944262313,340,1.121560164159752,tilt_failed,,
BeNi2Si,0.410858,1.3334180944262313,342,1.1794689713014943,tilt_failed,,
BeNi2Si,0.410858,1.3334180944262313,343,1.2773082776931366,ok,1.7919915215393458,1.5661871799466098e-10
BeNi2Si,0.410858,1.3334180944262313,344,1.0860828738982202,tilt_failed,,
BeNi2Si,0.410858,1.3334180944262313,345,1.1228328194471269,tilt_failed,,
BeNi2Si,0.410858,1.3334180944262313,346,1.1417771517915831,tilt_failed,,
BeNi2Si,0.410858,1.3334180944262313,347,1.0699845842885711,tilt_failed,,
BeNi2Si,0.410858,1.3334180944262313,348,1.058250336694259,tilt_failed,,
BeNi2Si,0.410858,1.3334180944262313,349,1.1911417433598366,ok,1.7815499430047157,3.3661962106634746e-13
BeNi2Si,0.410858,1.3334180944262313,350,1.1126864450648384,tilt_failed,,
BeNi2Si,0.410858,1.3334180944262313,351,1.2296345688578565,tilt_failed,,
BeNi2Si,0.410858,1.3334180944262313,352,1.2833141131667836,ok,1.775689873418954,1.4100942635764113e-12
BeNi2Si,0.410858,1.3334180944262313,353,1.1213262395890362,tilt_failed,,
BeNi2Si,0.410858,1.3334180944262313,354,1.265572794823797,tilt_failed,,
BeNi2Si,0.410858,1.3334180944262313,355,1.2629755899473645,ok,1.738291974789819,5.6490367938977215e-12
BeNi2Si,0.410858,1.3334180944262313,356,1.2253059371390322,tilt_failed,,
BeNi2Si,0.410858,1.3334180944262313,357,1.62683960160354,ok,1.74692225908885,6.499245586155666e-13
BeNi2Si,0.410858,1.3334180944262313,358,1.2735506324126102,ok,1.7592816785788203,8.65467697508393e-10
BeNi2Si,0.410858,1.3334180944262313,359,1.161767093485517,tilt_failed,,
BeNi2Si,0.410858,1.3334180944262313,360,1.438515975429102,ok,1.730620610968458,5.551115123125784e-16
BeNi2Si,0.410858,1.3334180944262313,361,1.1260031053249218,tilt_failed,,
BeNi2Si,0.410858,1.3334180944262313,362,1.2041685366719816,tilt_failed,,
BeNi2Si,0.410858,1.3334180944262313,363,1.341297163318002,ok,1.746709165649368,1.4156675831600296e-11
BeNi2Si,0.410858,1.3334180944262313,364,1.1151571200865276,tilt_failed,,
BeNi2Si,0.410858,1.3334180944262313,365,1.282355370779571,ok,1.7497990205218603,2.531308496145357e-13
BeNi2Si,0.410858,1.3334180944262313,366,1.0990796052451637,tilt_failed,,
BeNi2Si,0.410858,1.3334180944262313,367,1.2983283167696047,ok,1.7352021199173264,9.392486788328824e-14
BeNi2Si,0.410858,1.3334180944262313,368,1.1527496212107444,tilt_failed,,
BeNi2Si,0.410858,1.3334180944262313,369,1.1350161946535426,tilt_failed,,
BeNi2Si,0.410858,1.3334180944262313,370,1.6170668568800564,ok,1.7169826308415943,3.3306690738754696e-14
BeNi2Si,0.410858,1.3334180944262313,371,1.3892441979490942,ok,1.77057563087138,1.6564527527407338e-13
BeNi2Si,0.410858,1.3334180944262313,372,1.1976943296553737,tilt_failed,,
BeNi2Si,0.410858,1.3334180944262313,373,1.1401772786987514,tilt_failed,,
BeNi2Si,0.410858,1.3334180944262313,374,1.060784695715523,tilt_failed,,
BeNi2Si,0.410858,1.3334180944262313,375,3.058151840371792,ok,1.9034393903885616,1.887379141862766e-14
BeNi2Si,0.410858,1.3334180944262313,376,1.4309905800329736,ok,1.7540608893115055,1.0436096431476471e-14
BeNi2Si,0.410858,1.3334180944262313,377,1.1250873382301163,tilt_failed,,
BeNi2Si,0.410858,1.3334180944262313,378,1.2752228066140243,ok,1.7356283067962908,1.923128323255696e-12
BeNi2Si,0.410858,1.3334180944262313,379,1.062726014870776,tilt_failed,,
BeNi2Si,0.410858,1.3334180944262313,380,1.6884703933567151,ok,1.7584293048208917,2.5896396138591623e-11
BeNi2Si,0.410858,1.3334180944262313,381,2.194805806759194,ok,1.866148038479168,1.4321877017664523e-14
BeNi2Si,0.410858,1.3334180944262313,382,1.335952112571216,ok,1.7427669370189465,2.9067348528144516e-10
BeNi2Si,0.410858,1.3334180944262313,383,1.2506175753824262,ok,1.7692970702344866,5.417422066500421e-11
BeNi2Si,0.410858,1.3334180944262313,384,1.2076858355504752,tilt_failed,,
BeNi2Si,0.410858,1.3334180944262313,385,1.2493459645091587,tilt_failed,,
BeNi2Si,0.410858,1.3334180944262313,386,1.1589997043852054,tilt_failed,,
BeNi2Si,0.410858,1.3334180944262313,387,1.244557352503501,ok,1.7717476447885323,1.1580292280655158e-11
BeNi2Si,0.410858,1.3334180944262313,388,1.443703752679078,ok,1.724547447943214,2.260414078136819e-13
BeNi2Si,0.410858,1.3334180944262313,389,1.280235817579214,tilt_failed,,
BeNi2Si,0.410858,1.3334180944262313,390,1.4346304650873951,ok,1.817243094117992,4.152234112098086e-13
BeNi2Si,0.410858,1.3334180944262313,391,1.4507604650236898,ok,1.8152187064429104,9.607092898988867e-12
BeNi2Si,0.410858,1.3334180944262313,392,1.2524885068141338,tilt_failed,,
BeNi2Si,0.410858,1.3334180944262313,393,1.2425825175964484,tilt_failed,,
BeNi2Si,0.410858,1.3334180944262313,394,1.150149037988038,tilt_failed,,
BeNi2Si,0.410858,1.3334180944262313,395,1.1849833024421326,tilt_failed,,
BeNi2Si,0.410858,1.3334180944262313,396,1.0772152675790791,tilt_failed,,
BeNi2Si,0.410858,1.3334180944262313,397,1.2087061825225405,tilt_failed,,
BeNi2Si,0.410858,1.3334180944262313,398,1.1462464293265513,ok,1.7766487938966238,6.601053037513793e-12
BeNi2Si,0.410858,1.3334180944262313,399,1.3382816579563726,ok,1.7602405990564909,1.2634338020234281e-13
BeNi2Si,0.410858,1.3334180944262313,400,1.251848147275931,tilt_failed,,
BeNi2Si,0.410858,1.3334180944262313,401,1.1570990566039872,tilt_failed,,
BeNi2Si,0.410858,1.3334180944262313,402,1.1421309306183856,tilt_failed,,
BeNi2Si,0.410858,1.3334180944262313,403,1.4433773730875004,ok,1.720179032433828,3.108624468950438e-14
BeNi2Si,0.410858,1.3334180944262313,404,1.0354218994671105,tilt_failed,,
BeNi2Si,0.410858,1.3334180944262313,405,1.086118887352632,tilt_failed,,
BeNi2Si,0.410858,1.3334180944262313,406,1.3852308132637576,ok,1.7229492471470973,9.838241332715823e-10
BeNi2Si,0.410858,1.3334180944262313,407,1.2139245009429938,ok,1.7424472968597229,2.3536728122053322e-14
BeNi2Si,0.410858,1.3334180944262313,408,1.072243414215993,tilt_failed,,
BeNi2Si,0.410858,1.3334180944262313,409,1.225654413129631,tilt_failed,,
BeNi2Si,0.410858,1.3334180944262313,410,1.2967234231405809,ok,1.7605602392157138,6.397415930337047e-11
BeNi2Si,0.410858,1.3334180944262313,411,1.629279840195662,ok,1.7478811795665203,7.771561172376097e-16
BeNi2Si,0.410858,1.3334180944262313,412,1.2810387463453974,ok,1.7273176626564832,1.2034817586936697e-13
BeNi2Si,0.410858,1.3334180944262313,413,1.2265862456647345,tilt_failed,,
BeNi2Si,0.410858,1.3334180944262313,414,1.2210204093548858,ok,1.801687273035788,1.4750534127472292e-11
BeNi2Si,0.410858,1.3334180944262313,415,1.5184719871753591,ok,1.7343497461593973,1.709743457922741e-14
BeNi2Si,0.410858,1.3334180944262313,416,1.2722859334916767,ok,1.711016014536091,6.51700915454967e-14
BeNi2Si,0.410858,1.3334180944262313,417,1.2274538988264538,tilt_failed,,
BeNi2Si,0.410858,1.3334180944262313,418,1.3000115511531272,ok,1.7505448475600485,9.516831767086842e-11
BeNi2Si,0.410858,1.3334180944262313,419,1.230501234521634,ok,1.7583227581011505,1.2976042462753412e-10
BeNi2Si,0.410858,1.3334180944262313,420,1.1476294123051554,tilt_failed,,
BeNi2Si,0.410858,1.3334180944262313,421,1.355494102632078,ok,1.752675781954871,3.312905505481467e-13
BeNi2Si,0.410858,1.3334180944262313,422,1.1348860006354349,tilt_failed,,
BeNi2Si,0.410858,1.3334180944262313,423,1.4870029114220686,ok,1.7213510463509802,9.187957061840281e-10
BeNi2Si,0.410858,1.3334180944262313,424,1.259555766456639,ok,1.70803270638334,3.118703184590288e-09
BeNi2Si,0.410858,1.3334180944262313,425,1.1382302712731849,tilt_failed,,
BeNi2Si,0.410858,1.3334180944262313,426,1.2079215767347853,tilt_failed,,
BeNi2Si,0.410858,1.3334180944262313,427,1.1228121522925916,tilt_failed,,
BeNi2Si,0.410858,1.3334180944262313,428,1.091789680613647,tilt_failed,,
BeNi2Si,0.410858,1.3334180944262313,429,1.464779374919387,ok,1.757044197464257,2.2395196808133733e-11
BeNi2Si,0.410858,1.3334180944262313,430,1.2473595095250318,tilt_failed,,
BeNi2Si,0.410858,1.3334180944262313,431,1.1313028508273888,tilt_failed,,
BeNi2Si,0.410858,1.3334180944262313,432,1.5646356321412305,ok,1.7683381497568162,4.218847493575595e-15
BeNi2Si,0.410858,1.3334180944262313,433,1.364212406378156,ok,1.7171957242810767,1.0845964126815486e-09
BeNi2Si,0.410858,1.3334180944262313,434,1.0792536448618566,tilt_failed,,
BeNi2Si,0.410858,1.3334180944262313,435,1.7627691213210248,ok,1.780377929087563,5.551115123125784e-16
BeNi2Si,0.410858,1.3334180944262313,436,1.282370572736658,ok,1.7157040702047008,1.2878587085651816e-14
BeNi2Si,0.410858,1.3334180944262313,437,1.1825567466401468,tilt_failed,,
BeNi2Si,0.410858,1.3334180944262313,438,1.079207962602121,tilt_failed,,
BeNi2Si,0.410858,1.3334180944262313,439,1.242639152227701,tilt_failed,,
BeNi2Si,0.410858,1.3334180944262313,440,1.088967398875207,tilt_failed,,
BeNi2Si,0.410858,1.3334180944262313,441,1.141053082360812,tilt_failed,,
BeNi2Si,0.410858,1.3334180944262313,442,1.115629503130851,tilt_failed,,
BeNi2Si,0.410858,1.3334180944262313,443,1.5270861343720454,ok,1.70803270638334,4.4875214655348827e-13
BeNi2Si,0.410858,1.3334180944262313,444,1.1603186907265326,tilt_failed,,
BeNi2Si,0.410858,1.3334180944262313,445,1.0731749302895968,tilt_failed,,
BeNi2Si,0.410858,1.3334180944262313,446,1.19538450607341,tilt_failed,,
BeNi2Si,0.410858,1.3334180944262313,447,1.334275663041531,ok,1.7584293048208917,1.233591007121504e-11
BeNi2Si,0.410858,1.3334180944262313,448,1.212031451328934,tilt_failed,,
BeNi2Si,0.410858,1.3334180944262313,449,1.384121343184289,ok,1.751823408196942,1.2212453270876722e-15
BeNi2Si,0.410858,1.3334180944262313,450,1.2299074987706504,tilt_failed,,
BeNi2Si,0.410858,1.3334180944262313,451,1.11669371530544,tilt_failed,,
BeNi2Si,0.410858,1.3334180944262313,452,1.205638357790363,tilt_failed,,
BeNi2Si,0.410858,1.3334180944262313,453,1.1321974221347502,tilt_failed,,
BeNi2Si,0.410858,1.3334180944262313,454,1.359268164606965,ok,1.732751545363281,2.1738566502449428e-10
BeNi2Si,0.410858,1.3334180944262313,455,1.1165295419048638,tilt_failed,,
BeNi2Si,0.410858,1.3334180944262313,456,1.055208231200321,tilt_failed,,
BeNi2Si,0.410858,1.3334180944262313,457,1.0850011837940292,tilt_failed,,
BeNi2Si,0.410858,1.3334180944262313,458,1.1525242334089405,tilt_failed,,
BeNi2Si,0.410858,1.3334180944262313,459,1.047098587899859,tilt_failed,,
BeNi2Si,0.410858,1.3334180944262313,460,1.2308036101152342,tilt_failed,,
BeNi2Si,0.410858,1.3334180944262313,461,1.592086023670389,ok,1.7792059151704107,4.440892098500626e-16
BeNi2Si,0.410858,1.3334180944262313,462,1.3854258155490178,ok,1.7795255553296343,1.303401830909934e-13
BeNi2Si,0.410858,1.3334180944262313,463,1.0849593328569764,tilt_failed,,
BeNi2Si,0.410858,1.3334180944262313,464,1.0700449619782797,tilt_failed,,
BeNi2Si,0.410858,1.3334180944262313,465,1.0275174753837455,tilt_failed,,
BeNi2Si,0.410858,1.3334180944262313,466,1.1346531946558909,tilt_failed,,
BeNi2Si,0.410858,1.3334180944262313,468,1.1318368862184758,tilt_failed,,
BeNi2Si,0.410858,1.3334180944262313,469,1.2095694293509318,tilt_failed,,
BeNi2Si,0.410858,1.3334180944262313,470,1.5779870702348844,ok,1.7119749350137616,2.655204944801426e-10
BeNi2Si,0.410858,1.3334180944262313,471,1.0261788586800569,tilt_failed,,
BeNi2Si,0.410858,1.3334180944262313,472,1.1561157514912712,tilt_failed,,
BeNi2Si,0.410858,1.3334180944262313,473,1.6059346508109438,ok,1.765781028483029,9.447997939560083e-14
BeNi2Si,0.410858,1.3334180944262313,474,1.466418119016077,ok,1.7310467978474229,2.38457031898065e-10
BeNi2Si,0.410858,1.3334180944262313,475,1.2483124062073767,tilt_failed,,
BeNi2Si,0.410858,1.3334180944262313,476,1.1323394191215936,tilt_failed,,
BeNi2Si,0.410858,1.3334180944262313,477,1.1157744171183464,tilt_failed,,
BeNi2Si,0.410858,1.3334180944262313,478,1.0963608390268098,tilt_failed,,
BeNi2Si,0.410858,1.3334180944262313,479,1.1736471207353616,tilt_failed,,
BeNi2Si,0.410858,1.3334180944262313,480,1.1117976181579046,tilt_failed,,
BeNi2Si,0.410858,1.3334180944262313,481,1.3531850996477426,ok,1.7087785334215275,2.0287438395882876e-11
BeNi2Si,0.410858,1.3334180944262313,482,1.2741120260892569,ok,1.7413818296623118,2.023381462379348e-12
BeNi2Si,0.410858,1.3334180944262313,483,1.038157275269428,tilt_failed,,
BeNi2Si,0.410858,1.3334180944262313,484,1.3049020289038429,ok,1.7437258574966163,1.0943690398335091e-11
BeNi2Si,0.410858,1.3334180944262313,485,1.5024110348762156,ok,1.7972123108066609,5.551115123125784e-16
BeNi2Si,0.410858,1.3334180944262313,486,1.0681606550782332,tilt_failed,,
BeNi2Si,0.410858,1.3334180944262313,487,1.1638296211943198,tilt_failed,,
BeNi2Si,0.410858,1.3334180944262313,488,1.2335539301771756,tilt_failed,,
BeNi2Si,0.410858,1.3334180944262313,489,1.0972661620780213,tilt_failed,,
BeNi2Si,0.410858,1.3334180944262313,491,1.2202170726462005,tilt_failed,,
BeNi2Si,0.410858,1.3334180944262313,492,1.1300116197049772,tilt_failed,,
BeNi2Si,0.410858,1.3334180944262313,493,1.0480165379512054,tilt_failed,,
BeNi2Si,0.410858,1.3334180944262313,494,1.1551438206204423,tilt_failed,,
BeNi2Si,0.410858,1.3334180944262313,495,1.5730292257311251,ok,1.75736383762348,6.661338147750939e-16
BeNi2Si,0.410858,1.3334180944262313,496,1.074112088120181,tilt_failed,,
BeNi2Si,0.410858,1.3334180944262313,497,1.0608326288277128,tilt_failed,,
BeNi2Si,0.410858,1.3334180944262313,498,1.0502508991900386,tilt_failed,,
BeNi2Si,0.410858,1.3334180944262313,499,1.036143690153636,tilt_failed,,
BeNi2Si,0.410858,1.3334180944262313,500,1.0860823441511978,tilt_failed,,
BeNi2Si,0.410858,1.3334180944262313,501,1.2897122051975274,tilt_failed,,
BeNi2Si,0.410858,1.3334180944262313,502,1.3294383485105483,ok,1.7252932749814018,1.3322676295501878e-15
BeNi2Si,0.410858,1.3334180944262313,503,1.126419953921828,tilt_failed,,
BeNi2Si,0.410858,1.3334180944262313,504,1.084408160751736,tilt_failed,,
BeNi2Si,0.410858,1.3334180944262313,505,1.068016751025833,tilt_failed,,
BeNi2Si,0.410858,1.3334180944262313,506,1.0842426831675611,tilt_failed,,
BeNi2Si,0.410858,1.3334180944262313,507,1.3625354729752437,ok,1.7371199608726666,9.246026166920274e-11
BeNi2Si,0.410858,1.3334180944262313,508,1.3992882063128025,ok,1.743299670617652,1.3322676295501878e-15
BeNi2Si,0.410858,1.3334180944262313,509,1.0920591622104805,tilt_failed,,
BeNi2Si,0.410858,1.3334180944262313,510,1.281007085547604,ok,1.7437258574966163,1.2505552149377765e-12
BeNi2Si,0.410858,1.3334180944262313,511,1.3940162954417472,ok,1.737546147751631,2.36134889419759e-10
BeNi2Si,0.410858,1.3334180944262313,512,1.028004033590029,tilt_failed,,
BeNi2Si,0.410858,1.3334180944262313,513,1.0754531338532665,tilt_failed,,
BeNi2Si,0.410858,1.3334180944262313,514,1.1290047319323775,tilt_failed,,
BeNi2Si,0.410858,1.3334180944262313,515,1.154096110368401,tilt_failed,,
BeNi2Si,0.410858,1.3334180944262313,516,1.0732988848754477,tilt_failed,,
BeNi2Si,0.410858,1.3334180944262313,517,2.5527503734974726,ok,1.8756306965361285,1.121325254871408e-14
BeNi2Si,0.410858,1.3334180944262313,518,1.207599905396106,tilt_failed,,
BeNi2Si,0.410858,1.3334180944262313,519,1.213131454392245,ok,1.822890070264272,1.4654943925052066e-14
BeNi2Si,0.410858,1.3334180944262313,520,1.0395397254286556,tilt_failed,,
BeNi2Si,0.410858,1.3334180944262313,521,1.207242111858359,tilt_failed,,
BeNi2Si,0.410858,1.3334180944262313,522,1.5948177636208922,ok,1.8293894201684804,9.992007221626409e-16
BeNi2Si,0.410858,1.3334180944262313,523,1.3898149719830528,ok,1.7625846268907956,1.4432899320127037e-15
BeNi2Si,0.410858,1.3334180944262313,524,1.1620048108236,tilt_failed,,
BeNi2Si,0.410858,1.3334180944262313,525,1.1119655104691213,tilt_failed,,
BeNi2Si,0.410858,1.3334180944262313,526,1.0638306187470297,tilt_failed,,
BeNi2Si,0.410858,1.3334180944262313,527,1.161646340928487,tilt_failed,,
BeNi2Si,0.410858,1.3334180944262313,528,1.053579142661157,tilt_failed,,
BeNi2Si,0.410858,1.3334180944262313,529,1.3579125363916082,ok,1.7587489449801148,1.7732704193917925e-11
BeNi2Si,0.410858,1.3334180944262313,530,1.1953578692528664,tilt_failed,,
BeNi2Si,0.410858,1.3334180944262313,531,1.2953720770768211,ok,1.7598144121775263,2.295941214924824e-13
BeNi2Si,0.410858,1.3334180944262313,532,1.2254043502917111,ok,1.7649286547251002,2.103761609362209e-12
BeNi2Si,0.410858,1.3334180944262313,533,1.10342514216843,tilt_failed,,
BeNi2Si,0.410858,1.3334180944262313,534,1.0419312588201404,tilt_failed,,
BeNi2Si,0.410858,1.3334180944262313,535,1.1213214887456953,tilt_failed,,
BeNi2Si,0.410858,1.3334180944262313,536,1.3334181003682204,ok,1.757896571222186,2.515765373800605e-13
BeNi2Si,0.410858,1.3334180944262313,537,1.1916521869498526,tilt_failed,,
BeNi2Si,0.410858,1.3334180944262313,538,1.0906362882662763,tilt_failed,,
BeNi2Si,0.410858,1.3334180944262313,539,1.482813276329974,ok,1.7488401000441909,1.825928297449764e-11
BeNi2Si,0.410858,1.3334180944262313,540,1.07145714671719,tilt_failed,,
BeNi2Si,0.410858,1.3334180944262313,541,1.3281704825123353,ok,1.7371199608726666,2.595701431573616e-13
BeNi2Si,0.410858,1.3334180944262313,542,1.1450576885672918,tilt_failed,,
BeNi2Si,0.410858,1.3334180944262313,543,1.3428091909843654,ok,1.7318991716053516,2.664535259100376e-15
BeNi2Si,0.410858,1.3334180944262313,544,1.1190120836294777,tilt_failed,,
BeNi2Si,0.410858,1.3334180944262313,545,1.5559622718193424,ok,1.7471353525283324,5.5511151231257833e-14
BeNi2Si,0.410858,1.3334180944262313,546,1.2035695009052405,tilt_failed,,
BeNi2Si,0.410858,1.3334180944262313,547,1.1069042659343584,tilt_failed,,
BeNi2Si,0.410858,1.3334180944262313,548,1.1702734019716694,tilt_failed,,
BeNi2Si,0.410858,1.3334180944262313,549,1.3640783577535511,ok,1.7153844300454777,9.965073211049004e-11
BeNi2Si,0.410858,1.3334180944262313,550,1.257963714134149,ok,1.7541674360312465,4.68025618260981e-12
BeNi2Si,0.410858,1.3334180944262313,551,1.14583965376563,tilt_failed,,
BeNi2Si,0.410858,1.3334180944262313,552,1.3127582868646086,ok,1.7456436984519563,5.459233065607805e-11
BeNi2Si,0.410858,1.3334180944262313,553,1.1533645364784628,tilt_failed,,
BeNi2Si,0.410858,1.3334180944262313,554,1.084671925685571,tilt_failed,,
BeNi2Si,0.410858,1.3334180944262313,555,1.0643603212308337,tilt_failed,,
BeNi2Si,0.410858,1.3334180944262313,556,1.0425286930831037,tilt_failed,,
BeNi2Si,0.410858,1.3334180944262313,557,1.0620238054284048,tilt_failed,,
BeNi2Si,0.410858,1.3334180944262313,558,1.190847871261124,tilt_failed,,
BeNi2Si,0.410858,1.3334180944262313,559,1.292645550576489,ok,1.7471353525283324,1.5437651157412802e-12
BeNi2Si,0.410858,1.3334180944262313,560,1.2289021169568826,ok,1.7541674360312465,5.551115123125783e-15
BeNi2Si,0.410858,1.3334180944262313,561,1.0565281907190045,tilt_failed,,
BeNi2Si,0.410858,1.3334180944262313,562,1.0504659159101686,tilt_failed,,
BeNi2Si,0.410858,1.3334180944262313,563,1.5592580295757577,ok,1.7292355036118234,1.267874694121929e-13
BeNi2Si,0.410858,1.3334180944262313,564,1.2228748677795211,tilt_failed,,
BeNi2Si,0.410858,1.3334180944262313,565,1.1516596580595817,tilt_failed,,
BeNi2Si,0.410858,1.3334180944262313,566,1.2629731761539318,ok,1.7144255095678074,3.47055717497824e-13
BeNi2Si,0.410858,1.3334180944262313,567,1.1452085085050605,tilt_failed,,
BeNi2Si,0.410858,1.3334180944262313,568,1.3628011950194494,ok,1.751077581158754,7.682521285801158e-12
BeNi2Si,0.410858,1.3334180944262313,569,1.4058367581909883,ok,1.7312598912869048,4.150013666048835e-13
BeNi2Si,0.410858,1.3334180944262313,570,1.2754255202963285,ok,1.7207117660325335,6.772360450213456e-14
BeNi2Si,0.410858,1.3334180944262313,571,1.2449289984344638,ok,1.7354152133568088,7.105871446810851e-10
BeNi2Si,0.410858,1.3334180944262313,572,1.1195291822920297,tilt_failed,,
BeNi2Si,0.410858,1.3334180944262313,573,1.089344198932645,tilt_failed,,
BeNi2Si,0.410858,1.3334180944262313,574,1.127657972110392,tilt_failed,,
BeNi2Si,0.410858,1.3334180944262313,575,1.2345442914765088,tilt_failed,,
BeNi2Si,0.410858,1.3334180944262313,576,1.4340606211930524,ok,1.719113565236417,2.220446049250313e-16
BeNi2Si,0.410858,1.3334180944262313,577,1.6602213334994511,ok,1.8185216547548853,3.609335053056384e-13
BeNi2Si,0.410858,1.3334180944262313,578,1.0847023047820183,tilt_failed,,
BeNi2Si,0.410858,1.3334180944262313,579,1.111259314048245,tilt_failed,,
BeNi2Si,0.410858,1.3334180944262313,580,1.1000405541497054,tilt_failed,,
BeNi2Si,0.410858,1.3334180944262313,581,1.201168334522767,tilt_failed,,
BeNi2Si,0.410858,1.3334180944262313,582,1.2244756908659498,tilt_failed,,
BeNi2Si,0.410858,1.3334180944262313,583,1.0470732876328228,tilt_failed,,
BeNi2Si,0.410858,1.3334180944262313,584,1.1634785711065403,tilt_failed,,
BeNi2Si,0.410858,1.3334180944262313,585,1.5604574008513528,ok,1.7993432452014837,1.5077017412323812e-10
BeNi2Si,0.410858,1.3334180944262313,586,1.402492204506722,ok,1.7412752829425706,1.8340884366807586e-13
BeNi2Si,0.410858,1.3334180944262313,587,1.126071575809924,tilt_failed,,
BeNi2Si,0.410858,1.3334180944262313,588,1.5116118118963864,ok,1.7410621895030882,1.196820420545919e-13
BeNi2Si,0.410858,1.3334180944262313,589,1.0921434205919514,tilt_failed,,
BeNi2Si,0.410858,1.3334180944262313,590,1.1317148948873987,tilt_failed,,
BeNi2Si,0.410858,1.3334180944262313,591,1.215493972786655,tilt_failed,,
BeNi2Si,0.410858,1.3334180944262313,592,1.4333685868964163,ok,1.7702559907121564,1.0522693827397234e-12
BeNi2Si,0.410858,1.3334180944262313,593,1.153969392702866,tilt_failed,,
BeNi2Si,0.410858,1.3334180944262313,594,1.1201904677318644,tilt_failed,,
BeNi2Si,0.410858,1.3334180944262313,595,1.1108004815198855,tilt_failed,,
BeNi2Si,0.410858,1.3334180944262313,596,1.598968454006404,ok,1.7722803783872378,2.2958590584210012e-10
BeNi2Si,0.410858,1.3334180944262313,597,1.1653368917721894,tilt_failed,,
BeNi2Si,0.410858,1.3334180944262313,598,1.0668108099770908,tilt_failed,,
BeNi2Si,0.410858,1.3334180944262313,599,1.2880755585137602,tilt_failed,,
BeNi2Si,0.410858,1.3334180944262313,600,1.0518435470435687,tilt_failed,,
BeNi2Si,0.410858,1.3334180944262313,601,1.1634299095579057,ok,1.7613060662539015,6.856737400084967e-13
BeNi2Si,0.410858,1.3334180944262313,602,1.0708559786703795,tilt_failed,,
BeNi2Si,0.410858,1.3334180944262313,603,1.267706736756795,ok,1.7267849290577777,2.248246033786927e-11
BeNi2Si,0.410858,1.3334180944262313,604,1.075003899929044,tilt_failed,,
BeNi2Si,0.410858,1.3334180944262313,605,1.1267107802498304,tilt_failed,,
BeNi2Si,0.410858,1.3334180944262313,606,1.080174280003938,tilt_failed,,
BeNi2Si,0.410858,1.3334180944262313,607,1.1174987870622637,tilt_failed,,
BeNi2Si,0.410858,1.3334180944262313,608,1.032452433001274,tilt_failed,,
BeNi2Si,0.410858,1.3334180944262313,609,1.0969438634781394,tilt_failed,,
BeNi2Si,0.410858,1.3334180944262313,610,1.038968298693158,tilt_failed,,
BeNi2Si,0.410858,1.3334180944262313,611,1.1816142439104695,tilt_failed,,
BeNi2Si,0.410858,1.3334180944262313,612,1.2446131482306677,ok,1.7404229091846417,5.3290705182007506e-15
BeNi2Si,0.410858,1.3334180944262313,613,1.2674343291754524,ok,1.740103269025418,2.220446049250313e-16
BeNi2Si,0.410858,1.3334180944262313,614,1.308657603913992,ok,1.7179415513192646,4.879547876868172e-10
BeNi2Si,0.410858,1.3334180944262313,615,1.2067154655634993,tilt_failed,,
BeNi2Si,0.410858,1.3334180944262313,616,1.3209555141205536,ok,1.756085276986587,6.187585999128942e-10
BeNi2Si,0.410858,1.3334180944262313,617,1.1613872662236318,tilt_failed,,
BeNi2Si,0.410858,1.3334180944262313,618,1.3333217814419691,ok,1.7314729847263872,1.73749903353837e-13
BeNi2Si,0.410858,1.3334180944262313,619,1.2123112821016595,tilt_failed,,
BeNi2Si,0.410858,1.3334180944262313,620,1.1571634233029482,tilt_failed,,
BeNi2Si,0.410858,1.3334180944262313,621,1.1107861740245868,tilt_failed,,
BeNi2Si,0.410858,1.3334180944262313,622,1.189229986348954,ok,1.7558721835471047,5.190292640122607e-13
BeNi2Si,0.410858,1.3334180944262313,623,1.1065458071595184,tilt_failed,,
BeNi2Si,0.410858,1.3334180944262313,624,1.5427943384390168,ok,1.7524626885153889,1.0219614043904811e-10
BeNi2Si,0.410858,1.3334180944262313,625,1.194888263492166,ok,1.8125550384493825,4.976785650256943e-10
BeNi2Si,0.410858,1.3334180944262313,626,1.1304261135410982,tilt_failed,,
BeNi2Si,0.410858,1.3334180944262313,627,1.1285293684186026,tilt_failed,,
BeNi2Si,0.410858,1.3334180944262313,628,1.064765498937828,tilt_failed,,
BeNi2Si,0.410858,1.3334180944262313,629,1.0942427915594055,tilt_failed,,
BeNi2Si,0.410858,1.3334180944262313,630,1.3228530138509245,ok,1.7202855791535692,2.753353101070388e-14
BeNi2Si,0.410858,1.3334180944262313,631,1.5058878697718867,ok,1.737333054312149,1.7985612998927536e-14
BeNi2Si,0.410858,1.3334180944262313,632,1.204551130844791,tilt_failed,,
BeNi2Si,0.410858,1.3334180944262313,633,1.3835459500754543,ok,1.6844858813205512,4.440892098500626e-16
BeNi2Si,0.410858,1.3334180944262313,634,1.3900164560891362,ok,1.7240147143445084,9.869882688917643e-14
BeNi2Si,0.410858,1.3334180944262313,635,1.3392843280548152,ok,1.7992366984817425,4.189093516515641e-12
BeNi2Si,0.410858,1.3334180944262313,636,1.2430809820097486,tilt_failed,,
BeNi2Si,0.410858,1.3334180944262313,637,1.1384893634974496,tilt_failed,,
BeNi2Si,0.410858,1.3334180944262313,638,1.0746514591658638,tilt_failed,,
BeNi2Si,0.410858,1.3334180944262313,639,1.550770872657142,ok,1.7315795314461284,2.220446049250313e-16
BeNi2Si,0.410858,1.3334180944262313,640,1.103953376030722,tilt_failed,,
BeNi2Si,0.410858,1.3334180944262313,641,1.716808061046379,ok,1.8104241040545603,8.060219158778636e-13
BeNi2Si,0.410858,1.3334180944262313,642,1.15556227935999,tilt_failed,,
BeNi2Si,0.410858,1.3334180944262313,643,1.1257512319527256,tilt_failed,,
BeNi2Si,0.410858,1.3334180944262313,644,1.4381726871913751,ok,1.772386925106979,6.772360450213456e-14
BeNi2Si,0.410858,1.3334180944262313,645,1.1012523903786384,tilt_failed,,
BeNi2Si,0.410858,1.3334180944262313,646,1.2754611503402158,ok,1.7491597402034138,6.898481785810873e-11
BeNi2Si,0.410858,1.3334180944262313,647,1.1300563841728593,tilt_failed,,
BeNi2Si,0.410858,1.3334180944262313,648,1.1963245022016702,tilt_failed,,
BeNi2Si,0.410858,1.3334180944262313,649,1.0656406908046188,tilt_failed,,
BeNi2Si,0.410858,1.3334180944262313,650,2.171150857033295,ok,1.8781878178099156,1.615374500829603e-13
BeNi2Si,0.410858,1.3334180944262313,651,1.185311113838804,tilt_failed,,
BeNi2Si,0.410858,1.3334180944262313,652,1.124733224716892,tilt_failed,,
BeNi2Si,0.410858,1.3334180944262313,653,1.0708683112253563,tilt_failed,,
BeNi2Si,0.410858,1.3334180944262313,654,1.0815223431623415,tilt_failed,,
BeNi2Si,0.410858,1.3334180944262313,655,1.2860278815882444,ok,1.722736153707615,1.2989609388114332e-14
BeNi2Si,0.410858,1.3334180944262313,657,1.119462564835952,tilt_failed,,
BeNi2Si,0.410858,1.3334180944262313,658,1.101059288170661,tilt_failed,,
BeNi2Si,0.410858,1.3334180944262313,659,1.3572512400163907,ok,1.7652482948843238,4.5660586422968657e-11
BeNi2Si,0.410858,1.3334180944262313,660,1.1724010134359886,tilt_failed,,
BeNi2Si,0.410858,1.3334180944262313,661,1.1827772243151622,tilt_failed,,
BeNi2Si,0.410858,1.3334180944262313,662,1.0910184168514014,tilt_failed,,
BeNi2Si,0.410858,1.3334180944262313,663,1.0656478952176092,tilt_failed,,
BeNi2Si,0.410858,1.3334180944262313,664,1.144183317283355,tilt_failed,,
BeNi2Si,0.410858,1.3334180944262313,665,1.7602510401913272,ok,1.7576834777827035,6.439293542825908e-15
BeNi2Si,0.410858,1.3334180944262313,666,1.1401459351239511,tilt_failed,,
BeNi2Si,0.410858,1.3334180944262313,667,1.2263612534549424,ok,1.7621584400118309,5.726530361016557e-13
BeNi2Si,0.410858,1.3334180944262313,668,1.2798428607989982,ok,1.7533150622733178,6.847855615887967e-13
BeNi2Si,0.410858,1.3334180944262313,669,1.085232482929601,tilt_failed,,
BeNi2Si,0.410858,1.3334180944262313,670,1.055445266174546,tilt_failed,,
BeNi2Si,0.410858,1.3334180944262313,671,1.652046949029803,ok,1.887350835707652,3.948219529092967e-11
BeNi2Si,0.410858,1.3334180944262313,672,1.2416838277420752,ok,1.7069672391859283,3.5216274341109965e-13
BeNi2Si,0.410858,1.3334180944262313,673,1.2781876051672627,ok,1.7566180105852929,6.661338147750939e-15
BeNi2Si,0.410858,1.3334180944262313,674,1.207933389330646,tilt_failed,,
BeNi2Si,0.410858,1.3334180944262313,675,1.162111940051532,tilt_failed,,
BeNi2Si,0.410858,1.3334180944262313,676,1.5211645510157898,ok,1.765674481763288,3.305689055821404e-12
BeNi2Si,0.410858,1.3334180944262313,677,1.2450379848219353,tilt_failed,,
BeNi2Si,0.410858,1.3334180944262313,678,1.095180663218599,tilt_failed,,
BeNi2Si,0.410858,1.3334180944262313,679,1.2782766486362338,ok,1.739890175585936,1.9095836023552686e-14
BeNi2Si,0.410858,1.3334180944262313,680,1.1024461824685508,tilt_failed,,
BeNi2Si,0.410858,1.3334180944262313,681,1.4598782889936577,ok,1.759601318738044,3.092675004978673e-10
BeNi2Si,0.410858,1.3334180944262313,682,1.1590535694655726,tilt_failed,,
BeNi2Si,0.410858,1.3334180944262313,683,1.1638297000632745,tilt_failed,,
BeNi2Si,0.410858,1.3334180944262313,684,1.3043870332739247,ok,1.7266783823380365,2.821467504077191e-10
BeNi2Si,0.410858,1.3334180944262313,685,1.051066528212449,tilt_failed,,
BeNi2Si,0.410858,1.3334180944262313,686,1.2459973478485469,ok,1.76301081376976,4.1300296516055823e-14
BeNi2Si,0.410858,1.3334180944262313,687,1.0918641441484935,tilt_failed,,
BeNi2Si,0.410858,1.3334180944262313,688,1.1282098749277671,tilt_failed,,
BeNi2Si,0.410858,1.3334180944262313,689,1.0883580536584898,tilt_failed,,
BeNi2Si,0.410858,1.3334180944262313,690,1.098963676579011,tilt_failed,,
BeNi2Si,0.410858,1.3334180944262313,691,1.4079563797735437,ok,1.7428734837386872,2.220446049250313e-16
BeNi2Si,0.410858,1.3334180944262313,692,1.3161881356911644,ok,1.7143189628480662,1.9582302446252695e-10
BeNi2Si,0.410858,1.3334180944262313,693,1.290646694739161,ok,1.7273176626564832,1.8266701484748182e-09
BeNi2Si,0.410858,1.3334180944262313,694,1.0806030528811434,tilt_failed,,
BeNi2Si,0.410858,1.3334180944262313,695,1.1980522977140051,ok,1.7429800304584284,3.064215547965432e-14
BeNi2Si,0.410858,1.3334180944262313,696,1.1309207686708938,tilt_failed,,
BeNi2Si,0.410858,1.3334180944262313,697,1.1128800884383645,tilt_failed,,
BeNi2Si,0.410858,1.3334180944262313,698,1.367542812801651,ok,1.7216706865102038,4.656827146121144e-10
BeNi2Si,0.410858,1.3334180944262313,699,1.3414247287486172,ok,1.7197528455548636,3.7414515929867775e-14
BeNi2Si,0.410858,1.3334180944262313,700,1.0568522134567138,tilt_failed,,
BeNi2Si,0.410858,1.3334180944262313,702,1.2833093941388976,ok,1.726465288898554,1.617594946878853e-13
BeNi2Si,0.410858,1.3334180944262313,703,1.372220349642347,ok,1.85208387147334,1.0693668173189508e-12
BeNi2Si,0.410858,1.3334180944262313,704,1.4778370921820263,ok,1.7193266586758993,1.0502805292134099e-09
BeNi2Si,0.410858,1.3334180944262313,705,1.5750342033437736,ok,1.7491597402034138,1.6446843886797069e-12
BeNi2Si,0.410858,1.3334180944262313,706,1.582210124063084,ok,1.7256129151406254,5.8972826622039065e-12
BeNi2Si,0.410858,1.3334180944262313,707,1.197854660861849,ok,1.7617322531328663,2.1261881144596373e-12
BeNi2Si,0.410858,1.3334180944262313,708,1.2301303063577644,ok,1.7323253584843163,1.4855816576897496e-10
BeNi2Si,0.410858,1.3334180944262313,709,1.051692746799368,tilt_failed,,
BeNi2Si,0.410858,1.3334180944262313,710,1.1335726263737174,tilt_failed,,
BeNi2Si,0.410858,1.3334180944262313,711,1.1137075895269453,tilt_failed,,
BeNi2Si,0.410858,1.3334180944262313,712,1.356362350517843,ok,1.7190070185166757,7.418292646832468e-10
BeNi2Si,0.410858,1.3334180944262313,713,1.071347758063508,tilt_failed,,
BeNi2Si,0.410858,1.3334180944262313,714,1.2818253336298615,ok,1.7352021199173264,8.661960038125471e-13
BeNi2Si,0.410858,1.3334180944262313,715,1.1231288354600832,tilt_failed,,
BeNi2Si,0.410858,1.3334180944262313,717,1.503968082938417,ok,1.726145648739331,1.0952658779928015e-09
BeNi2Si,0.410858,1.3334180944262313,718,1.0690242340430005,tilt_failed,,
BeNi2Si,0.410858,1.3334180944262313,719,1.2074290938735242,tilt_failed,,
BeNi2Si,0.410858,1.3334180944262313,720,1.0735568160580529,tilt_failed,,
BeNi2Si,0.410858,1.3334180944262313,721,1.0804971275286763,tilt_failed,,
BeNi2Si,0.410858,1.3334180944262313,722,1.1738975698696268,tilt_failed,,
BeNi2Si,0.410858,1.3334180944262313,723,1.140768110589428,tilt_failed,,
BeNi2Si,0.410858,1.3334180944262313,724,1.125269066943261,tilt_failed,,
BeNi2Si,0.410858,1.3334180944262313,725,1.4202826699381992,ok,1.757896571222186,1.7489343306920089e-12
BeNi2Si,0.410858,1.3334180944262313,726,1.202590911972875,tilt_failed,,
BeNi2Si,0.410858,1.3334180944262313,727,1.2024726550085851,tilt_failed,,
BeNi2Si,0.410858,1.3334180944262313,728,1.185661417883195,tilt_failed,,
BeNi2Si,0.410858,1.3334180944262313,729,1.2561364407084632,tilt_failed,,
BeNi2Si,0.410858,1.3334180944262313,730,1.066060007130727,tilt_failed,,
BeNi2Si,0.410858,1.3334180944262313,731,1.0424240006230945,tilt_failed,,
BeNi2Si,0.410858,1.3334180944262313,732,1.409820015515751,ok,1.7703625374318976,1.0769163338864018e-14
BeNi2Si,0.410858,1.3334180944262313,733,1.0726942335467955,tilt_failed,,
BeNi2Si,0.410858,1.3334180944262313,734,1.061400145447566,tilt_failed,,
BeNi2Si,0.410858,1.3334180944262313,735,1.1868461361923732,tilt_failed,,
BeNi2Si,0.410858,1.3334180944262313,736,1.0618319886389664,tilt_failed,,
BeNi2Si,0.410858,1.3334180944262313,737,2.17654635165504,ok,1.8450517879704256,5.861977570020828e-14
BeNi2Si,0.410858,1.3334180944262313,738,1.2833815855501252,ok,1.7675923227186283,1.4477308241112041e-13
BeNi2Si,0.410858,1.3334180944262313,740,1.4677068654234613,ok,1.7198593922746048,3.0449420762579393e-10
BeNi2Si,0.410858,1.3334180944262313,741,1.1044192728748767,tilt_failed,,
BeNi2Si,0.410858,1.3334180944262313,742,1.1658408473845685,tilt_failed,,
BeNi2Si,0.410858,1.3334180944262313,743,1.4645744456970498,ok,1.7650352014448414,5.334637176446222e-10
BeNi2Si,0.410858,1.3334180944262313,744,1.3952164471847102,ok,1.717408817720559,1.8387513733841847e-12
BeNi2Si,0.410858,1.3334180944262313,745,1.1263477321343236,tilt_failed,,
BeNi2Si,0.410858,1.3334180944262313,746,1.317350963511957,ok,1.7513972213179776,1.4654943925052066e-14
BeNi2Si,0.410858,1.3334180944262313,747,1.1167482788359062,tilt_failed,,
BeNi2Si,0.410858,1.3334180944262313,748,1.694493506989641,ok,1.862738543447452,9.880984919163892e-15
BeNi2Si,0.410858,1.3334180944262313,749,1.302262799573773,ok,1.7275307560959656,1.6564527527407338e-13
BeNi2Si,0.410858,1.3334180944262313,751,1.4302325000328937,ok,1.751823408196942,6.219247339345202e-11
BeNi2Si,0.410858,1.3334180944262313,752,1.1843795937360242,tilt_failed,,
BeNi2Si,0.410858,1.3334180944262313,753,1.2467991454991594,tilt_failed,,
BeNi2Si,0.410858,1.3334180944262313,754,1.3084037010738316,tilt_failed,,
BeNi2Si,0.410858,1.3334180944262313,755,1.127904637347318,tilt_failed,,
BeNi2Si,0.410858,1.3334180944262313,756,1.1362818426184422,tilt_failed,,
BeNi2Si,0.410858,1.3334180944262313,757,1.100802380846258,tilt_failed,,
BeNi2Si,0.410858,1.3334180944262313,758,1.3949927741481365,ok,1.70899162686101,5.551115123125784e-16
BeNi2Si,0.410858,1.3334180944262313,759,1.4183842994842466,ok,1.713253495650655,5.551115123125784e-16
BeNi2Si,0.410858,1.3334180944262313,760,1.2102611209640577,tilt_failed,,
BeNi2Si,0.410858,1.3334180944262313,761,1.2663314026180976,ok,1.763756640807948,1.7551690101313964e-09
BeNi2Si,0.410858,1.3334180944262313,762,1.3777321774334297,ok,1.744897871413769,1.1102230246251563e-16
BeNi2Si,0.410858,1.3334180944262313,763,1.305145963756346,ok,1.692689978740618,1.092459456231154e-13
BeNi2Si,0.410858,1.3334180944262313,764,1.1478558696214831,tilt_failed,,
BeNi2Si,0.410858,1.3334180944262313,765,1.1502605178984286,tilt_failed,,
BeNi2Si,0.410858,1.3334180944262313,766,1.0838412212065316,tilt_failed,,
BeNi2Si,0.410858,1.3334180944262313,767,1.1332403717730348,tilt_failed,,
BeNi2Si,0.410858,1.3334180944262313,768,1.2320401148776583,tilt_failed,,
BeNi2Si,0.410858,1.3334180944262313,769,1.2486667610503928,tilt_failed,,
BeNi2Si,0.410858,1.3334180944262313,770,1.250848039528919,tilt_failed,,
BeNi2Si,0.410858,1.3334180944262313,771,1.3936369998261762,ok,1.7461764320506623,4.213740467662319e-12
BeNi2Si,0.410858,1.3334180944262313,772,1.1205212158736564,tilt_failed,,
BeNi2Si,0.410858,1.3334180944262313,773,1.3981100032596707,ok,1.7426603902992053,4.78608264131708e-11
BeNi2Si,0.410858,1.3334180944262313,774,1.2331029301613488,tilt_failed,,
BeNi2Si,0.410858,1.3334180944262313,775,1.1555018982998198,tilt_failed,,
BeNi2Si,0.410858,1.3334180944262313,776,1.2044493992086105,tilt_failed,,
BeNi2Si,0.410858,1.3334180944262313,777,1.234105473032425,tilt_failed,,
BeNi2Si,0.410858,1.3334180944262313,778,1.1570272559376111,tilt_failed,,
BeNi2Si,0.410858,1.3334180944262313,779,1.1787220633212,tilt_failed,,
BeNi2Si,0.410858,1.3334180944262313,780,1.1993280645351014,tilt_failed,,
BeNi2Si,0.410858,1.3334180944262313,781,1.4811431690612211,ok,1.711655294854538,4.487299420929958e-12
BeNi2Si,0.410858,1.3334180944262313,782,1.1483026716648268,tilt_failed,,
BeNi2Si,0.410858,1.3334180944262313,783,1.277439204456397,ok,1.717408817720559,7.327471962526033e-14
BeNi2Si,0.410858,1.3334180944262313,784,1.8278752279782176,ok,1.711335654695315,2.93508550797128e-10
BeNi2Si,0.410858,1.3334180944262313,785,1.1108773276310775,tilt_failed,,
BeNi2Si,0.410858,1.3334180944262313,787,1.1244237018254992,tilt_failed,,
BeNi2Si,0.410858,1.3334180944262313,788,1.3448207846155091,ok,1.7125076686124672,1.4477863352624354e-11
BeNi2Si,0.410858,1.3334180944262313,789,1.236080660105768,tilt_failed,,
BeNi2Si,0.410858,1.3334180944262313,790,1.463730019930028,ok,1.743512764057134,4.540479103809503e-12
BeNi2Si,0.410858,1.3334180944262313,791,1.3486661710751071,ok,1.697804221288192,4.131917030747445e-12
BeNi2Si,0.410858,1.3334180944262313,792,1.4998417781302211,ok,1.7370134141529254,1.2991785425242594e-10
BeNi2Si,0.410858,1.3334180944262313,793,1.262363712317896,tilt_failed,,
BeNi2Si,0.410858,1.3334180944262313,794,1.648859186350943,ok,1.7353086666370676,6.781242234410456e-13
BeNi2Si,0.410858,1.3334180944262313,795,1.457897167543866,ok,1.7127207620519496,6.373235272860711e-11
BeNi2Si,0.410858,1.3334180944262313,796,1.0771268421274127,tilt_failed,,
BeNi2Si,0.410858,1.3334180944262313,797,1.3019344124387546,ok,1.724653994662955,2.581268532253489e-13
BeNi2Si,0.410858,1.3334180944262313,798,1.5813757586167136,ok,1.70803270638334,8.881784197001252e-16
BeNi2Si,0.410858,1.3334180944262313,799,1.7880193935350666,ok,1.8081866229399963,8.606204637828796e-11
BeNi2Si,0.410858,1.3334180944262313,800,1.195687095530662,tilt_failed,,
BeNi2Si,0.410858,1.3334180944262313,801,1.2236251517407148,ok,1.75448707619047,4.1331882361106404e-10
BeNi2Si,0.410858,1.3334180944262313,802,1.0611425939610082,tilt_failed,,
BeNi2Si,0.410858,1.3334180944262313,803,1.342126825185788,ok,1.7036642908739537,1.4033624262665967e-09
BeNi2Si,0.410858,1.3334180944262313,804,1.2612192930393813,tilt_failed,,
BeNi2Si,0.410858,1.3334180944262313,806,1.1579681711987988,tilt_failed,,
BeNi2Si,0.410858,1.3334180944262313,807,1.2870565508573726,ok,1.7010006228804255,2.945754751237928e-12
BeNi2Si,0.410858,1.3334180944262313,808,1.1858657415896154,tilt_failed,,
BeNi2Si,0.410858,1.3334180944262313,809,1.318700227235636,ok,1.715064789886254,4.6629367034256575e-15
BeNi2Si,0.410858,1.3334180944262313,810,1.3291901552686738,ok,1.691198324664242,1.48769885299771e-13
BeNi2Si,0.410858,1.3334180944262313,811,1.4888995687284132,ok,1.702279183517319,1.0323619736851696e-10
BeNi2Si,0.410858,1.3334180944262313,812,1.193489593933878,tilt_failed,,
BeNi2Si,0.410858,1.3334180944262313,813,1.3317096472829055,ok,1.723588527465544,5.435651928564766e-13
BeNi2Si,0.410858,1.3334180944262313,814,1.1474775913885171,tilt_failed,,
BeNi2Si,0.410858,1.3334180944262313,815,1.2225593489689772,tilt_failed,,
BeNi2Si,0.410858,1.3334180944262313,816,1.197729369049827,tilt_failed,,
BeNi2Si,0.410858,1.3334180944262313,817,1.1334106835406128,tilt_failed,,
BeNi2Si,0.410858,1.3334180944262313,818,1.165560238853013,tilt_failed,,
BeNi2Si,0.410858,1.3334180944262313,819,1.198483176689656,ok,1.748520459884967,2.2491897233578584e-11
BeNi2Si,0.410858,1.3334180944262313,820,1.0501245364790412,tilt_failed,,
BeNi2Si,0.410858,1.3334180944262313,821,1.0636832133118437,tilt_failed,,
BeNi2Si,0.410858,1.3334180944262313,822,1.0747872770621276,tilt_failed,,
BeNi2Si,0.410858,1.3334180944262313,823,1.151419329299825,tilt_failed,,
CoTi,1.012085,1.160886390548463,0,1.2495659770880998,ok,13.622555838356696,3.6481061393978116e-08
CoTi,1.012085,1.160886390548463,1,2.2706842351618963,ok,13.623686919754231,8.602030199256204e-11
CoTi,1.012085,1.160886390548463,2,1.7162466041892894,ok,13.61576934997148,2.2870594307278225e-14
CoTi,1.012085,1.160886390548463,3,1.2264104119995611,ok,13.601065291803511,1.8154493464095367e-09
CoTi,1.012085,1.160886390548463,4,2.788503163011089,ok,13.624818001151768,3.7108440764654915e-09
CoTi,1.012085,1.160886390548463,7,1.91973294543728,ok,13.569395012672508,3.3306690738754696e-15
CoTi,1.012085,1.160886390548463,8,1.2087205694286438,ok,13.60445853599612,1.0626144408831806e-10
CoTi,1.012085,1.160886390548463,9,1.54220592830463,ok,13.642915303512344,1.064588417420964e-10
CoTi,1.012085,1.160886390548463,10,1.2488199371162336,ok,13.59088555922569,2.7832625093537896e-11
CoTi,1.012085,1.160886390548463,11,1.6041167302560164,ok,13.570526094070042,9.882539231398368e-12
CoTi,1.012085,1.160886390548463,12,1.7261148456153768,ok,13.62708016394684,5.551115123125783e-15
CoTi,1.012085,1.160886390548463,13,1.790288721762513,ok,13.673454501245816,1.1102230246251563e-15
CoTi,1.012085,1.160886390548463,14,1.9239252842736112,ok,13.61350718717641,4.440892098500626e-16
CoTi,1.012085,1.160886390548463,15,1.1274910127681486,tilt_failed,,
CoTi,1.012085,1.160886390548463,16,1.3560845507149728,ok,13.6101139429838,5.9952043329758445e-15
CoTi,1.012085,1.160886390548463,17,1.960211845904679,ok,13.597672047610905,3.3627545192871366e-11
CoTi,1.012085,1.160886390548463,18,1.2270725297391634,ok,13.563739605684829,1.7319479184152442e-14
CoTi,1.012085,1.160886390548463,19,1.231716841418951,ok,13.634997733729591,5.810691927621291e-10
CoTi,1.012085,1.160886390548463,20,1.617458444836998,ok,13.57391933826265,5.713207684721057e-13
CoTi,1.012085,1.160886390548463,21,1.1014773083297704,tilt_failed,,
CoTi,1.012085,1.160886390548463,22,1.2230707005175832,ok,13.563739605684829,4.218847493575595e-15
CoTi,1.012085,1.160886390548463,23,1.5082805379061974,ok,13.589754477828157,1.6295187421633273e-11
CoTi,1.012085,1.160886390548463,24,1.1107421871665006,ok,13.651963954692633,8.881784197001252e-16
CoTi,1.012085,1.160886390548463,25,1.6580338897417757,ok,13.629342326741911,2.112976460466598e-12
CoTi,1.012085,1.160886390548463,26,1.4011250231692336,ok,13.595409884815831,1.8655987865656695e-10
CoTi,1.012085,1.160886390548463,27,1.1878485234326608,ok,13.616900431369018,4.440892098500626e-16
CoTi,1.012085,1.160886390548463,28,1.2809142917378686,ok,13.586361233635548,2.4202861936828413e-14
CoTi,1.012085,1.160886390548463,29,1.14417114939594,ok,13.718697757147252,1.322386644631024e-12
CoTi,1.012085,1.160886390548463,30,1.279423498252087,ok,13.562608524287292,3.3475644478642153e-09
CoTi,1.012085,1.160886390548463,31,1.127390982145868,tilt_failed,,
CoTi,1.012085,1.160886390548463,32,1.7694527128929365,ok,13.580705826647868,6.017408793468348e-14
CoTi,1.012085,1.160886390548463,33,1.9449744748383688,ok,13.59654096621337,6.703526622686695e-12
CoTi,1.012085,1.160886390548463,34,1.305458862284803,ok,13.61916259416409,1.021405182655144e-14
CoTi,1.012085,1.160886390548463,35,1.14630375947696,ok,13.639522059319738,2.0890016383390275e-09
CoTi,1.012085,1.160886390548463,37,1.310178753577754,ok,13.578443663852797,2.042810365310288e-14
CoTi,1.012085,1.160886390548463,38,1.7442216691830636,ok,13.559215280094683,4.6629367034256575e-15
CoTi,1.012085,1.160886390548463,39,1.1638444276297335,ok,13.616900431369018,7.993605777301127e-15
CoTi,1.012085,1.160886390548463,40,1.4494239809659757,ok,13.585230152238012,8.881784197001252e-16
CoTi,1.012085,1.160886390548463,41,1.8840287893421608,ok,13.659881524475384,3.702593787124897e-13
CoTi,1.012085,1.160886390548463,42,1.351040894815895,ok,13.586361233635548,1.163513729807164e-13
CoTi,1.012085,1.160886390548463,43,1.4702120347057033,ok,13.639522059319738,3.5527136788005016e-14
CoTi,1.012085,1.160886390548463,44,1.8297438469304956,ok,13.59654096621337,2.288169653752448e-12
CoTi,1.012085,1.160886390548463,45,1.1493169231325773,ok,13.67232341984828,5.148659276699164e-12
CoTi,1.012085,1.160886390548463,46,1.28602635845907,ok,13.622555838356696,6.661338147750939e-16
CoTi,1.012085,1.160886390548463,47,1.2238275409651755,ok,13.61576934997148,4.440892098500626e-14
CoTi,1.012085,1.160886390548463,48,1.2894190733474804,ok,13.61350718717641,9.277467682977658e-12
CoTi,1.012085,1.160886390548463,49,1.177109438002338,ok,13.570526094070042,1.9984014443252818e-15
CoTi,1.012085,1.160886390548463,50,1.2680247255034056,ok,13.667799094258136,7.217115793878293e-12
CoTi,1.012085,1.160886390548463,51,1.1791416494237867,ok,13.625949082549305,1.9795676209355406e-10
CoTi,1.012085,1.160886390548463,52,1.3362714590165126,ok,13.567132849877437,5.2440274345144636e-12
CoTi,1.012085,1.160886390548463,53,1.9706092067997636,ok,13.663274768667993,2.9000839507631326e-09
CoTi,1.012085,1.160886390548463,54,1.5184273841127949,ok,13.580705826647868,6.147885533991371e-10
CoTi,1.012085,1.160886390548463,55,1.280423850703025,ok,13.576181501057722,1.007608663172732e-09
CoTi,1.012085,1.160886390548463,56,1.502562458544429,ok,13.59314772202076,5.596167973465072e-10
CoTi,1.012085,1.160886390548463,57,1.2200550756937456,ok,13.563739605684829,1.4727848940410124e-09
CoTi,1.012085,1.160886390548463,58,1.2345136582655487,ok,13.59654096621337,3.182958341341191e-09
CoTi,1.012085,1.160886390548463,59,1.0660111121143323,tilt_failed,,
CoTi,1.012085,1.160886390548463,60,1.3418071048269182,ok,13.605589617393658,1.1324274851176595e-14
CoTi,1.012085,1.160886390548463,61,1.1896608565745292,ok,13.62142475695916,3.1930014188219497e-13
CoTi,1.012085,1.160886390548463,62,1.4185845019768744,ok,13.588623396430618,3.3306690738754696e-15
CoTi,1.012085,1.160886390548463,63,1.2985196416877565,ok,13.586361233635548,1.1222096585328243e-09
CoTi,1.012085,1.160886390548463,64,1.115432932623103,tilt_failed,,
CoTi,1.012085,1.160886390548463,65,1.3555050736729355,ok,13.578443663852797,4.440892098500626e-16
CoTi,1.012085,1.160886390548463,66,1.1061142576035432,tilt_failed,,
CoTi,1.012085,1.160886390548463,67,1.2536100867170448,ok,13.597672047610905,1.3322676295501878e-15
CoTi,1.012085,1.160886390548463,68,1.3984362609311425,ok,13.581836908045403,4.044795831603665e-09
CoTi,1.012085,1.160886390548463,69,1.187244556731469,ok,13.594278803418298,7.722338324356314e-10
CoTi,1.012085,1.160886390548463,70,1.1889132929168749,ok,13.614638268573946,1.55875312657372e-13
CoTi,1.012085,1.160886390548463,71,1.090596341240824,tilt_failed,,
CoTi,1.012085,1.160886390548463,72,1.4536873675875346,ok,13.547904466119324,1.7575940702840853e-12
CoTi,1.012085,1.160886390548463,73,1.1491232568634893,ok,13.628211245344376,4.2417446222131624e-09
CoTi,1.012085,1.160886390548463,74,1.5519461116386573,ok,13.57391933826265,3.774758283725532e-15
CoTi,1.012085,1.160886390548463,75,1.213740225956765,ok,13.59314772202076,9.444578452644235e-11
CoTi,1.012085,1.160886390548463,76,1.483452949667594,ok,13.61576934997148,1.9951595930933763e-11
CoTi,1.012085,1.160886390548463,77,2.029600064598912,ok,13.647439629102488,5.3411941536296575e-11
CoTi,1.012085,1.160886390548463,78,1.1109698597582736,tilt_failed,,
CoTi,1.012085,1.160886390548463,79,1.1378123861639873,tilt_failed,,
CoTi,1.012085,1.160886390548463,80,1.089164398668054,tilt_failed,,
CoTi,1.012085,1.160886390548463,81,1.310076556917332,ok,13.605589617393658,4.924160190711291e-09
CoTi,1.012085,1.160886390548463,82,1.1809358978696127,ok,13.665536931463064,6.5202722110413455e-09
CoTi,1.012085,1.160886390548463,83,1.272923944182704,ok,13.606720698791191,5.28355137419112e-12
CoTi,1.012085,1.160886390548463,84,1.692929560488284,ok,13.559215280094683,5.6621374255882976e-15
CoTi,1.012085,1.160886390548463,86,1.6552762156375826,ok,13.603327454598585,1.41886502547095e-13
CoTi,1.012085,1.160886390548463,87,1.5277331202443705,ok,13.594278803418298,1.1745100447768664e-09
CoTi,1.012085,1.160886390548463,88,1.180031941817787,ok,13.662143687270456,7.233181054111526e-09
CoTi,1.012085,1.160886390548463,89,1.4650364878146038,ok,13.620293675561625,4.4805514853862855e-10
CoTi,1.012085,1.160886390548463,90,1.8204379516510836,ok,13.614638268573946,8.992806499463769e-14
CoTi,1.012085,1.160886390548463,91,1.1367427913444363,ok,13.62142475695916,6.090239423883759e-12
CoTi,1.012085,1.160886390548463,92,1.4580521646341924,ok,13.612376105778877,8.893115133190577e-10
CoTi,1.012085,1.160886390548463,93,1.4025405990429631,ok,13.544511221926715,3.001770831900785e-09
CoTi,1.012085,1.160886390548463,94,1.1734459764579346,ok,13.606720698791191,4.551914400963142e-15
CoTi,1.012085,1.160886390548463,95,1.188588702972832,ok,13.64404638490988,5.581324069581228e-09
CoTi,1.012085,1.160886390548463,96,1.183748064018879,ok,13.612376105778877,2.886579864025407e-15
CoTi,1.012085,1.160886390548463,97,1.6691354279943689,ok,13.657619361680313,6.167732991002595e-12
CoTi,1.012085,1.160886390548463,98,1.527407357159413,ok,13.645177466307416,4.218847493575595e-15
CoTi,1.012085,1.160886390548463,99,1.349041702506478,ok,13.581836908045403,4.0685455005018405e-11
CoTi,1.012085,1.160886390548463,100,1.2686733725284691,ok,13.62142475695916,1.9746426715983034e-11
CoTi,1.012085,1.160886390548463,101,1.1952692111054526,ok,13.601065291803511,1.7763568394002505e-15
CoTi,1.012085,1.160886390548463,102,1.6428132221391716,ok,13.59880312900844,2.886579864025407e-15
CoTi,1.012085,1.160886390548463,103,1.4789924766230378,ok,13.597672047610905,1.5765166949677223e-14
CoTi,1.012085,1.160886390548463,104,1.604887959148538,ok,13.595409884815831,3.8955438874666015e-10
CoTi,1.012085,1.160886390548463,105,1.257899489985736,ok,13.584099070840477,1.4267476089457889e-12
CoTi,1.012085,1.160886390548463,106,1.5614412208311628,ok,13.637259896524665,1.9984014443252818e-15
CoTi,1.012085,1.160886390548463,107,1.081495084123776,tilt_failed,,
CoTi,1.012085,1.160886390548463,108,1.343766994610735,ok,13.56826393127497,3.7303493627405266e-14
CoTi,1.012085,1.160886390548463,109,1.358340283522718,ok,13.588623396430618,4.251154983592187e-12
CoTi,1.012085,1.160886390548463,110,1.575061788917229,ok,13.611245024381338,9.1704199789433e-11
CoTi,1.012085,1.160886390548463,111,1.436442909832728,ok,13.584099070840477,8.881784197001252e-16
CoTi,1.012085,1.160886390548463,112,1.1518957122218951,ok,13.594278803418298,5.0039861143602587e-11
CoTi,1.012085,1.160886390548463,113,1.5055184596021824,ok,13.65535719888524,1.5543122344752194e-15
CoTi,1.012085,1.160886390548463,114,1.0987198766030724,tilt_failed,,
CoTi,1.012085,1.160886390548463,115,1.5235038680298332,ok,13.68589639661871,1.3322676295501878e-15
CoTi,1.012085,1.160886390548463,116,1.333078688177768,ok,13.586361233635548,1.6850965067760626e-12
CoTi,1.012085,1.160886390548463,117,1.2540089392677942,ok,13.586361233635548,2.190050363282125e-10
CoTi,1.012085,1.160886390548463,118,1.143882983505564,ok,13.647439629102488,1.1179945857975326e-13
CoTi,1.012085,1.160886390548463,119,1.3704393263599983,ok,13.611245024381338,2.220446049250313e-16
CoTi,1.012085,1.160886390548463,120,1.144395344691357,ok,13.66101260587292,4.8405723873656825e-14
CoTi,1.012085,1.160886390548463,121,1.1807788573901603,ok,13.608982861586266,2.93042778931607e-09
CoTi,1.012085,1.160886390548463,122,1.2887006971178392,ok,13.584099070840477,2.398081733190338e-14
CoTi,1.012085,1.160886390548463,123,1.189762463715359,ok,13.639522059319738,2.6867397195928793e-13
CoTi,1.012085,1.160886390548463,124,1.610495299143263,ok,13.60445853599612,4.329869796038111e-14
CoTi,1.012085,1.160886390548463,125,1.411138629723674,ok,13.61576934997148,2.786770814111605e-10
CoTi,1.012085,1.160886390548463,126,1.3527309829010998,ok,13.575050419660188,4.966915767568025e-12
CoTi,1.012085,1.160886390548463,127,1.4372470134748845,ok,13.608982861586266,2.220446049250313e-16
CoTi,1.012085,1.160886390548463,128,1.2414276531930049,ok,13.585230152238012,2.109423746787797e-14
CoTi,1.012085,1.160886390548463,129,1.224222092828324,ok,13.581836908045403,1.7408297026122457e-13
CoTi,1.012085,1.160886390548463,130,1.3959931932380203,ok,13.584099070840477,4.769518113789672e-13
CoTi,1.012085,1.160886390548463,131,1.1674348404826378,ok,13.647439629102488,1.0369483049998962e-12
CoTi,1.012085,1.160886390548463,132,1.230716631784396,ok,13.585230152238012,2.1062152022466307e-11
CoTi,1.012085,1.160886390548463,133,1.915369861410412,ok,13.713042350159572,3.4932057246805925e-12
CoTi,1.012085,1.160886390548463,134,1.2107274137413238,ok,13.592016640623228,6.052258694211332e-11
CoTi,1.012085,1.160886390548463,135,1.266400074302206,ok,13.584099070840477,2.0112245202597023e-11
CoTi,1.012085,1.160886390548463,136,2.0072148055446664,ok,13.597672047610905,7.178924121831187e-11
CoTi,1.012085,1.160886390548463,137,1.2307455302633798,ok,13.584099070840477,4.098943406916078e-13
CoTi,1.012085,1.160886390548463,138,1.4948158524550723,ok,13.631604489536985,5.032750216571458e-09
CoTi,1.012085,1.160886390548463,139,1.4394343085446633,ok,13.563739605684829,2.0650148258027914e-13
CoTi,1.012085,1.160886390548463,140,1.208104391913723,ok,13.628211245344376,1.6685763881696403e-11
CoTi,1.012085,1.160886390548463,141,1.2125461951624,ok,13.577312582455258,7.23643367450677e-13
CoTi,1.012085,1.160886390548463,142,1.3621005063639018,ok,13.592016640623228,9.79216707719388e-13
CoTi,1.012085,1.160886390548463,143,1.304415160359255,ok,13.59088555922569,8.232332593394175e-10
CoTi,1.012085,1.160886390548463,144,1.139162767366352,ok,13.654226117487704,4.151512023042869e-09
CoTi,1.012085,1.160886390548463,145,1.1809791869368715,ok,13.745843710688115,8.09295730430648e-09
CoTi,1.012085,1.160886390548463,146,1.1077392885831656,tilt_failed,,
CoTi,1.012085,1.160886390548463,147,1.5212991981750854,ok,13.623686919754231,1.2002863147841936e-09
CoTi,1.012085,1.160886390548463,148,1.4085606637291097,ok,13.671192338450744,6.63136212608606e-12
CoTi,1.012085,1.160886390548463,149,1.1147076984090545,tilt_failed,,
CoTi,1.012085,1.160886390548463,150,1.465561536960908,ok,13.60219637320105,1.6109336087311021e-12
CoTi,1.012085,1.160886390548463,151,1.778288711625336,ok,13.603327454598585,1.625621859346893e-11
CoTi,1.012085,1.160886390548463,152,1.2889213397543615,ok,13.60445853599612,4.841094192187256e-11
CoTi,1.012085,1.160886390548463,153,1.43422242156877,ok,13.59654096621337,2.3314683517128287e-14
CoTi,1.012085,1.160886390548463,154,1.2790711157260268,ok,13.569395012672508,5.13930942247498e-09
CoTi,1.012085,1.160886390548463,155,1.1949958360842703,ok,13.612376105778877,4.107825191113079e-15
CoTi,1.012085,1.160886390548463,156,1.392559330649519,ok,13.59654096621337,1.5099033134902132e-14
CoTi,1.012085,1.160886390548463,157,2.0146862980231384,tilt_failed,,
CoTi,1.012085,1.160886390548463,158,1.2291977529804377,ok,13.59088555922569,5.324629626102251e-13
CoTi,1.012085,1.160886390548463,159,1.4098975511180123,ok,13.578443663852797,1.5543122344752194e-15
CoTi,1.012085,1.160886390548463,160,1.3466578054063896,ok,13.671192338450744,1.5099033134902132e-14
CoTi,1.012085,1.160886390548463,161,1.4437610677371713,ok,13.59314772202076,6.887601600169546e-12
CoTi,1.012085,1.160886390548463,162,1.3847319099428506,ok,13.6383909779222,9.399148126476577e-13
CoTi,1.012085,1.160886390548463,163,1.3262402355053773,ok,13.576181501057722,2.737809978725636e-13
CoTi,1.012085,1.160886390548463,164,1.1306879890665755,tilt_failed,,
CoTi,1.012085,1.160886390548463,165,1.5011901098702691,ok,13.59654096621337,4.773959005888173e-14
CoTi,1.012085,1.160886390548463,166,1.163640736073686,ok,13.633866652332056,1.4607485332440716e-08
CoTi,1.012085,1.160886390548463,167,1.437761502755005,ok,13.578443663852797,3.059485997880529e-11
CoTi,1.012085,1.160886390548463,168,1.1696486834562227,ok,13.645177466307416,3.677813609215264e-11
CoTi,1.012085,1.160886390548463,169,1.0749564463438346,tilt_failed,,
CoTi,1.012085,1.160886390548463,170,1.361803227221554,ok,13.601065291803511,1.9984014443252818e-15
CoTi,1.012085,1.160886390548463,171,1.1735767108156834,ok,13.57391933826265,8.964384790033364e-12
CoTi,1.012085,1.160886390548463,172,1.2153105527004917,ok,13.563739605684829,6.661338147750939e-16
CoTi,1.012085,1.160886390548463,173,1.1474876084722654,ok,13.693813966401464,2.1033341734977282e-10
CoTi,1.012085,1.160886390548463,174,1.4111318283749357,ok,13.586361233635548,4.440892098500626e-16
CoTi,1.012085,1.160886390548463,175,1.0688908404978614,tilt_failed,,
CoTi,1.012085,1.160886390548463,176,1.3773264423154874,ok,13.561477442889757,5.791811474864517e-12
CoTi,1.012085,1.160886390548463,177,1.08263932881456,tilt_failed,,
CoTi,1.012085,1.160886390548463,178,1.1739198743217023,ok,13.585230152238012,9.34158306264976e-11
CoTi,1.012085,1.160886390548463,179,1.0942454571100102,tilt_failed,,
CoTi,1.012085,1.160886390548463,180,1.1890158521657803,ok,13.629342326741911,8.858069722172957e-09
CoTi,1.012085,1.160886390548463,181,1.3029027784610538,ok,13.592016640623228,2.8720803513238025e-11
CoTi,1.012085,1.160886390548463,182,1.2152116774250383,ok,13.592016640623228,5.773159728050814e-15
CoTi,1.012085,1.160886390548463,183,1.1362457556679368,tilt_failed,,
CoTi,1.012085,1.160886390548463,184,1.130157039069779,ok,13.611245024381338,4.884981308350689e-15
CoTi,1.012085,1.160886390548463,185,1.3619305641256605,ok,13.569395012672508,4.882698689812058e-10
CoTi,1.012085,1.160886390548463,186,1.7866098777593449,ok,13.71643559435218,6.661338147750939e-16
CoTi,1.012085,1.160886390548463,187,1.2106070966716411,ok,13.625949082549305,1.6830981053317373e-13
CoTi,1.012085,1.160886390548463,188,1.1702211910012936,ok,13.628211245344376,2.1044388454072305e-11
CoTi,1.012085,1.160886390548463,189,1.3859855782588169,ok,13.597672047610905,4.665583475116364e-10
CoTi,1.012085,1.160886390548463,190,1.3071560126575426,ok,13.584099070840477,2.220446049250313e-16
CoTi,1.012085,1.160886390548463,191,1.2391387765366944,ok,13.589754477828157,2.0959567414990943e-11
CoTi,1.012085,1.160886390548463,192,1.1338062824699524,tilt_failed,,
CoTi,1.012085,1.160886390548463,193,1.3229109531003695,ok,13.584099070840477,4.440892098500626e-16
CoTi,1.012085,1.160886390548463,194,1.2566149825846944,ok,13.586361233635548,7.323031070427534e-13
CoTi,1.012085,1.160886390548463,195,1.1592174401246005,ok,13.633866652332056,9.167577252888748e-09
CoTi,1.012085,1.160886390548463,196,1.22891909207467,ok,13.611245024381338,2.072953364518071e-09
CoTi,1.012085,1.160886390548463,197,1.1520028579943609,ok,13.616900431369018,1.0843215214606516e-11
CoTi,1.012085,1.160886390548463,198,1.1968238241844789,ok,13.61916259416409,1.828537321557633e-13
CoTi,1.012085,1.160886390548463,199,1.1699724372925584,ok,13.599934210405976,2.8776980798284063e-13
CoTi,1.012085,1.160886390548463,200,1.1758533730359604,ok,13.62708016394684,5.0329518330727296e-11
CoTi,1.012085,1.160886390548463,201,1.342907166956666,ok,13.581836908045403,1.4210854715202004e-14
CoTi,1.012085,1.160886390548463,202,1.3737057563015538,ok,13.59314772202076,9.831335745502654e-10
CoTi,1.012085,1.160886390548463,203,1.1711131798216483,ok,13.64178422211481,7.424139081280146e-11
CoTi,1.012085,1.160886390548463,205,1.1570428018565817,ok,13.612376105778877,6.17061957086662e-13
CoTi,1.012085,1.160886390548463,206,1.213185281735262,ok,13.572788256865111,2.793765219166744e-12
CoTi,1.012085,1.160886390548463,207,1.454830958553857,ok,13.61916259416409,4.440892098500626e-15
CoTi,1.012085,1.160886390548463,208,1.1445793727955855,ok,13.67232341984828,3.3573144264664734e-13
CoTi,1.012085,1.160886390548463,209,1.3594724772282143,ok,13.620293675561625,7.351275144173997e-10
CoTi,1.012085,1.160886390548463,210,1.3993969673684326,ok,13.580705826647868,5.262457136723242e-13
CoTi,1.012085,1.160886390548463,211,1.3193362365046746,ok,13.60219637320105,1.6111112444150422e-11
CoTi,1.012085,1.160886390548463,212,1.0923587376044432,tilt_failed,,
CoTi,1.012085,1.160886390548463,213,1.5349021026957292,ok,13.62708016394684,5.833111771380572e-13
CoTi,1.012085,1.160886390548463,214,1.6340348762511054,ok,13.585230152238012,1.7779111516347257e-12
CoTi,1.012085,1.160886390548463,215,1.331084395822535,ok,13.569395012672508,1.7476953217965274e-10
CoTi,1.012085,1.160886390548463,216,1.3707452381475895,ok,13.597672047610905,1.3988810110276972e-14
CoTi,1.012085,1.160886390548463,217,1.166656266846943,ok,13.594278803418298,5.892175636290631e-12
CoTi,1.012085,1.160886390548463,219,1.1421813151806643,ok,13.72209100133986,3.432809592140984e-13
CoTi,1.012085,1.160886390548463,220,1.2892005959333244,ok,13.6101139429838,3.006550564066401e-10
CoTi,1.012085,1.160886390548463,221,1.1354651202569948,tilt_failed,,
CoTi,1.012085,1.160886390548463,222,1.6637425118184814,ok,13.651963954692633,1.218017464665877e-09
CoTi,1.012085,1.160886390548463,223,1.0834378978178485,tilt_failed,,
CoTi,1.012085,1.160886390548463,224,1.639569113494013,ok,13.68363423382364,1.3800420806120426e-09
CoTi,1.012085,1.160886390548463,225,1.192358197028064,ok,13.57391933826265,4.6629367034256575e-15
CoTi,1.012085,1.160886390548463,226,1.2700329486781816,ok,13.584099070840477,1.84419879367681e-09
CoTi,1.012085,1.160886390548463,227,1.2446412551586832,ok,13.567132849877437,4.551914400963142e-15
CoTi,1.012085,1.160886390548463,228,1.223494580669506,ok,13.616900431369018,3.548272786702001e-13
CoTi,1.012085,1.160886390548463,229,1.3120751034636031,ok,13.595409884815831,9.003768841608916e-10
CoTi,1.012085,1.160886390548463,230,1.297968233710469,ok,13.629342326741911,1.8878454355331087e-11
CoTi,1.012085,1.160886390548463,231,1.4521294238640576,ok,13.618031512766551,2.666592946454216e-09
CoTi,1.012085,1.160886390548463,232,1.3388972283626686,ok,13.59880312900844,1.5121237595394632e-13
CoTi,1.012085,1.160886390548463,233,1.2294966337985014,ok,13.589754477828157,3.6637359812630166e-15
CoTi,1.012085,1.160886390548463,234,1.3367577334805305,ok,13.578443663852797,1.4699352846037073e-12
CoTi,1.012085,1.160886390548463,235,1.3456178525399525,ok,13.59880312900844,8.881784197001252e-16
CoTi,1.012085,1.160886390548463,236,1.5347393946965364,ok,13.628211245344376,4.6629367034256575e-15
CoTi,1.012085,1.160886390548463,237,1.372552847769868,ok,13.59654096621337,4.440892098500626e-16
CoTi,1.012085,1.160886390548463,238,1.2078153338483466,ok,13.61350718717641,4.2137404676623185e-11
CoTi,1.012085,1.160886390548463,239,1.136799695865502,ok,13.653095036090168,2.997602166487923e-13
CoTi,1.012085,1.160886390548463,240,1.2336936226850277,ok,13.622555838356696,8.881784197001252e-16
CoTi,1.012085,1.160886390548463,241,1.3908392611094291,ok,13.571657175467578,8.691225517054589e-11
CoTi,1.012085,1.160886390548463,242,1.1380664305711543,ok,13.709649105966966,1.6559219551126603e-09
CoTi,1.012085,1.160886390548463,243,1.4565967152004815,ok,13.592016640623228,4.916733686854968e-12
CoTi,1.012085,1.160886390548463,244,1.548177238737785,ok,13.63273557093452,1.5333747604984183e-09
CoTi,1.012085,1.160886390548463,245,1.080626628016535,tilt_failed,,
CoTi,1.012085,1.160886390548463,246,1.680666722983827,ok,13.651963954692633,4.507505479978136e-14
CoTi,1.012085,1.160886390548463,247,1.6023410315738544,ok,13.663274768667993,1.3482548411047901e-12
CoTi,1.012085,1.160886390548463,248,1.280188717801789,ok,13.64970179189756,5.684341886080803e-14
CoTi,1.012085,1.160886390548463,249,1.1619572733578234,ok,13.645177466307416,3.895896938388432e-10
CoTi,1.012085,1.160886390548463,250,1.6241687379889749,ok,13.62708016394684,4.1052472532498996e-10
CoTi,1.012085,1.160886390548463,251,1.407138046146224,ok,13.625949082549305,4.787829688268631e-09
CoTi,1.012085,1.160886390548463,252,1.1634444275069369,ok,13.616900431369018,3.363471945405649e-09
CoTi,1.012085,1.160886390548463,253,1.145372048940466,ok,13.608982861586266,8.326672684688674e-15
CoTi,1.012085,1.160886390548463,254,1.2480675339326317,ok,13.640653140717273,1.0325074129013957e-13
CoTi,1.012085,1.160886390548463,255,1.3171597627074,ok,13.581836908045403,5.10702591327572e-15
CoTi,1.012085,1.160886390548463,256,1.3561775969891958,ok,13.57391933826265,2.220446049250313e-15
CoTi,1.012085,1.160886390548463,257,1.2394352500850188,ok,13.594278803418298,4.458655666894629e-12
CoTi,1.012085,1.160886390548463,258,1.637894953676489,ok,13.67797882683596,1.7079671010833408e-12
CoTi,1.012085,1.160886390548463,259,1.5415246566853025,ok,13.601065291803511,4.8199444435681465e-11
CoTi,1.012085,1.160886390548463,260,1.1629476523510325,ok,13.634997733729591,6.661338147750939e-15
CoTi,1.012085,1.160886390548463,261,1.0955162848962736,tilt_failed,,
CoTi,1.012085,1.160886390548463,262,1.0975952055705966,tilt_failed,,
CoTi,1.012085,1.160886390548463,263,1.4034793707473985,ok,13.545642303324254,5.322409180052999e-13
CoTi,1.012085,1.160886390548463,264,1.1781617188091416,ok,13.620293675561625,4.572240253075677e-09
CoTi,1.012085,1.160886390548463,265,1.390207366972563,ok,13.681372071028566,1.581623720880998e-12
CoTi,1.012085,1.160886390548463,266,1.1866622396078237,ok,13.61350718717641,2.220446049250313e-16
CoTi,1.012085,1.160886390548463,267,1.1944758847773556,ok,13.620293675561625,1.021405182655144e-14
CoTi,1.012085,1.160886390548463,268,1.2652190542882067,ok,13.59880312900844,5.551115123125783e-15
CoTi,1.012085,1.160886390548463,269,1.4254635342071718,ok,13.595409884815831,1.2878587085651816e-14
CoTi,1.012085,1.160886390548463,270,1.343134553718497,ok,13.69720721059407,1.811018002229048e-11
CoTi,1.012085,1.160886390548463,271,1.3767236353889774,ok,13.592016640623228,4.440892098500626e-16
CoTi,1.012085,1.160886390548463,272,1.1123357058084111,ok,13.662143687270456,4.703792910731863e-12
CoTi,1.012085,1.160886390548463,273,1.4168121091716548,ok,13.601065291803511,5.871143571312132e-10
CoTi,1.012085,1.160886390548463,274,1.502616219596946,ok,13.603327454598585,1.1570899793866828e-10
CoTi,1.012085,1.160886390548463,275,1.2285917591153783,ok,13.673454501245816,4.895021499251584e-09
CoTi,1.012085,1.160886390548463,276,1.2002689769020587,ok,13.62142475695916,6.654437001429868e-10
CoTi,1.012085,1.160886390548463,277,1.302667296554906,ok,13.576181501057722,1.7039702981946903e-11
CoTi,1.012085,1.160886390548463,278,1.4852332540144135,ok,13.628211245344376,2.5648942969525024e-09
CoTi,1.012085,1.160886390548463,279,1.3858827829562197,ok,13.68928964081132,3.4637173129681287e-09
CoTi,1.012085,1.160886390548463,280,1.204496744127414,ok,13.603327454598585,1.659272874654505e-07
CoTi,1.012085,1.160886390548463,281,1.238996724981717,ok,13.556953117299612,4.6553871868582064e-12
CoTi,1.012085,1.160886390548463,282,1.2101433517951088,ok,13.6101139429838,1.0710343723019378e-10
CoTi,1.012085,1.160886390548463,283,1.160886390548463,ok,13.585230152238012,8.219804836784306e-10
CoTi,1.012085,1.160886390548463,284,1.0712993897941343,tilt_failed,,
CoTi,1.012085,1.160886390548463,286,1.147957650854384,ok,13.6101139429838,4.5674830584374604e-10
CoTi,1.012085,1.160886390548463,287,1.3506629482712298,ok,13.6101139429838,4.4398085208285915e-10
CoTi,1.012085,1.160886390548463,288,1.3733169691241391,ok,13.59880312900844,1.100786128915843e-12
CoTi,1.012085,1.160886390548463,289,1.1352000177616108,ok,13.699469373389142,3.201669040997501e-09
CoTi,1.012085,1.160886390548463,291,1.3762486528236826,ok,13.587492315033083,2.220446049250313e-15
CoTi,1.012085,1.160886390548463,292,1.192245182172459,ok,13.611245024381338,8.628350034456389e-09
CoTi,1.012085,1.160886390548463,293,1.1904444218079908,ok,13.629342326741911,3.4517455560489907e-10
CoTi,1.012085,1.160886390548463,294,1.149568554521543,ok,13.770727501433909,1.3954862820853011e-09
CoTi,1.012085,1.160886390548463,295,1.0830228085601894,tilt_failed,,
CoTi,1.012085,1.160886390548463,296,1.6428727676551007,ok,13.608982861586266,7.111644606538903e-12
CoTi,1.012085,1.160886390548463,297,1.3153787662995997,ok,13.585230152238012,3.0298386022309387e-10
CoTi,1.012085,1.160886390548463,298,1.546156860171355,ok,13.63612881512713,1.304956143144409e-12
CoTi,1.012085,1.160886390548463,299,1.1303484304213467,tilt_failed,,
CoTi,1.012085,1.160886390548463,300,1.1358105762881288,tilt_failed,,
CoTi,1.012085,1.160886390548463,301,1.1203710110134677,ok,13.64178422211481,1.144617733928044e-11
CoTi,1.012085,1.160886390548463,302,1.1659907139018306,ok,13.650832873295096,3.064215547965432e-14
CoTi,1.012085,1.160886390548463,303,1.2387421296396957,ok,13.62708016394684,6.711409206161534e-12
CoTi,1.012085,1.160886390548463,304,1.2173154420689452,ok,13.586361233635548,1.423305917569451e-13
CoTi,1.012085,1.160886390548463,305,1.155896555708419,ok,13.788824803794483,2.149391775674303e-13
CoTi,1.012085,1.160886390548463,306,1.825819674466264,ok,13.633866652332056,4.244506301986917e-09
CoTi,1.012085,1.160886390548463,307,1.1436358108272733,ok,13.605589617393658,2.5524821145594956e-09
CoTi,1.012085,1.160886390548463,308,1.1480605101444028,ok,13.6101139429838,9.876970352706847e-10
CoTi,1.012085,1.160886390548463,309,1.1982749686549097,ok,13.63612881512713,4.8405723873656825e-14
CoTi,1.012085,1.160886390548463,310,1.6516077338534148,ok,13.650832873295096,2.2293278334473146e-13
CoTi,1.012085,1.160886390548463,311,1.3152829920740927,ok,13.605589617393658,4.922284801978094e-10
CoTi,1.012085,1.160886390548463,312,1.1979141060348637,ok,13.624818001151768,9.67115276750974e-12
CoTi,1.012085,1.160886390548463,313,1.172221976858001,ok,13.618031512766551,5.5324633763120794e-11
CoTi,1.012085,1.160886390548463,314,1.0918696604343066,tilt_failed,,
CoTi,1.012085,1.160886390548463,315,1.1608814571758117,ok,13.633866652332056,8.298790543648237e-10
CoTi,1.012085,1.160886390548463,316,1.3487329521883222,ok,13.577312582455258,1.199040866595169e-14
CoTi,1.012085,1.160886390548463,317,1.4330893558471474,ok,13.62142475695916,1.2074785615823205e-12
CoTi,1.012085,1.160886390548463,318,1.5619313928759844,ok,13.56826393127497,3.6637359812630166e-15
CoTi,1.012085,1.160886390548463,319,1.2982022868066938,ok,13.601065291803511,4.507505479978136e-14
CoTi,1.012085,1.160886390548463,320,1.166710430208393,ok,13.645177466307416,1.627920021007867e-12
CoTi,1.012085,1.160886390548463,321,1.2160449915327602,ok,13.580705826647868,6.841704980331542e-11
CoTi,1.012085,1.160886390548463,322,1.2660816659977676,ok,13.585230152238012,2.2648549702353197e-14
CoTi,1.012085,1.160886390548463,323,1.20467944867305,ok,13.59880312900844,5.476086251121615e-11
CoTi,1.012085,1.160886390548463,324,1.1284486720638658,tilt_failed,,
CoTi,1.012085,1.160886390548463,325,1.150700666204492,ok,13.687027478016248,8.224917413812705e-10
CoTi,1.012085,1.160886390548463,326,1.2148807908770896,ok,13.582967989442938,4.099190209494452e-09
CoTi,1.012085,1.160886390548463,327,1.1862481748963218,ok,13.60445853599612,4.706367517925969e-10
CoTi,1.012085,1.160886390548463,328,1.4049626379081834,ok,13.634997733729591,5.111864265217037e-10
CoTi,1.012085,1.160886390548463,329,1.2341072324353346,ok,13.549035547516862,3.6304292905242625e-14
CoTi,1.012085,1.160886390548463,330,1.1535173273721693,ok,13.646308547704953,2.3124835379917382e-11
CoTi,1.012085,1.160886390548463,331,1.1367278057719827,tilt_failed,,
CoTi,1.012085,1.160886390548463,332,1.076155895798754,tilt_failed,,
CoTi,1.012085,1.160886390548463,333,1.189435567980418,ok,13.585230152238012,2.666666887307656e-11
CoTi,1.012085,1.160886390548463,334,1.1108768669256597,tilt_failed,,
CoTi,1.012085,1.160886390548463,335,1.3687987337976693,ok,13.67797882683596,2.3925306180672123e-12
CoTi,1.012085,1.160886390548463,336,1.2672968510267717,ok,13.57957474525033,2.0672352718520415e-13
CoTi,1.012085,1.160886390548463,337,1.2260974915502865,ok,13.65535719888524,1.1102230246251563e-15
CoTi,1.012085,1.160886390548463,338,1.1506847238368163,ok,13.676847745438424,3.0298208386625447e-10
CoTi,1.012085,1.160886390548463,339,1.1087154827616823,tilt_failed,,
CoTi,1.012085,1.160886390548463,340,1.121560164159752,tilt_failed,,
CoTi,1.012085,1.160886390548463,342,1.1794689713014943,ok,13.589754477828157,4.764157957026781e-10
CoTi,1.012085,1.160886390548463,343,1.2773082776931366,ok,13.595409884815831,5.6992188746107786e-12
CoTi,1.012085,1.160886390548463,344,1.0860828738982202,tilt_failed,,
CoTi,1.012085,1.160886390548463,345,1.1228328194471269,tilt_failed,,
CoTi,1.012085,1.160886390548463,346,1.1417771517915831,tilt_failed,,
CoTi,1.012085,1.160886390548463,347,1.0699845842885711,tilt_failed,,
CoTi,1.012085,1.160886390548463,348,1.058250336694259,tilt_failed,,
CoTi,1.012085,1.160886390548463,349,1.1911417433598366,ok,13.629342326741911,2.886579864025407e-15
CoTi,1.012085,1.160886390548463,350,1.1126864450648384,tilt_failed,,
CoTi,1.012085,1.160886390548463,351,1.2296345688578565,ok,13.589754477828157,1.4383993995892294e-10
CoTi,1.012085,1.160886390548463,352,1.2833141131667836,ok,13.581836908045403,1.2545520178264267e-14
CoTi,1.012085,1.160886390548463,353,1.1213262395890362,ok,13.631604489536985,5.505151889906301e-12
CoTi,1.012085,1.160886390548463,354,1.265572794823797,ok,13.60445853599612,8.881784197001252e-16
CoTi,1.012085,1.160886390548463,355,1.2629755899473645,ok,13.603327454598585,5.795364188543317e-14
CoTi,1.012085,1.160886390548463,356,1.2253059371390322,ok,13.56034636149222,8.096900927512252e-11
CoTi,1.012085,1.160886390548463,357,1.62683960160354,ok,13.6383909779222,1.4097611966690238e-12
CoTi,1.012085,1.160886390548463,358,1.2735506324126102,ok,13.567132849877437,2.220446049250313e-16
CoTi,1.012085,1.160886390548463,359,1.161767093485517,ok,13.670061257053208,8.881784197001252e-16
CoTi,1.012085,1.160886390548463,360,1.438515975429102,ok,13.544511221926715,1.0769163338864018e-13
CoTi,1.012085,1.160886390548463,361,1.1260031053249218,tilt_failed,,
CoTi,1.012085,1.160886390548463,362,1.2041685366719816,ok,13.569395012672508,3.5024129152461114e-09
CoTi,1.012085,1.160886390548463,363,1.341297163318002,ok,13.552428791709469,1.6152668091962139e-10
CoTi,1.012085,1.160886390548463,364,1.1151571200865276,tilt_failed,,
CoTi,1.012085,1.160886390548463,365,1.282355370779571,ok,13.62142475695916,3.108624468950438e-14
CoTi,1.012085,1.160886390548463,366,1.0990796052451637,tilt_failed,,
CoTi,1.012085,1.160886390548463,367,1.2983283167696047,ok,13.576181501057722,6.661338147750939e-16
CoTi,1.012085,1.160886390548463,368,1.1527496212107444,ok,13.69720721059407,4.68070027181966e-12
CoTi,1.012085,1.160886390548463,369,1.1350161946535426,tilt_failed,,
CoTi,1.012085,1.160886390548463,370,1.6170668568800564,ok,13.570526094070042,2.220135186803418e-11
CoTi,1.012085,1.160886390548463,371,1.3892441979490942,ok,13.569395012672508,3.632205647363662e-12
CoTi,1.012085,1.160886390548463,372,1.1976943296553737,ok,13.658750443077848,1.645380498516147e-10
CoTi,1.012085,1.160886390548463,373,1.1401772786987514,ok,13.61576934997148,5.10702591327572e-15
CoTi,1.012085,1.160886390548463,374,1.060784695715523,tilt_failed,,
CoTi,1.012085,1.160886390548463,375,3.058151840371792,ok,13.730008571122614,1.9984014443252818e-15
CoTi,1.012085,1.160886390548463,376,1.4309905800329736,ok,13.653095036090168,3.3306690738754696e-16
CoTi,1.012085,1.160886390548463,377,1.1250873382301163,tilt_failed,,
CoTi,1.012085,1.160886390548463,378,1.2752228066140243,ok,13.597672047610905,5.186862050976514e-10
CoTi,1.012085,1.160886390548463,379,1.062726014870776,tilt_failed,,
CoTi,1.012085,1.160886390548463,380,1.6884703933567151,ok,13.622555838356696,5.37746958073626e-10
CoTi,1.012085,1.160886390548463,381,2.194805806759194,ok,13.713042350159572,6.661338147750939e-14
CoTi,1.012085,1.160886390548463,382,1.335952112571216,ok,13.592016640623228,4.440892098500626e-16
CoTi,1.012085,1.160886390548463,383,1.2506175753824262,ok,13.646308547704953,5.060396546241465e-13
CoTi,1.012085,1.160886390548463,384,1.2076858355504752,ok,13.597672047610905,3.186561570167612e-09
CoTi,1.012085,1.160886390548463,385,1.2493459645091587,ok,13.587492315033083,2.751020522495651e-10
CoTi,1.012085,1.160886390548463,386,1.1589997043852054,ok,13.61576934997148,6.124352580627601e-09
CoTi,1.012085,1.160886390548463,387,1.244557352503501,ok,13.65535719888524,4.5777825974369074e-10
CoTi,1.012085,1.160886390548463,388,1.443703752679078,ok,13.62708016394684,5.661226376574291e-09
CoTi,1.012085,1.160886390548463,389,1.280235817579214,ok,13.57957474525033,2.220446049250313e-14
CoTi,1.012085,1.160886390548463,390,1.4346304650873951,ok,13.63273557093452,4.6629367034256575e-15
CoTi,1.012085,1.160886390548463,391,1.4507604650236898,ok,13.64404638490988,3.252931257691216e-11
CoTi,1.012085,1.160886390548463,392,1.2524885068141338,ok,13.663274768667993,1.2878587085651816e-14
CoTi,1.012085,1.160886390548463,393,1.2425825175964484,ok,13.585230152238012,1.2190248810384221e-13
CoTi,1.012085,1.160886390548463,394,1.150149037988038,ok,13.61350718717641,4.195673919404896e-09
CoTi,1.012085,1.160886390548463,395,1.1849833024421326,ok,13.611245024381338,4.558081689864935e-10
CoTi,1.012085,1.160886390548463,396,1.0772152675790791,tilt_failed,,
CoTi,1.012085,1.160886390548463,397,1.2087061825225405,ok,13.576181501057722,3.086420008457935e-14
CoTi,1.012085,1.160886390548463,398,1.1462464293265513,ok,13.624818001151768,3.3429503609738726e-10
CoTi,1.012085,1.160886390548463,399,1.3382816579563726,ok,13.6101139429838,5.10702591327572e-14
CoTi,1.012085,1.160886390548463,400,1.251848147275931,ok,13.595409884815831,1.554312234475219e-14
CoTi,1.012085,1.160886390548463,401,1.1570990566039872,ok,13.634997733729591,2.042810365310288e-14
CoTi,1.012085,1.160886390548463,402,1.1421309306183856,ok,13.620293675561625,4.333866598926761e-12
CoTi,1.012085,1.160886390548463,403,1.4433773730875004,ok,13.569395012672508,6.69191257962609e-10
CoTi,1.012085,1.160886390548463,404,1.0354218994671105,tilt_failed,,
CoTi,1.012085,1.160886390548463,405,1.086118887352632,tilt_failed,,
CoTi,1.012085,1.160886390548463,406,1.3852308132637576,ok,13.631604489536985,1.8651746813702633e-14
CoTi,1.012085,1.160886390548463,407,1.2139245009429938,ok,13.60219637320105,9.68136681933629e-12
CoTi,1.012085,1.160886390548463,408,1.072243414215993,tilt_failed,,
CoTi,1.012085,1.160886390548463,409,1.225654413129631,ok,13.59314772202076,9.658940314238862e-15
CoTi,1.012085,1.160886390548463,410,1.2967234231405809,ok,13.566001768479898,1.1821210676998815e-11
CoTi,1.012085,1.160886390548463,411,1.629279840195662,ok,13.586361233635548,3.903433132279588e-11
CoTi,1.012085,1.160886390548463,412,1.2810387463453974,ok,13.601065291803511,7.56792406519935e-11
CoTi,1.012085,1.160886390548463,413,1.2265862456647345,ok,13.64178422211481,2.318145675417327e-13
CoTi,1.012085,1.160886390548463,414,1.2210204093548858,ok,13.612376105778877,3.7240210915001626e-12
CoTi,1.012085,1.160886390548463,415,1.5184719871753591,ok,13.622555838356696,7.238654120556022e-14
CoTi,1.012085,1.160886390548463,416,1.2722859334916767,ok,13.603327454598585,3.5402347720037135e-11
CoTi,1.012085,1.160886390548463,417,1.2274538988264538,ok,13.657619361680313,3.5753178195818686e-10
CoTi,1.012085,1.160886390548463,418,1.3000115511531272,ok,13.654226117487704,4.998224056862455e-13
CoTi,1.012085,1.160886390548463,419,1.230501234521634,ok,13.60445853599612,2.3281376826389533e-12
CoTi,1.012085,1.160886390548463,420,1.1476294123051554,ok,13.608982861586266,4.6359138750062806e-10
CoTi,1.012085,1.160886390548463,421,1.355494102632078,ok,13.60785178018873,2.8500979354362244e-11
CoTi,1.012085,1.160886390548463,422,1.1348860006354349,tilt_failed,,
CoTi,1.012085,1.160886390548463,423,1.4870029114220686,ok,13.57391933826265,2.2858039905315763e-09
CoTi,1.012085,1.160886390548463,424,1.259555766456639,ok,13.640653140717273,2.76356715289694e-12
CoTi,1.012085,1.160886390548463,425,1.1382302712731849,ok,13.701731536184214,1.0711431741583509e-11
CoTi,1.012085,1.160886390548463,426,1.2079215767347853,ok,13.631604489536985,4.303475686917579e-09
CoTi,1.012085,1.160886390548463,427,1.1228121522925916,tilt_failed,,
CoTi,1.012085,1.160886390548463,428,1.091789680613647,tilt_failed,,
CoTi,1.012085,1.160886390548463,429,1.464779374919387,ok,13.608982861586266,7.733813589538839e-13
CoTi,1.012085,1.160886390548463,430,1.2473595095250318,ok,13.59314772202076,6.719369505248096e-11
CoTi,1.012085,1.160886390548463,431,1.1313028508273888,ok,13.751499117675795,6.506239991210805e-12
CoTi,1.012085,1.160886390548463,432,1.5646356321412305,ok,13.6101139429838,1.156837736715488e-09
CoTi,1.012085,1.160886390548463,433,1.364212406378156,ok,13.577312582455258,2.8979485477975686e-11
CoTi,1.012085,1.160886390548463,434,1.0792536448618566,tilt_failed,,
CoTi,1.012085,1.160886390548463,435,1.7627691213210248,ok,13.606720698791191,3.8191672047105385e-14
CoTi,1.012085,1.160886390548463,436,1.282370572736658,ok,13.584099070840477,1.5333734282307887e-11
CoTi,1.012085,1.160886390548463,437,1.1825567466401468,ok,13.637259896524665,4.811341547394932e-09
CoTi,1.012085,1.160886390548463,438,1.079207962602121,tilt_failed,,
CoTi,1.012085,1.160886390548463,439,1.242639152227701,ok,13.662143687270456,4.711786516509164e-13
CoTi,1.012085,1.160886390548463,440,1.088967398875207,tilt_failed,,
CoTi,1.012085,1.160886390548463,441,1.141053082360812,ok,13.72774640832754,1.3966605649784472e-13
CoTi,1.012085,1.160886390548463,442,1.115629503130851,tilt_failed,,
CoTi,1.012085,1.160886390548463,443,1.5270861343720454,ok,13.751499117675795,9.192646643896296e-13
CoTi,1.012085,1.160886390548463,444,1.1603186907265326,ok,13.614638268573946,1.6832000238053981e-09
CoTi,1.012085,1.160886390548463,445,1.0731749302895968,tilt_failed,,
CoTi,1.012085,1.160886390548463,446,1.19538450607341,ok,13.630473408139448,9.91970949826282e-11
CoTi,1.012085,1.160886390548463,447,1.334275663041531,ok,13.556953117299612,2.5512110202186022e-09
CoTi,1.012085,1.160886390548463,448,1.212031451328934,ok,13.659881524475384,1.557141082741964e-09
CoTi,1.012085,1.160886390548463,449,1.384121343184289,ok,13.571657175467578,1.1937340005374608e-11
CoTi,1.012085,1.160886390548463,450,1.2299074987706504,ok,13.62142475695916,2.0761170560490427e-14
CoTi,1.012085,1.160886390548463,451,1.11669371530544,tilt_failed,,
CoTi,1.012085,1.160886390548463,452,1.205638357790363,ok,13.584099070840477,1.199040866595169e-14
CoTi,1.012085,1.160886390548463,453,1.1321974221347502,tilt_failed,,
CoTi,1.012085,1.160886390548463,454,1.359268164606965,ok,13.65535719888524,1.0036416142611416e-13
CoTi,1.012085,1.160886390548463,455,1.1165295419048638,tilt_failed,,
CoTi,1.012085,1.160886390548463,456,1.055208231200321,tilt_failed,,
CoTi,1.012085,1.160886390548463,457,1.0850011837940292,tilt_failed,,
CoTi,1.012085,1.160886390548463,458,1.1525242334089405,tilt_failed,,
CoTi,1.012085,1.160886390548463,459,1.047098587899859,tilt_failed,,
CoTi,1.012085,1.160886390548463,460,1.2308036101152342,ok,13.595409884815831,2.4424906541753444e-15
CoTi,1.012085,1.160886390548463,461,1.592086023670389,ok,13.620293675561625,6.779021788361206e-13
CoTi,1.012085,1.160886390548463,462,1.3854258155490178,ok,13.601065291803511,1.2224221634937749e-11
CoTi,1.012085,1.160886390548463,463,1.0849593328569764,tilt_failed,,
CoTi,1.012085,1.160886390548463,464,1.0700449619782797,tilt_failed,,
CoTi,1.012085,1.160886390548463,465,1.0275174753837455,tilt_failed,,
CoTi,1.012085,1.160886390548463,466,1.1346531946558909,ok,13.64970179189756,4.39648317751562e-14
CoTi,1.012085,1.160886390548463,468,1.1318368862184758,tilt_failed,,
CoTi,1.012085,1.160886390548463,469,1.2095694293509318,ok,13.597672047610905,5.100364575127969e-13
CoTi,1.012085,1.160886390548463,470,1.5779870702348844,ok,13.64404638490988,2.8466118351389014e-13
CoTi,1.012085,1.160886390548463,471,1.0261788586800569,tilt_failed,,
CoTi,1.012085,1.160886390548463,472,1.1561157514912712,ok,13.639522059319738,1.383337888682945e-13
CoTi,1.012085,1.160886390548463,473,1.6059346508109438,ok,13.59654096621337,1.1901923890889066e-11
CoTi,1.012085,1.160886390548463,474,1.466418119016077,ok,13.630473408139448,1.95753324661041e-09
CoTi,1.012085,1.160886390548463,475,1.2483124062073767,ok,13.55469095450454,1.851852005074761e-13
CoTi,1.012085,1.160886390548463,476,1.1323394191215936,tilt_failed,,
CoTi,1.012085,1.160886390548463,477,1.1157744171183464,tilt_failed,,
CoTi,1.012085,1.160886390548463,478,1.0963608390268098,tilt_failed,,
CoTi,1.012085,1.160886390548463,479,1.1736471207353616,ok,13.628211245344376,1.115320613642723e-09
CoTi,1.012085,1.160886390548463,480,1.1117976181579046,ok,13.658750443077848,3.57736062994718e-12
CoTi,1.012085,1.160886390548463,481,1.3531850996477426,ok,13.624818001151768,5.0626169922907145e-14
CoTi,1.012085,1.160886390548463,482,1.2741120260892569,ok,13.566001768479898,3.0754399027443924e-11
CoTi,1.012085,1.160886390548463,483,1.038157275269428,tilt_failed,,
CoTi,1.012085,1.160886390548463,484,1.3049020289038429,ok,13.62142475695916,1.5756285165480224e-12
CoTi,1.012085,1.160886390548463,485,1.5024110348762156,ok,13.59880312900844,7.332578988439309e-12
CoTi,1.012085,1.160886390548463,486,1.0681606550782332,tilt_failed,,
CoTi,1.012085,1.160886390548463,487,1.1638296211943198,ok,13.62708016394684,1.021405182655144e-14
CoTi,1.012085,1.160886390548463,488,1.2335539301771756,ok,13.656488280282776,9.277260182294356e-09
CoTi,1.012085,1.160886390548463,489,1.0972661620780213,tilt_failed,,
CoTi,1.012085,1.160886390548463,491,1.2202170726462005,ok,13.597672047610905,6.68254340752128e-12
CoTi,1.012085,1.160886390548463,492,1.1300116197049772,tilt_failed,,
CoTi,1.012085,1.160886390548463,493,1.0480165379512054,tilt_failed,,
CoTi,1.012085,1.160886390548463,494,1.1551438206204423,ok,13.578443663852797,2.5418223081885568e-11
CoTi,1.012085,1.160886390548463,495,1.5730292257311251,ok,13.56826393127497,2.1298118824120142e-09
CoTi,1.012085,1.160886390548463,496,1.074112088120181,tilt_failed,,
CoTi,1.012085,1.160886390548463,497,1.0608326288277128,tilt_failed,,
CoTi,1.012085,1.160886390548463,498,1.0502508991900386,tilt_failed,,
CoTi,1.012085,1.160886390548463,499,1.036143690153636,tilt_failed,,
CoTi,1.012085,1.160886390548463,500,1.0860823441511978,tilt_failed,,
CoTi,1.012085,1.160886390548463,501,1.2897122051975274,ok,13.594278803418298,6.217248937900878e-14
CoTi,1.012085,1.160886390548463,502,1.3294383485105483,ok,13.6101139429838,5.296478811089854e-10
CoTi,1.012085,1.160886390548463,503,1.126419953921828,tilt_failed,,
CoTi,1.012085,1.160886390548463,504,1.084408160751736,tilt_failed,,
CoTi,1.012085,1.160886390548463,505,1.068016751025833,tilt_failed,,
CoTi,1.012085,1.160886390548463,506,1.0842426831675611,tilt_failed,,
CoTi,1.012085,1.160886390548463,507,1.3625354729752437,ok,13.586361233635548,3.3202325333547833e-09
CoTi,1.012085,1.160886390548463,508,1.3992882063128025,ok,13.612376105778877,3.996802888650564e-15
CoTi,1.012085,1.160886390548463,509,1.0920591622104805,tilt_failed,,
CoTi,1.012085,1.160886390548463,510,1.281007085547604,ok,13.612376105778877,3.7833047805690967e-10
CoTi,1.012085,1.160886390548463,511,1.3940162954417472,ok,13.673454501245816,4.565237077258644e-13
CoTi,1.012085,1.160886390548463,512,1.028004033590029,tilt_failed,,
CoTi,1.012085,1.160886390548463,513,1.0754531338532665,tilt_failed,,
CoTi,1.012085,1.160886390548463,514,1.1290047319323775,tilt_failed,,
CoTi,1.012085,1.160886390548463,515,1.154096110368401,ok,13.80352886196245,1.6117496226542016e-10
CoTi,1.012085,1.160886390548463,516,1.0732988848754477,tilt_failed,,
CoTi,1.012085,1.160886390548463,517,2.5527503734974726,tilt_failed,,
CoTi,1.012085,1.160886390548463,518,1.207599905396106,ok,13.592016640623228,1.5771717265522508e-11
CoTi,1.012085,1.160886390548463,519,1.213131454392245,ok,13.631604489536985,1.3322676295501878e-15
CoTi,1.012085,1.160886390548463,520,1.0395397254286556,tilt_failed,,
CoTi,1.012085,1.160886390548463,521,1.207242111858359,ok,13.629342326741911,8.251177519014163e-13
CoTi,1.012085,1.160886390548463,522,1.5948177636208922,ok,13.62142475695916,2.7267077484793845e-13
CoTi,1.012085,1.160886390548463,523,1.3898149719830528,ok,13.611245024381338,6.661338147750939e-16
CoTi,1.012085,1.160886390548463,524,1.1620048108236,ok,13.79787345497477,9.69178959309147e-10
CoTi,1.012085,1.160886390548463,525,1.1119655104691213,tilt_failed,,
CoTi,1.012085,1.160886390548463,526,1.0638306187470297,tilt_failed,,
CoTi,1.012085,1.160886390548463,527,1.161646340928487,ok,13.63273557093452,6.661338147750939e-15
CoTi,1.012085,1.160886390548463,528,1.053579142661157,tilt_failed,,
CoTi,1.012085,1.160886390548463,529,1.3579125363916082,ok,13.587492315033083,1.191047260817868e-12
CoTi,1.012085,1.160886390548463,530,1.1953578692528664,ok,13.582967989442938,2.5961520710993113e-09
CoTi,1.012085,1.160886390548463,531,1.2953720770768211,ok,13.614638268573946,1.780666725181845e-10
CoTi,1.012085,1.160886390548463,532,1.2254043502917111,ok,13.606720698791191,1.9984014443252815e-14
CoTi,1.012085,1.160886390548463,533,1.10342514216843,tilt_failed,,
CoTi,1.012085,1.160886390548463,534,1.0419312588201404,tilt_failed,,
CoTi,1.012085,1.160886390548463,535,1.1213214887456953,tilt_failed,,
CoTi,1.012085,1.160886390548463,536,1.3334181003682204,ok,13.578443663852797,2.4137158938231096e-10
CoTi,1.012085,1.160886390548463,537,1.1916521869498526,ok,13.588623396430618,5.218048215738236e-15
CoTi,1.012085,1.160886390548463,538,1.0906362882662763,tilt_failed,,
CoTi,1.012085,1.160886390548463,539,1.482813276329974,ok,13.567132849877437,3.6859404417555203e-14
CoTi,1.012085,1.160886390548463,540,1.07145714671719,tilt_failed,,
CoTi,1.012085,1.160886390548463,541,1.3281704825123353,ok,13.595409884815831,1.1102230246251563e-15
CoTi,1.012085,1.160886390548463,542,1.1450576885672918,ok,13.597672047610905,4.64406291200703e-13
CoTi,1.012085,1.160886390548463,543,1.3428091909843654,ok,13.555822035902075,6.772360450213455e-15
CoTi,1.012085,1.160886390548463,544,1.1190120836294777,tilt_failed,,
CoTi,1.012085,1.160886390548463,545,1.5559622718193424,ok,13.6101139429838,4.911691053877121e-10
CoTi,1.012085,1.160886390548463,546,1.2035695009052405,ok,13.597672047610905,2.6607605008166498e-12
CoTi,1.012085,1.160886390548463,547,1.1069042659343584,tilt_failed,,
CoTi,1.012085,1.160886390548463,548,1.1702734019716694,ok,13.650832873295096,1.7918000416727864e-11
CoTi,1.012085,1.160886390548463,549,1.3640783577535511,ok,13.587492315033083,2.3085533484845652e-11
CoTi,1.012085,1.160886390548463,550,1.257963714134149,ok,13.611245024381338,5.639932965095795e-14
CoTi,1.012085,1.160886390548463,551,1.14583965376563,ok,13.70060045478668,1.1368683772161605e-13
CoTi,1.012085,1.160886390548463,552,1.3127582868646086,ok,13.588623396430618,1.1308010083865837e-10
CoTi,1.012085,1.160886390548463,553,1.1533645364784628,ok,13.589754477828157,8.53822211821509e-08
CoTi,1.012085,1.160886390548463,554,1.084671925685571,tilt_failed,,
CoTi,1.012085,1.160886390548463,555,1.0643603212308337,tilt_failed,,
CoTi,1.012085,1.160886390548463,556,1.0425286930831037,tilt_failed,,
CoTi,1.012085,1.160886390548463,557,1.0620238054284048,tilt_failed,,
CoTi,1.012085,1.160886390548463,558,1.190847871261124,ok,13.628211245344376,1.5996093338799257e-12
CoTi,1.012085,1.160886390548463,559,1.292645550576489,ok,13.571657175467578,1.2719825193130418e-11
CoTi,1.012085,1.160886390548463,560,1.2289021169568826,ok,13.631604489536985,5.883160625330675e-11
CoTi,1.012085,1.160886390548463,561,1.0565281907190045,tilt_failed,,
CoTi,1.012085,1.160886390548463,562,1.0504659159101686,tilt_failed,,
CoTi,1.012085,1.160886390548463,563,1.5592580295757577,ok,13.648570710500024,3.934156556084645e-09
CoTi,1.012085,1.160886390548463,564,1.2228748677795211,ok,13.59880312900844,6.0460525475036775e-12
CoTi,1.012085,1.160886390548463,565,1.1516596580595817,ok,13.68363423382364,5.126228330709637e-10
CoTi,1.012085,1.160886390548463,566,1.2629731761539318,ok,13.657619361680313,5.2624571367232426e-14
CoTi,1.012085,1.160886390548463,567,1.1452085085050605,ok,13.715304512954644,2.2093438190040615e-13
CoTi,1.012085,1.160886390548463,568,1.3628011950194494,ok,13.614638268573946,1.176596153840137e-09
CoTi,1.012085,1.160886390548463,569,1.4058367581909883,ok,13.614638268573946,9.349294671778807e-10
CoTi,1.012085,1.160886390548463,570,1.2754255202963285,ok,13.61350718717641,2.220446049250313e-15
CoTi,1.012085,1.160886390548463,571,1.2449289984344638,ok,13.642915303512344,8.821832153671494e-13
CoTi,1.012085,1.160886390548463,572,1.1195291822920297,tilt_failed,,
CoTi,1.012085,1.160886390548463,573,1.089344198932645,tilt_failed,,
CoTi,1.012085,1.160886390548463,574,1.127657972110392,ok,13.679109908233494,1.4079737375993771e-11
CoTi,1.012085,1.160886390548463,575,1.2345442914765088,ok,13.612376105778877,1.0813572259849025e-13
CoTi,1.012085,1.160886390548463,576,1.4340606211930524,ok,13.653095036090168,5.10702591327572e-15
CoTi,1.012085,1.160886390548463,577,1.6602213334994511,ok,13.61916259416409,7.771561172376096e-15
CoTi,1.012085,1.160886390548463,578,1.0847023047820183,tilt_failed,,
CoTi,1.012085,1.160886390548463,579,1.111259314048245,tilt_failed,,
CoTi,1.012085,1.160886390548463,580,1.1000405541497054,tilt_failed,,
CoTi,1.012085,1.160886390548463,581,1.201168334522767,ok,13.623686919754231,4.307665335545608e-14
CoTi,1.012085,1.160886390548463,582,1.2244756908659498,ok,13.611245024381338,3.957849603608565e-10
CoTi,1.012085,1.160886390548463,583,1.0470732876328228,tilt_failed,,
CoTi,1.012085,1.160886390548463,584,1.1634785711065403,ok,13.760547768856084,5.313282702701372e-09
CoTi,1.012085,1.160886390548463,585,1.5604574008513528,ok,13.59654096621337,6.535205709923275e-11
CoTi,1.012085,1.160886390548463,586,1.402492204506722,ok,13.569395012672508,7.731926210396978e-12
CoTi,1.012085,1.160886390548463,587,1.126071575809924,tilt_failed,,
CoTi,1.012085,1.160886390548463,588,1.5116118118963864,ok,13.595409884815831,7.841371996164526e-11
CoTi,1.012085,1.160886390548463,589,1.0921434205919514,tilt_failed,,
CoTi,1.012085,1.160886390548463,590,1.1317148948873987,tilt_failed,,
CoTi,1.012085,1.160886390548463,591,1.215493972786655,ok,13.608982861586266,1.50535139908925e-12
CoTi,1.012085,1.160886390548463,592,1.4333685868964163,ok,13.578443663852797,1.787681114251427e-12
CoTi,1.012085,1.160886390548463,593,1.153969392702866,ok,13.657619361680313,2.298605750183924e-12
CoTi,1.012085,1.160886390548463,594,1.1201904677318644,tilt_failed,,
CoTi,1.012085,1.160886390548463,595,1.1108004815198855,tilt_failed,,
CoTi,1.012085,1.160886390548463,596,1.598968454006404,ok,13.577312582455258,1.2212453270876722e-15
CoTi,1.012085,1.160886390548463,597,1.1653368917721894,ok,13.663274768667993,4.2965631052993564e-14
CoTi,1.012085,1.160886390548463,598,1.0668108099770908,tilt_failed,,
CoTi,1.012085,1.160886390548463,599,1.2880755585137602,ok,13.681372071028566,5.131535196767345e-10
CoTi,1.012085,1.160886390548463,600,1.0518435470435687,tilt_failed,,
CoTi,1.012085,1.160886390548463,601,1.1634299095579057,ok,13.612376105778877,1.1102230246251563e-15
CoTi,1.012085,1.160886390548463,602,1.0708559786703795,tilt_failed,,
CoTi,1.012085,1.160886390548463,603,1.267706736756795,ok,13.59088555922569,1.1102230246251563e-15
CoTi,1.012085,1.160886390548463,604,1.075003899929044,tilt_failed,,
CoTi,1.012085,1.160886390548463,605,1.1267107802498304,ok,13.708518024569427,2.032818358088662e-13
CoTi,1.012085,1.160886390548463,606,1.080174280003938,tilt_failed,,
CoTi,1.012085,1.160886390548463,607,1.1174987870622637,tilt_failed,,
CoTi,1.012085,1.160886390548463,608,1.032452433001274,tilt_failed,,
CoTi,1.012085,1.160886390548463,609,1.0969438634781394,tilt_failed,,
CoTi,1.012085,1.160886390548463,610,1.038968298693158,tilt_failed,,
CoTi,1.012085,1.160886390548463,611,1.1816142439104695,ok,13.562608524287292,3.22741833258533e-13
CoTi,1.012085,1.160886390548463,612,1.2446131482306677,ok,13.60219637320105,2.0260682020989407e-11
CoTi,1.012085,1.160886390548463,613,1.2674343291754524,ok,13.60785178018873,4.440892098500626e-16
CoTi,1.012085,1.160886390548463,614,1.308657603913992,ok,13.611245024381338,2.57092791500213e-10
CoTi,1.012085,1.160886390548463,615,1.2067154655634993,ok,13.576181501057722,6.038959332599346e-10
CoTi,1.012085,1.160886390548463,616,1.3209555141205536,ok,13.651963954692633,4.9469095486642794e-11
CoTi,1.012085,1.160886390548463,617,1.1613872662236318,ok,13.628211245344376,3.773945600471506e-10
CoTi,1.012085,1.160886390548463,618,1.3333217814419691,ok,13.549035547516862,4.463096558993129e-12
CoTi,1.012085,1.160886390548463,619,1.2123112821016595,ok,13.599934210405976,6.8783867490651565e-12
CoTi,1.012085,1.160886390548463,620,1.1571634233029482,ok,13.69155180360639,2.714273250603583e-12
CoTi,1.012085,1.160886390548463,621,1.1107861740245868,tilt_failed,,
CoTi,1.012085,1.160886390548463,622,1.189229986348954,ok,13.606720698791191,2.748912208971888e-13
CoTi,1.012085,1.160886390548463,623,1.1065458071595184,tilt_failed,,
CoTi,1.012085,1.160886390548463,624,1.5427943384390168,ok,13.553559873107003,7.247535904753022e-13
CoTi,1.012085,1.160886390548463,625,1.194888263492166,ok,13.62142475695916,1.2079226507921706e-13
CoTi,1.012085,1.160886390548463,626,1.1304261135410982,tilt_failed,,
CoTi,1.012085,1.160886390548463,627,1.1285293684186026,tilt_failed,,
CoTi,1.012085,1.160886390548463,628,1.064765498937828,tilt_failed,,
CoTi,1.012085,1.160886390548463,629,1.0942427915594055,tilt_failed,,
CoTi,1.012085,1.160886390548463,630,1.3228530138509245,ok,13.63273557093452,8.502309967184374e-12
CoTi,1.012085,1.160886390548463,631,1.5058878697718867,ok,13.59880312900844,8.910649995641506e-13
CoTi,1.012085,1.160886390548463,632,1.204551130844791,ok,13.57957474525033,2.464251025457997e-09
CoTi,1.012085,1.160886390548463,633,1.3835459500754543,ok,13.75036803627826,1.7590859879845764e-09
CoTi,1.012085,1.160886390548463,634,1.3900164560891362,ok,13.587492315033083,2.3714807895203197e-11
CoTi,1.012085,1.160886390548463,635,1.3392843280548152,ok,13.620293675561625,2.26707541628457e-13
CoTi,1.012085,1.160886390548463,636,1.2430809820097486,ok,13.592016640623228,8.659739592076221e-15
CoTi,1.012085,1.160886390548463,637,1.1384893634974496,tilt_failed,,
CoTi,1.012085,1.160886390548463,638,1.0746514591658638,tilt_failed,,
CoTi,1.012085,1.160886390548463,639,1.550770872657142,ok,13.606720698791191,2.2441604130563064e-11
CoTi,1.012085,1.160886390548463,640,1.103953376030722,tilt_failed,,
CoTi,1.012085,1.160886390548463,641,1.716808061046379,tilt_failed,,
CoTi,1.012085,1.160886390548463,642,1.15556227935999,ok,13.832936978298385,2.391201681106736e-10
CoTi,1.012085,1.160886390548463,643,1.1257512319527256,tilt_failed,,
CoTi,1.012085,1.160886390548463,644,1.4381726871913751,ok,13.662143687270456,4.926457020104634e-10
CoTi,1.012085,1.160886390548463,645,1.1012523903786384,tilt_failed,,
CoTi,1.012085,1.160886390548463,646,1.2754611503402158,ok,13.564870687082363,1.554312234475219e-14
CoTi,1.012085,1.160886390548463,647,1.1300563841728593,ok,13.701731536184214,3.695710404372221e-12
CoTi,1.012085,1.160886390548463,648,1.1963245022016702,ok,13.59880312900844,3.8413716652030416e-14
CoTi,1.012085,1.160886390548463,649,1.0656406908046188,tilt_failed,,
CoTi,1.012085,1.160886390548463,650,2.171150857033295,ok,13.68928964081132,2.997602166487923e-15
CoTi,1.012085,1.160886390548463,651,1.185311113838804,ok,13.59654096621337,2.220446049250313e-15
CoTi,1.012085,1.160886390548463,652,1.124733224716892,ok,13.70060045478668,2.197133475156932e-09
CoTi,1.012085,1.160886390548463,653,1.0708683112253563,tilt_failed,,
CoTi,1.012085,1.160886390548463,654,1.0815223431623415,tilt_failed,,
CoTi,1.012085,1.160886390548463,655,1.2860278815882444,ok,13.620293675561625,1.3026246747926962e-11
CoTi,1.012085,1.160886390548463,657,1.119462564835952,tilt_failed,,
CoTi,1.012085,1.160886390548463,658,1.101059288170661,tilt_failed,,
CoTi,1.012085,1.160886390548463,659,1.3572512400163907,ok,13.571657175467578,5.4956039718945255e-14
CoTi,1.012085,1.160886390548463,660,1.1724010134359886,ok,13.576181501057722,3.7237009031798603e-09
CoTi,1.012085,1.160886390548463,661,1.1827772243151622,ok,13.692682885003927,1.883271316671653e-12
CoTi,1.012085,1.160886390548463,662,1.0910184168514014,tilt_failed,,
CoTi,1.012085,1.160886390548463,663,1.0656478952176092,tilt_failed,,
CoTi,1.012085,1.160886390548463,664,1.144183317283355,ok,13.628211245344376,1.912914271429145e-13
CoTi,1.012085,1.160886390548463,665,1.7602510401913272,tilt_failed,,
CoTi,1.012085,1.160886390548463,666,1.1401459351239511,tilt_failed,,
CoTi,1.012085,1.160886390548463,667,1.2263612534549424,ok,13.580705826647868,3.2240876635114546e-12
CoTi,1.012085,1.160886390548463,668,1.2798428607989982,ok,13.577312582455258,2.7755575615628917e-15
CoTi,1.012085,1.160886390548463,669,1.085232482929601,tilt_failed,,
CoTi,1.012085,1.160886390548463,670,1.055445266174546,tilt_failed,,
CoTi,1.012085,1.160886390548463,671,1.652046949029803,ok,13.69155180360639,9.122569366581955e-11
CoTi,1.012085,1.160886390548463,672,1.2416838277420752,ok,13.690420722208856,3.996802888650564e-15
CoTi,1.012085,1.160886390548463,673,1.2781876051672627,ok,13.59314772202076,3.2376323844118815e-12
CoTi,1.012085,1.160886390548463,674,1.207933389330646,ok,13.662143687270456,3.609401666437861e-11
CoTi,1.012085,1.160886390548463,675,1.162111940051532,ok,13.592016640623228,1.993960552226781e-13
CoTi,1.012085,1.160886390548463,676,1.5211645510157898,tilt_failed,,
CoTi,1.012085,1.160886390548463,677,1.2450379848219353,ok,13.628211245344376,6.661338147750939e-16
CoTi,1.012085,1.160886390548463,678,1.095180663218599,tilt_failed,,
CoTi,1.012085,1.160886390548463,679,1.2782766486362338,ok,13.612376105778877,1.432187701766452e-13
CoTi,1.012085,1.160886390548463,680,1.1024461824685508,tilt_failed,,
CoTi,1.012085,1.160886390548463,681,1.4598782889936577,ok,13.576181501057722,1.882544564679733e-09
CoTi,1.012085,1.160886390548463,682,1.1590535694655726,ok,13.60785178018873,1.7549806052841175e-09
CoTi,1.012085,1.160886390548463,683,1.1638297000632745,ok,13.566001768479898,5.7530868957655905e-11
CoTi,1.012085,1.160886390548463,684,1.3043870332739247,ok,13.696076129196536,8.158398401292287e-10
CoTi,1.012085,1.160886390548463,685,1.051066528212449,tilt_failed,,
CoTi,1.012085,1.160886390548463,686,1.2459973478485469,ok,13.586361233635548,2.8841264931855903e-09
CoTi,1.012085,1.160886390548463,687,1.0918641441484935,tilt_failed,,
CoTi,1.012085,1.160886390548463,688,1.1282098749277671,tilt_failed,,
CoTi,1.012085,1.160886390548463,689,1.0883580536584898,tilt_failed,,
CoTi,1.012085,1.160886390548463,690,1.098963676579011,tilt_failed,,
CoTi,1.012085,1.160886390548463,691,1.4079563797735437,ok,13.584099070840477,2.709765745123605e-11
CoTi,1.012085,1.160886390548463,692,1.3161881356911644,ok,13.549035547516862,4.902633854442229e-12
CoTi,1.012085,1.160886390548463,693,1.290646694739161,ok,13.605589617393658,9.141709611526494e-11
CoTi,1.012085,1.160886390548463,694,1.0806030528811434,tilt_failed,,
CoTi,1.012085,1.160886390548463,695,1.1980522977140051,ok,13.61350718717641,1.9984014443252818e-15
CoTi,1.012085,1.160886390548463,696,1.1309207686708938,ok,13.646308547704953,1.1768364061026661e-14
CoTi,1.012085,1.160886390548463,697,1.1128800884383645,tilt_failed,,
CoTi,1.012085,1.160886390548463,698,1.367542812801651,ok,13.578443663852797,1.9266443995746838e-10
CoTi,1.012085,1.160886390548463,699,1.3414247287486172,ok,13.585230152238012,3.552713678800501e-15
CoTi,1.012085,1.160886390548463,700,1.0568522134567138,tilt_failed,,
CoTi,1.012085,1.160886390548463,702,1.2833093941388976,ok,13.572788256865111,8.319520627964038e-10
CoTi,1.012085,1.160886390548463,703,1.372220349642347,ok,13.656488280282776,1.1768364061026661e-14
CoTi,1.012085,1.160886390548463,704,1.4778370921820263,ok,13.68928964081132,6.394884621840903e-14
CoTi,1.012085,1.160886390548463,705,1.5750342033437736,ok,13.572788256865111,8.997407263677815e-10
CoTi,1.012085,1.160886390548463,706,1.582210124063084,ok,13.630473408139448,1.8718360195180142e-13
CoTi,1.012085,1.160886390548463,707,1.197854660861849,ok,13.612376105778877,3.9714675992286175e-11
CoTi,1.012085,1.160886390548463,708,1.2301303063577644,ok,13.611245024381338,1.2733814003240695e-11
CoTi,1.012085,1.160886390548463,709,1.051692746799368,tilt_failed,,
CoTi,1.012085,1.160886390548463,710,1.1335726263737174,tilt_failed,,
CoTi,1.012085,1.160886390548463,711,1.1137075895269453,tilt_failed,,
CoTi,1.012085,1.160886390548463,712,1.356362350517843,ok,13.56034636149222,5.42565992134314e-13
CoTi,1.012085,1.160886390548463,713,1.071347758063508,tilt_failed,,
CoTi,1.012085,1.160886390548463,714,1.2818253336298615,ok,13.634997733729591,3.6859404417555203e-14
CoTi,1.012085,1.160886390548463,715,1.1231288354600832,tilt_failed,,
CoTi,1.012085,1.160886390548463,717,1.503968082938417,ok,13.645177466307416,6.683542608243442e-14
CoTi,1.012085,1.160886390548463,718,1.0690242340430005,tilt_failed,,
CoTi,1.012085,1.160886390548463,719,1.2074290938735242,ok,13.581836908045403,1.4570566975180554e-12
CoTi,1.012085,1.160886390548463,720,1.0735568160580529,tilt_failed,,
CoTi,1.012085,1.160886390548463,721,1.0804971275286763,tilt_failed,,
CoTi,1.012085,1.160886390548463,722,1.1738975698696268,ok,13.584099070840477,3.9455082534445304e-09
CoTi,1.012085,1.160886390548463,723,1.140768110589428,tilt_failed,,
CoTi,1.012085,1.160886390548463,724,1.125269066943261,tilt_failed,,
CoTi,1.012085,1.160886390548463,725,1.4202826699381992,ok,13.57391933826265,1.0080380974386571e-11
CoTi,1.012085,1.160886390548463,726,1.202590911972875,ok,13.614638268573946,2.1608492772884347e-11
CoTi,1.012085,1.160886390548463,727,1.2024726550085851,ok,13.63612881512713,1.9095836023552686e-14
CoTi,1.012085,1.160886390548463,728,1.185661417883195,ok,13.628211245344376,7.86748444170371e-12
CoTi,1.012085,1.160886390548463,729,1.2561364407084632,ok,13.65535719888524,1.0110801085261299e-12
CoTi,1.012085,1.160886390548463,730,1.066060007130727,tilt_failed,,
CoTi,1.012085,1.160886390548463,731,1.0424240006230945,tilt_failed,,
CoTi,1.012085,1.160886390548463,732,1.409820015515751,ok,13.564870687082363,7.808198532188726e-13
CoTi,1.012085,1.160886390548463,733,1.0726942335467955,tilt_failed,,
CoTi,1.012085,1.160886390548463,734,1.061400145447566,tilt_failed,,
CoTi,1.012085,1.160886390548463,735,1.1868461361923732,ok,13.59654096621337,1.9686261509832548e-09
CoTi,1.012085,1.160886390548463,736,1.0618319886389664,tilt_failed,,
CoTi,1.012085,1.160886390548463,737,2.17654635165504,tilt_failed,,
CoTi,1.012085,1.160886390548463,738,1.2833815855501252,ok,13.563739605684829,1.1102230246251563e-15
CoTi,1.012085,1.160886390548463,740,1.4677068654234613,tilt_failed,,
CoTi,1.012085,1.160886390548463,741,1.1044192728748767,tilt_failed,,
CoTi,1.012085,1.160886390548463,742,1.1658408473845685,ok,13.61916259416409,1.3278267374516872e-13
CoTi,1.012085,1.160886390548463,743,1.4645744456970498,ok,13.57391933826265,1.0564453756245482e-09
CoTi,1.012085,1.160886390548463,744,1.3952164471847102,ok,13.6383909779222,6.217248937900877e-15
CoTi,1.012085,1.160886390548463,745,1.1263477321343236,ok,13.657619361680313,1.268984917146554e-12
CoTi,1.012085,1.160886390548463,746,1.317350963511957,ok,13.674585582643353,2.333688797762079e-13
CoTi,1.012085,1.160886390548463,747,1.1167482788359062,tilt_failed,,
CoTi,1.012085,1.160886390548463,748,1.694493506989641,ok,13.674585582643353,1.1102230246251563e-15
CoTi,1.012085,1.160886390548463,749,1.302262799573773,ok,13.577312582455258,2.6634838778960557e-09
CoTi,1.012085,1.160886390548463,751,1.4302325000328937,ok,13.544511221926715,1.8632506648685879e-10
CoTi,1.012085,1.160886390548463,752,1.1843795937360242,ok,13.624818001151768,4.736864123167095e-09
CoTi,1.012085,1.160886390548463,753,1.2467991454991594,ok,13.608982861586266,4.507505479978136e-14
CoTi,1.012085,1.160886390548463,754,1.3084037010738316,ok,13.546773384721789,6.9539929370421305e-12
CoTi,1.012085,1.160886390548463,755,1.127904637347318,tilt_failed,,
CoTi,1.012085,1.160886390548463,756,1.1362818426184422,tilt_failed,,
CoTi,1.012085,1.160886390548463,757,1.100802380846258,tilt_failed,,
CoTi,1.012085,1.160886390548463,758,1.3949927741481365,ok,13.72209100133986,1.3322676295501878e-15
CoTi,1.012085,1.160886390548463,759,1.4183842994842466,ok,13.68024098963103,5.773159728050814e-15
CoTi,1.012085,1.160886390548463,760,1.2102611209640577,ok,13.59088555922569,1.831662710394255e-09
CoTi,1.012085,1.160886390548463,761,1.2663314026180976,ok,13.56826393127497,4.314226753621142e-11
CoTi,1.012085,1.160886390548463,762,1.3777321774334297,ok,13.569395012672508,3.7218450543718966e-11
CoTi,1.012085,1.160886390548463,763,1.305145963756346,ok,13.576181501057722,4.551914400963142e-15
CoTi,1.012085,1.160886390548463,764,1.1478558696214831,tilt_failed,,
CoTi,1.012085,1.160886390548463,765,1.1502605178984286,ok,13.651963954692633,3.8823966264089904e-10
CoTi,1.012085,1.160886390548463,766,1.0838412212065316,tilt_failed,,
CoTi,1.012085,1.160886390548463,767,1.1332403717730348,tilt_failed,,
CoTi,1.012085,1.160886390548463,768,1.2320401148776583,ok,13.547904466119324,5.0626169922907145e-14
CoTi,1.012085,1.160886390548463,769,1.2486667610503928,ok,13.578443663852797,1.0893508317622036e-12
CoTi,1.012085,1.160886390548463,770,1.250848039528919,ok,13.562608524287292,4.2064518535056545e-10
CoTi,1.012085,1.160886390548463,771,1.3936369998261762,ok,13.550166628914395,8.949507801503387e-12
CoTi,1.012085,1.160886390548463,772,1.1205212158736564,tilt_failed,,
CoTi,1.012085,1.160886390548463,773,1.3981100032596707,ok,13.605589617393658,3.917735025282809e-09
CoTi,1.012085,1.160886390548463,774,1.2331029301613488,ok,13.628211245344376,2.750115346561444e-08
CoTi,1.012085,1.160886390548463,775,1.1555018982998198,ok,13.693813966401464,1.9414470031620112e-12
CoTi,1.012085,1.160886390548463,776,1.2044493992086105,ok,13.743581547893044,7.505107646466058e-14
CoTi,1.012085,1.160886390548463,777,1.234105473032425,ok,13.555822035902075,4.611425241662914e-09
CoTi,1.012085,1.160886390548463,778,1.1570272559376111,ok,13.620293675561625,2.664535259100376e-15
CoTi,1.012085,1.160886390548463,779,1.1787220633212,ok,13.63273557093452,1.9984014443252818e-15
CoTi,1.012085,1.160886390548463,780,1.1993280645351014,ok,13.558084198697149,2.930988785010413e-14
CoTi,1.012085,1.160886390548463,781,1.4811431690612211,ok,13.580705826647868,1.412203687323199e-13
CoTi,1.012085,1.160886390548463,782,1.1483026716648268,ok,13.735663978110292,1.684513306621227e-09
CoTi,1.012085,1.160886390548463,783,1.277439204456397,ok,13.612376105778877,1.192379528447418e-13
CoTi,1.012085,1.160886390548463,784,1.8278752279782176,ok,13.6383909779222,2.1779755776663023e-10
CoTi,1.012085,1.160886390548463,785,1.1108773276310775,tilt_failed,,
CoTi,1.012085,1.160886390548463,787,1.1244237018254992,tilt_failed,,
CoTi,1.012085,1.160886390548463,788,1.3448207846155091,ok,13.56826393127497,2.55351295663786e-15
CoTi,1.012085,1.160886390548463,789,1.236080660105768,ok,13.556953117299612,3.805911141796514e-11
CoTi,1.012085,1.160886390548463,790,1.463730019930028,ok,13.597672047610905,4.440892098500626e-16
CoTi,1.012085,1.160886390548463,791,1.3486661710751071,ok,13.648570710500024,7.292052739416022e-09
CoTi,1.012085,1.160886390548463,792,1.4998417781302211,ok,13.659881524475384,1.5076828674409628e-13
CoTi,1.012085,1.160886390548463,793,1.262363712317896,ok,13.61350718717641,7.758294007231824e-10
CoTi,1.012085,1.160886390548463,794,1.648859186350943,ok,13.59314772202076,1.9984014443252815e-14
CoTi,1.012085,1.160886390548463,795,1.457897167543866,ok,13.657619361680313,5.875300246316328e-13
CoTi,1.012085,1.160886390548463,796,1.0771268421274127,tilt_failed,,
CoTi,1.012085,1.160886390548463,797,1.3019344124387546,ok,13.575050419660188,1.8254286970886824e-12
CoTi,1.012085,1.160886390548463,798,1.5813757586167136,ok,13.684765315221174,1.8918977495729905e-11
CoTi,1.012085,1.160886390548463,799,1.7880193935350666,tilt_failed,,
CoTi,1.012085,1.160886390548463,800,1.195687095530662,ok,13.62708016394684,4.440892098500626e-15
CoTi,1.012085,1.160886390548463,801,1.2236251517407148,ok,13.56826393127497,1.8429702208777602e-14
CoTi,1.012085,1.160886390548463,802,1.0611425939610082,tilt_failed,,
CoTi,1.012085,1.160886390548463,803,1.342126825185788,ok,13.555822035902075,6.1198823786412496e-12
CoTi,1.012085,1.160886390548463,804,1.2612192930393813,ok,13.581836908045403,4.796163466380676e-14
CoTi,1.012085,1.160886390548463,806,1.1579681711987988,ok,13.601065291803511,1.1850742609453846e-11
CoTi,1.012085,1.160886390548463,807,1.2870565508573726,ok,13.588623396430618,3.885780586188048e-15
CoTi,1.012085,1.160886390548463,808,1.1858657415896154,ok,13.64178422211481,3.114535296333542e-10
CoTi,1.012085,1.160886390548463,809,1.318700227235636,ok,13.6101139429838,3.3306690738754696e-15
CoTi,1.012085,1.160886390548463,810,1.3291901552686738,ok,13.608982861586266,4.565092748265442e-11
CoTi,1.012085,1.160886390548463,811,1.4888995687284132,ok,13.556953117299612,1.3179457525325233e-12
CoTi,1.012085,1.160886390548463,812,1.193489593933878,ok,13.594278803418298,4.918621065996831e-12
CoTi,1.012085,1.160886390548463,813,1.3317096472829055,ok,13.61916259416409,2.1760371282653068e-14
CoTi,1.012085,1.160886390548463,814,1.1474775913885171,ok,13.759416687458549,5.10702591327572e-14
CoTi,1.012085,1.160886390548463,815,1.2225593489689772,ok,13.625949082549305,5.81756864903582e-13
CoTi,1.012085,1.160886390548463,816,1.197729369049827,ok,13.575050419660188,2.16249240736488e-12
CoTi,1.012085,1.160886390548463,817,1.1334106835406128,tilt_failed,,
CoTi,1.012085,1.160886390548463,818,1.165560238853013,ok,13.60445853599612,7.43849426498855e-14
CoTi,1.012085,1.160886390548463,819,1.198483176689656,ok,13.601065291803511,3.774758283725532e-15
CoTi,1.012085,1.160886390548463,820,1.0501245364790412,tilt_failed,,
CoTi,1.012085,1.160886390548463,821,1.0636832133118437,tilt_failed,,
CoTi,1.012085,1.160886390548463,822,1.0747872770621276,tilt_failed,,
CoTi,1.012085,1.160886390548463,823,1.151419329299825,ok,13.69155180360639,3.2629010604523494e-11
CrRh3,0.468968,1.0565282087999592,0,1.2495659770880998,ok,3.380556863366191,2.836770818248624e-10
CrRh3,0.468968,1.0565282087999592,1,2.2706842351618963,ok,3.378859778918755,4.583000645652646e-13
CrRh3,0.468968,1.0565282087999592,2,1.7162466041892894,ok,3.378011236695037,1.1507489627859968e-08
CrRh3,0.468968,1.0565282087999592,3,1.2264104119995611,ok,3.3790719144746846,1.4876988529977098e-14
CrRh3,0.468968,1.0565282087999592,4,2.788503163011089,ok,3.373344254464589,6.084022174945859e-14
CrRh3,0.468968,1.0565282087999592,7,1.91973294543728,ok,3.3971034367286896,2.446931546273845e-13
CrRh3,0.468968,1.0565282087999592,8,1.2087205694286438,ok,3.3782233722509667,6.23900930918353e-11
CrRh3,0.468968,1.0565282087999592,9,1.54220592830463,ok,3.3758898811357425,4.285460875053104e-14
CrRh3,0.468968,1.0565282087999592,10,1.2488199371162336,ok,3.3814054055899088,2.264500365001254e-09
CrRh3,0.468968,1.0565282087999592,11,1.6041167302560164,ok,3.384587438928851,3.4381386626591848e-12
CrRh3,0.468968,1.0565282087999592,12,1.7261148456153768,ok,3.3794961855865435,2.8610447344590284e-13
CrRh3,0.468968,1.0565282087999592,13,1.790288721762513,ok,3.377374830027249,1.2621304001925182e-10
CrRh3,0.468968,1.0565282087999592,14,1.9239252842736112,ok,3.3782233722509667,4.4821257816352045e-11
CrRh3,0.468968,1.0565282087999592,15,1.1274910127681486,ok,3.38098113447805,1.5180456891528138e-10
CrRh3,0.468968,1.0565282087999592,16,1.3560845507149728,ok,3.380132592254332,4.1303738207432156e-10
CrRh3,0.468968,1.0565282087999592,17,1.960211845904679,ok,3.3782233722509667,1.2583201147720047e-10
CrRh3,0.468968,1.0565282087999592,18,1.2270725297391634,ok,3.390739370050805,4.186495150548808e-09
CrRh3,0.468968,1.0565282087999592,19,1.231716841418951,ok,3.377799101139108,1.1586287484988134e-12
CrRh3,0.468968,1.0565282087999592,20,1.617458444836998,ok,3.3850117100407098,8.095746295566641e-13
CrRh3,0.468968,1.0565282087999592,21,1.1014773083297704,ok,3.3807689989221203,6.561418075534675e-13
CrRh3,0.468968,1.0565282087999592,22,1.2230707005175832,ok,3.387345201155934,3.1086244689504387e-15
CrRh3,0.468968,1.0565282087999592,23,1.5082805379061974,ok,3.386920930044075,1.7246204464527184e-12
CrRh3,0.468968,1.0565282087999592,24,1.1107421871665006,ok,3.3746170678001657,5.7357452121209456e-11
CrRh3,0.468968,1.0565282087999592,25,1.6580338897417757,ok,3.375677745579813,2.2738033678137978e-11
CrRh3,0.468968,1.0565282087999592,26,1.4011250231692336,ok,3.376314152247601,4.4964032497318846e-14
CrRh3,0.468968,1.0565282087999592,27,1.1878485234326608,ok,3.376314152247601,1.1243450614983884e-11
CrRh3,0.468968,1.0565282087999592,28,1.2809142917378686,ok,3.387769472267793,1.724582698869881e-10
CrRh3,0.468968,1.0565282087999592,29,1.14417114939594,ok,3.379284050030614,1.816546912891681e-12
CrRh3,0.468968,1.0565282087999592,30,1.279423498252087,ok,3.3862845233762866,7.398526236102043e-13
CrRh3,0.468968,1.0565282087999592,31,1.127390982145868,ok,3.3790719144746846,5.225297972089038e-10
CrRh3,0.468968,1.0565282087999592,32,1.7694527128929365,ok,3.3835267611492035,1.9984014443252815e-14
CrRh3,0.468968,1.0565282087999592,33,1.9449744748383688,ok,3.3799204566984025,1.0595635480115106e-11
CrRh3,0.468968,1.0565282087999592,34,1.305458862284803,ok,3.376526287803531,2.5004442960607776e-12
CrRh3,0.468968,1.0565282087999592,35,1.14630375947696,ok,3.377374830027249,1.6403948199794627e-08
CrRh3,0.468968,1.0565282087999592,37,1.310178753577754,ok,3.3831024900373445,8.389144934284332e-10
CrRh3,0.468968,1.0565282087999592,38,1.7442216691830636,ok,3.3790719144746846,9.325873406851317e-15
CrRh3,0.468968,1.0565282087999592,39,1.1638444276297335,ok,3.379708321142473,9.325873406851316e-14
CrRh3,0.468968,1.0565282087999592,40,1.4494239809659757,ok,3.377799101139108,1.5830639021885416e-09
CrRh3,0.468968,1.0565282087999592,41,1.8840287893421608,ok,3.419801941213145,1.1102230246251563e-15
CrRh3,0.468968,1.0565282087999592,42,1.351040894815895,ok,3.380556863366191,2.7908786393027185e-12
CrRh3,0.468968,1.0565282087999592,43,1.4702120347057033,ok,3.374829203356095,1.4321011043705312e-10
CrRh3,0.468968,1.0565282087999592,44,1.8297438469304956,ok,3.3835267611492035,3.1827966928688052e-09
CrRh3,0.468968,1.0565282087999592,45,1.1493169231325773,ok,3.38098113447805,3.996802888650564e-15
CrRh3,0.468968,1.0565282087999592,46,1.28602635845907,ok,3.3775869655831783,1.6253665080512294e-13
CrRh3,0.468968,1.0565282087999592,47,1.2238275409651755,ok,3.3750413389120246,4.789502128232925e-13
CrRh3,0.468968,1.0565282087999592,48,1.2894190733474804,ok,3.380556863366191,3.907508316913777e-09
CrRh3,0.468968,1.0565282087999592,49,1.177109438002338,ok,3.388618014491511,1.213103839603491e-09
CrRh3,0.468968,1.0565282087999592,50,1.2680247255034056,ok,3.376102016691672,1.06182722614534e-08
CrRh3,0.468968,1.0565282087999592,51,1.1791416494237867,ok,3.3786476433628256,7.838174553853605e-14
CrRh3,0.468968,1.0565282087999592,52,1.3362714590165126,ok,3.386708794488145,6.188827228470473e-12
CrRh3,0.468968,1.0565282087999592,53,1.9706092067997636,ok,3.3799204566984025,1.3744561044859438e-13
CrRh3,0.468968,1.0565282087999592,54,1.5184273841127949,ok,3.4011340122913505,3.0664959460580116e-10
CrRh3,0.468968,1.0565282087999592,55,1.280423850703025,ok,3.3826782189254856,2.751132655021138e-13
CrRh3,0.468968,1.0565282087999592,56,1.502562458544429,ok,3.408558756748882,9.992007221626409e-16
CrRh3,0.468968,1.0565282087999592,57,1.2200550756937456,ok,3.3826782189254856,1.4799272918253337e-13
CrRh3,0.468968,1.0565282087999592,58,1.2345136582655487,ok,3.3807689989221203,1.058273468856896e-09
CrRh3,0.468968,1.0565282087999592,59,1.0660111121143323,ok,3.3767384233594604,8.171371357335032e-10
CrRh3,0.468968,1.0565282087999592,60,1.3418071048269182,ok,3.377374830027249,3.5353497906953635e-11
CrRh3,0.468968,1.0565282087999592,61,1.1896608565745292,ok,3.377799101139108,6.221956283525287e-11
CrRh3,0.468968,1.0565282087999592,62,1.4185845019768744,ok,3.378435507806896,4.612910053936048e-11
CrRh3,0.468968,1.0565282087999592,63,1.2985196416877565,ok,3.382041812257697,2.8250735084611733e-12
CrRh3,0.468968,1.0565282087999592,64,1.115432932623103,ok,3.382253947813626,1.9445608123724867e-08
CrRh3,0.468968,1.0565282087999592,65,1.3555050736729355,ok,3.383738896705133,2.2537527399890683e-13
CrRh3,0.468968,1.0565282087999592,66,1.1061142576035432,ok,3.379708321142473,1.3327339232205304e-11
CrRh3,0.468968,1.0565282087999592,67,1.2536100867170448,ok,3.3835267611492035,1.3120837749625023e-11
CrRh3,0.468968,1.0565282087999592,68,1.3984362609311425,ok,3.380132592254332,2.0312402870814594e-09
CrRh3,0.468968,1.0565282087999592,69,1.187244556731469,ok,3.390951505606735,3.490541189421492e-13
CrRh3,0.468968,1.0565282087999592,70,1.1889132929168749,ok,3.380556863366191,1.0551559626037488e-12
CrRh3,0.468968,1.0565282087999592,71,1.090596341240824,ok,3.379708321142473,3.673727988484643e-13
CrRh3,0.468968,1.0565282087999592,72,1.4536873675875346,tilt_failed,,
CrRh3,0.468968,1.0565282087999592,73,1.1491232568634893,ok,3.3875573367118634,6.645707317787242e-10
CrRh3,0.468968,1.0565282087999592,74,1.5519461116386573,ok,3.398800521176126,1.2819301176136833e-11
CrRh3,0.468968,1.0565282087999592,75,1.213740225956765,ok,3.376314152247601,9.573676740259884e-09
CrRh3,0.468968,1.0565282087999592,76,1.483452949667594,ok,3.3767384233594604,1.6846524175662125e-12
CrRh3,0.468968,1.0565282087999592,77,2.029600064598912,ok,3.4259538723350995,7.99407207097147e-11
CrRh3,0.468968,1.0565282087999592,78,1.1109698597582736,ok,3.3799204566984025,7.816478686528683e-09
CrRh3,0.468968,1.0565282087999592,79,1.1378123861639873,ok,3.382041812257697,3.661982828084831e-09
CrRh3,0.468968,1.0565282087999592,80,1.089164398668054,ok,3.378859778918755,1.4483756416439062e-09
CrRh3,0.468968,1.0565282087999592,81,1.310076556917332,ok,3.374404932244236,1.0436096431476471e-14
CrRh3,0.468968,1.0565282087999592,82,1.1809358978696127,ok,3.3811932700339797,5.206945985491984e-14
CrRh3,0.468968,1.0565282087999592,83,1.272923944182704,ok,3.375465610023884,5.808088454628545e-10
CrRh3,0.468968,1.0565282087999592,84,1.692929560488284,ok,3.3807689989221203,1.493873913460675e-10
CrRh3,0.468968,1.0565282087999592,86,1.6552762156375826,ok,3.410892247864106,8.408163054696159e-12
CrRh3,0.468968,1.0565282087999592,87,1.5277331202443705,ok,3.3807689989221203,4.6851411639181606e-14
CrRh3,0.468968,1.0565282087999592,88,1.180031941817787,ok,3.3782233722509667,2.8108319893860312e-08
CrRh3,0.468968,1.0565282087999592,89,1.4650364878146038,ok,3.381829676701768,8.304912313406021e-12
CrRh3,0.468968,1.0565282087999592,90,1.8204379516510836,ok,3.3790719144746846,1.0843548281513904e-11
CrRh3,0.468968,1.0565282087999592,91,1.1367427913444363,ok,3.3850117100407098,2.1173729436441132e-11
CrRh3,0.468968,1.0565282087999592,92,1.4580521646341924,ok,3.378859778918755,3.475493226545723e-10
CrRh3,0.468968,1.0565282087999592,93,1.4025405990429631,tilt_failed,,
CrRh3,0.468968,1.0565282087999592,94,1.1734459764579346,ok,3.3854359811525687,9.43689570931383e-15
CrRh3,0.468968,1.0565282087999592,95,1.188588702972832,ok,3.378435507806896,5.921929613350585e-13
CrRh3,0.468968,1.0565282087999592,96,1.183748064018879,ok,3.382041812257697,2.410015742526639e-09
CrRh3,0.468968,1.0565282087999592,97,1.6691354279943689,ok,3.376314152247601,7.673695012755388e-11
CrRh3,0.468968,1.0565282087999592,98,1.527407357159413,ok,3.3786476433628256,1.898578005921081e-08
CrRh3,0.468968,1.0565282087999592,99,1.349041702506478,ok,3.3807689989221203,3.864286668431305e-10
CrRh3,0.468968,1.0565282087999592,100,1.2686733725284691,ok,3.376526287803531,3.8635761256955454e-14
CrRh3,0.468968,1.0565282087999592,101,1.1952692111054526,ok,3.3816175411458382,2.027267242965536e-13
CrRh3,0.468968,1.0565282087999592,102,1.6428132221391716,ok,3.383314625593274,5.666979108198689e-10
CrRh3,0.468968,1.0565282087999592,103,1.4789924766230378,ok,3.396467030060901,2.934681386790316e-10
CrRh3,0.468968,1.0565282087999592,104,1.604887959148538,ok,3.3794961855865435,1.127986593019159e-13
CrRh3,0.468968,1.0565282087999592,105,1.257899489985736,ok,3.3835267611492035,1.0458300891968977e-13
CrRh3,0.468968,1.0565282087999592,106,1.5614412208311628,ok,3.3775869655831783,4.551623344895006e-08
CrRh3,0.468968,1.0565282087999592,107,1.081495084123776,ok,3.378435507806896,8.981704269217516e-14
CrRh3,0.468968,1.0565282087999592,108,1.343766994610735,ok,3.392224318942312,9.25080456681826e-09
CrRh3,0.468968,1.0565282087999592,109,1.358340283522718,ok,3.3920121833863823,1.8429702208777602e-14
CrRh3,0.468968,1.0565282087999592,110,1.575061788917229,ok,3.3782233722509667,2.2085711037789224e-10
CrRh3,0.468968,1.0565282087999592,111,1.436442909832728,ok,3.378859778918755,6.302780519717999e-11
CrRh3,0.468968,1.0565282087999592,112,1.1518957122218951,ok,3.3843753033729214,2.823683509234342e-10
CrRh3,0.468968,1.0565282087999592,113,1.5055184596021824,ok,3.3767384233594604,8.215650382226158e-15
CrRh3,0.468968,1.0565282087999592,114,1.0987198766030724,ok,3.37716269447132,1.9657719896315484e-11
CrRh3,0.468968,1.0565282087999592,115,1.5235038680298332,ok,3.37716269447132,6.202753866091371e-10
CrRh3,0.468968,1.0565282087999592,116,1.333078688177768,ok,3.379708321142473,2.930100606590713e-12
CrRh3,0.468968,1.0565282087999592,117,1.2540089392677942,ok,3.3786476433628256,3.9745984281580604e-14
CrRh3,0.468968,1.0565282087999592,118,1.143882983505564,ok,3.3811932700339797,1.5678369713612028e-10
CrRh3,0.468968,1.0565282087999592,119,1.3704393263599983,ok,3.3775869655831783,9.15667541789844e-12
CrRh3,0.468968,1.0565282087999592,120,1.144395344691357,ok,3.379284050030614,8.991865030338885e-10
CrRh3,0.468968,1.0565282087999592,121,1.1807788573901603,ok,3.380556863366191,1.3232737128276995e-09
CrRh3,0.468968,1.0565282087999592,122,1.2887006971178392,ok,3.3831024900373445,1.9508479276453272e-09
CrRh3,0.468968,1.0565282087999592,123,1.189762463715359,ok,3.379284050030614,1.0751736667646838e-07
CrRh3,0.468968,1.0565282087999592,124,1.610495299143263,ok,3.3786476433628256,1.5580869927589449e-12
CrRh3,0.468968,1.0565282087999592,125,1.411138629723674,ok,3.380132592254332,3.534950110406499e-13
CrRh3,0.468968,1.0565282087999592,126,1.3527309829010998,ok,3.3799204566984025,3.1023184021705674e-11
CrRh3,0.468968,1.0565282087999592,127,1.4372470134748845,ok,3.378859778918755,1.2431894846898215e-08
CrRh3,0.468968,1.0565282087999592,128,1.2414276531930049,ok,3.382466083369556,3.340615561953086e-09
CrRh3,0.468968,1.0565282087999592,129,1.224222092828324,ok,3.381829676701768,8.437694987151191e-15
CrRh3,0.468968,1.0565282087999592,130,1.3959931932380203,ok,3.382041812257697,3.1206237594005865e-10
CrRh3,0.468968,1.0565282087999592,131,1.1674348404826378,ok,3.37695055891539,2.3585577935136826e-12
CrRh3,0.468968,1.0565282087999592,132,1.230716631784396,ok,3.382253947813626,6.661338147750939e-16
CrRh3,0.468968,1.0565282087999592,133,1.915369861410412,ok,3.37695055891539,6.70241639966207e-12
CrRh3,0.468968,1.0565282087999592,134,1.2107274137413238,ok,3.380132592254332,3.2162605911878467e-10
CrRh3,0.468968,1.0565282087999592,135,1.266400074302206,ok,3.3831024900373445,1.9984014443252818e-15
CrRh3,0.468968,1.0565282087999592,136,2.0072148055446664,ok,3.3786476433628256,8.646172666715302e-11
CrRh3,0.468968,1.0565282087999592,137,1.2307455302633798,ok,3.3816175411458382,1.1999290450148692e-12
CrRh3,0.468968,1.0565282087999592,138,1.4948158524550723,ok,3.37716269447132,2.642330798607873e-14
CrRh3,0.468968,1.0565282087999592,139,1.4394343085446633,ok,3.382041812257697,1.207913769007973e-10
CrRh3,0.468968,1.0565282087999592,140,1.208104391913723,ok,3.378011236695037,3.9855452271808645e-11
CrRh3,0.468968,1.0565282087999592,141,1.2125461951624,ok,3.383314625593274,4.42088810004293e-10
CrRh3,0.468968,1.0565282087999592,142,1.3621005063639018,ok,3.3782233722509667,5.8454707740907e-09
CrRh3,0.468968,1.0565282087999592,143,1.304415160359255,ok,3.38098113447805,2.107203300738547e-13
CrRh3,0.468968,1.0565282087999592,144,1.139162767366352,ok,3.3803447278102614,8.1530338036373e-12
CrRh3,0.468968,1.0565282087999592,145,1.1809791869368715,ok,3.375677745579813,7.194245199571014e-14
CrRh3,0.468968,1.0565282087999592,146,1.1077392885831656,ok,3.3835267611492035,1.467773680374762e-08
CrRh3,0.468968,1.0565282087999592,147,1.5212991981750854,ok,3.3731321189086594,3.4414693317330602e-12
CrRh3,0.468968,1.0565282087999592,148,1.4085606637291097,ok,3.376314152247601,1.0845435660655768e-10
CrRh3,0.468968,1.0565282087999592,149,1.1147076984090545,ok,3.382890354481415,2.986037928032204e-08
CrRh3,0.468968,1.0565282087999592,150,1.465561536960908,ok,3.3775869655831783,5.693572724396745e-09
CrRh3,0.468968,1.0565282087999592,151,1.778288711625336,ok,3.383314625593274,9.187872684890408e-12
CrRh3,0.468968,1.0565282087999592,152,1.2889213397543615,ok,3.37716269447132,3.5003111520381935e-12
CrRh3,0.468968,1.0565282087999592,153,1.43422242156877,ok,3.3799204566984025,1.3322676295501878e-14
CrRh3,0.468968,1.0565282087999592,154,1.2790711157260268,ok,3.389254421159299,1.17039711255984e-09
CrRh3,0.468968,1.0565282087999592,155,1.1949958360842703,ok,3.3903150989389466,2.2307916736075132e-08
CrRh3,0.468968,1.0565282087999592,156,1.392559330649519,ok,3.374404932244236,8.659739592076221e-15
CrRh3,0.468968,1.0565282087999592,157,2.0146862980231384,tilt_failed,,
CrRh3,0.468968,1.0565282087999592,158,1.2291977529804377,ok,3.380556863366191,3.185962604845827e-11
CrRh3,0.468968,1.0565282087999592,159,1.4098975511180123,ok,3.381829676701768,1.2313261521512686e-11
CrRh3,0.468968,1.0565282087999592,160,1.3466578054063896,ok,3.376314152247601,7.954372827079226e-09
CrRh3,0.468968,1.0565282087999592,161,1.4437610677371713,ok,3.3790719144746846,2.5315609608611567e-09
CrRh3,0.468968,1.0565282087999592,162,1.3847319099428506,ok,3.3811932700339797,3.1926772336987597e-10
CrRh3,0.468968,1.0565282087999592,163,1.3262402355053773,ok,3.383314625593274,4.072964188139849e-12
CrRh3,0.468968,1.0565282087999592,164,1.1306879890665755,ok,3.3790719144746846,1.4612601129115887e-09
CrRh3,0.468968,1.0565282087999592,165,1.5011901098702691,ok,3.3803447278102614,3.189707165063282e-09
CrRh3,0.468968,1.0565282087999592,166,1.163640736073686,ok,3.376526287803531,6.150635556423367e-14
CrRh3,0.468968,1.0565282087999592,167,1.437761502755005,ok,3.3807689989221203,2.259969988926969e-12
CrRh3,0.468968,1.0565282087999592,168,1.1696486834562227,ok,3.3758898811357425,9.896639063811108e-11
CrRh3,0.468968,1.0565282087999592,169,1.0749564463438346,ok,3.372283576684941,1.290776485696199e-09
CrRh3,0.468968,1.0565282087999592,170,1.361803227221554,ok,3.3790719144746846,2.220446049250313e-15
CrRh3,0.468968,1.0565282087999592,171,1.1735767108156834,ok,3.3826782189254856,7.327471962526033e-15
CrRh3,0.468968,1.0565282087999592,172,1.2153105527004917,ok,3.385648116708498,3.6637359812630166e-15
CrRh3,0.468968,1.0565282087999592,173,1.1474876084722654,ok,3.377374830027249,6.909850469583034e-11
CrRh3,0.468968,1.0565282087999592,174,1.4111318283749357,ok,3.3799204566984025,5.768941546691053e-09
CrRh3,0.468968,1.0565282087999592,175,1.0688908404978614,ok,3.37716269447132,6.574694788596957e-09
CrRh3,0.468968,1.0565282087999592,176,1.3773264423154874,ok,3.3875573367118634,6.455047607545339e-10
CrRh3,0.468968,1.0565282087999592,177,1.08263932881456,ok,3.3799204566984025,7.3327318661498e-09
CrRh3,0.468968,1.0565282087999592,178,1.1739198743217023,ok,3.3816175411458382,5.289273463660038e-10
CrRh3,0.468968,1.0565282087999592,179,1.0942454571100102,ok,3.3794961855865435,1.4557799410397365e-11
CrRh3,0.468968,1.0565282087999592,180,1.1890158521657803,ok,3.3799204566984025,6.910028105266974e-13
CrRh3,0.468968,1.0565282087999592,181,1.3029027784610538,ok,3.3786476433628256,8.659739592076221e-15
CrRh3,0.468968,1.0565282087999592,182,1.2152116774250383,ok,3.378435507806896,7.241252042433644e-11
CrRh3,0.468968,1.0565282087999592,183,1.1362457556679368,ok,3.3790719144746846,9.880984919163892e-15
CrRh3,0.468968,1.0565282087999592,184,1.130157039069779,ok,3.385648116708498,5.536320291099628e-10
CrRh3,0.468968,1.0565282087999592,185,1.3619305641256605,ok,3.3890422856033697,8.896217096321379e-13
CrRh3,0.468968,1.0565282087999592,186,1.7866098777593449,ok,3.375253474467954,5.20287146699161e-11
CrRh3,0.468968,1.0565282087999592,187,1.2106070966716411,ok,3.380556863366191,1.0658141036401504e-14
CrRh3,0.468968,1.0565282087999592,188,1.1702211910012936,ok,3.3794961855865435,8.800959960808541e-12
CrRh3,0.468968,1.0565282087999592,189,1.3859855782588169,ok,3.375465610023884,1.7886308434356124e-08
CrRh3,0.468968,1.0565282087999592,190,1.3071560126575426,ok,3.378859778918755,7.105427357601003e-14
CrRh3,0.468968,1.0565282087999592,191,1.2391387765366944,ok,3.3843753033729214,1.3699072987094494e-09
CrRh3,0.468968,1.0565282087999592,192,1.1338062824699524,ok,3.390102963383017,1.8164084680805102e-09
CrRh3,0.468968,1.0565282087999592,193,1.3229109531003695,ok,3.3816175411458382,5.10702591327572e-15
CrRh3,0.468968,1.0565282087999592,194,1.2566149825846944,ok,3.384587438928851,6.859099510592159e-09
CrRh3,0.468968,1.0565282087999592,195,1.1592174401246005,ok,3.3790719144746846,7.999378937029178e-12
CrRh3,0.468968,1.0565282087999592,196,1.22891909207467,ok,3.382466083369556,1.7594370405049628e-11
CrRh3,0.468968,1.0565282087999592,197,1.1520028579943609,ok,3.3814054055899088,3.1086244689504387e-15
CrRh3,0.468968,1.0565282087999592,198,1.1968238241844789,ok,3.386496658932216,3.402844672706351e-11
CrRh3,0.468968,1.0565282087999592,199,1.1699724372925584,ok,3.3811932700339797,8.659739592076221e-15
CrRh3,0.468968,1.0565282087999592,200,1.1758533730359604,ok,3.382890354481415,1.1030554247781763e-09
CrRh3,0.468968,1.0565282087999592,201,1.342907166956666,ok,3.379708321142473,1.609290478654657e-11
CrRh3,0.468968,1.0565282087999592,202,1.3737057563015538,ok,3.378435507806896,6.013034514751325e-11
CrRh3,0.468968,1.0565282087999592,203,1.1711131798216483,ok,3.3775869655831783,1.0249823212404864e-10
CrRh3,0.468968,1.0565282087999592,205,1.1570428018565817,ok,3.38098113447805,5.32972554978528e-10
CrRh3,0.468968,1.0565282087999592,206,1.213185281735262,ok,3.382890354481415,1.375344282905644e-12
CrRh3,0.468968,1.0565282087999592,207,1.454830958553857,ok,3.378435507806896,1.6797232049725608e-08
CrRh3,0.468968,1.0565282087999592,208,1.1445793727955855,ok,3.382466083369556,4.356620952883361e-09
CrRh3,0.468968,1.0565282087999592,209,1.3594724772282143,ok,3.3782233722509667,8.638687543083278e-10
CrRh3,0.468968,1.0565282087999592,210,1.3993969673684326,ok,3.381829676701768,1.1213252548714081e-13
CrRh3,0.468968,1.0565282087999592,211,1.3193362365046746,ok,3.377799101139108,2.5563107186599154e-11
CrRh3,0.468968,1.0565282087999592,212,1.0923587376044432,ok,3.3799204566984025,1.371158512286641e-07
CrRh3,0.468968,1.0565282087999592,213,1.5349021026957292,ok,3.3814054055899088,6.328271240363392e-14
CrRh3,0.468968,1.0565282087999592,214,1.6340348762511054,ok,3.3790719144746846,1.627431123196743e-08
CrRh3,0.468968,1.0565282087999592,215,1.331084395822535,ok,3.389678692271158,5.833606930849554e-10
CrRh3,0.468968,1.0565282087999592,216,1.3707452381475895,ok,3.3811932700339797,9.29256671611256e-14
CrRh3,0.468968,1.0565282087999592,217,1.166656266846943,ok,3.381829676701768,1.0436096431476471e-14
CrRh3,0.468968,1.0565282087999592,219,1.1421813151806643,ok,3.37695055891539,2.758483219622576e-09
CrRh3,0.468968,1.0565282087999592,220,1.2892005959333244,ok,3.3790719144746846,3.345361765383359e-10
CrRh3,0.468968,1.0565282087999592,221,1.1354651202569948,ok,3.381829676701768,3.4185416719623163e-09
CrRh3,0.468968,1.0565282087999592,222,1.6637425118184814,ok,3.3741927966883067,1.2948765171216792e-08
CrRh3,0.468968,1.0565282087999592,223,1.0834378978178485,ok,3.382466083369556,5.704762218172732e-10
CrRh3,0.468968,1.0565282087999592,224,1.639569113494013,ok,3.3775869655831783,2.571696189335171e-10
CrRh3,0.468968,1.0565282087999592,225,1.192358197028064,ok,3.377374830027249,2.3089530287734302e-11
CrRh3,0.468968,1.0565282087999592,226,1.2700329486781816,ok,3.3790719144746846,1.940669847044774e-13
CrRh3,0.468968,1.0565282087999592,227,1.2446412551586832,ok,3.386496658932216,1.5138312825513367e-10
CrRh3,0.468968,1.0565282087999592,228,1.223494580669506,ok,3.384163167816992,1.7443602118305535e-11
CrRh3,0.468968,1.0565282087999592,229,1.3120751034636031,ok,3.37695055891539,6.510125771796993e-12
CrRh3,0.468968,1.0565282087999592,230,1.297968233710469,ok,3.3782233722509667,3.241851231905457e-14
CrRh3,0.468968,1.0565282087999592,231,1.4521294238640576,ok,3.381829676701768,6.819721787287847e-09
CrRh3,0.468968,1.0565282087999592,232,1.3388972283626686,ok,3.37716269447132,2.691063816229189e-09
CrRh3,0.468968,1.0565282087999592,233,1.2294966337985014,ok,3.3814054055899088,1.8652568378740847e-10
CrRh3,0.468968,1.0565282087999592,234,1.3367577334805305,ok,3.376526287803531,7.764899834228345e-13
CrRh3,0.468968,1.0565282087999592,235,1.3456178525399525,ok,3.377374830027249,9.31582422314392e-09
CrRh3,0.468968,1.0565282087999592,236,1.5347393946965364,ok,3.3727078477968004,1.9872925527408822e-10
CrRh3,0.468968,1.0565282087999592,237,1.372552847769868,ok,3.379284050030614,1.055276088735013e-09
CrRh3,0.468968,1.0565282087999592,238,1.2078153338483466,ok,3.377799101139108,1.4112044866010363e-11
CrRh3,0.468968,1.0565282087999592,239,1.136799695865502,ok,3.37716269447132,3.1907809727727e-13
CrRh3,0.468968,1.0565282087999592,240,1.2336936226850277,ok,3.37716269447132,4.856752777726571e-10
CrRh3,0.468968,1.0565282087999592,241,1.3908392611094291,ok,3.390951505606735,6.213133119103986e-09
CrRh3,0.468968,1.0565282087999592,242,1.1380664305711543,ok,3.3811932700339797,2.220668093855238e-12
CrRh3,0.468968,1.0565282087999592,243,1.4565967152004815,ok,3.380556863366191,7.4304296049376725e-09
CrRh3,0.468968,1.0565282087999592,244,1.548177238737785,ok,3.375677745579813,2.300493129325787e-12
CrRh3,0.468968,1.0565282087999592,245,1.080626628016535,ok,3.376526287803531,2.3102342261438477e-10
CrRh3,0.468968,1.0565282087999592,246,1.680666722983827,ok,3.3746170678001657,2.2760451190428913e-08
CrRh3,0.468968,1.0565282087999592,247,1.6023410315738544,ok,3.3707986277934343,2.3151258687903464e-11
CrRh3,0.468968,1.0565282087999592,248,1.280188717801789,ok,3.371435034461223,9.368650299990121e-11
CrRh3,0.468968,1.0565282087999592,249,1.1619572733578234,ok,3.378435507806896,1.0458300891968977e-13
CrRh3,0.468968,1.0565282087999592,250,1.6241687379889749,ok,3.378435507806896,3.1086244689504387e-15
CrRh3,0.468968,1.0565282087999592,251,1.407138046146224,ok,3.3811932700339797,9.573060122392008e-10
CrRh3,0.468968,1.0565282087999592,252,1.1634444275069369,ok,3.3807689989221203,4.758265559345887e-09
CrRh3,0.468968,1.0565282087999592,253,1.145372048940466,ok,3.3911636411626644,1.0167422459517184e-12
CrRh3,0.468968,1.0565282087999592,254,1.2480675339326317,ok,3.37716269447132,1.2720280384570515e-10
CrRh3,0.468968,1.0565282087999592,255,1.3171597627074,ok,3.381829676701768,2.6185720258808946e-12
CrRh3,0.468968,1.0565282087999592,256,1.3561775969891958,ok,3.395406352281254,6.056399826093184e-10
CrRh3,0.468968,1.0565282087999592,257,1.2394352500850188,ok,3.3790719144746846,3.1308289294429414e-14
CrRh3,0.468968,1.0565282087999592,258,1.637894953676489,ok,3.373344254464589,6.244882388983797e-11
CrRh3,0.468968,1.0565282087999592,259,1.5415246566853025,ok,3.3794961855865435,7.388261114016358e-10
CrRh3,0.468968,1.0565282087999592,260,1.1629476523510325,ok,3.377374830027249,1.2117293168856236e-08
CrRh3,0.468968,1.0565282087999592,261,1.0955162848962736,ok,3.3786476433628256,4.065938696840021e-10
CrRh3,0.468968,1.0565282087999592,262,1.0975952055705966,ok,3.37695055891539,1.876983013460176e-08
CrRh3,0.468968,1.0565282087999592,263,1.4034793707473985,ok,3.394982081169395,1.4768332112780056e-09
CrRh3,0.468968,1.0565282087999592,264,1.1781617188091416,ok,3.376314152247601,9.325873406851317e-15
CrRh3,0.468968,1.0565282087999592,265,1.390207366972563,ok,3.3750413389120246,2.504774165856816e-11
CrRh3,0.468968,1.0565282087999592,266,1.1866622396078237,ok,3.3790719144746846,8.215650382226158e-15
CrRh3,0.468968,1.0565282087999592,267,1.1944758847773556,ok,3.3775869655831783,8.240075288767912e-13
CrRh3,0.468968,1.0565282087999592,268,1.2652190542882067,ok,3.378011236695037,1.8652340338931598e-08
CrRh3,0.468968,1.0565282087999592,269,1.4254635342071718,ok,3.3775869655831783,4.998546243584201e-09
CrRh3,0.468968,1.0565282087999592,270,1.343134553718497,ok,3.37716269447132,1.333155807969888e-12
CrRh3,0.468968,1.0565282087999592,271,1.3767236353889774,ok,3.3807689989221203,9.46021039283096e-13
CrRh3,0.468968,1.0565282087999592,272,1.1123357058084111,ok,3.3850117100407098,5.3767656993386475e-11
CrRh3,0.468968,1.0565282087999592,273,1.4168121091716548,ok,3.378859778918755,5.715783402138186e-11
CrRh3,0.468968,1.0565282087999592,274,1.502616219596946,ok,3.380132592254332,2.568979251549308e-09
CrRh3,0.468968,1.0565282087999592,275,1.2285917591153783,ok,3.378011236695037,2.913699614914833e-09
CrRh3,0.468968,1.0565282087999592,276,1.2002689769020587,ok,3.379708321142473,1.090143531001786e-10
CrRh3,0.468968,1.0565282087999592,277,1.302667296554906,ok,3.3854359811525687,2.1810375727682183e-10
CrRh3,0.468968,1.0565282087999592,278,1.4852332540144135,ok,3.38098113447805,3.852029806239443e-09
CrRh3,0.468968,1.0565282087999592,279,1.3858827829562197,ok,3.3782233722509667,7.04631464287786e-10
CrRh3,0.468968,1.0565282087999592,280,1.204496744127414,ok,3.380556863366191,7.982503547054876e-12
CrRh3,0.468968,1.0565282087999592,281,1.238996724981717,ok,3.391800047830453,7.627232179174825e-14
CrRh3,0.468968,1.0565282087999592,282,1.2101433517951088,ok,3.375677745579813,9.163121372779415e-10
CrRh3,0.468968,1.0565282087999592,283,1.160886390548463,ok,3.388193743379652,6.575102684536205e-10
CrRh3,0.468968,1.0565282087999592,284,1.0712993897941343,ok,3.372283576684941,1.585141018445313e-09
CrRh3,0.468968,1.0565282087999592,286,1.147957650854384,ok,3.3835267611492035,8.855314259648138e-10
CrRh3,0.468968,1.0565282087999592,287,1.3506629482712298,ok,3.379284050030614,5.906386491005833e-13
CrRh3,0.468968,1.0565282087999592,288,1.3733169691241391,ok,3.382466083369556,5.063762076318312e-09
CrRh3,0.468968,1.0565282087999592,289,1.1352000177616108,ok,3.3782233722509667,4.396842889775599e-10
CrRh3,0.468968,1.0565282087999592,291,1.3762486528236826,ok,3.384587438928851,1.3140798227340156e-08
CrRh3,0.468968,1.0565282087999592,292,1.192245182172459,ok,3.379284050030614,1.749711486809247e-13
CrRh3,0.468968,1.0565282087999592,293,1.1904444218079908,ok,3.3741927966883067,3.071332299597884e-09
CrRh3,0.468968,1.0565282087999592,294,1.149568554521543,ok,3.37716269447132,9.29256671611256e-14
CrRh3,0.468968,1.0565282087999592,295,1.0830228085601894,ok,3.3847995744847803,1.5780821094324438e-11
CrRh3,0.468968,1.0565282087999592,296,1.6428727676551007,ok,3.414922823426766,1.7041923427996153e-13
CrRh3,0.468968,1.0565282087999592,297,1.3153787662995997,ok,3.3811932700339797,9.687806112879116e-13
CrRh3,0.468968,1.0565282087999592,298,1.546156860171355,ok,3.3807689989221203,3.774758283725532e-15
CrRh3,0.468968,1.0565282087999592,299,1.1303484304213467,ok,3.380556863366191,1.0407130046630186e-08
CrRh3,0.468968,1.0565282087999592,300,1.1358105762881288,ok,3.382890354481415,1.1879386363489178e-13
CrRh3,0.468968,1.0565282087999592,301,1.1203710110134677,ok,3.3884058789355813,1.4993339902957814e-11
CrRh3,0.468968,1.0565282087999592,302,1.1659907139018306,ok,3.379284050030614,3.756321920178607e-09
CrRh3,0.468968,1.0565282087999592,303,1.2387421296396957,ok,3.3758898811357425,8.306688670245421e-13
CrRh3,0.468968,1.0565282087999592,304,1.2173154420689452,ok,3.3930728611660297,1.1868261928782428e-10
CrRh3,0.468968,1.0565282087999592,305,1.155896555708419,ok,3.375253474467954,4.483464377535995e-09
CrRh3,0.468968,1.0565282087999592,306,1.825819674466264,ok,3.378435507806896,2.7351070297498836e-09
CrRh3,0.468968,1.0565282087999592,307,1.1436358108272733,ok,3.378011236695037,2.383027108976421e-11
CrRh3,0.468968,1.0565282087999592,308,1.1480605101444028,ok,3.382041812257697,1.0633705027629503e-09
CrRh3,0.468968,1.0565282087999592,309,1.1982749686549097,ok,3.3811932700339797,1.6224330434688742e-08
CrRh3,0.468968,1.0565282087999592,310,1.6516077338534148,ok,3.376314152247601,1.3866813475260642e-08
CrRh3,0.468968,1.0565282087999592,311,1.3152829920740927,ok,3.3775869655831783,1.554312234475219e-14
CrRh3,0.468968,1.0565282087999592,312,1.1979141060348637,ok,3.375253474467954,1.481137434922175e-11
CrRh3,0.468968,1.0565282087999592,313,1.172221976858001,ok,3.3794961855865435,6.039613253960853e-14
CrRh3,0.468968,1.0565282087999592,314,1.0918696604343066,ok,3.374829203356095,7.721398742610575e-09
CrRh3,0.468968,1.0565282087999592,315,1.1608814571758117,ok,3.378859778918755,2.8199664825478976e-14
CrRh3,0.468968,1.0565282087999592,316,1.3487329521883222,ok,3.3826782189254856,2.4202861936828413e-14
CrRh3,0.468968,1.0565282087999592,317,1.4330893558471474,ok,3.3794961855865435,1.2535528171042642e-11
CrRh3,0.468968,1.0565282087999592,318,1.5619313928759844,ok,3.3875573367118634,1.5298429190124807e-11
CrRh3,0.468968,1.0565282087999592,319,1.2982022868066938,ok,3.3775869655831783,2.771116669464391e-13
CrRh3,0.468968,1.0565282087999592,320,1.166710430208393,ok,3.378011236695037,1.1253220577600589e-12
CrRh3,0.468968,1.0565282087999592,321,1.2160449915327602,ok,3.3786476433628256,1.58931530158668e-08
CrRh3,0.468968,1.0565282087999592,322,1.2660816659977676,ok,3.3850117100407098,2.9143865099001687e-10
CrRh3,0.468968,1.0565282087999592,323,1.20467944867305,ok,3.3790719144746846,9.410023871225803e-10
CrRh3,0.468968,1.0565282087999592,324,1.1284486720638658,ok,3.3767384233594604,2.7933211299568944e-13
CrRh3,0.468968,1.0565282087999592,325,1.150700666204492,ok,3.3811932700339797,2.362368867192544e-08
CrRh3,0.468968,1.0565282087999592,326,1.2148807908770896,ok,3.391800047830453,1.6898704657819508e-12
CrRh3,0.468968,1.0565282087999592,327,1.1862481748963218,ok,3.3799204566984025,8.599340128867539e-09
CrRh3,0.468968,1.0565282087999592,328,1.4049626379081834,ok,3.3811932700339797,1.0313971898767704e-13
CrRh3,0.468968,1.0565282087999592,329,1.2341072324353346,ok,3.400497605623562,5.9598836976704214e-09
CrRh3,0.468968,1.0565282087999592,330,1.1535173273721693,ok,3.3790719144746846,1.9984014443252818e-15
CrRh3,0.468968,1.0565282087999592,331,1.1367278057719827,ok,3.3839510322610624,1.333377852574813e-13
CrRh3,0.468968,1.0565282087999592,332,1.076155895798754,ok,3.388618014491511,1.0035838826638609e-10
CrRh3,0.468968,1.0565282087999592,333,1.189435567980418,ok,3.379708321142473,1.0653151472084232e-08
CrRh3,0.468968,1.0565282087999592,334,1.1108768669256597,ok,3.3799204566984025,1.7474466318390114e-11
CrRh3,0.468968,1.0565282087999592,335,1.3687987337976693,ok,3.3731321189086594,8.733715528563835e-09
CrRh3,0.468968,1.0565282087999592,336,1.2672968510267717,ok,3.384587438928851,7.141087721151961e-10
CrRh3,0.468968,1.0565282087999592,337,1.2260974915502865,ok,3.3727078477968004,8.559060127311112e-10
CrRh3,0.468968,1.0565282087999592,338,1.1506847238368163,ok,3.3786476433628256,1.0571765685085666e-11
CrRh3,0.468968,1.0565282087999592,339,1.1087154827616823,ok,3.380556863366191,2.6867397195928788e-14
CrRh3,0.468968,1.0565282087999592,340,1.121560164159752,ok,3.3816175411458382,9.905732012427393e-09
CrRh3,0.468968,1.0565282087999592,342,1.1794689713014943,ok,3.380132592254332,3.3052249825971103e-10
CrRh3,0.468968,1.0565282087999592,343,1.2773082776931366,ok,3.3782233722509667,1.9566455122799198e-09
CrRh3,0.468968,1.0565282087999592,344,1.0860828738982202,ok,3.37695055891539,1.4613790177975261e-08
CrRh3,0.468968,1.0565282087999592,345,1.1228328194471269,ok,3.3767384233594604,1.194100596180192e-09
CrRh3,0.468968,1.0565282087999592,346,1.1417771517915831,ok,3.3782233722509667,4.735101200026294e-13
CrRh3,0.468968,1.0565282087999592,347,1.0699845842885711,ok,3.3775869655831783,7.737821494657737e-11
CrRh3,0.468968,1.0565282087999592,348,1.058250336694259,ok,3.37695055891539,2.442335222951897e-11
CrRh3,0.468968,1.0565282087999592,349,1.1911417433598366,ok,3.3835267611492035,2.422506639732092e-13
CrRh3,0.468968,1.0565282087999592,350,1.1126864450648384,ok,3.380132592254332,2.7582958139760194e-10
CrRh3,0.468968,1.0565282087999592,351,1.2296345688578565,ok,3.382253947813626,1.2101430968414206e-14
CrRh3,0.468968,1.0565282087999592,352,1.2833141131667836,ok,3.39689130117276,5.551115123125784e-16
CrRh3,0.468968,1.0565282087999592,353,1.1213262395890362,ok,3.380556863366191,4.8627768478581856e-14
CrRh3,0.468968,1.0565282087999592,354,1.265572794823797,ok,3.387345201155934,5.476730180475897e-13
CrRh3,0.468968,1.0565282087999592,355,1.2629755899473645,ok,3.376526287803531,3.6859404417555203e-14
CrRh3,0.468968,1.0565282087999592,356,1.2253059371390322,ok,3.401558283403209,2.4101277640298235e-09
CrRh3,0.468968,1.0565282087999592,357,1.62683960160354,ok,3.379284050030614,5.144111026034181e-09
CrRh3,0.468968,1.0565282087999592,358,1.2735506324126102,ok,3.3871330656000045,2.149391775674303e-13
CrRh3,0.468968,1.0565282087999592,359,1.161767093485517,ok,3.379708321142473,1.20821974647356e-09
CrRh3,0.468968,1.0565282087999592,360,1.438515975429102,tilt_failed,,
CrRh3,0.468968,1.0565282087999592,361,1.1260031053249218,ok,3.3775869655831783,9.013660928758327e-10
CrRh3,0.468968,1.0565282087999592,362,1.2041685366719816,ok,3.3843753033729214,5.3290705182007506e-15
CrRh3,0.468968,1.0565282087999592,363,1.341297163318002,ok,3.3951942167253244,6.102895966364487e-13
CrRh3,0.468968,1.0565282087999592,364,1.1151571200865276,ok,3.383738896705133,7.321670936200064e-09
CrRh3,0.468968,1.0565282087999592,365,1.282355370779571,ok,3.3741927966883067,5.437612582426253e-10
CrRh3,0.468968,1.0565282087999592,366,1.0990796052451637,ok,3.382466083369556,4.125233099561143e-08
CrRh3,0.468968,1.0565282087999592,367,1.2983283167696047,ok,3.383738896705133,1.993838649738677e-09
CrRh3,0.468968,1.0565282087999592,368,1.1527496212107444,ok,3.38098113447805,9.261480471423056e-13
CrRh3,0.468968,1.0565282087999592,369,1.1350161946535426,ok,3.378011236695037,1.195599175218831e-12
CrRh3,0.468968,1.0565282087999592,370,1.6170668568800564,tilt_failed,,
CrRh3,0.468968,1.0565282087999592,371,1.3892441979490942,ok,3.398800521176126,3.0221529723206686e-09
CrRh3,0.468968,1.0565282087999592,372,1.1976943296553737,ok,3.3807689989221203,4.8647863515327565e-11
CrRh3,0.468968,1.0565282087999592,373,1.1401772786987514,ok,3.3826782189254856,7.687450676030494e-11
CrRh3,0.468968,1.0565282087999592,374,1.060784695715523,ok,3.379708321142473,4.693290311941212e-09
CrRh3,0.468968,1.0565282087999592,375,3.058151840371792,ok,3.4246810589995227,7.66053886991358e-15
CrRh3,0.468968,1.0565282087999592,376,1.4309905800329736,ok,3.3746170678001657,6.668332552806078e-11
CrRh3,0.468968,1.0565282087999592,377,1.1250873382301163,ok,3.37695055891539,9.114931032172536e-14
CrRh3,0.468968,1.0565282087999592,378,1.2752228066140243,ok,3.3790719144746846,2.589040093425865e-13
CrRh3,0.468968,1.0565282087999592,379,1.062726014870776,ok,3.378011236695037,1.4399555436916957e-08
CrRh3,0.468968,1.0565282087999592,380,1.6884703933567151,ok,3.378859778918755,1.1857181902996672e-13
CrRh3,0.468968,1.0565282087999592,381,2.194805806759194,ok,3.3746170678001657,4.3187675657918596e-14
CrRh3,0.468968,1.0565282087999592,382,1.335952112571216,ok,3.382253947813626,9.325873406851316e-14
CrRh3,0.468968,1.0565282087999592,383,1.2506175753824262,ok,3.3782233722509667,1.826408468907914e-08
CrRh3,0.468968,1.0565282087999592,384,1.2076858355504752,ok,3.382890354481415,3.9684966424147206e-10
CrRh3,0.468968,1.0565282087999592,385,1.2493459645091587,ok,3.384163167816992,6.150635556423367e-14
CrRh3,0.468968,1.0565282087999592,386,1.1589997043852054,ok,3.3814054055899088,6.780430661379455e-09
CrRh3,0.468968,1.0565282087999592,387,1.244557352503501,ok,3.3775869655831783,3.134426052042727e-11
CrRh3,0.468968,1.0565282087999592,388,1.443703752679078,ok,3.376102016691672,5.658687074472368e-09
CrRh3,0.468968,1.0565282087999592,389,1.280235817579214,ok,3.3854359811525687,2.0018320334713732e-11
CrRh3,0.468968,1.0565282087999592,390,1.4346304650873951,ok,3.3814054055899088,2.997602166487923e-15
CrRh3,0.468968,1.0565282087999592,391,1.4507604650236898,ok,3.37716269447132,1.8405965640511115e-10
CrRh3,0.468968,1.0565282087999592,392,1.2524885068141338,ok,3.3735563900205183,1.494699697346391e-09
CrRh3,0.468968,1.0565282087999592,393,1.2425825175964484,ok,3.3831024900373445,1.8529622280993865e-13
CrRh3,0.468968,1.0565282087999592,394,1.150149037988038,ok,3.3786476433628256,7.551879122047467e-10
CrRh3,0.468968,1.0565282087999592,395,1.1849833024421326,ok,3.379708321142473,1.1537437671904629e-12
CrRh3,0.468968,1.0565282087999592,396,1.0772152675790791,ok,3.370586492237505,8.123390848879808e-12
CrRh3,0.468968,1.0565282087999592,397,1.2087061825225405,ok,3.385860252264428,2.015854150272389e-11
CrRh3,0.468968,1.0565282087999592,398,1.1462464293265513,ok,3.3831024900373445,1.5987211554602254e-14
CrRh3,0.468968,1.0565282087999592,399,1.3382816579563726,ok,3.378011236695037,7.890577080615913e-12
CrRh3,0.468968,1.0565282087999592,400,1.251848147275931,ok,3.386708794488145,7.556177905598815e-13
CrRh3,0.468968,1.0565282087999592,401,1.1570990566039872,ok,3.380132592254332,9.930185562723182e-10
CrRh3,0.468968,1.0565282087999592,402,1.1421309306183856,ok,3.386496658932216,5.552549531273597e-10
CrRh3,0.468968,1.0565282087999592,403,1.4433773730875004,ok,3.3903150989389466,3.6014258242289543e-10
CrRh3,0.468968,1.0565282087999592,404,1.0354218994671105,tilt_failed,,
CrRh3,0.468968,1.0565282087999592,405,1.086118887352632,ok,3.3814054055899088,6.369349492274523e-13
CrRh3,0.468968,1.0565282087999592,406,1.3852308132637576,ok,3.375465610023884,1.7094037296772058e-10
CrRh3,0.468968,1.0565282087999592,407,1.2139245009429938,ok,3.3799204566984025,4.831979261155084e-11
CrRh3,0.468968,1.0565282087999592,408,1.072243414215993,ok,3.378011236695037,5.553335569175033e-13
CrRh3,0.468968,1.0565282087999592,409,1.225654413129631,ok,3.3835267611492035,1.2311351937910328e-10
CrRh3,0.468968,1.0565282087999592,410,1.2967234231405809,ok,3.404316045630293,3.853695140776381e-12
CrRh3,0.468968,1.0565282087999592,411,1.629279840195662,ok,3.382041812257697,2.332516402248075e-10
CrRh3,0.468968,1.0565282087999592,412,1.2810387463453974,ok,3.380132592254332,5.775380174100064e-13
CrRh3,0.468968,1.0565282087999592,413,1.2265862456647345,ok,3.382890354481415,2.0415896750947127e-09
CrRh3,0.468968,1.0565282087999592,414,1.2210204093548858,ok,3.380556863366191,6.617373315975783e-12
CrRh3,0.468968,1.0565282087999592,415,1.5184719871753591,ok,3.374829203356095,2.2892798767770733e-13
CrRh3,0.468968,1.0565282087999592,416,1.2722859334916767,ok,3.3786476433628256,1.0691447727140255e-12
CrRh3,0.468968,1.0565282087999592,417,1.2274538988264538,ok,3.37716269447132,1.7127654849957707e-10
CrRh3,0.468968,1.0565282087999592,418,1.3000115511531272,ok,3.375465610023884,5.901945598907332e-13
CrRh3,0.468968,1.0565282087999592,419,1.230501234521634,ok,3.386920930044075,9.663160494000069e-09
CrRh3,0.468968,1.0565282087999592,420,1.1476294123051554,ok,3.3920121833863823,8.379630322963294e-12
CrRh3,0.468968,1.0565282087999592,421,1.355494102632078,ok,3.376314152247601,1.9160240061211198e-10
CrRh3,0.468968,1.0565282087999592,422,1.1348860006354349,ok,3.3775869655831783,4.833796696246394e-10
CrRh3,0.468968,1.0565282087999592,423,1.4870029114220686,ok,3.3879816078237224,2.3787194436408757e-11
CrRh3,0.468968,1.0565282087999592,424,1.259555766456639,ok,3.37716269447132,8.539198237400568e-10
CrRh3,0.468968,1.0565282087999592,425,1.1382302712731849,ok,3.3807689989221203,4.08849598620975e-09
CrRh3,0.468968,1.0565282087999592,426,1.2079215767347853,ok,3.3799204566984025,1.2012081995749211e-08
CrRh3,0.468968,1.0565282087999592,427,1.1228121522925916,ok,3.38098113447805,1.4765078049094882e-11
CrRh3,0.468968,1.0565282087999592,428,1.091789680613647,ok,3.37716269447132,1.211131195333337e-11
CrRh3,0.468968,1.0565282087999592,429,1.464779374919387,ok,3.3731321189086594,1.418811068631953e-09
CrRh3,0.468968,1.0565282087999592,430,1.2473595095250318,ok,3.382466083369556,2.7264431823326163e-09
CrRh3,0.468968,1.0565282087999592,431,1.1313028508273888,ok,3.375465610023884,8.947953489268912e-12
CrRh3,0.468968,1.0565282087999592,432,1.5646356321412305,ok,3.3782233722509667,1.021405182655144e-14
CrRh3,0.468968,1.0565282087999592,433,1.364212406378156,ok,3.3854359811525687,1.1143308498162695e-10
CrRh3,0.468968,1.0565282087999592,434,1.0792536448618566,ok,3.3786476433628256,4.2367098718187885e-10
CrRh3,0.468968,1.0565282087999592,435,1.7627691213210248,ok,3.3767384233594604,1.5033277955822655e-09
CrRh3,0.468968,1.0565282087999592,436,1.282370572736658,ok,3.3875573367118634,2.0922152899061075e-12
CrRh3,0.468968,1.0565282087999592,437,1.1825567466401468,ok,3.376314152247601,8.981704269217516e-13
CrRh3,0.468968,1.0565282087999592,438,1.079207962602121,ok,3.374829203356095,4.5423265149224784e-10
CrRh3,0.468968,1.0565282087999592,439,1.242639152227701,ok,3.377374830027249,1.3306755697328754e-10
CrRh3,0.468968,1.0565282087999592,440,1.088967398875207,ok,3.3775869655831783,7.088123088472287e-09
CrRh3,0.468968,1.0565282087999592,441,1.141053082360812,ok,3.3775869655831783,3.5781222429420723e-10
CrRh3,0.468968,1.0565282087999592,442,1.115629503130851,ok,3.3871330656000045,4.28499902227486e-10
CrRh3,0.468968,1.0565282087999592,443,1.5270861343720454,ok,3.372071441129012,7.849843108864718e-09
CrRh3,0.468968,1.0565282087999592,444,1.1603186907265326,ok,3.3807689989221203,7.105427357601002e-15
CrRh3,0.468968,1.0565282087999592,445,1.0731749302895968,ok,3.380132592254332,7.022672443568466e-10
CrRh3,0.468968,1.0565282087999592,446,1.19538450607341,ok,3.38098113447805,4.4519943287468784e-14
CrRh3,0.468968,1.0565282087999592,447,1.334275663041531,ok,3.3998611989557737,5.924150059399835e-13
CrRh3,0.468968,1.0565282087999592,448,1.212031451328934,ok,3.3786476433628256,3.8768988019910476e-13
CrRh3,0.468968,1.0565282087999592,449,1.384121343184289,ok,3.394133538945677,2.6234991956641807e-10
CrRh3,0.468968,1.0565282087999592,450,1.2299074987706504,ok,3.3782233722509667,2.831068712794149e-13
CrRh3,0.468968,1.0565282087999592,451,1.11669371530544,ok,3.3782233722509667,6.106226635438361e-14
CrRh3,0.468968,1.0565282087999592,452,1.205638357790363,ok,3.3843753033729214,2.903255080788369e-09
CrRh3,0.468968,1.0565282087999592,453,1.1321974221347502,ok,3.3775869655831783,2.3543944571713382e-11
CrRh3,0.468968,1.0565282087999592,454,1.359268164606965,ok,3.3739806611323773,9.309220061481938e-12
CrRh3,0.468968,1.0565282087999592,455,1.1165295419048638,ok,3.378011236695037,7.224221221235894e-12
CrRh3,0.468968,1.0565282087999592,456,1.055208231200321,ok,3.37716269447132,5.326183938336726e-12
CrRh3,0.468968,1.0565282087999592,457,1.0850011837940292,ok,3.379284050030614,2.536432245348053e-07
CrRh3,0.468968,1.0565282087999592,458,1.1525242334089405,ok,3.3790719144746846,1.5213275084136058e-11
CrRh3,0.468968,1.0565282087999592,459,1.047098587899859,tilt_failed,,
CrRh3,0.468968,1.0565282087999592,460,1.2308036101152342,ok,3.380556863366191,8.500047332660187e-10
CrRh3,0.468968,1.0565282087999592,461,1.592086023670389,ok,3.3847995744847803,9.212230978050684e-11
CrRh3,0.468968,1.0565282087999592,462,1.3854258155490178,ok,3.378859778918755,9.003175982513767e-11
CrRh3,0.468968,1.0565282087999592,463,1.0849593328569764,ok,3.373768525576448,1.2136958105202213e-12
CrRh3,0.468968,1.0565282087999592,464,1.0700449619782797,ok,3.376314152247601,1.0518252935298733e-12
CrRh3,0.468968,1.0565282087999592,465,1.0275174753837455,tilt_failed,,
CrRh3,0.468968,1.0565282087999592,466,1.1346531946558909,ok,3.3786476433628256,1.1191048088221579e-13
CrRh3,0.468968,1.0565282087999592,468,1.1318368862184758,ok,3.3854359811525687,2.822508893274289e-11
CrRh3,0.468968,1.0565282087999592,469,1.2095694293509318,ok,3.3794961855865435,1.0780299097845614e-08
CrRh3,0.468968,1.0565282087999592,470,1.5779870702348844,tilt_failed,,
CrRh3,0.468968,1.0565282087999592,471,1.0261788586800569,tilt_failed,,
CrRh3,0.468968,1.0565282087999592,472,1.1561157514912712,ok,3.3826782189254856,7.286997671940297e-10
CrRh3,0.468968,1.0565282087999592,473,1.6059346508109438,ok,3.386708794488145,1.9961809982760317e-13
CrRh3,0.468968,1.0565282087999592,474,1.466418119016077,ok,3.3794961855865435,3.9671399498786286e-10
CrRh3,0.468968,1.0565282087999592,475,1.2483124062073767,ok,3.386072387820357,1.1491030349475295e-11
CrRh3,0.468968,1.0565282087999592,476,1.1323394191215936,ok,3.37695055891539,3.242961454930083e-13
CrRh3,0.468968,1.0565282087999592,477,1.1157744171183464,ok,3.3767384233594604,1.641953240039129e-11
CrRh3,0.468968,1.0565282087999592,478,1.0963608390268098,ok,3.381829676701768,1.920134218291736e-08
CrRh3,0.468968,1.0565282087999592,479,1.1736471207353616,ok,3.3803447278102614,6.285014730877947e-10
CrRh3,0.468968,1.0565282087999592,480,1.1117976181579046,ok,3.3816175411458382,2.3221017442232043e-08
CrRh3,0.468968,1.0565282087999592,481,1.3531850996477426,ok,3.379284050030614,1.1618483952702265e-12
CrRh3,0.468968,1.0565282087999592,482,1.2741120260892569,ok,3.388193743379652,8.20249423938435e-10
CrRh3,0.468968,1.0565282087999592,483,1.038157275269428,tilt_failed,,
CrRh3,0.468968,1.0565282087999592,484,1.3049020289038429,ok,3.3782233722509667,2.6839305222736702e-09
CrRh3,0.468968,1.0565282087999592,485,1.5024110348762156,ok,3.378435507806896,7.446203653671545e-10
CrRh3,0.468968,1.0565282087999592,486,1.0681606550782332,ok,3.3807689989221203,6.022940479688543e-09
CrRh3,0.468968,1.0565282087999592,487,1.1638296211943198,ok,3.3816175411458382,7.31133820153218e-10
CrRh3,0.468968,1.0565282087999592,488,1.2335539301771756,ok,3.382253947813626,1.2902678925286182e-11
CrRh3,0.468968,1.0565282087999592,489,1.0972661620780213,ok,3.382890354481415,9.481304630298837e-14
CrRh3,0.468968,1.0565282087999592,491,1.2202170726462005,ok,3.386708794488145,6.976252908685865e-09
CrRh3,0.468968,1.0565282087999592,492,1.1300116197049772,ok,3.380556863366191,6.643574579356938e-13
CrRh3,0.468968,1.0565282087999592,493,1.0480165379512054,tilt_failed,,
CrRh3,0.468968,1.0565282087999592,494,1.1551438206204423,ok,3.393284996721959,2.001177001886845e-12
CrRh3,0.468968,1.0565282087999592,495,1.5730292257311251,ok,3.3839510322610624,8.437694987151191e-15
CrRh3,0.468968,1.0565282087999592,496,1.074112088120181,ok,3.3839510322610624,4.806477438279444e-11
CrRh3,0.468968,1.0565282087999592,497,1.0608326288277128,ok,3.3739806611323773,1.6911061440083586e-10
CrRh3,0.468968,1.0565282087999592,498,1.0502508991900386,tilt_failed,,
CrRh3,0.468968,1.0565282087999592,499,1.036143690153636,tilt_failed,,
CrRh3,0.468968,1.0565282087999592,500,1.0860823441511978,ok,3.379284050030614,9.475497830813142e-09
CrRh3,0.468968,1.0565282087999592,501,1.2897122051975274,ok,3.383314625593274,4.6740389336719097e-14
CrRh3,0.468968,1.0565282087999592,502,1.3294383485105483,ok,3.37716269447132,4.019007349143066e-14
CrRh3,0.468968,1.0565282087999592,503,1.126419953921828,ok,3.3741927966883067,3.255704261739822e-09
CrRh3,0.468968,1.0565282087999592,504,1.084408160751736,ok,3.375253474467954,1.0482633649999682e-09
CrRh3,0.468968,1.0565282087999592,505,1.068016751025833,ok,3.376102016691672,3.3367074658841034e-09
CrRh3,0.468968,1.0565282087999592,506,1.0842426831675611,ok,3.379708321142473,2.3297030971036747e-11
CrRh3,0.468968,1.0565282087999592,507,1.3625354729752437,ok,3.3843753033729214,1.3230883055825868e-10
CrRh3,0.468968,1.0565282087999592,508,1.3992882063128025,ok,3.378435507806896,3.0691005292737827e-12
CrRh3,0.468968,1.0565282087999592,509,1.0920591622104805,ok,3.378435507806896,5.472289288377398e-13
CrRh3,0.468968,1.0565282087999592,510,1.281007085547604,ok,3.3786476433628256,1.7753798431385803e-11
CrRh3,0.468968,1.0565282087999592,511,1.3940162954417472,ok,3.374404932244236,1.6782107703505744e-08
CrRh3,0.468968,1.0565282087999592,512,1.028004033590029,tilt_failed,,
CrRh3,0.468968,1.0565282087999592,513,1.0754531338532665,ok,3.3782233722509667,1.9600776002270948e-08
CrRh3,0.468968,1.0565282087999592,514,1.1290047319323775,ok,3.3799204566984025,3.9433001308708526e-10
CrRh3,0.468968,1.0565282087999592,515,1.154096110368401,ok,3.37716269447132,5.212840159529718e-10
CrRh3,0.468968,1.0565282087999592,516,1.0732988848754477,ok,3.382890354481415,1.0937917238607042e-12
CrRh3,0.468968,1.0565282087999592,517,2.5527503734974726,tilt_failed,,
CrRh3,0.468968,1.0565282087999592,518,1.207599905396106,ok,3.380556863366191,1.3939294163378689e-11
CrRh3,0.468968,1.0565282087999592,519,1.213131454392245,ok,3.384587438928851,7.26729787459135e-12
CrRh3,0.468968,1.0565282087999592,520,1.0395397254286556,tilt_failed,,
CrRh3,0.468968,1.0565282087999592,521,1.207242111858359,ok,3.379708321142473,1.680877659282487e-13
CrRh3,0.468968,1.0565282087999592,522,1.5948177636208922,ok,3.3979519789524075,3.3306690738754696e-16
CrRh3,0.468968,1.0565282087999592,523,1.3898149719830528,ok,3.378435507806896,1.0671082906199556e-09
CrRh3,0.468968,1.0565282087999592,524,1.1620048108236,ok,3.376526287803531,2.1405099914773018e-13
CrRh3,0.468968,1.0565282087999592,525,1.1119655104691213,ok,3.375677745579813,9.324163663393392e-11
CrRh3,0.468968,1.0565282087999592,526,1.0638306187470297,ok,3.3839510322610624,8.139956708674845e-09
CrRh3,0.468968,1.0565282087999592,527,1.161646340928487,ok,3.3850117100407098,8.098353765362276e-09
CrRh3,0.468968,1.0565282087999592,528,1.053579142661157,ok,3.371435034461223,2.745172233975524e-08
CrRh3,0.468968,1.0565282087999592,529,1.3579125363916082,ok,3.383314625593274,3.217475841310602e-09
CrRh3,0.468968,1.0565282087999592,530,1.1953578692528664,ok,3.385860252264428,1.0795607296998357e-08
CrRh3,0.468968,1.0565282087999592,531,1.2953720770768211,ok,3.382466083369556,3.4885538902074126e-10
CrRh3,0.468968,1.0565282087999592,532,1.2254043502917111,ok,3.3799204566984025,1.608048039170029e-08
CrRh3,0.468968,1.0565282087999592,533,1.10342514216843,ok,3.3775869655831783,2.341904448144305e-12
CrRh3,0.468968,1.0565282087999592,534,1.0419312588201404,tilt_failed,,
CrRh3,0.468968,1.0565282087999592,535,1.1213214887456953,ok,3.379284050030614,4.6629367034256575e-14
CrRh3,0.468968,1.0565282087999592,536,1.3334181003682204,ok,3.3854359811525687,5.9952043329758445e-15
CrRh3,0.468968,1.0565282087999592,537,1.1916521869498526,ok,3.3843753033729214,1.127986593019159e-13
CrRh3,0.468968,1.0565282087999592,538,1.0906362882662763,ok,3.3799204566984025,1.717848086002505e-12
CrRh3,0.468968,1.0565282087999592,539,1.482813276329974,ok,3.392224318942312,1.9890755709184305e-12
CrRh3,0.468968,1.0565282087999592,540,1.07145714671719,ok,3.376102016691672,5.1844084580920935e-12
CrRh3,0.468968,1.0565282087999592,541,1.3281704825123353,ok,3.379708321142473,1.1409762024072734e-12
CrRh3,0.468968,1.0565282087999592,542,1.1450576885672918,ok,3.391800047830453,4.104494522039204e-12
CrRh3,0.468968,1.0565282087999592,543,1.3428091909843654,ok,3.394769945613465,1.2312306729711509e-10
CrRh3,0.468968,1.0565282087999592,544,1.1190120836294777,ok,3.382253947813626,2.958744360626042e-13
CrRh3,0.468968,1.0565282087999592,545,1.5559622718193424,ok,3.3775869655831783,1.532107773982716e-14
CrRh3,0.468968,1.0565282087999592,546,1.2035695009052405,ok,3.3847995744847803,4.085620730620576e-14
CrRh3,0.468968,1.0565282087999592,547,1.1069042659343584,ok,3.376526287803531,8.095746295566641e-13
CrRh3,0.468968,1.0565282087999592,548,1.1702734019716694,ok,3.3799204566984025,1.7810954378028043e-08
CrRh3,0.468968,1.0565282087999592,549,1.3640783577535511,ok,3.3850117100407098,1.3328116388322542e-11
CrRh3,0.468968,1.0565282087999592,550,1.257963714134149,ok,3.378011236695037,5.9952043329758445e-15
CrRh3,0.468968,1.0565282087999592,551,1.14583965376563,ok,3.373768525576448,3.690159289249095e-12
CrRh3,0.468968,1.0565282087999592,552,1.3127582868646086,ok,3.397739843396478,3.6082248300317594e-14
CrRh3,0.468968,1.0565282087999592,553,1.1533645364784628,ok,3.381829676701768,4.258815522462101e-13
CrRh3,0.468968,1.0565282087999592,554,1.084671925685571,ok,3.3803447278102614,7.510658761589184e-12
CrRh3,0.468968,1.0565282087999592,555,1.0643603212308337,ok,3.376102016691672,2.1832040508762415e-08
CrRh3,0.468968,1.0565282087999592,556,1.0425286930831037,tilt_failed,,
CrRh3,0.468968,1.0565282087999592,557,1.0620238054284048,ok,3.375253474467954,1.800608540047932e-08
CrRh3,0.468968,1.0565282087999592,558,1.190847871261124,ok,3.3794961855865435,5.620628407143613e-10
CrRh3,0.468968,1.0565282087999592,559,1.292645550576489,ok,3.384587438928851,3.0310542964429033e-09
CrRh3,0.468968,1.0565282087999592,560,1.2289021169568826,ok,3.3854359811525687,5.081246534643924e-11
CrRh3,0.468968,1.0565282087999592,561,1.0565281907190045,ok,3.37716269447132,2.248534691773329e-12
CrRh3,0.468968,1.0565282087999592,562,1.0504659159101686,tilt_failed,,
CrRh3,0.468968,1.0565282087999592,563,1.5592580295757577,ok,3.3786476433628256,7.344347352500336e-11
CrRh3,0.468968,1.0565282087999592,564,1.2228748677795211,ok,3.3786476433628256,1.9673151996357774e-13
CrRh3,0.468968,1.0565282087999592,565,1.1516596580595817,ok,3.379708321142473,2.0673644574031872e-08
CrRh3,0.468968,1.0565282087999592,566,1.2629731761539318,ok,3.37695055891539,9.303668946358813e-14
CrRh3,0.468968,1.0565282087999592,567,1.1452085085050605,ok,3.378859778918755,1.3612444504929044e-12
CrRh3,0.468968,1.0565282087999592,568,1.3628011950194494,ok,3.37695055891539,4.8628212567791707e-11
CrRh3,0.468968,1.0565282087999592,569,1.4058367581909883,ok,3.3750413389120246,7.636658083676195e-09
CrRh3,0.468968,1.0565282087999592,570,1.2754255202963285,ok,3.3803447278102614,4.718447854656915e-13
CrRh3,0.468968,1.0565282087999592,571,1.2449289984344638,ok,3.3782233722509667,3.9031000653722e-11
CrRh3,0.468968,1.0565282087999592,572,1.1195291822920297,ok,3.382466083369556,7.29229565621381e-10
CrRh3,0.468968,1.0565282087999592,573,1.089344198932645,ok,3.37695055891539,2.3008125404899715e-09
CrRh3,0.468968,1.0565282087999592,574,1.127657972110392,ok,3.3786476433628256,3.693712002927896e-12
CrRh3,0.468968,1.0565282087999592,575,1.2345442914765088,ok,3.3775869655831783,2.2855406456301355e-10
CrRh3,0.468968,1.0565282087999592,576,1.4340606211930524,ok,3.377374830027249,1.1676890565581743e-09
CrRh3,0.468968,1.0565282087999592,577,1.6602213334994511,ok,3.397315572284619,3.218448396680173e-09
CrRh3,0.468968,1.0565282087999592,578,1.0847023047820183,ok,3.37695055891539,4.751531168523115e-09
CrRh3,0.468968,1.0565282087999592,579,1.111259314048245,ok,3.3782233722509667,2.9173368165658076e-09
CrRh3,0.468968,1.0565282087999592,580,1.1000405541497054,ok,3.3786476433628256,7.489264763904657e-09
CrRh3,0.468968,1.0565282087999592,581,1.201168334522767,ok,3.3786476433628256,7.559952663882541e-12
CrRh3,0.468968,1.0565282087999592,582,1.2244756908659498,ok,3.372283576684941,7.386780076501509e-11
CrRh3,0.468968,1.0565282087999592,583,1.0470732876328228,tilt_failed,,
CrRh3,0.468968,1.0565282087999592,584,1.1634785711065403,ok,3.376102016691672,3.484701416311964e-11
CrRh3,0.468968,1.0565282087999592,585,1.5604574008513528,ok,3.404103910074363,8.360978576149591e-12
CrRh3,0.468968,1.0565282087999592,586,1.402492204506722,ok,3.3888301500474403,2.4424906541753444e-15
CrRh3,0.468968,1.0565282087999592,587,1.126071575809924,ok,3.3775869655831783,5.490052856771399e-12
CrRh3,0.468968,1.0565282087999592,588,1.5116118118963864,ok,3.3807689989221203,5.438183237060912e-11
CrRh3,0.468968,1.0565282087999592,589,1.0921434205919514,ok,3.379708321142473,2.670752508038277e-11
CrRh3,0.468968,1.0565282087999592,590,1.1317148948873987,ok,3.3790719144746846,7.533421997329981e-09
CrRh3,0.468968,1.0565282087999592,591,1.215493972786655,ok,3.3843753033729214,6.766884164122189e-09
CrRh3,0.468968,1.0565282087999592,592,1.4333685868964163,ok,3.394982081169395,1.4413288340620054e-09
CrRh3,0.468968,1.0565282087999592,593,1.153969392702866,ok,3.378859778918755,6.116030348835011e-09
CrRh3,0.468968,1.0565282087999592,594,1.1201904677318644,ok,3.385648116708498,3.8857805861880485e-14
CrRh3,0.468968,1.0565282087999592,595,1.1108004815198855,ok,3.371010763349364,6.272760089132134e-14
CrRh3,0.468968,1.0565282087999592,596,1.598968454006404,ok,3.390951505606735,2.006483867944553e-11
CrRh3,0.468968,1.0565282087999592,597,1.1653368917721894,ok,3.37716269447132,2.836619827917275e-12
CrRh3,0.468968,1.0565282087999592,598,1.0668108099770908,ok,3.374404932244236,6.123213047715126e-12
CrRh3,0.468968,1.0565282087999592,599,1.2880755585137602,ok,3.372495712240871,8.97348861883529e-12
CrRh3,0.468968,1.0565282087999592,600,1.0518435470435687,tilt_failed,,
CrRh3,0.468968,1.0565282087999592,601,1.1634299095579057,ok,3.3782233722509667,4.030109579389318e-13
CrRh3,0.468968,1.0565282087999592,602,1.0708559786703795,ok,3.380132592254332,1.1167562541380961e-08
CrRh3,0.468968,1.0565282087999592,603,1.267706736756795,ok,3.3786476433628256,3.4861002973229915e-14
CrRh3,0.468968,1.0565282087999592,604,1.075003899929044,ok,3.3782233722509667,7.827072323607355e-14
CrRh3,0.468968,1.0565282087999592,605,1.1267107802498304,ok,3.3775869655831783,3.0379254667423083e-11
CrRh3,0.468968,1.0565282087999592,606,1.080174280003938,ok,3.376314152247601,2.1647685866099664e-08
CrRh3,0.468968,1.0565282087999592,607,1.1174987870622637,ok,3.3718593055730826,1.681763617256138e-10
CrRh3,0.468968,1.0565282087999592,608,1.032452433001274,tilt_failed,,
CrRh3,0.468968,1.0565282087999592,609,1.0969438634781394,ok,3.3816175411458382,4.931157704390897e-10
CrRh3,0.468968,1.0565282087999592,610,1.038968298693158,tilt_failed,,
CrRh3,0.468968,1.0565282087999592,611,1.1816142439104695,ok,3.3903150989389466,2.0250467969162853e-13
CrRh3,0.468968,1.0565282087999592,612,1.2446131482306677,ok,3.390951505606735,8.892886427247505e-14
CrRh3,0.468968,1.0565282087999592,613,1.2674343291754524,ok,3.378011236695037,7.329359341667895e-10
CrRh3,0.468968,1.0565282087999592,614,1.308657603913992,ok,3.3775869655831783,1.8562928971732617e-13
CrRh3,0.468968,1.0565282087999592,615,1.2067154655634993,ok,3.390527234494876,8.981704269217516e-14
CrRh3,0.468968,1.0565282087999592,616,1.3209555141205536,ok,3.375253474467954,3.4757690059450397e-09
CrRh3,0.468968,1.0565282087999592,617,1.1613872662236318,ok,3.376526287803531,2.966293877193493e-12
CrRh3,0.468968,1.0565282087999592,618,1.3333217814419691,ok,3.389678692271158,6.873390745454344e-13
CrRh3,0.468968,1.0565282087999592,619,1.2123112821016595,ok,3.373768525576448,6.415592279651605e-09
CrRh3,0.468968,1.0565282087999592,620,1.1571634233029482,ok,3.3786476433628256,3.9395153805799055e-12
CrRh3,0.468968,1.0565282087999592,621,1.1107861740245868,ok,3.3814054055899088,1.0236256287043945e-13
CrRh3,0.468968,1.0565282087999592,622,1.189229986348954,ok,3.379708321142473,4.366396133548278e-12
CrRh3,0.468968,1.0565282087999592,623,1.1065458071595184,ok,3.379708321142473,4.2297276792169206e-12
CrRh3,0.468968,1.0565282087999592,624,1.5427943384390168,tilt_failed,,
CrRh3,0.468968,1.0565282087999592,625,1.194888263492166,ok,3.3930728611660297,1.0384424431464367e-09
CrRh3,0.468968,1.0565282087999592,626,1.1304261135410982,ok,3.3811932700339797,7.116529587847253e-14
CrRh3,0.468968,1.0565282087999592,627,1.1285293684186026,ok,3.3767384233594604,7.079928865394435e-10
CrRh3,0.468968,1.0565282087999592,628,1.064765498937828,ok,3.380132592254332,1.655675596623496e-12
CrRh3,0.468968,1.0565282087999592,629,1.0942427915594055,ok,3.380132592254332,3.1478514239680067e-09
CrRh3,0.468968,1.0565282087999592,630,1.3228530138509245,ok,3.3775869655831783,1.3578776769662682e-08
CrRh3,0.468968,1.0565282087999592,631,1.5058878697718867,ok,3.382466083369556,2.9153623959388137e-10
CrRh3,0.468968,1.0565282087999592,632,1.204551130844791,ok,3.390102963383017,1.1890488593735429e-12
CrRh3,0.468968,1.0565282087999592,633,1.3835459500754543,tilt_failed,,
CrRh3,0.468968,1.0565282087999592,634,1.3900164560891362,ok,3.388618014491511,2.024318157545224e-09
CrRh3,0.468968,1.0565282087999592,635,1.3392843280548152,ok,3.3807689989221203,1.9078250090842627e-10
CrRh3,0.468968,1.0565282087999592,636,1.2430809820097486,ok,3.3790719144746846,1.3333259385461817e-08
CrRh3,0.468968,1.0565282087999592,637,1.1384893634974496,ok,3.3786476433628256,8.415490526658688e-14
CrRh3,0.468968,1.0565282087999592,638,1.0746514591658638,ok,3.379708321142473,6.458079071514078e-09
CrRh3,0.468968,1.0565282087999592,639,1.550770872657142,ok,3.3826782189254856,1.3595835568480652e-10
CrRh3,0.468968,1.0565282087999592,640,1.103953376030722,ok,3.3716471700171526,1.9447554677753945e-11
CrRh3,0.468968,1.0565282087999592,641,1.716808061046379,tilt_failed,,
CrRh3,0.468968,1.0565282087999592,642,1.15556227935999,ok,3.375253474467954,5.809797087863444e-13
CrRh3,0.468968,1.0565282087999592,643,1.1257512319527256,ok,3.3816175411458382,1.1361012131061443e-10
CrRh3,0.468968,1.0565282087999592,644,1.4381726871913751,ok,3.376102016691672,3.5891667415910433e-10
CrRh3,0.468968,1.0565282087999592,645,1.1012523903786384,ok,3.379708321142473,1.2725487330556008e-11
CrRh3,0.468968,1.0565282087999592,646,1.2754611503402158,ok,3.400497605623562,3.3495661799776144e-10
CrRh3,0.468968,1.0565282087999592,647,1.1300563841728593,ok,3.380556863366191,2.664535259100376e-15
CrRh3,0.468968,1.0565282087999592,648,1.1963245022016702,ok,3.381829676701768,6.110223438327012e-12
CrRh3,0.468968,1.0565282087999592,649,1.0656406908046188,ok,3.380556863366191,1.0980105713542798e-12
CrRh3,0.468968,1.0565282087999592,650,2.171150857033295,ok,3.4206504834368627,1.0758061108617769e-12
CrRh3,0.468968,1.0565282087999592,651,1.185311113838804,ok,3.380132592254332,2.027045198360611e-12
CrRh3,0.468968,1.0565282087999592,652,1.124733224716892,ok,3.382253947813626,4.5763119960184895e-09
CrRh3,0.468968,1.0565282087999592,653,1.0708683112253563,ok,3.37716269447132,1.918287417801423e-09
CrRh3,0.468968,1.0565282087999592,654,1.0815223431623415,ok,3.3839510322610624,7.771561172376096e-15
CrRh3,0.468968,1.0565282087999592,655,1.2860278815882444,ok,3.380556863366191,3.012772031851796e-09
CrRh3,0.468968,1.0565282087999592,657,1.119462564835952,ok,3.3786476433628256,1.3031464796142698e-11
CrRh3,0.468968,1.0565282087999592,658,1.101059288170661,ok,3.3775869655831783,6.05404615328098e-13
CrRh3,0.468968,1.0565282087999592,659,1.3572512400163907,ok,3.39689130117276,6.222555803958585e-11
CrRh3,0.468968,1.0565282087999592,660,1.1724010134359886,ok,3.386708794488145,1.5624013194326378e-10
CrRh3,0.468968,1.0565282087999592,661,1.1827772243151622,ok,3.3731321189086594,7.859601858228869e-12
CrRh3,0.468968,1.0565282087999592,662,1.0910184168514014,ok,3.3826782189254856,1.0103029524088925e-13
CrRh3,0.468968,1.0565282087999592,663,1.0656478952176092,ok,3.383314625593274,5.488698828770566e-09
CrRh3,0.468968,1.0565282087999592,664,1.144183317283355,ok,3.3826782189254856,1.2780443370274952e-11
CrRh3,0.468968,1.0565282087999592,665,1.7602510401913272,tilt_failed,,
CrRh3,0.468968,1.0565282087999592,666,1.1401459351239511,ok,3.3735563900205183,4.811706588725428e-13
CrRh3,0.468968,1.0565282087999592,667,1.2263612534549424,ok,3.393709267833818,4.6358250571643105e-11
CrRh3,0.468968,1.0565282087999592,668,1.2798428607989982,ok,3.3875573367118634,3.840261442178417e-12
CrRh3,0.468968,1.0565282087999592,669,1.085232482929601,ok,3.373768525576448,4.5852210917018965e-14
CrRh3,0.468968,1.0565282087999592,670,1.055445266174546,ok,3.3739806611323773,1.38222766565832e-13
CrRh3,0.468968,1.0565282087999592,671,1.652046949029803,ok,3.423832516775805,5.261560076519345e-10
CrRh3,0.468968,1.0565282087999592,672,1.2416838277420752,ok,3.372071441129012,2.1937335836774707e-08
CrRh3,0.468968,1.0565282087999592,673,1.2781876051672627,ok,3.3811932700339797,3.4556197903157222e-09
CrRh3,0.468968,1.0565282087999592,674,1.207933389330646,ok,3.3758898811357425,1.1705608427003968e-07
CrRh3,0.468968,1.0565282087999592,675,1.162111940051532,ok,3.388193743379652,1.2392309400865997e-12
CrRh3,0.468968,1.0565282087999592,676,1.5211645510157898,tilt_failed,,
CrRh3,0.468968,1.0565282087999592,677,1.2450379848219353,ok,3.3814054055899088,3.9042102883968255e-12
CrRh3,0.468968,1.0565282087999592,678,1.095180663218599,ok,3.3794961855865435,1.1379786002407857e-13
CrRh3,0.468968,1.0565282087999592,679,1.2782766486362338,ok,3.381829676701768,2.0908919040607543e-10
CrRh3,0.468968,1.0565282087999592,680,1.1024461824685508,ok,3.3750413389120246,1.333377852574813e-13
CrRh3,0.468968,1.0565282087999592,681,1.4598782889936577,ok,3.3839510322610624,6.483702463810914e-14
CrRh3,0.468968,1.0565282087999592,682,1.1590535694655726,ok,3.385860252264428,2.0846546711084102e-10
CrRh3,0.468968,1.0565282087999592,683,1.1638297000632745,ok,3.3847995744847803,4.4712011870728924e-10
CrRh3,0.468968,1.0565282087999592,684,1.3043870332739247,ok,3.375465610023884,2.030588253099097e-09
CrRh3,0.468968,1.0565282087999592,685,1.051066528212449,tilt_failed,,
CrRh3,0.468968,1.0565282087999592,686,1.2459973478485469,ok,3.382041812257697,1.622257883582279e-12
CrRh3,0.468968,1.0565282087999592,687,1.0918641441484935,ok,3.371010763349364,7.419065362057609e-12
CrRh3,0.468968,1.0565282087999592,688,1.1282098749277671,ok,3.377799101139108,8.51096970677645e-13
CrRh3,0.468968,1.0565282087999592,689,1.0883580536584898,ok,3.37716269447132,4.406475184737247e-13
CrRh3,0.468968,1.0565282087999592,690,1.098963676579011,ok,3.377799101139108,5.0048631905497125e-11
CrRh3,0.468968,1.0565282087999592,691,1.4079563797735437,ok,3.385860252264428,1.9984014443252818e-15
CrRh3,0.468968,1.0565282087999592,692,1.3161881356911644,ok,3.3943456745016065,2.902418305694709e-10
CrRh3,0.468968,1.0565282087999592,693,1.290646694739161,ok,3.37695055891539,6.993619017237052e-10
CrRh3,0.468968,1.0565282087999592,694,1.0806030528811434,ok,3.3835267611492035,1.0518784065993714e-08
CrRh3,0.468968,1.0565282087999592,695,1.1980522977140051,ok,3.3879816078237224,4.596323321948148e-13
CrRh3,0.468968,1.0565282087999592,696,1.1309207686708938,ok,3.3782233722509667,1.0338174760704531e-10
CrRh3,0.468968,1.0565282087999592,697,1.1128800884383645,ok,3.3739806611323773,1.3979928326079973e-12
CrRh3,0.468968,1.0565282087999592,698,1.367542812801651,ok,3.3884058789355813,1.1754621498383244e-08
CrRh3,0.468968,1.0565282087999592,699,1.3414247287486172,ok,3.381829676701768,7.105427357601003e-14
CrRh3,0.468968,1.0565282087999592,700,1.0568522134567138,ok,3.3782233722509667,3.7650471629291355e-10
CrRh3,0.468968,1.0565282087999592,702,1.2833093941388976,ok,3.3811932700339797,2.171152146956956e-12
CrRh3,0.468968,1.0565282087999592,703,1.372220349642347,ok,3.407285943413305,8.33944691081001e-10
CrRh3,0.468968,1.0565282087999592,704,1.4778370921820263,ok,3.378435507806896,2.3688828676426965e-12
CrRh3,0.468968,1.0565282087999592,705,1.5750342033437736,ok,3.381829676701768,7.327471962526033e-15
CrRh3,0.468968,1.0565282087999592,706,1.582210124063084,tilt_failed,,
CrRh3,0.468968,1.0565282087999592,707,1.197854660861849,ok,3.3814054055899088,5.963030069722207e-10
CrRh3,0.468968,1.0565282087999592,708,1.2301303063577644,ok,3.3888301500474403,2.457485992479746e-09
CrRh3,0.468968,1.0565282087999592,709,1.051692746799368,ok,3.375253474467954,3.181507690630525e-08
CrRh3,0.468968,1.0565282087999592,710,1.1335726263737174,ok,3.3843753033729214,9.348177787416033e-11
CrRh3,0.468968,1.0565282087999592,711,1.1137075895269453,ok,3.378435507806896,2.3033415397222257e-08
CrRh3,0.468968,1.0565282087999592,712,1.356362350517843,ok,3.395830623393113,5.999785113175449e-10
CrRh3,0.468968,1.0565282087999592,713,1.071347758063508,ok,3.3767384233594604,9.880984919163893e-14
CrRh3,0.468968,1.0565282087999592,714,1.2818253336298615,ok,3.376526287803531,2.9424240821640524e-11
CrRh3,0.468968,1.0565282087999592,715,1.1231288354600832,ok,3.382890354481415,2.76445533131664e-14
CrRh3,0.468968,1.0565282087999592,717,1.503968082938417,ok,3.380132592254332,1.0337837252905047e-09
CrRh3,0.468968,1.0565282087999592,718,1.0690242340430005,ok,3.3767384233594604,4.2565384550385933e-10
CrRh3,0.468968,1.0565282087999592,719,1.2074290938735242,ok,3.389678692271158,1.176836406102666e-13
CrRh3,0.468968,1.0565282087999592,720,1.0735568160580529,ok,3.3739806611323773,4.0201175721676923e-13
CrRh3,0.468968,1.0565282087999592,721,1.0804971275286763,ok,3.376526287803531,2.322247505404107e-09
CrRh3,0.468968,1.0565282087999592,722,1.1738975698696268,ok,3.3871330656000045,1.6651124923328098e-12
CrRh3,0.468968,1.0565282087999592,723,1.140768110589428,ok,3.380556863366191,2.007283228522283e-13
CrRh3,0.468968,1.0565282087999592,724,1.125269066943261,ok,3.3811932700339797,2.0878077044983456e-11
CrRh3,0.468968,1.0565282087999592,725,1.4202826699381992,ok,3.386496658932216,2.9911628729450968e-12
CrRh3,0.468968,1.0565282087999592,726,1.202590911972875,ok,3.378859778918755,5.587921236838156e-10
CrRh3,0.468968,1.0565282087999592,727,1.2024726550085851,ok,3.3739806611323773,1.1246337194847909e-11
CrRh3,0.468968,1.0565282087999592,728,1.185661417883195,ok,3.378435507806896,2.26707541628457e-13
CrRh3,0.468968,1.0565282087999592,729,1.2561364407084632,ok,3.3782233722509667,1.961653062210189e-12
CrRh3,0.468968,1.0565282087999592,730,1.066060007130727,ok,3.371010763349364,2.3647750424515834e-14
CrRh3,0.468968,1.0565282087999592,731,1.0424240006230945,tilt_failed,,
CrRh3,0.468968,1.0565282087999592,732,1.409820015515751,ok,3.4064374011895877,2.82865175726954e-10
CrRh3,0.468968,1.0565282087999592,733,1.0726942335467955,ok,3.3750413389120246,4.941391740231893e-11
CrRh3,0.468968,1.0565282087999592,734,1.061400145447566,ok,3.374404932244236,1.5044864243307643e-09
CrRh3,0.468968,1.0565282087999592,735,1.1868461361923732,ok,3.382890354481415,7.105427357601002e-15
CrRh3,0.468968,1.0565282087999592,736,1.0618319886389664,ok,3.375465610023884,3.322922936810357e-09
CrRh3,0.468968,1.0565282087999592,737,2.17654635165504,tilt_failed,,
CrRh3,0.468968,1.0565282087999592,738,1.2833815855501252,ok,3.394769945613465,1.5543122344752194e-15
CrRh3,0.468968,1.0565282087999592,740,1.4677068654234613,tilt_failed,,
CrRh3,0.468968,1.0565282087999592,741,1.1044192728748767,ok,3.3775869655831783,1.1122125442852847e-10
CrRh3,0.468968,1.0565282087999592,742,1.1658408473845685,ok,3.3888301500474403,2.805866650135158e-12
CrRh3,0.468968,1.0565282087999592,743,1.4645744456970498,ok,3.390527234494876,7.049916206369744e-13
CrRh3,0.468968,1.0565282087999592,744,1.3952164471847102,ok,3.375253474467954,4.521827356995799e-12
CrRh3,0.468968,1.0565282087999592,745,1.1263477321343236,ok,3.37716269447132,2.228188744624049e-10
CrRh3,0.468968,1.0565282087999592,746,1.317350963511957,ok,3.375253474467954,1.3791860098422148e-08
CrRh3,0.468968,1.0565282087999592,747,1.1167482788359062,ok,3.380132592254332,1.315292985637484e-09
CrRh3,0.468968,1.0565282087999592,748,1.694493506989641,ok,3.411316518975965,2.345257321678673e-11
CrRh3,0.468968,1.0565282087999592,749,1.302262799573773,ok,3.3794961855865435,4.507505479978136e-14
CrRh3,0.468968,1.0565282087999592,751,1.4302325000328937,tilt_failed,,
CrRh3,0.468968,1.0565282087999592,752,1.1843795937360242,ok,3.3811932700339797,2.2043455949471988e-10
CrRh3,0.468968,1.0565282087999592,753,1.2467991454991594,ok,3.382466083369556,5.2261528438179986e-12
CrRh3,0.468968,1.0565282087999592,754,1.3084037010738316,tilt_failed,,
CrRh3,0.468968,1.0565282087999592,755,1.127904637347318,ok,3.378859778918755,2.4425364286706497e-08
CrRh3,0.468968,1.0565282087999592,756,1.1362818426184422,ok,3.3803447278102614,1.9240165016753965e-13
CrRh3,0.468968,1.0565282087999592,757,1.100802380846258,ok,3.383738896705133,3.7558873788867694e-09
CrRh3,0.468968,1.0565282087999592,758,1.3949927741481365,ok,3.376526287803531,1.7732418200466782e-08
CrRh3,0.468968,1.0565282087999592,759,1.4183842994842466,ok,3.3807689989221203,1.9980683774178946e-12
CrRh3,0.468968,1.0565282087999592,760,1.2102611209640577,ok,3.382253947813626,2.856532566042347e-09
CrRh3,0.468968,1.0565282087999592,761,1.2663314026180976,ok,3.398800521176126,4.5453300234754586e-08
CrRh3,0.468968,1.0565282087999592,762,1.3777321774334297,ok,3.3920121833863823,1.594280263361725e-13
CrRh3,0.468968,1.0565282087999592,763,1.305145963756346,ok,3.390951505606735,1.464118826177696e-08
CrRh3,0.468968,1.0565282087999592,764,1.1478558696214831,ok,3.37291998335273,1.3587084790600557e-08
CrRh3,0.468968,1.0565282087999592,765,1.1502605178984286,ok,3.3799204566984025,1.9413770591114603e-09
CrRh3,0.468968,1.0565282087999592,766,1.0838412212065316,ok,3.386708794488145,3.1593760940751276e-10
CrRh3,0.468968,1.0565282087999592,767,1.1332403717730348,ok,3.383738896705133,5.809241976351132e-12
CrRh3,0.468968,1.0565282087999592,768,1.2320401148776583,ok,3.3951942167253244,5.8605690300694854e-09
CrRh3,0.468968,1.0565282087999592,769,1.2486667610503928,ok,3.387769472267793,6.972200594645983e-14
CrRh3,0.468968,1.0565282087999592,770,1.250848039528919,tilt_failed,,
CrRh3,0.468968,1.0565282087999592,771,1.3936369998261762,tilt_failed,,
CrRh3,0.468968,1.0565282087999592,772,1.1205212158736564,ok,3.377374830027249,2.153648370750716e-10
CrRh3,0.468968,1.0565282087999592,773,1.3981100032596707,ok,3.378859778918755,1.1624342599603212e-08
CrRh3,0.468968,1.0565282087999592,774,1.2331029301613488,ok,3.3814054055899088,2.4404589460402804e-11
CrRh3,0.468968,1.0565282087999592,775,1.1555018982998198,ok,3.375253474467954,3.1281894963264285e-08
CrRh3,0.468968,1.0565282087999592,776,1.2044493992086105,ok,3.374404932244236,2.109423746787797e-14
CrRh3,0.468968,1.0565282087999592,777,1.234105473032425,ok,3.391375776718594,5.453904994290326e-09
CrRh3,0.468968,1.0565282087999592,778,1.1570272559376111,ok,3.3790719144746846,2.7289281945286353e-13
CrRh3,0.468968,1.0565282087999592,779,1.1787220633212,ok,3.3790719144746846,3.6910474676687954e-12
CrRh3,0.468968,1.0565282087999592,780,1.1993280645351014,ok,3.3934971322778886,5.484501741648273e-14
CrRh3,0.468968,1.0565282087999592,781,1.4811431690612211,tilt_failed,,
CrRh3,0.468968,1.0565282087999592,782,1.1483026716648268,ok,3.377374830027249,8.282263763703669e-14
CrRh3,0.468968,1.0565282087999592,783,1.277439204456397,ok,3.373344254464589,4.477196391405869e-11
CrRh3,0.468968,1.0565282087999592,784,1.8278752279782176,ok,3.381829676701768,5.711842110400767e-10
CrRh3,0.468968,1.0565282087999592,785,1.1108773276310775,ok,3.382466083369556,1.7493972936932778e-10
CrRh3,0.468968,1.0565282087999592,787,1.1244237018254992,ok,3.378859778918755,1.1947776101806085e-11
CrRh3,0.468968,1.0565282087999592,788,1.3448207846155091,ok,3.3915879122745234,3.502657053289226e-10
CrRh3,0.468968,1.0565282087999592,789,1.236080660105768,ok,3.3890422856033697,6.42041975140728e-13
CrRh3,0.468968,1.0565282087999592,790,1.463730019930028,ok,3.3807689989221203,5.1940673984063316e-12
CrRh3,0.468968,1.0565282087999592,791,1.3486661710751071,ok,3.37695055891539,1.7525980666732721e-12
CrRh3,0.468968,1.0565282087999592,792,1.4998417781302211,ok,3.3767384233594604,1.0436096431476471e-12
CrRh3,0.468968,1.0565282087999592,793,1.262363712317896,ok,3.372495712240871,4.694022948115162e-13
CrRh3,0.468968,1.0565282087999592,794,1.648859186350943,ok,3.3735563900205183,2.7267077484793845e-13
CrRh3,0.468968,1.0565282087999592,795,1.457897167543866,ok,3.374829203356095,2.545029587075476e-08
CrRh3,0.468968,1.0565282087999592,796,1.0771268421274127,ok,3.3739806611323773,3.363815115342561e-09
CrRh3,0.468968,1.0565282087999592,797,1.3019344124387546,ok,3.3803447278102614,7.282894287641283e-10
CrRh3,0.468968,1.0565282087999592,798,1.5813757586167136,ok,3.382041812257697,1.2900353230094197e-08
CrRh3,0.468968,1.0565282087999592,799,1.7880193935350666,tilt_failed,,
CrRh3,0.468968,1.0565282087999592,800,1.195687095530662,ok,3.379708321142473,5.3290705182007506e-15
CrRh3,0.468968,1.0565282087999592,801,1.2236251517407148,ok,3.3847995744847803,2.7673905500513744e-08
CrRh3,0.468968,1.0565282087999592,802,1.0611425939610082,ok,3.3758898811357425,7.4585864151544e-09
CrRh3,0.468968,1.0565282087999592,803,1.342126825185788,tilt_failed,,
CrRh3,0.468968,1.0565282087999592,804,1.2612192930393813,ok,3.3790719144746846,1.4118133107032804e-08
CrRh3,0.468968,1.0565282087999592,806,1.1579681711987988,ok,3.390102963383017,5.339284570027303e-12
CrRh3,0.468968,1.0565282087999592,807,1.2870565508573726,ok,3.387769472267793,2.4349411376078933e-11
CrRh3,0.468968,1.0565282087999592,808,1.1858657415896154,ok,3.3816175411458382,4.3931525084417444e-13
CrRh3,0.468968,1.0565282087999592,809,1.318700227235636,ok,3.383314625593274,5.46229728115577e-14
CrRh3,0.468968,1.0565282087999592,810,1.3291901552686738,ok,3.3871330656000045,4.4519943287468784e-14
CrRh3,0.468968,1.0565282087999592,811,1.4888995687284132,tilt_failed,,
CrRh3,0.468968,1.0565282087999592,812,1.193489593933878,ok,3.3835267611492035,6.060596469126267e-12
CrRh3,0.468968,1.0565282087999592,813,1.3317096472829055,ok,3.3716471700171526,1.5054624213917125e-13
CrRh3,0.468968,1.0565282087999592,814,1.1474775913885171,ok,3.3831024900373445,4.5612069676792544e-11
CrRh3,0.468968,1.0565282087999592,815,1.2225593489689772,ok,3.3799204566984025,9.22598397679053e-09
CrRh3,0.468968,1.0565282087999592,816,1.197729369049827,ok,3.3782233722509667,3.8489100795402464e-09
CrRh3,0.468968,1.0565282087999592,817,1.1334106835406128,ok,3.3741927966883067,3.259170711089609e-11
CrRh3,0.468968,1.0565282087999592,818,1.165560238853013,ok,3.3767384233594604,5.374312106454227e-10
CrRh3,0.468968,1.0565282087999592,819,1.198483176689656,ok,3.387345201155934,4.741906867167245e-10
CrRh3,0.468968,1.0565282087999592,820,1.0501245364790412,tilt_failed,,
CrRh3,0.468968,1.0565282087999592,821,1.0636832133118437,ok,3.37695055891539,3.2665063098846765e-08
CrRh3,0.468968,1.0565282087999592,822,1.0747872770621276,ok,3.3731321189086594,3.802846926248549e-12
CrRh3,0.468968,1.0565282087999592,823,1.151419329299825,ok,3.379284050030614,5.333511410299252e-13
Ga2LiRu,0.743958,1.4098975511180123,0,1.2495659770880998,tilt_failed,,
Ga2LiRu,0.743958,1.4098975511180123,1,2.2706842351618963,ok,5.751670257925853,2.0223600571966927e-11
Ga2LiRu,0.743958,1.4098975511180123,2,1.7162466041892894,ok,5.743103316058554,1.3922196728799466e-13
Ga2LiRu,0.743958,1.4098975511180123,3,1.2264104119995611,tilt_failed,,
Ga2LiRu,0.743958,1.4098975511180123,4,2.788503163011089,ok,5.754049964000102,1.1102230246251563e-16
Ga2LiRu,0.743958,1.4098975511180123,7,1.91973294543728,ok,5.814018557071196,5.940670178006258e-11
Ga2LiRu,0.743958,1.4098975511180123,8,1.2087205694286438,tilt_failed,,
Ga2LiRu,0.743958,1.4098975511180123,9,1.54220592830463,ok,5.719782196530907,1.9984014443252815e-14
Ga2LiRu,0.743958,1.4098975511180123,10,1.2488199371162336,ok,5.808783203707847,5.10702591327572e-15
Ga2LiRu,0.743958,1.4098975511180123,11,1.6041167302560164,ok,5.7254934911091055,4.438893697056301e-12
Ga2LiRu,0.743958,1.4098975511180123,12,1.7261148456153768,ok,5.726445373538806,2.220446049250313e-16
Ga2LiRu,0.743958,1.4098975511180123,13,1.790288721762513,ok,5.908254917611487,1.6431300764452317e-14
Ga2LiRu,0.743958,1.4098975511180123,14,1.9239252842736112,ok,5.844002853606743,2.220446049250313e-16
Ga2LiRu,0.743958,1.4098975511180123,15,1.1274910127681486,tilt_failed,,
Ga2LiRu,0.743958,1.4098975511180123,16,1.3560845507149728,ok,5.730252903257605,7.105427357601002e-15
Ga2LiRu,0.743958,1.4098975511180123,17,1.960211845904679,ok,5.823537381368195,6.661338147750939e-16
Ga2LiRu,0.743958,1.4098975511180123,18,1.2270725297391634,tilt_failed,,
Ga2LiRu,0.743958,1.4098975511180123,19,1.231716841418951,ok,5.77546731866835,2.220446049250313e-14
Ga2LiRu,0.743958,1.4098975511180123,20,1.617458444836998,ok,5.746910845777353,1.199040866595169e-14
Ga2LiRu,0.743958,1.4098975511180123,21,1.1014773083297704,tilt_failed,,
Ga2LiRu,0.743958,1.4098975511180123,22,1.2230707005175832,tilt_failed,,
Ga2LiRu,0.743958,1.4098975511180123,23,1.5082805379061974,ok,5.754049964000102,3.5305092183079984e-14
Ga2LiRu,0.743958,1.4098975511180123,24,1.1107421871665006,tilt_failed,,
Ga2LiRu,0.743958,1.4098975511180123,25,1.6580338897417757,ok,5.767852259230751,5.551115123125784e-16
Ga2LiRu,0.743958,1.4098975511180123,26,1.4011250231692336,ok,5.750242434281303,1.1768364061026661e-14
Ga2LiRu,0.743958,1.4098975511180123,27,1.1878485234326608,tilt_failed,,
Ga2LiRu,0.743958,1.4098975511180123,28,1.2809142917378686,ok,5.7768951423129,1.1405010269527338e-10
Ga2LiRu,0.743958,1.4098975511180123,29,1.14417114939594,tilt_failed,,
Ga2LiRu,0.743958,1.4098975511180123,30,1.279423498252087,ok,5.770231965305,6.762901350043649e-11
Ga2LiRu,0.743958,1.4098975511180123,31,1.127390982145868,tilt_failed,,
Ga2LiRu,0.743958,1.4098975511180123,32,1.7694527128929365,ok,5.712643078308157,4.440892098500626e-16
Ga2LiRu,0.743958,1.4098975511180123,33,1.9449744748383688,ok,5.744055198488254,4.716671497817515e-12
Ga2LiRu,0.743958,1.4098975511180123,34,1.305458862284803,ok,5.756429670074353,3.2862601528904634e-14
Ga2LiRu,0.743958,1.4098975511180123,35,1.14630375947696,tilt_failed,,
Ga2LiRu,0.743958,1.4098975511180123,37,1.310178753577754,ok,5.784986142965349,6.0236260424062485e-12
Ga2LiRu,0.743958,1.4098975511180123,38,1.7442216691830636,ok,5.695509194573559,7.250200440012122e-12
Ga2LiRu,0.743958,1.4098975511180123,39,1.1638444276297335,tilt_failed,,
Ga2LiRu,0.743958,1.4098975511180123,40,1.4494239809659757,ok,5.700744547936908,9.74667457853684e-10
Ga2LiRu,0.743958,1.4098975511180123,41,1.8840287893421608,ok,5.909206800041187,1.149080830487037e-13
Ga2LiRu,0.743958,1.4098975511180123,42,1.351040894815895,ok,5.725017549894256,1.1017853296380054e-12
Ga2LiRu,0.743958,1.4098975511180123,43,1.4702120347057033,ok,5.793077143617798,1.1102230246251563e-15
Ga2LiRu,0.743958,1.4098975511180123,44,1.8297438469304956,ok,5.721685961390306,5.739853037312059e-13
Ga2LiRu,0.743958,1.4098975511180123,45,1.1493169231325773,tilt_failed,,
Ga2LiRu,0.743958,1.4098975511180123,46,1.28602635845907,ok,5.749290551851604,2.886579864025407e-15
Ga2LiRu,0.743958,1.4098975511180123,47,1.2238275409651755,tilt_failed,,
Ga2LiRu,0.743958,1.4098975511180123,48,1.2894190733474804,tilt_failed,,
Ga2LiRu,0.743958,1.4098975511180123,49,1.177109438002338,tilt_failed,,
Ga2LiRu,0.743958,1.4098975511180123,50,1.2680247255034056,ok,5.820681734079096,3.5693670241698787e-12
Ga2LiRu,0.743958,1.4098975511180123,51,1.1791416494237867,tilt_failed,,
Ga2LiRu,0.743958,1.4098975511180123,52,1.3362714590165126,ok,5.724065667464555,2.189359804560809e-13
Ga2LiRu,0.743958,1.4098975511180123,53,1.9706092067997636,ok,5.730728844472455,1.5543122344752194e-15
Ga2LiRu,0.743958,1.4098975511180123,54,1.5184273841127949,ok,5.746434904562503,3.565736594879354e-11
Ga2LiRu,0.743958,1.4098975511180123,55,1.280423850703025,ok,5.7816545544614,7.578402350105762e-10
Ga2LiRu,0.743958,1.4098975511180123,56,1.502562458544429,ok,5.792601202402948,8.211209490127658e-12
Ga2LiRu,0.743958,1.4098975511180123,57,1.2200550756937456,tilt_failed,,
Ga2LiRu,0.743958,1.4098975511180123,58,1.2345136582655487,tilt_failed,,
Ga2LiRu,0.743958,1.4098975511180123,59,1.0660111121143323,tilt_failed,,
Ga2LiRu,0.743958,1.4098975511180123,60,1.3418071048269182,ok,5.77641920109805,1.6135981439902025e-12
Ga2LiRu,0.743958,1.4098975511180123,61,1.1896608565745292,tilt_failed,,
Ga2LiRu,0.743958,1.4098975511180123,62,1.4185845019768744,ok,5.752146199140703,9.92850246461785e-12
Ga2LiRu,0.743958,1.4098975511180123,63,1.2985196416877565,ok,5.754525905214952,5.2874593592378005e-11
Ga2LiRu,0.743958,1.4098975511180123,64,1.115432932623103,tilt_failed,,
Ga2LiRu,0.743958,1.4098975511180123,65,1.3555050736729355,ok,5.736916080265504,2.0983215165415462e-14
Ga2LiRu,0.743958,1.4098975511180123,66,1.1061142576035432,tilt_failed,,
Ga2LiRu,0.743958,1.4098975511180123,67,1.2536100867170448,tilt_failed,,
Ga2LiRu,0.743958,1.4098975511180123,68,1.3984362609311425,ok,5.747862728207053,1.8809398483199402e-12
Ga2LiRu,0.743958,1.4098975511180123,69,1.187244556731469,tilt_failed,,
Ga2LiRu,0.743958,1.4098975511180123,70,1.1889132929168749,tilt_failed,,
Ga2LiRu,0.743958,1.4098975511180123,71,1.090596341240824,tilt_failed,,
Ga2LiRu,0.743958,1.4098975511180123,72,1.4536873675875346,ok,5.727873197183356,2.992495140574647e-12
Ga2LiRu,0.743958,1.4098975511180123,73,1.1491232568634893,tilt_failed,,
Ga2LiRu,0.743958,1.4098975511180123,74,1.5519461116386573,ok,5.745958963347653,4.440892098500626e-16
Ga2LiRu,0.743958,1.4098975511180123,75,1.213740225956765,tilt_failed,,
Ga2LiRu,0.743958,1.4098975511180123,76,1.483452949667594,ok,5.7787989071723,2.0383694732117877e-13
Ga2LiRu,0.743958,1.4098975511180123,77,2.029600064598912,ok,5.891121033876888,4.841271827871197e-11
Ga2LiRu,0.743958,1.4098975511180123,78,1.1109698597582736,tilt_failed,,
Ga2LiRu,0.743958,1.4098975511180123,79,1.1378123861639873,tilt_failed,,
Ga2LiRu,0.743958,1.4098975511180123,80,1.089164398668054,tilt_failed,,
Ga2LiRu,0.743958,1.4098975511180123,81,1.310076556917332,ok,5.733584491761556,4.0071279627795775e-12
Ga2LiRu,0.743958,1.4098975511180123,82,1.1809358978696127,tilt_failed,,
Ga2LiRu,0.743958,1.4098975511180123,83,1.272923944182704,ok,5.755001846429802,1.5876189252139742e-14
Ga2LiRu,0.743958,1.4098975511180123,84,1.692929560488284,ok,5.714546843167557,4.440892098500626e-16
Ga2LiRu,0.743958,1.4098975511180123,86,1.6552762156375826,ok,5.819253910434546,9.237055564881302e-14
Ga2LiRu,0.743958,1.4098975511180123,87,1.5277331202443705,ok,5.792601202402948,8.999467837611519e-13
Ga2LiRu,0.743958,1.4098975511180123,88,1.180031941817787,tilt_failed,,
Ga2LiRu,0.743958,1.4098975511180123,89,1.4650364878146038,ok,5.7583334349337525,5.02486940945346e-13
Ga2LiRu,0.743958,1.4098975511180123,90,1.8204379516510836,ok,5.827820852301845,1.0218736967715357e-10
Ga2LiRu,0.743958,1.4098975511180123,91,1.1367427913444363,tilt_failed,,
Ga2LiRu,0.743958,1.4098975511180123,92,1.4580521646341924,ok,5.709311489804207,8.881784197001252e-16
Ga2LiRu,0.743958,1.4098975511180123,93,1.4025405990429631,ok,5.708835548589357,9.871659045757042e-12
Ga2LiRu,0.743958,1.4098975511180123,94,1.1734459764579346,tilt_failed,,
Ga2LiRu,0.743958,1.4098975511180123,95,1.188588702972832,tilt_failed,,
Ga2LiRu,0.743958,1.4098975511180123,96,1.183748064018879,tilt_failed,,
Ga2LiRu,0.743958,1.4098975511180123,97,1.6691354279943689,ok,5.702648312796308,6.661338147750939e-16
Ga2LiRu,0.743958,1.4098975511180123,98,1.527407357159413,ok,5.77737108352775,1.0813572259849025e-12
Ga2LiRu,0.743958,1.4098975511180123,99,1.349041702506478,ok,5.771659788949552,5.468114849804806e-11
Ga2LiRu,0.743958,1.4098975511180123,100,1.2686733725284691,tilt_failed,,
Ga2LiRu,0.743958,1.4098975511180123,101,1.1952692111054526,tilt_failed,,
Ga2LiRu,0.743958,1.4098975511180123,102,1.6428132221391716,ok,5.725969432323956,7.993605777301127e-15
Ga2LiRu,0.743958,1.4098975511180123,103,1.4789924766230378,ok,5.784986142965349,1.9984014443252818e-15
Ga2LiRu,0.743958,1.4098975511180123,104,1.604887959148538,ok,5.745007080917953,1.1102230246251563e-16
Ga2LiRu,0.743958,1.4098975511180123,105,1.257899489985736,tilt_failed,,
Ga2LiRu,0.743958,1.4098975511180123,106,1.5614412208311628,ok,5.749766493066454,3.3306690738754696e-16
Ga2LiRu,0.743958,1.4098975511180123,107,1.081495084123776,tilt_failed,,
Ga2LiRu,0.743958,1.4098975511180123,108,1.343766994610735,ok,5.724065667464555,4.989453294967916e-12
Ga2LiRu,0.743958,1.4098975511180123,109,1.358340283522718,ok,5.739771727554603,2.642330798607873e-14
Ga2LiRu,0.743958,1.4098975511180123,110,1.575061788917229,ok,5.758809376148602,8.400280471221322e-11
Ga2LiRu,0.743958,1.4098975511180123,111,1.436442909832728,ok,5.709311489804207,8.673950446791423e-12
Ga2LiRu,0.743958,1.4098975511180123,112,1.1518957122218951,tilt_failed,,
Ga2LiRu,0.743958,1.4098975511180123,113,1.5055184596021824,ok,5.743103316058554,2.9753977059954195e-14
Ga2LiRu,0.743958,1.4098975511180123,114,1.0987198766030724,tilt_failed,,
Ga2LiRu,0.743958,1.4098975511180123,115,1.5235038680298332,ok,5.827820852301845,5.777600620149316e-13
Ga2LiRu,0.743958,1.4098975511180123,116,1.333078688177768,ok,5.727397255968506,4.7073456244106644e-14
Ga2LiRu,0.743958,1.4098975511180123,117,1.2540089392677942,tilt_failed,,
Ga2LiRu,0.743958,1.4098975511180123,118,1.143882983505564,tilt_failed,,
Ga2LiRu,0.743958,1.4098975511180123,119,1.3704393263599983,ok,5.721210020175456,1.2861955944742928e-10
Ga2LiRu,0.743958,1.4098975511180123,120,1.144395344691357,tilt_failed,,
Ga2LiRu,0.743958,1.4098975511180123,121,1.1807788573901603,tilt_failed,,
Ga2LiRu,0.743958,1.4098975511180123,122,1.2887006971178392,ok,5.766900376801051,1.283417816466681e-13
Ga2LiRu,0.743958,1.4098975511180123,123,1.189762463715359,tilt_failed,,
Ga2LiRu,0.743958,1.4098975511180123,124,1.610495299143263,ok,5.77737108352775,7.771561172376097e-16
Ga2LiRu,0.743958,1.4098975511180123,125,1.411138629723674,ok,5.712167137093307,6.533498186911402e-10
Ga2LiRu,0.743958,1.4098975511180123,126,1.3527309829010998,ok,5.729776962042755,6.217248937900877e-15
Ga2LiRu,0.743958,1.4098975511180123,127,1.4372470134748845,ok,5.715022784382406,1.8901458176401318e-10
Ga2LiRu,0.743958,1.4098975511180123,128,1.2414276531930049,tilt_failed,,
Ga2LiRu,0.743958,1.4098975511180123,129,1.224222092828324,tilt_failed,,
Ga2LiRu,0.743958,1.4098975511180123,130,1.3959931932380203,ok,5.715974666812106,6.505906924303417e-14
Ga2LiRu,0.743958,1.4098975511180123,131,1.1674348404826378,tilt_failed,,
Ga2LiRu,0.743958,1.4098975511180123,132,1.230716631784396,tilt_failed,,
Ga2LiRu,0.743958,1.4098975511180123,133,1.915369861410412,ok,5.803071909129648,6.188181078670141e-10
Ga2LiRu,0.743958,1.4098975511180123,134,1.2107274137413238,tilt_failed,,
Ga2LiRu,0.743958,1.4098975511180123,135,1.266400074302206,tilt_failed,,
Ga2LiRu,0.743958,1.4098975511180123,136,2.0072148055446664,ok,5.729776962042755,4.440892098500626e-16
Ga2LiRu,0.743958,1.4098975511180123,137,1.2307455302633798,tilt_failed,,
Ga2LiRu,0.743958,1.4098975511180123,138,1.4948158524550723,ok,5.77546731866835,1.5260015473472777e-11
Ga2LiRu,0.743958,1.4098975511180123,139,1.4394343085446633,ok,5.752146199140703,6.69894806293314e-10
Ga2LiRu,0.743958,1.4098975511180123,140,1.208104391913723,tilt_failed,,
Ga2LiRu,0.743958,1.4098975511180123,141,1.2125461951624,tilt_failed,,
Ga2LiRu,0.743958,1.4098975511180123,142,1.3621005063639018,ok,5.721210020175456,4.036419642972078e-09
Ga2LiRu,0.743958,1.4098975511180123,143,1.304415160359255,ok,5.755001846429802,9.43689570931383e-15
Ga2LiRu,0.743958,1.4098975511180123,144,1.139162767366352,tilt_failed,,
Ga2LiRu,0.743958,1.4098975511180123,145,1.1809791869368715,tilt_failed,,
Ga2LiRu,0.743958,1.4098975511180123,146,1.1077392885831656,tilt_failed,,
Ga2LiRu,0.743958,1.4098975511180123,147,1.5212991981750854,ok,5.695033253358709,2.8295077392215257e-10
Ga2LiRu,0.743958,1.4098975511180123,148,1.4085606637291097,ok,5.737392021480354,4.440892098500626e-16
Ga2LiRu,0.743958,1.4098975511180123,149,1.1147076984090545,tilt_failed,,
Ga2LiRu,0.743958,1.4098975511180123,150,1.465561536960908,ok,5.771183847734701,3.885780586188048e-15
Ga2LiRu,0.743958,1.4098975511180123,151,1.778288711625336,ok,5.755477787644653,4.408651221865512e-11
Ga2LiRu,0.743958,1.4098975511180123,152,1.2889213397543615,tilt_failed,,
Ga2LiRu,0.743958,1.4098975511180123,153,1.43422242156877,ok,5.738343903910054,5.145195380862333e-11
Ga2LiRu,0.743958,1.4098975511180123,154,1.2790711157260268,tilt_failed,,
Ga2LiRu,0.743958,1.4098975511180123,155,1.1949958360842703,tilt_failed,,
Ga2LiRu,0.743958,1.4098975511180123,156,1.392559330649519,ok,5.723589726249705,6.964651078078532e-12
Ga2LiRu,0.743958,1.4098975511180123,157,2.0146862980231384,ok,5.6764715459795605,8.437694987151191e-15
Ga2LiRu,0.743958,1.4098975511180123,158,1.2291977529804377,ok,5.77832296595745,2.05657713081564e-12
Ga2LiRu,0.743958,1.4098975511180123,159,1.4098975511180123,ok,5.77737108352775,6.701459387414842e-10
Ga2LiRu,0.743958,1.4098975511180123,160,1.3466578054063896,ok,5.749290551851604,8.459899447643694e-14
Ga2LiRu,0.743958,1.4098975511180123,161,1.4437610677371713,ok,5.745958963347653,7.668932155979745e-11
Ga2LiRu,0.743958,1.4098975511180123,162,1.3847319099428506,ok,5.739771727554603,6.661338147750939e-16
Ga2LiRu,0.743958,1.4098975511180123,163,1.3262402355053773,ok,5.735964197835805,9.197320682829968e-11
Ga2LiRu,0.743958,1.4098975511180123,164,1.1306879890665755,tilt_failed,,
Ga2LiRu,0.743958,1.4098975511180123,165,1.5011901098702691,ok,5.721210020175456,1.0309531006669204e-10
Ga2LiRu,0.743958,1.4098975511180123,166,1.163640736073686,tilt_failed,,
Ga2LiRu,0.743958,1.4098975511180123,167,1.437761502755005,ok,5.772135730164401,6.037237376688154e-11
Ga2LiRu,0.743958,1.4098975511180123,168,1.1696486834562227,tilt_failed,,
Ga2LiRu,0.743958,1.4098975511180123,169,1.0749564463438346,tilt_failed,,
Ga2LiRu,0.743958,1.4098975511180123,170,1.361803227221554,ok,5.820681734079096,3.803624082365786e-13
Ga2LiRu,0.743958,1.4098975511180123,171,1.1735767108156834,tilt_failed,,
Ga2LiRu,0.743958,1.4098975511180123,172,1.2153105527004917,tilt_failed,,
Ga2LiRu,0.743958,1.4098975511180123,173,1.1474876084722654,tilt_failed,,
Ga2LiRu,0.743958,1.4098975511180123,174,1.4111318283749357,ok,5.7749913774535,2.3847590568948362e-12
Ga2LiRu,0.743958,1.4098975511180123,175,1.0688908404978614,tilt_failed,,
Ga2LiRu,0.743958,1.4098975511180123,176,1.3773264423154874,ok,5.714546843167557,1.7183734435377571e-09
Ga2LiRu,0.743958,1.4098975511180123,177,1.08263932881456,tilt_failed,,
Ga2LiRu,0.743958,1.4098975511180123,178,1.1739198743217023,tilt_failed,,
Ga2LiRu,0.743958,1.4098975511180123,179,1.0942454571100102,tilt_failed,,
Ga2LiRu,0.743958,1.4098975511180123,180,1.1890158521657803,tilt_failed,,
Ga2LiRu,0.743958,1.4098975511180123,181,1.3029027784610538,ok,5.748814610636754,1.3322676295501878e-15
Ga2LiRu,0.743958,1.4098975511180123,182,1.2152116774250383,tilt_failed,,
Ga2LiRu,0.743958,1.4098975511180123,183,1.1362457556679368,tilt_failed,,
Ga2LiRu,0.743958,1.4098975511180123,184,1.130157039069779,tilt_failed,,
Ga2LiRu,0.743958,1.4098975511180123,185,1.3619305641256605,ok,5.696937018218109,2.9208857554863243e-12
Ga2LiRu,0.743958,1.4098975511180123,186,1.7866098777593449,ok,5.755001846429802,1.1850520564848919e-12
Ga2LiRu,0.743958,1.4098975511180123,187,1.2106070966716411,tilt_failed,,
Ga2LiRu,0.743958,1.4098975511180123,188,1.1702211910012936,tilt_failed,,
Ga2LiRu,0.743958,1.4098975511180123,189,1.3859855782588169,ok,5.723113785034856,7.167599846980012e-13
Ga2LiRu,0.743958,1.4098975511180123,190,1.3071560126575426,tilt_failed,,
Ga2LiRu,0.743958,1.4098975511180123,191,1.2391387765366944,tilt_failed,,
Ga2LiRu,0.743958,1.4098975511180123,192,1.1338062824699524,tilt_failed,,
Ga2LiRu,0.743958,1.4098975511180123,193,1.3229109531003695,tilt_failed,,
Ga2LiRu,0.743958,1.4098975511180123,194,1.2566149825846944,ok,5.7778470247426,9.577272308547435e-11
Ga2LiRu,0.743958,1.4098975511180123,195,1.1592174401246005,tilt_failed,,
Ga2LiRu,0.743958,1.4098975511180123,196,1.22891909207467,tilt_failed,,
Ga2LiRu,0.743958,1.4098975511180123,197,1.1520028579943609,tilt_failed,,
Ga2LiRu,0.743958,1.4098975511180123,198,1.1968238241844789,tilt_failed,,
Ga2LiRu,0.743958,1.4098975511180123,199,1.1699724372925584,tilt_failed,,
Ga2LiRu,0.743958,1.4098975511180123,200,1.1758533730359604,tilt_failed,,
Ga2LiRu,0.743958,1.4098975511180123,201,1.342907166956666,ok,5.721685961390306,3.299582829185965e-12
Ga2LiRu,0.743958,1.4098975511180123,202,1.3737057563015538,ok,5.714070901952707,1.2270939819813975e-10
Ga2LiRu,0.743958,1.4098975511180123,203,1.1711131798216483,tilt_failed,,
Ga2LiRu,0.743958,1.4098975511180123,205,1.1570428018565817,tilt_failed,,
Ga2LiRu,0.743958,1.4098975511180123,206,1.213185281735262,tilt_failed,,
Ga2LiRu,0.743958,1.4098975511180123,207,1.454830958553857,ok,5.746910845777353,1.3322676295501878e-15
Ga2LiRu,0.743958,1.4098975511180123,208,1.1445793727955855,tilt_failed,,
Ga2LiRu,0.743958,1.4098975511180123,209,1.3594724772282143,ok,5.779750789602001,2.105584595568644e-10
Ga2LiRu,0.743958,1.4098975511180123,210,1.3993969673684326,ok,5.691225723639909,1.8030021919912545e-13
Ga2LiRu,0.743958,1.4098975511180123,211,1.3193362365046746,ok,5.747386786992203,4.4287240541507344e-10
Ga2LiRu,0.743958,1.4098975511180123,212,1.0923587376044432,tilt_failed,,
Ga2LiRu,0.743958,1.4098975511180123,213,1.5349021026957292,ok,5.808783203707847,4.152234112098086e-13
Ga2LiRu,0.743958,1.4098975511180123,214,1.6340348762511054,ok,5.721210020175456,3.2240876635114546e-13
Ga2LiRu,0.743958,1.4098975511180123,215,1.331084395822535,tilt_failed,,
Ga2LiRu,0.743958,1.4098975511180123,216,1.3707452381475895,ok,5.722161902605156,5.10702591327572e-15
Ga2LiRu,0.743958,1.4098975511180123,217,1.166656266846943,tilt_failed,,
Ga2LiRu,0.743958,1.4098975511180123,219,1.1421813151806643,tilt_failed,,
Ga2LiRu,0.743958,1.4098975511180123,220,1.2892005959333244,ok,5.745483022132803,2.2442314673298822e-10
Ga2LiRu,0.743958,1.4098975511180123,221,1.1354651202569948,tilt_failed,,
Ga2LiRu,0.743958,1.4098975511180123,222,1.6637425118184814,ok,5.736440139050655,5.551115123125784e-16
Ga2LiRu,0.743958,1.4098975511180123,223,1.0834378978178485,tilt_failed,,
Ga2LiRu,0.743958,1.4098975511180123,224,1.639569113494013,ok,5.746434904562503,8.881784197001252e-16
Ga2LiRu,0.743958,1.4098975511180123,225,1.192358197028064,tilt_failed,,
Ga2LiRu,0.743958,1.4098975511180123,226,1.2700329486781816,ok,5.755001846429802,8.829921238628912e-10
Ga2LiRu,0.743958,1.4098975511180123,227,1.2446412551586832,tilt_failed,,
Ga2LiRu,0.743958,1.4098975511180123,228,1.223494580669506,tilt_failed,,
Ga2LiRu,0.743958,1.4098975511180123,229,1.3120751034636031,ok,5.737867962695204,1.934008508897023e-13
Ga2LiRu,0.743958,1.4098975511180123,230,1.297968233710469,tilt_failed,,
Ga2LiRu,0.743958,1.4098975511180123,231,1.4521294238640576,ok,5.757381552504053,3.5704394996116657e-10
Ga2LiRu,0.743958,1.4098975511180123,232,1.3388972283626686,ok,5.722637843820006,1.8807178037150154e-13
Ga2LiRu,0.743958,1.4098975511180123,233,1.2294966337985014,tilt_failed,,
Ga2LiRu,0.743958,1.4098975511180123,234,1.3367577334805305,ok,5.722161902605156,1.6875389974302382e-13
Ga2LiRu,0.743958,1.4098975511180123,235,1.3456178525399525,ok,5.7174024904566565,1.0028660124561384e-09
Ga2LiRu,0.743958,1.4098975511180123,236,1.5347393946965364,ok,5.745007080917953,3.425926209388308e-12
Ga2LiRu,0.743958,1.4098975511180123,237,1.372552847769868,ok,5.802120026699948,5.773159728050814e-15
Ga2LiRu,0.743958,1.4098975511180123,238,1.2078153338483466,ok,5.77546731866835,2.0117241206207842e-13
Ga2LiRu,0.743958,1.4098975511180123,239,1.136799695865502,tilt_failed,,
Ga2LiRu,0.743958,1.4098975511180123,240,1.2336936226850277,tilt_failed,,
Ga2LiRu,0.743958,1.4098975511180123,241,1.3908392611094291,ok,5.709311489804207,1.1978784630883863e-10
Ga2LiRu,0.743958,1.4098975511180123,242,1.1380664305711543,tilt_failed,,
Ga2LiRu,0.743958,1.4098975511180123,243,1.4565967152004815,ok,5.715022784382406,3.6604053121891406e-10
Ga2LiRu,0.743958,1.4098975511180123,244,1.548177238737785,ok,5.7583334349337525,4.511724327471711e-12
Ga2LiRu,0.743958,1.4098975511180123,245,1.080626628016535,tilt_failed,,
Ga2LiRu,0.743958,1.4098975511180123,246,1.680666722983827,ok,5.742627374843704,4.440892098500626e-16
Ga2LiRu,0.743958,1.4098975511180123,247,1.6023410315738544,ok,5.767852259230751,1.5329515434814311e-10
Ga2LiRu,0.743958,1.4098975511180123,248,1.280188717801789,tilt_failed,,
Ga2LiRu,0.743958,1.4098975511180123,249,1.1619572733578234,tilt_failed,,
Ga2LiRu,0.743958,1.4098975511180123,250,1.6241687379889749,ok,5.768804141660451,4.2349590501089546e-10
Ga2LiRu,0.743958,1.4098975511180123,251,1.407138046146224,ok,5.766900376801051,1.5726753233025192e-11
Ga2LiRu,0.743958,1.4098975511180123,252,1.1634444275069369,tilt_failed,,
Ga2LiRu,0.743958,1.4098975511180123,253,1.145372048940466,tilt_failed,,
Ga2LiRu,0.743958,1.4098975511180123,254,1.2480675339326317,ok,5.759285317363452,7.127631818093505e-14
Ga2LiRu,0.743958,1.4098975511180123,255,1.3171597627074,tilt_failed,,
Ga2LiRu,0.743958,1.4098975511180123,256,1.3561775969891958,ok,5.751194316711003,5.299094496535872e-13
Ga2LiRu,0.743958,1.4098975511180123,257,1.2394352500850188,tilt_failed,,
Ga2LiRu,0.743958,1.4098975511180123,258,1.637894953676489,ok,5.749766493066454,5.551115123125784e-16
Ga2LiRu,0.743958,1.4098975511180123,259,1.5415246566853025,ok,5.762616905867401,8.881784197001252e-16
Ga2LiRu,0.743958,1.4098975511180123,260,1.1629476523510325,tilt_failed,,
Ga2LiRu,0.743958,1.4098975511180123,261,1.0955162848962736,tilt_failed,,
Ga2LiRu,0.743958,1.4098975511180123,262,1.0975952055705966,tilt_failed,,
Ga2LiRu,0.743958,1.4098975511180123,263,1.4034793707473985,ok,5.693129488499308,5.260791802186304e-12
Ga2LiRu,0.743958,1.4098975511180123,264,1.1781617188091416,tilt_failed,,
Ga2LiRu,0.743958,1.4098975511180123,265,1.390207366972563,ok,5.767376318015901,1.4277468096679513e-13
Ga2LiRu,0.743958,1.4098975511180123,266,1.1866622396078237,tilt_failed,,
Ga2LiRu,0.743958,1.4098975511180123,267,1.1944758847773556,tilt_failed,,
Ga2LiRu,0.743958,1.4098975511180123,268,1.2652190542882067,tilt_failed,,
Ga2LiRu,0.743958,1.4098975511180123,269,1.4254635342071718,ok,5.728825079613055,8.79296635503124e-13
Ga2LiRu,0.743958,1.4098975511180123,270,1.343134553718497,ok,5.765948494371352,3.26405569239796e-14
Ga2LiRu,0.743958,1.4098975511180123,271,1.3767236353889774,ok,5.727397255968506,5.712164075077908e-11
Ga2LiRu,0.743958,1.4098975511180123,272,1.1123357058084111,tilt_failed,,
Ga2LiRu,0.743958,1.4098975511180123,273,1.4168121091716548,ok,5.727397255968506,3.1086244689504387e-15
Ga2LiRu,0.743958,1.4098975511180123,274,1.502616219596946,ok,5.713119019523007,2.4424906541753444e-14
Ga2LiRu,0.743958,1.4098975511180123,275,1.2285917591153783,tilt_failed,,
Ga2LiRu,0.743958,1.4098975511180123,276,1.2002689769020587,tilt_failed,,
Ga2LiRu,0.743958,1.4098975511180123,277,1.302667296554906,tilt_failed,,
Ga2LiRu,0.743958,1.4098975511180123,278,1.4852332540144135,ok,5.759285317363452,2.220446049250313e-16
Ga2LiRu,0.743958,1.4098975511180123,279,1.3858827829562197,ok,5.816398263145446,1.5341505843480263e-11
Ga2LiRu,0.743958,1.4098975511180123,280,1.204496744127414,tilt_failed,,
Ga2LiRu,0.743958,1.4098975511180123,281,1.238996724981717,tilt_failed,,
Ga2LiRu,0.743958,1.4098975511180123,282,1.2101433517951088,tilt_failed,,
Ga2LiRu,0.743958,1.4098975511180123,283,1.160886390548463,tilt_failed,,
Ga2LiRu,0.743958,1.4098975511180123,284,1.0712993897941343,tilt_failed,,
Ga2LiRu,0.743958,1.4098975511180123,286,1.147957650854384,tilt_failed,,
Ga2LiRu,0.743958,1.4098975511180123,287,1.3506629482712298,ok,5.77832296595745,1.087774315067236e-11
Ga2LiRu,0.743958,1.4098975511180123,288,1.3733169691241391,ok,5.700268606722058,5.773159728050814e-15
Ga2LiRu,0.743958,1.4098975511180123,289,1.1352000177616108,tilt_failed,,
Ga2LiRu,0.743958,1.4098975511180123,291,1.3762486528236826,ok,5.717878431671506,2.719295899566987e-10
Ga2LiRu,0.743958,1.4098975511180123,292,1.192245182172459,tilt_failed,,
Ga2LiRu,0.743958,1.4098975511180123,293,1.1904444218079908,tilt_failed,,
Ga2LiRu,0.743958,1.4098975511180123,294,1.149568554521543,tilt_failed,,
Ga2LiRu,0.743958,1.4098975511180123,295,1.0830228085601894,tilt_failed,,
Ga2LiRu,0.743958,1.4098975511180123,296,1.6428727676551007,ok,5.817350145575147,9.880773976789213e-11
Ga2LiRu,0.743958,1.4098975511180123,297,1.3153787662995997,ok,5.771659788949552,3.183595609357326e-10
Ga2LiRu,0.743958,1.4098975511180123,298,1.546156860171355,ok,5.738343903910054,1.41886502547095e-13
Ga2LiRu,0.743958,1.4098975511180123,299,1.1303484304213467,tilt_failed,,
Ga2LiRu,0.743958,1.4098975511180123,300,1.1358105762881288,tilt_failed,,
Ga2LiRu,0.743958,1.4098975511180123,301,1.1203710110134677,tilt_failed,,
Ga2LiRu,0.743958,1.4098975511180123,302,1.1659907139018306,tilt_failed,,
Ga2LiRu,0.743958,1.4098975511180123,303,1.2387421296396957,tilt_failed,,
Ga2LiRu,0.743958,1.4098975511180123,304,1.2173154420689452,tilt_failed,,
Ga2LiRu,0.743958,1.4098975511180123,305,1.155896555708419,tilt_failed,,
Ga2LiRu,0.743958,1.4098975511180123,306,1.825819674466264,ok,5.758809376148602,1.142597128023226e-11
Ga2LiRu,0.743958,1.4098975511180123,307,1.1436358108272733,tilt_failed,,
Ga2LiRu,0.743958,1.4098975511180123,308,1.1480605101444028,tilt_failed,,
Ga2LiRu,0.743958,1.4098975511180123,309,1.1982749686549097,ok,5.824965205012746,6.480331826708151e-10
Ga2LiRu,0.743958,1.4098975511180123,310,1.6516077338534148,ok,5.748338669421903,3.3306690738754696e-16
Ga2LiRu,0.743958,1.4098975511180123,311,1.3152829920740927,ok,5.731680726902154,1.2418001071878846e-09
Ga2LiRu,0.743958,1.4098975511180123,312,1.1979141060348637,tilt_failed,,
Ga2LiRu,0.743958,1.4098975511180123,313,1.172221976858001,tilt_failed,,
Ga2LiRu,0.743958,1.4098975511180123,314,1.0918696604343066,tilt_failed,,
Ga2LiRu,0.743958,1.4098975511180123,315,1.1608814571758117,tilt_failed,,
Ga2LiRu,0.743958,1.4098975511180123,316,1.3487329521883222,ok,5.720734078960606,2.0106227793803555e-10
Ga2LiRu,0.743958,1.4098975511180123,317,1.4330893558471474,ok,5.758809376148602,7.771561172376097e-16
Ga2LiRu,0.743958,1.4098975511180123,318,1.5619313928759844,ok,5.715022784382406,6.661338147750939e-16
Ga2LiRu,0.743958,1.4098975511180123,319,1.2982022868066938,tilt_failed,,
Ga2LiRu,0.743958,1.4098975511180123,320,1.166710430208393,tilt_failed,,
Ga2LiRu,0.743958,1.4098975511180123,321,1.2160449915327602,tilt_failed,,
Ga2LiRu,0.743958,1.4098975511180123,322,1.2660816659977676,ok,5.772135730164401,9.505507492235664e-11
Ga2LiRu,0.743958,1.4098975511180123,323,1.20467944867305,tilt_failed,,
Ga2LiRu,0.743958,1.4098975511180123,324,1.1284486720638658,tilt_failed,,
Ga2LiRu,0.743958,1.4098975511180123,325,1.150700666204492,tilt_failed,,
Ga2LiRu,0.743958,1.4098975511180123,326,1.2148807908770896,tilt_failed,,
Ga2LiRu,0.743958,1.4098975511180123,327,1.1862481748963218,tilt_failed,,
Ga2LiRu,0.743958,1.4098975511180123,328,1.4049626379081834,ok,5.754525905214952,2.5757174171303632e-14
Ga2LiRu,0.743958,1.4098975511180123,329,1.2341072324353346,tilt_failed,,
Ga2LiRu,0.743958,1.4098975511180123,330,1.1535173273721693,tilt_failed,,
Ga2LiRu,0.743958,1.4098975511180123,331,1.1367278057719827,tilt_failed,,
Ga2LiRu,0.743958,1.4098975511180123,332,1.076155895798754,tilt_failed,,
Ga2LiRu,0.743958,1.4098975511180123,333,1.189435567980418,tilt_failed,,
Ga2LiRu,0.743958,1.4098975511180123,334,1.1108768669256597,tilt_failed,,
Ga2LiRu,0.743958,1.4098975511180123,335,1.3687987337976693,ok,5.740247668769454,3.009512639096101e-10
Ga2LiRu,0.743958,1.4098975511180123,336,1.2672968510267717,ok,5.7787989071723,7.614464614391636e-12
Ga2LiRu,0.743958,1.4098975511180123,337,1.2260974915502865,tilt_failed,,
Ga2LiRu,0.743958,1.4098975511180123,338,1.1506847238368163,tilt_failed,,
Ga2LiRu,0.743958,1.4098975511180123,339,1.1087154827616823,tilt_failed,,
Ga2LiRu,0.743958,1.4098975511180123,340,1.121560164159752,tilt_failed,,
Ga2LiRu,0.743958,1.4098975511180123,342,1.1794689713014943,tilt_failed,,
Ga2LiRu,0.743958,1.4098975511180123,343,1.2773082776931366,ok,5.805451615203897,4.725575486475009e-11
Ga2LiRu,0.743958,1.4098975511180123,344,1.0860828738982202,tilt_failed,,
Ga2LiRu,0.743958,1.4098975511180123,345,1.1228328194471269,tilt_failed,,
Ga2LiRu,0.743958,1.4098975511180123,346,1.1417771517915831,tilt_failed,,
Ga2LiRu,0.743958,1.4098975511180123,347,1.0699845842885711,tilt_failed,,
Ga2LiRu,0.743958,1.4098975511180123,348,1.058250336694259,tilt_failed,,
Ga2LiRu,0.743958,1.4098975511180123,349,1.1911417433598366,ok,5.815922321930596,3.8234626575928127e-10
Ga2LiRu,0.743958,1.4098975511180123,350,1.1126864450648384,tilt_failed,,
Ga2LiRu,0.743958,1.4098975511180123,351,1.2296345688578565,tilt_failed,,
Ga2LiRu,0.743958,1.4098975511180123,352,1.2833141131667836,ok,5.7830823781059495,6.439293542825908e-15
Ga2LiRu,0.743958,1.4098975511180123,353,1.1213262395890362,tilt_failed,,
Ga2LiRu,0.743958,1.4098975511180123,354,1.265572794823797,tilt_failed,,
Ga2LiRu,0.743958,1.4098975511180123,355,1.2629755899473645,ok,5.757381552504053,4.908073947262892e-12
Ga2LiRu,0.743958,1.4098975511180123,356,1.2253059371390322,tilt_failed,,
Ga2LiRu,0.743958,1.4098975511180123,357,1.62683960160354,ok,5.742627374843704,5.077591680446858e-10
Ga2LiRu,0.743958,1.4098975511180123,358,1.2735506324126102,ok,5.77546731866835,2.148046185368457e-09
Ga2LiRu,0.743958,1.4098975511180123,359,1.161767093485517,tilt_failed,,
Ga2LiRu,0.743958,1.4098975511180123,360,1.438515975429102,ok,5.705979901300258,1.3988810110276972e-14
Ga2LiRu,0.743958,1.4098975511180123,361,1.1260031053249218,tilt_failed,,
Ga2LiRu,0.743958,1.4098975511180123,362,1.2041685366719816,tilt_failed,,
Ga2LiRu,0.743958,1.4098975511180123,363,1.341297163318002,ok,5.740723609984304,1.1155520951433571e-11
Ga2LiRu,0.743958,1.4098975511180123,364,1.1151571200865276,tilt_failed,,
Ga2LiRu,0.743958,1.4098975511180123,365,1.282355370779571,ok,5.756429670074353,5.773159728050814e-15
Ga2LiRu,0.743958,1.4098975511180123,366,1.0990796052451637,tilt_failed,,
Ga2LiRu,0.743958,1.4098975511180123,367,1.2983283167696047,tilt_failed,,
Ga2LiRu,0.743958,1.4098975511180123,368,1.1527496212107444,tilt_failed,,
Ga2LiRu,0.743958,1.4098975511180123,369,1.1350161946535426,tilt_failed,,
Ga2LiRu,0.743958,1.4098975511180123,370,1.6170668568800564,ok,5.696461077003259,2.398081733190338e-14
Ga2LiRu,0.743958,1.4098975511180123,371,1.3892441979490942,ok,5.734060432976405,6.902505234052113e-10
Ga2LiRu,0.743958,1.4098975511180123,372,1.1976943296553737,tilt_failed,,
Ga2LiRu,0.743958,1.4098975511180123,373,1.1401772786987514,tilt_failed,,
Ga2LiRu,0.743958,1.4098975511180123,374,1.060784695715523,tilt_failed,,
Ga2LiRu,0.743958,1.4098975511180123,375,3.058151840371792,ok,6.023908632820025,9.992007221626409e-16
Ga2LiRu,0.743958,1.4098975511180123,376,1.4309905800329736,ok,5.7530980815704025,2.131628207280301e-14
Ga2LiRu,0.743958,1.4098975511180123,377,1.1250873382301163,tilt_failed,,
Ga2LiRu,0.743958,1.4098975511180123,378,1.2752228066140243,ok,5.748338669421903,1.9184653865522705e-13
Ga2LiRu,0.743958,1.4098975511180123,379,1.062726014870776,tilt_failed,,
Ga2LiRu,0.743958,1.4098975511180123,380,1.6884703933567151,ok,5.762140964652551,6.661338147750939e-16
Ga2LiRu,0.743958,1.4098975511180123,381,2.194805806759194,ok,5.983929570772629,4.440892098500626e-16
Ga2LiRu,0.743958,1.4098975511180123,382,1.335952112571216,ok,5.739295786339754,2.0732304761850173e-12
Ga2LiRu,0.743958,1.4098975511180123,383,1.2506175753824262,ok,5.7940290260474985,1.8367973808608437e-10
Ga2LiRu,0.743958,1.4098975511180123,384,1.2076858355504752,tilt_failed,,
Ga2LiRu,0.743958,1.4098975511180123,385,1.2493459645091587,tilt_failed,,
Ga2LiRu,0.743958,1.4098975511180123,386,1.1589997043852054,tilt_failed,,
Ga2LiRu,0.743958,1.4098975511180123,387,1.244557352503501,ok,5.802595967914798,7.327471962526033e-15
Ga2LiRu,0.743958,1.4098975511180123,388,1.443703752679078,ok,5.723113785034856,5.551115123125784e-16
Ga2LiRu,0.743958,1.4098975511180123,389,1.280235817579214,tilt_failed,,
Ga2LiRu,0.743958,1.4098975511180123,390,1.4346304650873951,ok,5.862088619771042,4.025224598080968e-12
Ga2LiRu,0.743958,1.4098975511180123,391,1.4507604650236898,ok,5.852569795474042,2.220446049250313e-16
Ga2LiRu,0.743958,1.4098975511180123,392,1.2524885068141338,tilt_failed,,
Ga2LiRu,0.743958,1.4098975511180123,393,1.2425825175964484,tilt_failed,,
Ga2LiRu,0.743958,1.4098975511180123,394,1.150149037988038,tilt_failed,,
Ga2LiRu,0.743958,1.4098975511180123,395,1.1849833024421326,tilt_failed,,
Ga2LiRu,0.743958,1.4098975511180123,396,1.0772152675790791,tilt_failed,,
Ga2LiRu,0.743958,1.4098975511180123,397,1.2087061825225405,tilt_failed,,
Ga2LiRu,0.743958,1.4098975511180123,398,1.1462464293265513,ok,5.831628382020645,1.6564527527407338e-13
Ga2LiRu,0.743958,1.4098975511180123,399,1.3382816579563726,ok,5.751670257925853,2.4722723868109137e-10
Ga2LiRu,0.743958,1.4098975511180123,400,1.251848147275931,tilt_failed,,
Ga2LiRu,0.743958,1.4098975511180123,401,1.1570990566039872,tilt_failed,,
Ga2LiRu,0.743958,1.4098975511180123,402,1.1421309306183856,tilt_failed,,
Ga2LiRu,0.743958,1.4098975511180123,403,1.4433773730875004,ok,5.685514429061709,2.197455106767165e-09
Ga2LiRu,0.743958,1.4098975511180123,404,1.0354218994671105,tilt_failed,,
Ga2LiRu,0.743958,1.4098975511180123,405,1.086118887352632,tilt_failed,,
Ga2LiRu,0.743958,1.4098975511180123,406,1.3852308132637576,ok,5.747386786992203,7.629230580619149e-12
Ga2LiRu,0.743958,1.4098975511180123,407,1.2139245009429938,tilt_failed,,
Ga2LiRu,0.743958,1.4098975511180123,408,1.072243414215993,tilt_failed,,
Ga2LiRu,0.743958,1.4098975511180123,409,1.225654413129631,tilt_failed,,
Ga2LiRu,0.743958,1.4098975511180123,410,1.2967234231405809,tilt_failed,,
Ga2LiRu,0.743958,1.4098975511180123,411,1.629279840195662,ok,5.721210020175456,6.98174851265776e-12
Ga2LiRu,0.743958,1.4098975511180123,412,1.2810387463453974,tilt_failed,,
Ga2LiRu,0.743958,1.4098975511180123,413,1.2265862456647345,tilt_failed,,
Ga2LiRu,0.743958,1.4098975511180123,414,1.2210204093548858,ok,5.819729851649396,5.049294315995212e-13
Ga2LiRu,0.743958,1.4098975511180123,415,1.5184719871753591,ok,5.715498725597256,3.135269821541442e-13
Ga2LiRu,0.743958,1.4098975511180123,416,1.2722859334916767,tilt_failed,,
Ga2LiRu,0.743958,1.4098975511180123,417,1.2274538988264538,tilt_failed,,
Ga2LiRu,0.743958,1.4098975511180123,418,1.3000115511531272,ok,5.7787989071723,3.3602010063304988e-12
Ga2LiRu,0.743958,1.4098975511180123,419,1.230501234521634,ok,5.804023791559348,1.3322676295501878e-15
Ga2LiRu,0.743958,1.4098975511180123,420,1.1476294123051554,tilt_failed,,
Ga2LiRu,0.743958,1.4098975511180123,421,1.355494102632078,ok,5.737867962695204,1.023091944496457e-09
Ga2LiRu,0.743958,1.4098975511180123,422,1.1348860006354349,tilt_failed,,
Ga2LiRu,0.743958,1.4098975511180123,423,1.4870029114220686,ok,5.706455842515108,3.6346481380178375e-11
Ga2LiRu,0.743958,1.4098975511180123,424,1.259555766456639,tilt_failed,,
Ga2LiRu,0.743958,1.4098975511180123,425,1.1382302712731849,tilt_failed,,
Ga2LiRu,0.743958,1.4098975511180123,426,1.2079215767347853,tilt_failed,,
Ga2LiRu,0.743958,1.4098975511180123,427,1.1228121522925916,tilt_failed,,
Ga2LiRu,0.743958,1.4098975511180123,428,1.091789680613647,tilt_failed,,
Ga2LiRu,0.743958,1.4098975511180123,429,1.464779374919387,ok,5.740723609984304,3.3306690738754696e-16
Ga2LiRu,0.743958,1.4098975511180123,430,1.2473595095250318,tilt_failed,,
Ga2LiRu,0.743958,1.4098975511180123,431,1.1313028508273888,tilt_failed,,
Ga2LiRu,0.743958,1.4098975511180123,432,1.5646356321412305,ok,5.762616905867401,3.8365532972761685e-11
Ga2LiRu,0.743958,1.4098975511180123,433,1.364212406378156,ok,5.730728844472455,1.9095836023552686e-14
Ga2LiRu,0.743958,1.4098975511180123,434,1.0792536448618566,tilt_failed,,
Ga2LiRu,0.743958,1.4098975511180123,435,1.7627691213210248,ok,5.767852259230751,5.820233184294921e-12
Ga2LiRu,0.743958,1.4098975511180123,436,1.282370572736658,tilt_failed,,
Ga2LiRu,0.743958,1.4098975511180123,437,1.1825567466401468,tilt_failed,,
Ga2LiRu,0.743958,1.4098975511180123,438,1.079207962602121,tilt_failed,,
Ga2LiRu,0.743958,1.4098975511180123,439,1.242639152227701,tilt_failed,,
Ga2LiRu,0.743958,1.4098975511180123,440,1.088967398875207,tilt_failed,,
Ga2LiRu,0.743958,1.4098975511180123,441,1.141053082360812,tilt_failed,,
Ga2LiRu,0.743958,1.4098975511180123,442,1.115629503130851,tilt_failed,,
Ga2LiRu,0.743958,1.4098975511180123,443,1.5270861343720454,ok,5.744531139703104,1.7104317961980087e-11
Ga2LiRu,0.743958,1.4098975511180123,444,1.1603186907265326,tilt_failed,,
Ga2LiRu,0.743958,1.4098975511180123,445,1.0731749302895968,tilt_failed,,
Ga2LiRu,0.743958,1.4098975511180123,446,1.19538450607341,tilt_failed,,
Ga2LiRu,0.743958,1.4098975511180123,447,1.334275663041531,ok,5.744055198488254,1.56097357262297e-13
Ga2LiRu,0.743958,1.4098975511180123,448,1.212031451328934,tilt_failed,,
Ga2LiRu,0.743958,1.4098975511180123,449,1.384121343184289,ok,5.727397255968506,4.585221091701897e-12
Ga2LiRu,0.743958,1.4098975511180123,450,1.2299074987706504,tilt_failed,,
Ga2LiRu,0.743958,1.4098975511180123,451,1.11669371530544,tilt_failed,,
Ga2LiRu,0.743958,1.4098975511180123,452,1.205638357790363,tilt_failed,,
Ga2LiRu,0.743958,1.4098975511180123,453,1.1321974221347502,tilt_failed,,
Ga2LiRu,0.743958,1.4098975511180123,454,1.359268164606965,ok,5.734536374191255,3.262445869012254e-10
Ga2LiRu,0.743958,1.4098975511180123,455,1.1165295419048638,tilt_failed,,
Ga2LiRu,0.743958,1.4098975511180123,456,1.055208231200321,tilt_failed,,
Ga2LiRu,0.743958,1.4098975511180123,457,1.0850011837940292,tilt_failed,,
Ga2LiRu,0.743958,1.4098975511180123,458,1.1525242334089405,tilt_failed,,
Ga2LiRu,0.743958,1.4098975511180123,459,1.047098587899859,tilt_failed,,
Ga2LiRu,0.743958,1.4098975511180123,460,1.2308036101152342,tilt_failed,,
Ga2LiRu,0.743958,1.4098975511180123,461,1.592086023670389,ok,5.77832296595745,2.3603341503530833e-13
Ga2LiRu,0.743958,1.4098975511180123,462,1.3854258155490178,ok,5.78117861324655,7.647527056064972e-10
Ga2LiRu,0.743958,1.4098975511180123,463,1.0849593328569764,tilt_failed,,
Ga2LiRu,0.743958,1.4098975511180123,464,1.0700449619782797,tilt_failed,,
Ga2LiRu,0.743958,1.4098975511180123,465,1.0275174753837455,tilt_failed,,
Ga2LiRu,0.743958,1.4098975511180123,466,1.1346531946558909,tilt_failed,,
Ga2LiRu,0.743958,1.4098975511180123,468,1.1318368862184758,tilt_failed,,
Ga2LiRu,0.743958,1.4098975511180123,469,1.2095694293509318,tilt_failed,,
Ga2LiRu,0.743958,1.4098975511180123,470,1.5779870702348844,ok,5.709787431019057,1.2355758638449288e-09
Ga2LiRu,0.743958,1.4098975511180123,471,1.0261788586800569,tilt_failed,,
Ga2LiRu,0.743958,1.4098975511180123,472,1.1561157514912712,tilt_failed,,
Ga2LiRu,0.743958,1.4098975511180123,473,1.6059346508109438,ok,5.736916080265504,3.3306690738754696e-16
Ga2LiRu,0.743958,1.4098975511180123,474,1.466418119016077,ok,5.711215254663608,1.1789784704063775e-09
Ga2LiRu,0.743958,1.4098975511180123,475,1.2483124062073767,tilt_failed,,
Ga2LiRu,0.743958,1.4098975511180123,476,1.1323394191215936,tilt_failed,,
Ga2LiRu,0.743958,1.4098975511180123,477,1.1157744171183464,tilt_failed,,
Ga2LiRu,0.743958,1.4098975511180123,478,1.0963608390268098,tilt_failed,,
Ga2LiRu,0.743958,1.4098975511180123,479,1.1736471207353616,tilt_failed,,
Ga2LiRu,0.743958,1.4098975511180123,480,1.1117976181579046,tilt_failed,,
Ga2LiRu,0.743958,1.4098975511180123,481,1.3531850996477426,ok,5.736916080265504,2.3092638912203256e-14
Ga2LiRu,0.743958,1.4098975511180123,482,1.2741120260892569,tilt_failed,,
Ga2LiRu,0.743958,1.4098975511180123,483,1.038157275269428,tilt_failed,,
Ga2LiRu,0.743958,1.4098975511180123,484,1.3049020289038429,ok,5.748338669421903,3.647082635893639e-13
Ga2LiRu,0.743958,1.4098975511180123,485,1.5024110348762156,ok,5.827820852301845,1.0658141036401504e-14
Ga2LiRu,0.743958,1.4098975511180123,486,1.0681606550782332,tilt_failed,,
Ga2LiRu,0.743958,1.4098975511180123,487,1.1638296211943198,tilt_failed,,
Ga2LiRu,0.743958,1.4098975511180123,488,1.2335539301771756,tilt_failed,,
Ga2LiRu,0.743958,1.4098975511180123,489,1.0972661620780213,tilt_failed,,
Ga2LiRu,0.743958,1.4098975511180123,491,1.2202170726462005,tilt_failed,,
Ga2LiRu,0.743958,1.4098975511180123,492,1.1300116197049772,tilt_failed,,
Ga2LiRu,0.743958,1.4098975511180123,493,1.0480165379512054,tilt_failed,,
Ga2LiRu,0.743958,1.4098975511180123,494,1.1551438206204423,tilt_failed,,
Ga2LiRu,0.743958,1.4098975511180123,495,1.5730292257311251,ok,5.7283491383982055,1.0302869668521453e-13
Ga2LiRu,0.743958,1.4098975511180123,496,1.074112088120181,tilt_failed,,
Ga2LiRu,0.743958,1.4098975511180123,497,1.0608326288277128,tilt_failed,,
Ga2LiRu,0.743958,1.4098975511180123,498,1.0502508991900386,tilt_failed,,
Ga2LiRu,0.743958,1.4098975511180123,499,1.036143690153636,tilt_failed,,
Ga2LiRu,0.743958,1.4098975511180123,500,1.0860823441511978,tilt_failed,,
Ga2LiRu,0.743958,1.4098975511180123,501,1.2897122051975274,tilt_failed,,
Ga2LiRu,0.743958,1.4098975511180123,502,1.3294383485105483,ok,5.727397255968506,1.7901236049056024e-11
Ga2LiRu,0.743958,1.4098975511180123,503,1.126419953921828,tilt_failed,,
Ga2LiRu,0.743958,1.4098975511180123,504,1.084408160751736,tilt_failed,,
Ga2LiRu,0.743958,1.4098975511180123,505,1.068016751025833,tilt_failed,,
Ga2LiRu,0.743958,1.4098975511180123,506,1.0842426831675611,tilt_failed,,
Ga2LiRu,0.743958,1.4098975511180123,507,1.3625354729752437,ok,5.725969432323956,2.227107387398064e-13
Ga2LiRu,0.743958,1.4098975511180123,508,1.3992882063128025,ok,5.741199551199155,7.105427357601002e-15
Ga2LiRu,0.743958,1.4098975511180123,509,1.0920591622104805,tilt_failed,,
Ga2LiRu,0.743958,1.4098975511180123,510,1.281007085547604,ok,5.747862728207053,1.609823385706477e-13
Ga2LiRu,0.743958,1.4098975511180123,511,1.3940162954417472,ok,5.7664244355862015,8.629541525806417e-11
Ga2LiRu,0.743958,1.4098975511180123,512,1.028004033590029,tilt_failed,,
Ga2LiRu,0.743958,1.4098975511180123,513,1.0754531338532665,tilt_failed,,
Ga2LiRu,0.743958,1.4098975511180123,514,1.1290047319323775,tilt_failed,,
Ga2LiRu,0.743958,1.4098975511180123,515,1.154096110368401,tilt_failed,,
Ga2LiRu,0.743958,1.4098975511180123,516,1.0732988848754477,tilt_failed,,
Ga2LiRu,0.743958,1.4098975511180123,517,2.5527503734974726,ok,5.932527919568835,1.1175171898969437e-10
Ga2LiRu,0.743958,1.4098975511180123,518,1.207599905396106,tilt_failed,,
Ga2LiRu,0.743958,1.4098975511180123,519,1.213131454392245,ok,5.861612678556191,1.7763568394002505e-15
Ga2LiRu,0.743958,1.4098975511180123,520,1.0395397254286556,tilt_failed,,
Ga2LiRu,0.743958,1.4098975511180123,521,1.207242111858359,tilt_failed,,
Ga2LiRu,0.743958,1.4098975511180123,522,1.5948177636208922,ok,5.844954736036443,5.962896842959253e-12
Ga2LiRu,0.743958,1.4098975511180123,523,1.3898149719830528,ok,5.7530980815704025,5.773159728050814e-15
Ga2LiRu,0.743958,1.4098975511180123,524,1.1620048108236,tilt_failed,,
Ga2LiRu,0.743958,1.4098975511180123,525,1.1119655104691213,tilt_failed,,
Ga2LiRu,0.743958,1.4098975511180123,526,1.0638306187470297,tilt_failed,,
Ga2LiRu,0.743958,1.4098975511180123,527,1.161646340928487,tilt_failed,,
Ga2LiRu,0.743958,1.4098975511180123,528,1.053579142661157,tilt_failed,,
Ga2LiRu,0.743958,1.4098975511180123,529,1.3579125363916082,ok,5.734536374191255,2.2093438190040612e-14
Ga2LiRu,0.743958,1.4098975511180123,530,1.1953578692528664,tilt_failed,,
Ga2LiRu,0.743958,1.4098975511180123,531,1.2953720770768211,ok,5.7802267308168505,2.1810730999050063e-10
Ga2LiRu,0.743958,1.4098975511180123,532,1.2254043502917111,ok,5.7826064368911,2.886579864025407e-14
Ga2LiRu,0.743958,1.4098975511180123,533,1.10342514216843,tilt_failed,,
Ga2LiRu,0.743958,1.4098975511180123,534,1.0419312588201404,tilt_failed,,
Ga2LiRu,0.743958,1.4098975511180123,535,1.1213214887456953,tilt_failed,,
Ga2LiRu,0.743958,1.4098975511180123,536,1.3334181003682204,ok,5.735488256620955,3.996802888650564e-15
Ga2LiRu,0.743958,1.4098975511180123,537,1.1916521869498526,tilt_failed,,
Ga2LiRu,0.743958,1.4098975511180123,538,1.0906362882662763,tilt_failed,,
Ga2LiRu,0.743958,1.4098975511180123,539,1.482813276329974,ok,5.704076136440858,3.0604407896817065e-11
Ga2LiRu,0.743958,1.4098975511180123,540,1.07145714671719,tilt_failed,,
Ga2LiRu,0.743958,1.4098975511180123,541,1.3281704825123353,ok,5.729776962042755,2.084599159957179e-11
Ga2LiRu,0.743958,1.4098975511180123,542,1.1450576885672918,tilt_failed,,
Ga2LiRu,0.743958,1.4098975511180123,543,1.3428091909843654,ok,5.722161902605156,1.0476775003098736e-10
Ga2LiRu,0.743958,1.4098975511180123,544,1.1190120836294777,tilt_failed,,
Ga2LiRu,0.743958,1.4098975511180123,545,1.5559622718193424,ok,5.730728844472455,1.2591039322273899e-11
Ga2LiRu,0.743958,1.4098975511180123,546,1.2035695009052405,tilt_failed,,
Ga2LiRu,0.743958,1.4098975511180123,547,1.1069042659343584,tilt_failed,,
Ga2LiRu,0.743958,1.4098975511180123,548,1.1702734019716694,tilt_failed,,
Ga2LiRu,0.743958,1.4098975511180123,549,1.3640783577535511,ok,5.733584491761556,3.610445276081009e-13
Ga2LiRu,0.743958,1.4098975511180123,550,1.257963714134149,ok,5.758809376148602,8.313214561184167e-10
Ga2LiRu,0.743958,1.4098975511180123,551,1.14583965376563,tilt_failed,,
Ga2LiRu,0.743958,1.4098975511180123,552,1.3127582868646086,ok,5.751670257925853,1.3981127366946566e-10
Ga2LiRu,0.743958,1.4098975511180123,553,1.1533645364784628,tilt_failed,,
Ga2LiRu,0.743958,1.4098975511180123,554,1.084671925685571,tilt_failed,,
Ga2LiRu,0.743958,1.4098975511180123,555,1.0643603212308337,tilt_failed,,
Ga2LiRu,0.743958,1.4098975511180123,556,1.0425286930831037,tilt_failed,,
Ga2LiRu,0.743958,1.4098975511180123,557,1.0620238054284048,tilt_failed,,
Ga2LiRu,0.743958,1.4098975511180123,558,1.190847871261124,tilt_failed,,
Ga2LiRu,0.743958,1.4098975511180123,559,1.292645550576489,ok,5.771659788949552,1.3026353329337326e-09
Ga2LiRu,0.743958,1.4098975511180123,560,1.2289021169568826,ok,5.773087612594101,2.0248835941316656e-10
Ga2LiRu,0.743958,1.4098975511180123,561,1.0565281907190045,tilt_failed,,
Ga2LiRu,0.743958,1.4098975511180123,562,1.0504659159101686,tilt_failed,,
Ga2LiRu,0.743958,1.4098975511180123,563,1.5592580295757577,ok,5.755001846429802,1.0551359785893055e-10
Ga2LiRu,0.743958,1.4098975511180123,564,1.2228748677795211,tilt_failed,,
Ga2LiRu,0.743958,1.4098975511180123,565,1.1516596580595817,tilt_failed,,
Ga2LiRu,0.743958,1.4098975511180123,566,1.2629731761539318,tilt_failed,,
Ga2LiRu,0.743958,1.4098975511180123,567,1.1452085085050605,tilt_failed,,
Ga2LiRu,0.743958,1.4098975511180123,568,1.3628011950194494,ok,5.747862728207053,5.551115123125784e-16
Ga2LiRu,0.743958,1.4098975511180123,569,1.4058367581909883,ok,5.715498725597256,6.439293542825908e-15
Ga2LiRu,0.743958,1.4098975511180123,570,1.2754255202963285,tilt_failed,,
Ga2LiRu,0.743958,1.4098975511180123,571,1.2449289984344638,ok,5.768804141660451,4.6629367034256575e-15
Ga2LiRu,0.743958,1.4098975511180123,572,1.1195291822920297,tilt_failed,,
Ga2LiRu,0.743958,1.4098975511180123,573,1.089344198932645,tilt_failed,,
Ga2LiRu,0.743958,1.4098975511180123,574,1.127657972110392,tilt_failed,,
Ga2LiRu,0.743958,1.4098975511180123,575,1.2345442914765088,tilt_failed,,
Ga2LiRu,0.743958,1.4098975511180123,576,1.4340606211930524,ok,5.717878431671506,2.220446049250313e-16
Ga2LiRu,0.743958,1.4098975511180123,577,1.6602213334994511,ok,5.824489263797895,7.438494264988549e-15
Ga2LiRu,0.743958,1.4098975511180123,578,1.0847023047820183,tilt_failed,,
Ga2LiRu,0.743958,1.4098975511180123,579,1.111259314048245,tilt_failed,,
Ga2LiRu,0.743958,1.4098975511180123,580,1.1000405541497054,tilt_failed,,
Ga2LiRu,0.743958,1.4098975511180123,581,1.201168334522767,tilt_failed,,
Ga2LiRu,0.743958,1.4098975511180123,582,1.2244756908659498,tilt_failed,,
Ga2LiRu,0.743958,1.4098975511180123,583,1.0470732876328228,tilt_failed,,
Ga2LiRu,0.743958,1.4098975511180123,584,1.1634785711065403,tilt_failed,,
Ga2LiRu,0.743958,1.4098975511180123,585,1.5604574008513528,ok,5.77641920109805,9.769962616701378e-15
Ga2LiRu,0.743958,1.4098975511180123,586,1.402492204506722,ok,5.719306255316057,9.325873406851317e-15
Ga2LiRu,0.743958,1.4098975511180123,587,1.126071575809924,tilt_failed,,
Ga2LiRu,0.743958,1.4098975511180123,588,1.5116118118963864,ok,5.712167137093307,6.233946692191239e-11
Ga2LiRu,0.743958,1.4098975511180123,589,1.0921434205919514,tilt_failed,,
Ga2LiRu,0.743958,1.4098975511180123,590,1.1317148948873987,tilt_failed,,
Ga2LiRu,0.743958,1.4098975511180123,591,1.215493972786655,tilt_failed,,
Ga2LiRu,0.743958,1.4098975511180123,592,1.4333685868964163,ok,5.751194316711003,1.865174681370263e-13
Ga2LiRu,0.743958,1.4098975511180123,593,1.153969392702866,tilt_failed,,
Ga2LiRu,0.743958,1.4098975511180123,594,1.1201904677318644,tilt_failed,,
Ga2LiRu,0.743958,1.4098975511180123,595,1.1108004815198855,tilt_failed,,
Ga2LiRu,0.743958,1.4098975511180123,596,1.598968454006404,ok,5.750242434281303,1.4432899320127037e-15
Ga2LiRu,0.743958,1.4098975511180123,597,1.1653368917721894,tilt_failed,,
Ga2LiRu,0.743958,1.4098975511180123,598,1.0668108099770908,tilt_failed,,
Ga2LiRu,0.743958,1.4098975511180123,599,1.2880755585137602,tilt_failed,,
Ga2LiRu,0.743958,1.4098975511180123,600,1.0518435470435687,tilt_failed,,
Ga2LiRu,0.743958,1.4098975511180123,601,1.1634299095579057,ok,5.8102110273523975,1.9807533391258403e-10
Ga2LiRu,0.743958,1.4098975511180123,602,1.0708559786703795,tilt_failed,,
Ga2LiRu,0.743958,1.4098975511180123,603,1.267706736756795,tilt_failed,,
Ga2LiRu,0.743958,1.4098975511180123,604,1.075003899929044,tilt_failed,,
Ga2LiRu,0.743958,1.4098975511180123,605,1.1267107802498304,tilt_failed,,
Ga2LiRu,0.743958,1.4098975511180123,606,1.080174280003938,tilt_failed,,
Ga2LiRu,0.743958,1.4098975511180123,607,1.1174987870622637,tilt_failed,,
Ga2LiRu,0.743958,1.4098975511180123,608,1.032452433001274,tilt_failed,,
Ga2LiRu,0.743958,1.4098975511180123,609,1.0969438634781394,tilt_failed,,
Ga2LiRu,0.743958,1.4098975511180123,610,1.038968298693158,tilt_failed,,
Ga2LiRu,0.743958,1.4098975511180123,611,1.1816142439104695,tilt_failed,,
Ga2LiRu,0.743958,1.4098975511180123,612,1.2446131482306677,tilt_failed,,
Ga2LiRu,0.743958,1.4098975511180123,613,1.2674343291754524,tilt_failed,,
Ga2LiRu,0.743958,1.4098975511180123,614,1.308657603913992,tilt_failed,,
Ga2LiRu,0.743958,1.4098975511180123,615,1.2067154655634993,tilt_failed,,
Ga2LiRu,0.743958,1.4098975511180123,616,1.3209555141205536,ok,5.76975602409015,1.3322676295501878e-15
Ga2LiRu,0.743958,1.4098975511180123,617,1.1613872662236318,tilt_failed,,
Ga2LiRu,0.743958,1.4098975511180123,618,1.3333217814419691,tilt_failed,,
Ga2LiRu,0.743958,1.4098975511180123,619,1.2123112821016595,tilt_failed,,
Ga2LiRu,0.743958,1.4098975511180123,620,1.1571634233029482,tilt_failed,,
Ga2LiRu,0.743958,1.4098975511180123,621,1.1107861740245868,tilt_failed,,
Ga2LiRu,0.743958,1.4098975511180123,622,1.189229986348954,tilt_failed,,
Ga2LiRu,0.743958,1.4098975511180123,623,1.1065458071595184,tilt_failed,,
Ga2LiRu,0.743958,1.4098975511180123,624,1.5427943384390168,ok,5.713119019523007,3.412314097950286e-09
Ga2LiRu,0.743958,1.4098975511180123,625,1.194888263492166,ok,5.850190089399793,1.754152378907747e-14
Ga2LiRu,0.743958,1.4098975511180123,626,1.1304261135410982,tilt_failed,,
Ga2LiRu,0.743958,1.4098975511180123,627,1.1285293684186026,tilt_failed,,
Ga2LiRu,0.743958,1.4098975511180123,628,1.064765498937828,tilt_failed,,
Ga2LiRu,0.743958,1.4098975511180123,629,1.0942427915594055,tilt_failed,,
Ga2LiRu,0.743958,1.4098975511180123,630,1.3228530138509245,ok,5.745483022132803,2.5623947408348613e-13
Ga2LiRu,0.743958,1.4098975511180123,631,1.5058878697718867,ok,5.723589726249705,2.7415847370093616e-12
Ga2LiRu,0.743958,1.4098975511180123,632,1.204551130844791,tilt_failed,,
Ga2LiRu,0.743958,1.4098975511180123,633,1.3835459500754543,ok,5.727397255968506,1.9945396445564252e-09
Ga2LiRu,0.743958,1.4098975511180123,634,1.3900164560891362,ok,5.706455842515108,1.180722186688854e-10
Ga2LiRu,0.743958,1.4098975511180123,635,1.3392843280548152,ok,5.812590733426647,1.3544720900426911e-14
Ga2LiRu,0.743958,1.4098975511180123,636,1.2430809820097486,tilt_failed,,
Ga2LiRu,0.743958,1.4098975511180123,637,1.1384893634974496,tilt_failed,,
Ga2LiRu,0.743958,1.4098975511180123,638,1.0746514591658638,tilt_failed,,
Ga2LiRu,0.743958,1.4098975511180123,639,1.550770872657142,ok,5.752146199140703,6.085798531785258e-12
Ga2LiRu,0.743958,1.4098975511180123,640,1.103953376030722,tilt_failed,,
Ga2LiRu,0.743958,1.4098975511180123,641,1.716808061046379,ok,5.789745555113849,3.918447788464618e-10
Ga2LiRu,0.743958,1.4098975511180123,642,1.15556227935999,tilt_failed,,
Ga2LiRu,0.743958,1.4098975511180123,643,1.1257512319527256,tilt_failed,,
Ga2LiRu,0.743958,1.4098975511180123,644,1.4381726871913751,ok,5.793553084832649,7.345901664734809e-12
Ga2LiRu,0.743958,1.4098975511180123,645,1.1012523903786384,tilt_failed,,
Ga2LiRu,0.743958,1.4098975511180123,646,1.2754611503402158,tilt_failed,,
Ga2LiRu,0.743958,1.4098975511180123,647,1.1300563841728593,tilt_failed,,
Ga2LiRu,0.743958,1.4098975511180123,648,1.1963245022016702,tilt_failed,,
Ga2LiRu,0.743958,1.4098975511180123,649,1.0656406908046188,tilt_failed,,
Ga2LiRu,0.743958,1.4098975511180123,650,2.171150857033295,ok,5.956324980311332,1.1102230246251564e-14
Ga2LiRu,0.743958,1.4098975511180123,651,1.185311113838804,tilt_failed,,
Ga2LiRu,0.743958,1.4098975511180123,652,1.124733224716892,tilt_failed,,
Ga2LiRu,0.743958,1.4098975511180123,653,1.0708683112253563,tilt_failed,,
Ga2LiRu,0.743958,1.4098975511180123,654,1.0815223431623415,tilt_failed,,
Ga2LiRu,0.743958,1.4098975511180123,655,1.2860278815882444,ok,5.77641920109805,2.964961609563943e-12
Ga2LiRu,0.743958,1.4098975511180123,657,1.119462564835952,tilt_failed,,
Ga2LiRu,0.743958,1.4098975511180123,658,1.101059288170661,tilt_failed,,
Ga2LiRu,0.743958,1.4098975511180123,659,1.3572512400163907,ok,5.742627374843704,8.797851336339589e-12
Ga2LiRu,0.743958,1.4098975511180123,660,1.1724010134359886,tilt_failed,,
Ga2LiRu,0.743958,1.4098975511180123,661,1.1827772243151622,tilt_failed,,
Ga2LiRu,0.743958,1.4098975511180123,662,1.0910184168514014,tilt_failed,,
Ga2LiRu,0.743958,1.4098975511180123,663,1.0656478952176092,tilt_failed,,
Ga2LiRu,0.743958,1.4098975511180123,664,1.144183317283355,tilt_failed,,
Ga2LiRu,0.743958,1.4098975511180123,665,1.7602510401913272,ok,5.709787431019057,2.2235768781797558e-10
Ga2LiRu,0.743958,1.4098975511180123,666,1.1401459351239511,tilt_failed,,
Ga2LiRu,0.743958,1.4098975511180123,667,1.2263612534549424,tilt_failed,,
Ga2LiRu,0.743958,1.4098975511180123,668,1.2798428607989982,ok,5.7807026720317,4.74953409934642e-13
Ga2LiRu,0.743958,1.4098975511180123,669,1.085232482929601,tilt_failed,,
Ga2LiRu,0.743958,1.4098975511180123,670,1.055445266174546,tilt_failed,,
Ga2LiRu,0.743958,1.4098975511180123,671,1.652046949029803,ok,5.97345886404593,2.242650509742816e-14
Ga2LiRu,0.743958,1.4098975511180123,672,1.2416838277420752,tilt_failed,,
Ga2LiRu,0.743958,1.4098975511180123,673,1.2781876051672627,ok,5.760237199793152,1.2377210367731095e-11
Ga2LiRu,0.743958,1.4098975511180123,674,1.207933389330646,tilt_failed,,
Ga2LiRu,0.743958,1.4098975511180123,675,1.162111940051532,tilt_failed,,
Ga2LiRu,0.743958,1.4098975511180123,676,1.5211645510157898,ok,5.711215254663608,1.7108536809473662e-13
Ga2LiRu,0.743958,1.4098975511180123,677,1.2450379848219353,tilt_failed,,
Ga2LiRu,0.743958,1.4098975511180123,678,1.095180663218599,tilt_failed,,
Ga2LiRu,0.743958,1.4098975511180123,679,1.2782766486362338,ok,5.774515436238651,2.5280244564385157e-10
Ga2LiRu,0.743958,1.4098975511180123,680,1.1024461824685508,tilt_failed,,
Ga2LiRu,0.743958,1.4098975511180123,681,1.4598782889936577,ok,5.727873197183356,3.995046515825607e-10
Ga2LiRu,0.743958,1.4098975511180123,682,1.1590535694655726,tilt_failed,,
Ga2LiRu,0.743958,1.4098975511180123,683,1.1638297000632745,tilt_failed,,
Ga2LiRu,0.743958,1.4098975511180123,684,1.3043870332739247,ok,5.745958963347653,1.2881962163646676e-10
Ga2LiRu,0.743958,1.4098975511180123,685,1.051066528212449,tilt_failed,,
Ga2LiRu,0.743958,1.4098975511180123,686,1.2459973478485469,ok,5.791649319973248,2.3314683517128287e-15
Ga2LiRu,0.743958,1.4098975511180123,687,1.0918641441484935,tilt_failed,,
Ga2LiRu,0.743958,1.4098975511180123,688,1.1282098749277671,tilt_failed,,
Ga2LiRu,0.743958,1.4098975511180123,689,1.0883580536584898,tilt_failed,,
Ga2LiRu,0.743958,1.4098975511180123,690,1.098963676579011,tilt_failed,,
Ga2LiRu,0.743958,1.4098975511180123,691,1.4079563797735437,ok,5.717878431671506,3.552713678800501e-15
Ga2LiRu,0.743958,1.4098975511180123,692,1.3161881356911644,tilt_failed,,
Ga2LiRu,0.743958,1.4098975511180123,693,1.290646694739161,tilt_failed,,
Ga2LiRu,0.743958,1.4098975511180123,694,1.0806030528811434,tilt_failed,,
Ga2LiRu,0.743958,1.4098975511180123,695,1.1980522977140051,tilt_failed,,
Ga2LiRu,0.743958,1.4098975511180123,696,1.1309207686708938,tilt_failed,,
Ga2LiRu,0.743958,1.4098975511180123,697,1.1128800884383645,tilt_failed,,
Ga2LiRu,0.743958,1.4098975511180123,698,1.367542812801651,ok,5.7174024904566565,2.566835632933362e-13
Ga2LiRu,0.743958,1.4098975511180123,699,1.3414247287486172,ok,5.751194316711003,3.6830094529705087e-11
Ga2LiRu,0.743958,1.4098975511180123,700,1.0568522134567138,tilt_failed,,
Ga2LiRu,0.743958,1.4098975511180123,702,1.2833093941388976,tilt_failed,,
Ga2LiRu,0.743958,1.4098975511180123,703,1.372220349642347,ok,5.898736093314487,4.440892098500626e-16
Ga2LiRu,0.743958,1.4098975511180123,704,1.4778370921820263,ok,5.764520670726802,8.720357769220755e-12
Ga2LiRu,0.743958,1.4098975511180123,705,1.5750342033437736,ok,5.715022784382406,7.771561172376097e-16
Ga2LiRu,0.743958,1.4098975511180123,706,1.582210124063084,ok,5.724541608679405,4.27433644034636e-10
Ga2LiRu,0.743958,1.4098975511180123,707,1.197854660861849,tilt_failed,,
Ga2LiRu,0.743958,1.4098975511180123,708,1.2301303063577644,tilt_failed,,
Ga2LiRu,0.743958,1.4098975511180123,709,1.051692746799368,tilt_failed,,
Ga2LiRu,0.743958,1.4098975511180123,710,1.1335726263737174,tilt_failed,,
Ga2LiRu,0.743958,1.4098975511180123,711,1.1137075895269453,tilt_failed,,
Ga2LiRu,0.743958,1.4098975511180123,712,1.356362350517843,ok,5.728825079613055,5.739853037312059e-14
Ga2LiRu,0.743958,1.4098975511180123,713,1.071347758063508,tilt_failed,,
Ga2LiRu,0.743958,1.4098975511180123,714,1.2818253336298615,ok,5.730252903257605,1.8095880349733307e-10
Ga2LiRu,0.743958,1.4098975511180123,715,1.1231288354600832,tilt_failed,,
Ga2LiRu,0.743958,1.4098975511180123,717,1.503968082938417,ok,5.735488256620955,1.8651746813702633e-14
Ga2LiRu,0.743958,1.4098975511180123,718,1.0690242340430005,tilt_failed,,
Ga2LiRu,0.743958,1.4098975511180123,719,1.2074290938735242,tilt_failed,,
Ga2LiRu,0.743958,1.4098975511180123,720,1.0735568160580529,tilt_failed,,
Ga2LiRu,0.743958,1.4098975511180123,721,1.0804971275286763,tilt_failed,,
Ga2LiRu,0.743958,1.4098975511180123,722,1.1738975698696268,tilt_failed,,
Ga2LiRu,0.743958,1.4098975511180123,723,1.140768110589428,tilt_failed,,
Ga2LiRu,0.743958,1.4098975511180123,724,1.125269066943261,tilt_failed,,
Ga2LiRu,0.743958,1.4098975511180123,725,1.4202826699381992,ok,5.7283491383982055,1.9131363160340698e-12
Ga2LiRu,0.743958,1.4098975511180123,726,1.202590911972875,tilt_failed,,
Ga2LiRu,0.743958,1.4098975511180123,727,1.2024726550085851,tilt_failed,,
Ga2LiRu,0.743958,1.4098975511180123,728,1.185661417883195,tilt_failed,,
Ga2LiRu,0.743958,1.4098975511180123,729,1.2561364407084632,tilt_failed,,
Ga2LiRu,0.743958,1.4098975511180123,730,1.066060007130727,tilt_failed,,
Ga2LiRu,0.743958,1.4098975511180123,731,1.0424240006230945,tilt_failed,,
Ga2LiRu,0.743958,1.4098975511180123,732,1.409820015515751,ok,5.723113785034856,4.5741188614556456e-14
Ga2LiRu,0.743958,1.4098975511180123,733,1.0726942335467955,tilt_failed,,
Ga2LiRu,0.743958,1.4098975511180123,734,1.061400145447566,tilt_failed,,
Ga2LiRu,0.743958,1.4098975511180123,735,1.1868461361923732,tilt_failed,,
Ga2LiRu,0.743958,1.4098975511180123,736,1.0618319886389664,tilt_failed,,
Ga2LiRu,0.743958,1.4098975511180123,737,2.17654635165504,ok,5.859232972481942,1.6506063182930575e-10
Ga2LiRu,0.743958,1.4098975511180123,738,1.2833815855501252,ok,5.77641920109805,2.1949109196839345e-13
Ga2LiRu,0.743958,1.4098975511180123,740,1.4677068654234613,ok,5.672664016260762,2.446931546273845e-13
Ga2LiRu,0.743958,1.4098975511180123,741,1.1044192728748767,tilt_failed,,
Ga2LiRu,0.743958,1.4098975511180123,742,1.1658408473845685,tilt_failed,,
Ga2LiRu,0.743958,1.4098975511180123,743,1.4645744456970498,ok,5.738819845124904,7.90178145138043e-10
Ga2LiRu,0.743958,1.4098975511180123,744,1.3952164471847102,ok,5.7254934911091055,1.3196999049114309e-11
Ga2LiRu,0.743958,1.4098975511180123,745,1.1263477321343236,tilt_failed,,
Ga2LiRu,0.743958,1.4098975511180123,746,1.317350963511957,ok,5.78213049567625,3.3084646133829665e-14
Ga2LiRu,0.743958,1.4098975511180123,747,1.1167482788359062,tilt_failed,,
Ga2LiRu,0.743958,1.4098975511180123,748,1.694493506989641,ok,5.925388801346085,1.260924697987775e-10
Ga2LiRu,0.743958,1.4098975511180123,749,1.302262799573773,tilt_failed,,
Ga2LiRu,0.743958,1.4098975511180123,751,1.4302325000328937,ok,5.708359607374507,5.663149948986755e-10
Ga2LiRu,0.743958,1.4098975511180123,752,1.1843795937360242,tilt_failed,,
Ga2LiRu,0.743958,1.4098975511180123,753,1.2467991454991594,tilt_failed,,
Ga2LiRu,0.743958,1.4098975511180123,754,1.3084037010738316,tilt_failed,,
Ga2LiRu,0.743958,1.4098975511180123,755,1.127904637347318,tilt_failed,,
Ga2LiRu,0.743958,1.4098975511180123,756,1.1362818426184422,tilt_failed,,
Ga2LiRu,0.743958,1.4098975511180123,757,1.100802380846258,tilt_failed,,
Ga2LiRu,0.743958,1.4098975511180123,758,1.3949927741481365,ok,5.752622140355553,2.220446049250313e-16
Ga2LiRu,0.743958,1.4098975511180123,759,1.4183842994842466,ok,5.734060432976405,4.440892098500626e-16
Ga2LiRu,0.743958,1.4098975511180123,760,1.2102611209640577,tilt_failed,,
Ga2LiRu,0.743958,1.4098975511180123,761,1.2663314026180976,tilt_failed,,
Ga2LiRu,0.743958,1.4098975511180123,762,1.3777321774334297,ok,5.7254934911091055,1.1531691157529167e-09
Ga2LiRu,0.743958,1.4098975511180123,763,1.305145963756346,tilt_failed,,
Ga2LiRu,0.743958,1.4098975511180123,764,1.1478558696214831,tilt_failed,,
Ga2LiRu,0.743958,1.4098975511180123,765,1.1502605178984286,tilt_failed,,
Ga2LiRu,0.743958,1.4098975511180123,766,1.0838412212065316,tilt_failed,,
Ga2LiRu,0.743958,1.4098975511180123,767,1.1332403717730348,tilt_failed,,
Ga2LiRu,0.743958,1.4098975511180123,768,1.2320401148776583,tilt_failed,,
Ga2LiRu,0.743958,1.4098975511180123,769,1.2486667610503928,tilt_failed,,
Ga2LiRu,0.743958,1.4098975511180123,770,1.250848039528919,tilt_failed,,
Ga2LiRu,0.743958,1.4098975511180123,771,1.3936369998261762,ok,5.716450608026956,7.215716912867265e-11
Ga2LiRu,0.743958,1.4098975511180123,772,1.1205212158736564,tilt_failed,,
Ga2LiRu,0.743958,1.4098975511180123,773,1.3981100032596707,ok,5.759285317363452,3.313240792834904e-10
Ga2LiRu,0.743958,1.4098975511180123,774,1.2331029301613488,tilt_failed,,
Ga2LiRu,0.743958,1.4098975511180123,775,1.1555018982998198,tilt_failed,,
Ga2LiRu,0.743958,1.4098975511180123,776,1.2044493992086105,tilt_failed,,
Ga2LiRu,0.743958,1.4098975511180123,777,1.234105473032425,tilt_failed,,
Ga2LiRu,0.743958,1.4098975511180123,778,1.1570272559376111,tilt_failed,,
Ga2LiRu,0.743958,1.4098975511180123,779,1.1787220633212,tilt_failed,,
Ga2LiRu,0.743958,1.4098975511180123,780,1.1993280645351014,tilt_failed,,
Ga2LiRu,0.743958,1.4098975511180123,781,1.4811431690612211,ok,5.681706899342911,1.5864762836770294e-09
Ga2LiRu,0.743958,1.4098975511180123,782,1.1483026716648268,tilt_failed,,
Ga2LiRu,0.743958,1.4098975511180123,783,1.277439204456397,tilt_failed,,
Ga2LiRu,0.743958,1.4098975511180123,784,1.8278752279782176,ok,5.711215254663608,2.0983215165415459e-13
Ga2LiRu,0.743958,1.4098975511180123,785,1.1108773276310775,tilt_failed,,
Ga2LiRu,0.743958,1.4098975511180123,787,1.1244237018254992,tilt_failed,,
Ga2LiRu,0.743958,1.4098975511180123,788,1.3448207846155091,tilt_failed,,
Ga2LiRu,0.743958,1.4098975511180123,789,1.236080660105768,tilt_failed,,
Ga2LiRu,0.743958,1.4098975511180123,790,1.463730019930028,ok,5.727873197183356,6.5497918200208e-10
Ga2LiRu,0.743958,1.4098975511180123,791,1.3486661710751071,ok,5.78784179025445,5.2402526762307395e-14
Ga2LiRu,0.743958,1.4098975511180123,792,1.4998417781302211,ok,5.736916080265504,1.5543122344752194e-15
Ga2LiRu,0.743958,1.4098975511180123,793,1.262363712317896,tilt_failed,,
Ga2LiRu,0.743958,1.4098975511180123,794,1.648859186350943,ok,5.710739313448758,1.4426964067837387e-09
Ga2LiRu,0.743958,1.4098975511180123,795,1.457897167543866,ok,5.707407724944807,4.2676973066591017e-13
Ga2LiRu,0.743958,1.4098975511180123,796,1.0771268421274127,tilt_failed,,
Ga2LiRu,0.743958,1.4098975511180123,797,1.3019344124387546,tilt_failed,,
Ga2LiRu,0.743958,1.4098975511180123,798,1.5813757586167136,ok,5.764996611941652,1.659117287999834e-12
Ga2LiRu,0.743958,1.4098975511180123,799,1.7880193935350666,ok,5.7802267308168505,7.042366689802293e-12
Ga2LiRu,0.743958,1.4098975511180123,800,1.195687095530662,tilt_failed,,
Ga2LiRu,0.743958,1.4098975511180123,801,1.2236251517407148,tilt_failed,,
Ga2LiRu,0.743958,1.4098975511180123,802,1.0611425939610082,tilt_failed,,
Ga2LiRu,0.743958,1.4098975511180123,803,1.342126825185788,tilt_failed,,
Ga2LiRu,0.743958,1.4098975511180123,804,1.2612192930393813,tilt_failed,,
Ga2LiRu,0.743958,1.4098975511180123,806,1.1579681711987988,tilt_failed,,
Ga2LiRu,0.743958,1.4098975511180123,807,1.2870565508573726,tilt_failed,,
Ga2LiRu,0.743958,1.4098975511180123,808,1.1858657415896154,tilt_failed,,
Ga2LiRu,0.743958,1.4098975511180123,809,1.318700227235636,ok,5.740247668769454,1.262101534393878e-12
Ga2LiRu,0.743958,1.4098975511180123,810,1.3291901552686738,tilt_failed,,
Ga2LiRu,0.743958,1.4098975511180123,811,1.4888995687284132,ok,5.685990370276559,3.552713678800501e-15
Ga2LiRu,0.743958,1.4098975511180123,812,1.193489593933878,tilt_failed,,
Ga2LiRu,0.743958,1.4098975511180123,813,1.3317096472829055,ok,5.714070901952707,1.554312234475219e-14
Ga2LiRu,0.743958,1.4098975511180123,814,1.1474775913885171,tilt_failed,,
Ga2LiRu,0.743958,1.4098975511180123,815,1.2225593489689772,tilt_failed,,
Ga2LiRu,0.743958,1.4098975511180123,816,1.197729369049827,tilt_failed,,
Ga2LiRu,0.743958,1.4098975511180123,817,1.1334106835406128,tilt_failed,,
Ga2LiRu,0.743958,1.4098975511180123,818,1.165560238853013,tilt_failed,,
Ga2LiRu,0.743958,1.4098975511180123,819,1.198483176689656,tilt_failed,,
Ga2LiRu,0.743958,1.4098975511180123,820,1.0501245364790412,tilt_failed,,
Ga2LiRu,0.743958,1.4098975511180123,821,1.0636832133118437,tilt_failed,,
Ga2LiRu,0.743958,1.4098975511180123,822,1.0747872770621276,tilt_failed,,
Ga2LiRu,0.743958,1.4098975511180123,823,1.151419329299825,tilt_failed,,
HfRu2Ta,0.741946,1.0699845842885711,0,1.2495659770880998,ok,8.789503631034654,4.014566457044566e-13
HfRu2Ta,0.741946,1.0699845842885711,1,2.2706842351618963,ok,8.789503631034654,3.035384610328151e-09
HfRu2Ta,0.741946,1.0699845842885711,2,1.7162466041892894,ok,8.788141533229107,2.947830868293977e-10
HfRu2Ta,0.741946,1.0699845842885711,3,1.2264104119995611,ok,8.788141533229107,2.177147351289932e-12
HfRu2Ta,0.741946,1.0699845842885711,4,2.788503163011089,ok,8.787460484326333,3.1541236289456265e-10
HfRu2Ta,0.741946,1.0699845842885711,7,1.91973294543728,ok,8.809935098117835,1.887379141862766e-15
HfRu2Ta,0.741946,1.0699845842885711,8,1.2087205694286438,ok,8.788141533229107,1.1546319456101628e-14
HfRu2Ta,0.741946,1.0699845842885711,9,1.54220592830463,ok,8.786779435423561,1.392924886545188e-09
HfRu2Ta,0.741946,1.0699845842885711,10,1.2488199371162336,ok,8.78882258213188,6.394884621840903e-14
HfRu2Ta,0.741946,1.0699845842885711,11,1.6041167302560164,ok,8.795633071159607,7.750331931788423e-09
HfRu2Ta,0.741946,1.0699845842885711,12,1.7261148456153768,ok,8.788141533229107,5.007421144398451e-10
HfRu2Ta,0.741946,1.0699845842885711,13,1.790288721762513,ok,8.789503631034654,3.2933600291329407e-10
HfRu2Ta,0.741946,1.0699845842885711,14,1.9239252842736112,ok,8.787460484326333,1.7763568394002505e-15
HfRu2Ta,0.741946,1.0699845842885711,15,1.1274910127681486,ok,8.790184679937425,3.783340640772792e-09
HfRu2Ta,0.741946,1.0699845842885711,16,1.3560845507149728,ok,8.788141533229107,5.88418203051333e-14
HfRu2Ta,0.741946,1.0699845842885711,17,1.960211845904679,ok,8.786779435423561,4.9602544294202736e-12
HfRu2Ta,0.741946,1.0699845842885711,18,1.2270725297391634,ok,8.800400413479016,9.893916796954727e-10
HfRu2Ta,0.741946,1.0699845842885711,19,1.231716841418951,ok,8.786779435423561,7.223130982225712e-10
HfRu2Ta,0.741946,1.0699845842885711,20,1.617458444836998,ok,8.79154677774297,4.97614172090266e-10
HfRu2Ta,0.741946,1.0699845842885711,21,1.1014773083297704,ok,8.78882258213188,1.5987211554602254e-11
HfRu2Ta,0.741946,1.0699845842885711,22,1.2230707005175832,ok,8.795633071159607,6.733391622049112e-11
HfRu2Ta,0.741946,1.0699845842885711,23,1.5082805379061974,ok,8.799719364576243,7.0264571938594145e-09
HfRu2Ta,0.741946,1.0699845842885711,24,1.1107421871665006,ok,8.79154677774297,5.301300731730407e-09
HfRu2Ta,0.741946,1.0699845842885711,25,1.6580338897417757,ok,8.786098386520788,9.225953334635053e-14
HfRu2Ta,0.741946,1.0699845842885711,26,1.4011250231692336,ok,8.784736288715242,1.3934574605301009e-08
HfRu2Ta,0.741946,1.0699845842885711,27,1.1878485234326608,ok,8.786098386520788,2.0738966099997927e-13
HfRu2Ta,0.741946,1.0699845842885711,28,1.2809142917378686,ok,8.799719364576243,2.8643754035329045e-14
HfRu2Ta,0.741946,1.0699845842885711,29,1.14417114939594,ok,8.786779435423561,2.0921653298699996e-10
HfRu2Ta,0.741946,1.0699845842885711,30,1.279423498252087,ok,8.794952022256835,3.0396420935829838e-09
HfRu2Ta,0.741946,1.0699845842885711,31,1.127390982145868,ok,8.788141533229107,4.640732242933154e-14
HfRu2Ta,0.741946,1.0699845842885711,32,1.7694527128929365,ok,8.789503631034654,1.1549650125175503e-11
HfRu2Ta,0.741946,1.0699845842885711,33,1.9449744748383688,ok,8.786779435423561,1.2558865059020263e-09
HfRu2Ta,0.741946,1.0699845842885711,34,1.305458862284803,ok,8.79358992445129,5.467404307069046e-12
HfRu2Ta,0.741946,1.0699845842885711,35,1.14630375947696,ok,8.786779435423561,7.164735471576478e-11
HfRu2Ta,0.741946,1.0699845842885711,37,1.310178753577754,ok,8.790184679937425,4.5261128178708525e-11
HfRu2Ta,0.741946,1.0699845842885711,38,1.7442216691830636,ok,8.786779435423561,1.4943559722979671e-09
HfRu2Ta,0.741946,1.0699845842885711,39,1.1638444276297335,ok,8.788141533229107,1.153236173223604e-09
HfRu2Ta,0.741946,1.0699845842885711,40,1.4494239809659757,ok,8.784055239812469,2.885229832827463e-10
HfRu2Ta,0.741946,1.0699845842885711,41,1.8840287893421608,ok,8.855565374603607,1.535132021501795e-10
HfRu2Ta,0.741946,1.0699845842885711,42,1.351040894815895,ok,8.790184679937425,1.1216244599765446e-08
HfRu2Ta,0.741946,1.0699845842885711,43,1.4702120347057033,ok,8.788141533229107,5.353687049236555e-09
HfRu2Ta,0.741946,1.0699845842885711,44,1.8297438469304956,ok,8.794270973354061,3.7279512810073356e-11
HfRu2Ta,0.741946,1.0699845842885711,45,1.1493169231325773,ok,8.786779435423561,3.8635761256955454e-14
HfRu2Ta,0.741946,1.0699845842885711,46,1.28602635845907,ok,8.786779435423561,4.67379912549859e-10
HfRu2Ta,0.741946,1.0699845842885711,47,1.2238275409651755,ok,8.785417337618016,8.652567551337143e-11
HfRu2Ta,0.741946,1.0699845842885711,48,1.2894190733474804,ok,8.790184679937425,9.563683178726023e-12
HfRu2Ta,0.741946,1.0699845842885711,49,1.177109438002338,ok,8.796995168965152,2.0949530998848326e-10
HfRu2Ta,0.741946,1.0699845842885711,50,1.2680247255034056,ok,8.786779435423561,1.3239631613259915e-11
HfRu2Ta,0.741946,1.0699845842885711,51,1.1791416494237867,ok,8.789503631034654,2.6704594091597755e-10
HfRu2Ta,0.741946,1.0699845842885711,52,1.3362714590165126,ok,8.795633071159607,8.215650382226158e-15
HfRu2Ta,0.741946,1.0699845842885711,53,1.9706092067997636,ok,8.789503631034654,2.253752739989068e-14
HfRu2Ta,0.741946,1.0699845842885711,54,1.5184273841127949,ok,8.817426636048335,8.466005674279131e-12
HfRu2Ta,0.741946,1.0699845842885711,55,1.280423850703025,ok,8.790865728840199,3.415251637051142e-09
HfRu2Ta,0.741946,1.0699845842885711,56,1.502562458544429,ok,8.829004467395473,2.2813371192142995e-09
HfRu2Ta,0.741946,1.0699845842885711,57,1.2200550756937456,ok,8.788141533229107,2.8688162956314045e-13
HfRu2Ta,0.741946,1.0699845842885711,58,1.2345136582655487,ok,8.790184679937425,9.947598300641405e-14
HfRu2Ta,0.741946,1.0699845842885711,59,1.0660111121143323,ok,8.79631412006238,4.048316681881658e-09
HfRu2Ta,0.741946,1.0699845842885711,60,1.3418071048269182,ok,8.788141533229107,2.355893258254582e-13
HfRu2Ta,0.741946,1.0699845842885711,61,1.1896608565745292,ok,8.786779435423561,3.5083047578154947e-14
HfRu2Ta,0.741946,1.0699845842885711,62,1.4185845019768744,ok,8.790865728840199,1.6830314919502598e-11
HfRu2Ta,0.741946,1.0699845842885711,63,1.2985196416877565,ok,8.790184679937425,5.3264337385172675e-09
HfRu2Ta,0.741946,1.0699845842885711,64,1.115432932623103,ok,8.786779435423561,3.008704396734174e-14
HfRu2Ta,0.741946,1.0699845842885711,65,1.3555050736729355,ok,8.794270973354061,1.908807778505661e-09
HfRu2Ta,0.741946,1.0699845842885711,66,1.1061142576035432,ok,8.78882258213188,3.9936409734764306e-10
HfRu2Ta,0.741946,1.0699845842885711,67,1.2536100867170448,ok,8.794270973354061,2.220446049250313e-15
HfRu2Ta,0.741946,1.0699845842885711,68,1.3984362609311425,ok,8.78882258213188,3.1870062144889744e-12
HfRu2Ta,0.741946,1.0699845842885711,69,1.187244556731469,ok,8.804486706895652,8.784533100936186e-10
HfRu2Ta,0.741946,1.0699845842885711,70,1.1889132929168749,ok,8.788141533229107,4.65605776156508e-09
HfRu2Ta,0.741946,1.0699845842885711,71,1.090596341240824,ok,8.78882258213188,2.26929586233382e-13
HfRu2Ta,0.741946,1.0699845842885711,72,1.4536873675875346,tilt_failed,,
HfRu2Ta,0.741946,1.0699845842885711,73,1.1491232568634893,ok,8.795633071159607,3.104627666061788e-12
HfRu2Ta,0.741946,1.0699845842885711,74,1.5519461116386573,ok,8.812659293728927,1.0991207943789051e-13
HfRu2Ta,0.741946,1.0699845842885711,75,1.213740225956765,ok,8.786098386520788,1.7502066462782295e-10
HfRu2Ta,0.741946,1.0699845842885711,76,1.483452949667594,ok,8.792227826645744,1.825894990759025e-11
HfRu2Ta,0.741946,1.0699845842885711,77,2.029600064598912,ok,8.860332716923017,2.3541835147966594e-11
HfRu2Ta,0.741946,1.0699845842885711,78,1.1109698597582736,ok,8.790865728840199,7.824851877558103e-13
HfRu2Ta,0.741946,1.0699845842885711,79,1.1378123861639873,ok,8.790184679937425,1.4930168212856643e-11
HfRu2Ta,0.741946,1.0699845842885711,80,1.089164398668054,ok,8.788141533229107,5.810326331179283e-09
HfRu2Ta,0.741946,1.0699845842885711,81,1.310076556917332,ok,8.786098386520788,1.885158695813516e-13
HfRu2Ta,0.741946,1.0699845842885711,82,1.1809358978696127,ok,8.790865728840199,9.31412724725078e-10
HfRu2Ta,0.741946,1.0699845842885711,83,1.272923944182704,ok,8.784055239812469,7.149836278586008e-14
HfRu2Ta,0.741946,1.0699845842885711,84,1.692929560488284,ok,8.787460484326333,3.3740787941383126e-11
HfRu2Ta,0.741946,1.0699845842885711,86,1.6552762156375826,ok,8.833771809714882,1.603162047558726e-13
HfRu2Ta,0.741946,1.0699845842885711,87,1.5277331202443705,ok,8.794270973354061,4.8079540349021954e-11
HfRu2Ta,0.741946,1.0699845842885711,88,1.180031941817787,ok,8.78882258213188,4.817017895675234e-10
HfRu2Ta,0.741946,1.0699845842885711,89,1.4650364878146038,ok,8.794270973354061,8.881784197001252e-16
HfRu2Ta,0.741946,1.0699845842885711,90,1.8204379516510836,ok,8.792908875548516,2.1472001954236927e-10
HfRu2Ta,0.741946,1.0699845842885711,91,1.1367427913444363,ok,8.794270973354061,7.076741637135342e-09
HfRu2Ta,0.741946,1.0699845842885711,92,1.4580521646341924,ok,8.790184679937425,1.968203378055477e-12
HfRu2Ta,0.741946,1.0699845842885711,93,1.4025405990429631,tilt_failed,,
HfRu2Ta,0.741946,1.0699845842885711,94,1.1734459764579346,ok,8.790865728840199,8.565370634983084e-13
HfRu2Ta,0.741946,1.0699845842885711,95,1.188588702972832,ok,8.789503631034654,3.5061376024714264e-10
HfRu2Ta,0.741946,1.0699845842885711,96,1.183748064018879,ok,8.79358992445129,7.687184222504584e-13
HfRu2Ta,0.741946,1.0699845842885711,97,1.6691354279943689,ok,8.785417337618016,4.4326141646067185e-09
HfRu2Ta,0.741946,1.0699845842885711,98,1.527407357159413,ok,8.787460484326333,1.7378701810955022e-08
HfRu2Ta,0.741946,1.0699845842885711,99,1.349041702506478,ok,8.790865728840199,7.882583474838611e-13
HfRu2Ta,0.741946,1.0699845842885711,100,1.2686733725284691,ok,8.786098386520788,5.313725015554381e-10
HfRu2Ta,0.741946,1.0699845842885711,101,1.1952692111054526,ok,8.79358992445129,3.517675040143331e-11
HfRu2Ta,0.741946,1.0699845842885711,102,1.6428132221391716,ok,8.790184679937425,1.0691447727140257e-13
HfRu2Ta,0.741946,1.0699845842885711,103,1.4789924766230378,ok,8.815383489340018,2.502442697505103e-12
HfRu2Ta,0.741946,1.0699845842885711,104,1.604887959148538,ok,8.789503631034654,1.7441856847710822e-09
HfRu2Ta,0.741946,1.0699845842885711,105,1.257899489985736,ok,8.790865728840199,5.309503947614758e-10
HfRu2Ta,0.741946,1.0699845842885711,106,1.5614412208311628,ok,8.787460484326333,1.5013439380595626e-09
HfRu2Ta,0.741946,1.0699845842885711,107,1.081495084123776,ok,8.786098386520788,5.03597163969971e-13
HfRu2Ta,0.741946,1.0699845842885711,108,1.343766994610735,ok,8.803124609090107,1.5689982646449607e-10
HfRu2Ta,0.741946,1.0699845842885711,109,1.358340283522718,ok,8.809254049215061,7.209592922663433e-10
HfRu2Ta,0.741946,1.0699845842885711,110,1.575061788917229,ok,8.78882258213188,2.677857935395878e-13
HfRu2Ta,0.741946,1.0699845842885711,111,1.436442909832728,ok,8.786779435423561,1.2128054116544718e-10
HfRu2Ta,0.741946,1.0699845842885711,112,1.1518957122218951,ok,8.794270973354061,6.439293542825908e-14
HfRu2Ta,0.741946,1.0699845842885711,113,1.5055184596021824,ok,8.788141533229107,3.389510894180603e-12
HfRu2Ta,0.741946,1.0699845842885711,114,1.0987198766030724,ok,8.786098386520788,1.4540714188271407e-09
HfRu2Ta,0.741946,1.0699845842885711,115,1.5235038680298332,ok,8.787460484326333,4.941602682606572e-13
HfRu2Ta,0.741946,1.0699845842885711,116,1.333078688177768,ok,8.788141533229107,9.710616755143062e-10
HfRu2Ta,0.741946,1.0699845842885711,117,1.2540089392677942,ok,8.787460484326333,3.4208191834750323e-10
HfRu2Ta,0.741946,1.0699845842885711,118,1.143882983505564,ok,8.790865728840199,3.1086244689504387e-15
HfRu2Ta,0.741946,1.0699845842885711,119,1.3704393263599983,ok,8.788141533229107,8.437694987151191e-15
HfRu2Ta,0.741946,1.0699845842885711,120,1.144395344691357,ok,8.789503631034654,1.3011813848606837e-13
HfRu2Ta,0.741946,1.0699845842885711,121,1.1807788573901603,ok,8.788141533229107,8.681944052568724e-14
HfRu2Ta,0.741946,1.0699845842885711,122,1.2887006971178392,ok,8.797676217867926,7.149836278586008e-14
HfRu2Ta,0.741946,1.0699845842885711,123,1.189762463715359,ok,8.788141533229107,1.5279408849266927e-09
HfRu2Ta,0.741946,1.0699845842885711,124,1.610495299143263,ok,8.788141533229107,1.0880185641326534e-14
HfRu2Ta,0.741946,1.0699845842885711,125,1.411138629723674,ok,8.790184679937425,3.580181706652752e-09
HfRu2Ta,0.741946,1.0699845842885711,126,1.3527309829010998,ok,8.78882258213188,1.4709315987460059e-09
HfRu2Ta,0.741946,1.0699845842885711,127,1.4372470134748845,ok,8.788141533229107,1.2220002787444171e-11
HfRu2Ta,0.741946,1.0699845842885711,128,1.2414276531930049,ok,8.79154677774297,9.22151244253655e-13
HfRu2Ta,0.741946,1.0699845842885711,129,1.224222092828324,ok,8.790184679937425,1.8786283639826704e-10
HfRu2Ta,0.741946,1.0699845842885711,130,1.3959931932380203,ok,8.789503631034654,1.2612133559741778e-13
HfRu2Ta,0.741946,1.0699845842885711,131,1.1674348404826378,ok,8.786779435423561,2.788973496592462e-10
HfRu2Ta,0.741946,1.0699845842885711,132,1.230716631784396,ok,8.790865728840199,5.5007998156497706e-11
HfRu2Ta,0.741946,1.0699845842885711,133,1.915369861410412,ok,8.790184679937425,2.8044233602031454e-13
HfRu2Ta,0.741946,1.0699845842885711,134,1.2107274137413238,ok,8.789503631034654,1.6608936448392344e-13
HfRu2Ta,0.741946,1.0699845842885711,135,1.266400074302206,ok,8.790865728840199,7.791500777898364e-11
HfRu2Ta,0.741946,1.0699845842885711,136,2.0072148055446664,ok,8.790184679937425,7.105427357601002e-15
HfRu2Ta,0.741946,1.0699845842885711,137,1.2307455302633798,ok,8.78882258213188,2.5565238814806435e-10
HfRu2Ta,0.741946,1.0699845842885711,138,1.4948158524550723,ok,8.788141533229107,7.882900998623653e-10
HfRu2Ta,0.741946,1.0699845842885711,139,1.4394343085446633,ok,8.792227826645744,3.932409953222305e-13
HfRu2Ta,0.741946,1.0699845842885711,140,1.208104391913723,ok,8.787460484326333,3.774758283725532e-15
HfRu2Ta,0.741946,1.0699845842885711,141,1.2125461951624,ok,8.794952022256835,8.485449454198601e-09
HfRu2Ta,0.741946,1.0699845842885711,142,1.3621005063639018,ok,8.786098386520788,1.554312234475219e-14
HfRu2Ta,0.741946,1.0699845842885711,143,1.304415160359255,ok,8.78882258213188,8.613033175564055e-09
HfRu2Ta,0.741946,1.0699845842885711,144,1.139162767366352,ok,8.790865728840199,9.172141157698377e-09
HfRu2Ta,0.741946,1.0699845842885711,145,1.1809791869368715,ok,8.789503631034654,1.8249135536052563e-10
HfRu2Ta,0.741946,1.0699845842885711,146,1.1077392885831656,ok,8.79358992445129,9.048317650695027e-13
HfRu2Ta,0.741946,1.0699845842885711,147,1.5212991981750854,ok,8.783374190909695,3.1287461510487447e-10
HfRu2Ta,0.741946,1.0699845842885711,148,1.4085606637291097,ok,8.788141533229107,2.3092638912203256e-14
HfRu2Ta,0.741946,1.0699845842885711,149,1.1147076984090545,ok,8.79154677774297,4.123257291155369e-12
HfRu2Ta,0.741946,1.0699845842885711,150,1.465561536960908,ok,8.786098386520788,3.994138353391463e-12
HfRu2Ta,0.741946,1.0699845842885711,151,1.778288711625336,ok,8.78882258213188,2.398081733190338e-14
HfRu2Ta,0.741946,1.0699845842885711,152,1.2889213397543615,ok,8.788141533229107,6.801670338063558e-10
HfRu2Ta,0.741946,1.0699845842885711,153,1.43422242156877,ok,8.788141533229107,9.161782443811715e-12
HfRu2Ta,0.741946,1.0699845842885711,154,1.2790711157260268,ok,8.79903831567347,1.7577050925865478e-12
HfRu2Ta,0.741946,1.0699845842885711,155,1.1949958360842703,ok,8.804486706895652,1.5920348372944202e-09
HfRu2Ta,0.741946,1.0699845842885711,156,1.392559330649519,ok,8.782693142006924,1.9262369477246466e-13
HfRu2Ta,0.741946,1.0699845842885711,157,2.0146862980231384,tilt_failed,,
HfRu2Ta,0.741946,1.0699845842885711,158,1.2291977529804377,ok,8.790184679937425,9.522780342052783e-10
HfRu2Ta,0.741946,1.0699845842885711,159,1.4098975511180123,ok,8.792227826645744,1.5543122344752194e-15
HfRu2Ta,0.741946,1.0699845842885711,160,1.3466578054063896,ok,8.788141533229107,2.6324054047677237e-10
HfRu2Ta,0.741946,1.0699845842885711,161,1.4437610677371713,ok,8.790865728840199,3.4199310050553322e-12
HfRu2Ta,0.741946,1.0699845842885711,162,1.3847319099428506,ok,8.790184679937425,3.091304989766286e-12
HfRu2Ta,0.741946,1.0699845842885711,163,1.3262402355053773,ok,8.789503631034654,6.0981220073585965e-12
HfRu2Ta,0.741946,1.0699845842885711,164,1.1306879890665755,ok,8.784736288715242,8.548717289613705e-15
HfRu2Ta,0.741946,1.0699845842885711,165,1.5011901098702691,ok,8.790184679937425,4.307376677559205e-11
HfRu2Ta,0.741946,1.0699845842885711,166,1.163640736073686,ok,8.787460484326333,4.0217962293809246e-10
HfRu2Ta,0.741946,1.0699845842885711,167,1.437761502755005,ok,8.790184679937425,2.588903313949231e-09
HfRu2Ta,0.741946,1.0699845842885711,168,1.1696486834562227,ok,8.786098386520788,1.1211974015878924e-08
HfRu2Ta,0.741946,1.0699845842885711,169,1.0749564463438346,ok,8.78882258213188,8.393814532325904e-10
HfRu2Ta,0.741946,1.0699845842885711,170,1.361803227221554,ok,8.787460484326333,2.681692645722933e-10
HfRu2Ta,0.741946,1.0699845842885711,171,1.1735767108156834,ok,8.794270973354061,1.028066520802895e-11
HfRu2Ta,0.741946,1.0699845842885711,172,1.2153105527004917,ok,8.79154677774297,4.884981308350689e-15
HfRu2Ta,0.741946,1.0699845842885711,173,1.1474876084722654,ok,8.790865728840199,8.368290727034378e-09
HfRu2Ta,0.741946,1.0699845842885711,174,1.4111318283749357,ok,8.78882258213188,2.48245868306185e-13
HfRu2Ta,0.741946,1.0699845842885711,175,1.0688908404978614,ok,8.795633071159607,1.2778667013435554e-13
HfRu2Ta,0.741946,1.0699845842885711,176,1.3773264423154874,ok,8.79358992445129,1.8394175071989598e-12
HfRu2Ta,0.741946,1.0699845842885711,177,1.08263932881456,ok,8.788141533229107,1.9619078583943406e-09
HfRu2Ta,0.741946,1.0699845842885711,178,1.1739198743217023,ok,8.789503631034654,2.5379698342931084e-13
HfRu2Ta,0.741946,1.0699845842885711,179,1.0942454571100102,ok,8.786779435423561,3.1076474726887675e-11
HfRu2Ta,0.741946,1.0699845842885711,180,1.1890158521657803,ok,8.789503631034654,1.61647806251608e-09
HfRu2Ta,0.741946,1.0699845842885711,181,1.3029027784610538,ok,8.786779435423561,1.491828882649315e-11
HfRu2Ta,0.741946,1.0699845842885711,182,1.2152116774250383,ok,8.785417337618016,1.1435297153639112e-14
HfRu2Ta,0.741946,1.0699845842885711,183,1.1362457556679368,ok,8.785417337618016,1.0989764653857035e-11
HfRu2Ta,0.741946,1.0699845842885711,184,1.130157039069779,ok,8.794952022256835,2.886579864025407e-15
HfRu2Ta,0.741946,1.0699845842885711,185,1.3619305641256605,ok,8.794952022256835,1.632681989605089e-09
HfRu2Ta,0.741946,1.0699845842885711,186,1.7866098777593449,ok,8.784055239812469,7.015272251997828e-09
HfRu2Ta,0.741946,1.0699845842885711,187,1.2106070966716411,ok,8.794952022256835,1.5336398817566987e-11
HfRu2Ta,0.741946,1.0699845842885711,188,1.1702211910012936,ok,8.788141533229107,2.5180995066875766e-09
HfRu2Ta,0.741946,1.0699845842885711,189,1.3859855782588169,ok,8.788141533229107,2.9525271116881413e-12
HfRu2Ta,0.741946,1.0699845842885711,190,1.3071560126575426,ok,8.787460484326333,3.4426594908154584e-10
HfRu2Ta,0.741946,1.0699845842885711,191,1.2391387765366944,ok,8.792227826645744,1.0484835222257516e-11
HfRu2Ta,0.741946,1.0699845842885711,192,1.1338062824699524,ok,8.797676217867926,7.065459328714496e-13
HfRu2Ta,0.741946,1.0699845842885711,193,1.3229109531003695,ok,8.792908875548516,1.207307587236528e-10
HfRu2Ta,0.741946,1.0699845842885711,194,1.2566149825846944,ok,8.794270973354061,1.7344792269113896e-11
HfRu2Ta,0.741946,1.0699845842885711,195,1.1592174401246005,ok,8.787460484326333,7.334461926689072e-10
HfRu2Ta,0.741946,1.0699845842885711,196,1.22891909207467,ok,8.790865728840199,5.787454071537468e-09
HfRu2Ta,0.741946,1.0699845842885711,197,1.1520028579943609,ok,8.790865728840199,3.247624391633508e-12
HfRu2Ta,0.741946,1.0699845842885711,198,1.1968238241844789,ok,8.790184679937425,1.2197565180116499e-10
HfRu2Ta,0.741946,1.0699845842885711,199,1.1699724372925584,ok,8.79154677774297,1.9943824369761387e-11
HfRu2Ta,0.741946,1.0699845842885711,200,1.1758533730359604,ok,8.79358992445129,7.149836278586008e-14
HfRu2Ta,0.741946,1.0699845842885711,201,1.342907166956666,ok,8.790865728840199,3.119024372111312e-09
HfRu2Ta,0.741946,1.0699845842885711,202,1.3737057563015538,ok,8.792227826645744,2.75709344244035e-09
HfRu2Ta,0.741946,1.0699845842885711,203,1.1711131798216483,ok,8.786779435423561,1.2606502064471671e-08
HfRu2Ta,0.741946,1.0699845842885711,205,1.1570428018565817,ok,8.788141533229107,6.353806369929771e-13
HfRu2Ta,0.741946,1.0699845842885711,206,1.213185281735262,ok,8.79631412006238,4.0210945684293615e-10
HfRu2Ta,0.741946,1.0699845842885711,207,1.454830958553857,ok,8.786779435423561,5.535594205241523e-11
HfRu2Ta,0.741946,1.0699845842885711,208,1.1445793727955855,ok,8.790865728840199,1.84376958145549e-11
HfRu2Ta,0.741946,1.0699845842885711,209,1.3594724772282143,ok,8.786779435423561,3.404928228256665e-09
HfRu2Ta,0.741946,1.0699845842885711,210,1.3993969673684326,ok,8.786779435423561,4.060179771281369e-07
HfRu2Ta,0.741946,1.0699845842885711,211,1.3193362365046746,ok,8.788141533229107,8.354752667472098e-09
HfRu2Ta,0.741946,1.0699845842885711,212,1.0923587376044432,ok,8.792908875548516,3.211864108010332e-11
HfRu2Ta,0.741946,1.0699845842885711,213,1.5349021026957292,ok,8.788141533229107,1.139762284552148e-09
HfRu2Ta,0.741946,1.0699845842885711,214,1.6340348762511054,ok,8.789503631034654,3.359756917120649e-12
HfRu2Ta,0.741946,1.0699845842885711,215,1.331084395822535,ok,8.796995168965152,5.83122439223871e-12
HfRu2Ta,0.741946,1.0699845842885711,216,1.3707452381475895,ok,8.787460484326333,1.6337864394699864e-10
HfRu2Ta,0.741946,1.0699845842885711,217,1.166656266846943,ok,8.79154677774297,1.4724266250709659e-10
HfRu2Ta,0.741946,1.0699845842885711,219,1.1421813151806643,ok,8.788141533229107,9.653389199115736e-13
HfRu2Ta,0.741946,1.0699845842885711,220,1.2892005959333244,ok,8.784736288715242,5.3290705182007506e-15
HfRu2Ta,0.741946,1.0699845842885711,221,1.1354651202569948,ok,8.790865728840199,2.137290344705889e-12
HfRu2Ta,0.741946,1.0699845842885711,222,1.6637425118184814,ok,8.796995168965152,1.8389734179891093e-12
HfRu2Ta,0.741946,1.0699845842885711,223,1.0834378978178485,ok,8.790184679937425,7.204405960692384e-10
HfRu2Ta,0.741946,1.0699845842885711,224,1.639569113494013,ok,8.782693142006924,3.008704396734174e-14
HfRu2Ta,0.741946,1.0699845842885711,225,1.192358197028064,ok,8.787460484326333,4.5699000139620685e-12
HfRu2Ta,0.741946,1.0699845842885711,226,1.2700329486781816,ok,8.788141533229107,5.842983874515538e-10
HfRu2Ta,0.741946,1.0699845842885711,227,1.2446412551586832,ok,8.797676217867926,8.881784197001252e-16
HfRu2Ta,0.741946,1.0699845842885711,228,1.223494580669506,ok,8.79154677774297,3.719247132494274e-14
HfRu2Ta,0.741946,1.0699845842885711,229,1.3120751034636031,ok,8.786098386520788,7.494576292899069e-09
HfRu2Ta,0.741946,1.0699845842885711,230,1.297968233710469,ok,8.787460484326333,3.6598635233531235e-10
HfRu2Ta,0.741946,1.0699845842885711,231,1.4521294238640576,ok,8.78882258213188,2.745348393062841e-11
HfRu2Ta,0.741946,1.0699845842885711,232,1.3388972283626686,ok,8.786779435423561,7.946976410266872e-13
HfRu2Ta,0.741946,1.0699845842885711,233,1.2294966337985014,ok,8.78882258213188,2.806643806252396e-12
HfRu2Ta,0.741946,1.0699845842885711,234,1.3367577334805305,ok,8.788141533229107,6.632916438320535e-12
HfRu2Ta,0.741946,1.0699845842885711,235,1.3456178525399525,ok,8.785417337618016,2.2937962640412477e-10
HfRu2Ta,0.741946,1.0699845842885711,236,1.5347393946965364,ok,8.784736288715242,1.3210810223540648e-10
HfRu2Ta,0.741946,1.0699845842885711,237,1.372552847769868,ok,8.788141533229107,2.276712152138316e-11
HfRu2Ta,0.741946,1.0699845842885711,238,1.2078153338483466,ok,8.789503631034654,5.773159728050814e-15
HfRu2Ta,0.741946,1.0699845842885711,239,1.136799695865502,ok,8.787460484326333,2.3095081402857428e-11
HfRu2Ta,0.741946,1.0699845842885711,240,1.2336936226850277,ok,8.787460484326333,5.122569035620472e-13
HfRu2Ta,0.741946,1.0699845842885711,241,1.3908392611094291,ok,8.802443560187333,2.990607761432784e-11
HfRu2Ta,0.741946,1.0699845842885711,242,1.1380664305711543,ok,8.788141533229107,2.02688421602204e-10
HfRu2Ta,0.741946,1.0699845842885711,243,1.4565967152004815,ok,8.790184679937425,8.727463196578356e-12
HfRu2Ta,0.741946,1.0699845842885711,244,1.548177238737785,ok,8.784055239812469,1.903138091563505e-09
HfRu2Ta,0.741946,1.0699845842885711,245,1.080626628016535,ok,8.790865728840199,4.941602682606572e-13
HfRu2Ta,0.741946,1.0699845842885711,246,1.680666722983827,ok,8.785417337618016,4.2808867561916486e-10
HfRu2Ta,0.741946,1.0699845842885711,247,1.6023410315738544,ok,8.798357266770697,4.669598041573408e-13
HfRu2Ta,0.741946,1.0699845842885711,248,1.280188717801789,ok,8.786098386520788,2.588151915006165e-12
HfRu2Ta,0.741946,1.0699845842885711,249,1.1619572733578234,ok,8.788141533229107,2.6774138461860275e-10
HfRu2Ta,0.741946,1.0699845842885711,250,1.6241687379889749,ok,8.789503631034654,1.4436252193661403e-10
HfRu2Ta,0.741946,1.0699845842885711,251,1.407138046146224,ok,8.792908875548516,4.549693954913893e-13
HfRu2Ta,0.741946,1.0699845842885711,252,1.1634444275069369,ok,8.790865728840199,1.8747225993820397e-12
HfRu2Ta,0.741946,1.0699845842885711,253,1.145372048940466,ok,8.801762511284561,1.1225409490833727e-09
HfRu2Ta,0.741946,1.0699845842885711,254,1.2480675339326317,ok,8.787460484326333,1.1746159600534156e-13
HfRu2Ta,0.741946,1.0699845842885711,255,1.3171597627074,ok,8.790865728840199,7.540991608934178e-09
HfRu2Ta,0.741946,1.0699845842885711,256,1.3561775969891958,ok,8.809935098117835,2.5273116932567063e-12
HfRu2Ta,0.741946,1.0699845842885711,257,1.2394352500850188,ok,8.788141533229107,2.2552182343815727e-10
HfRu2Ta,0.741946,1.0699845842885711,258,1.637894953676489,ok,8.784055239812469,1.4232481859721702e-10
HfRu2Ta,0.741946,1.0699845842885711,259,1.5415246566853025,ok,8.790184679937425,6.687539411132093e-12
HfRu2Ta,0.741946,1.0699845842885711,260,1.1629476523510325,ok,8.787460484326333,1.2526868431450566e-10
HfRu2Ta,0.741946,1.0699845842885711,261,1.0955162848962736,ok,8.789503631034654,3.97088883996588e-09
HfRu2Ta,0.741946,1.0699845842885711,262,1.0975952055705966,ok,8.786779435423561,7.554236125528745e-10
HfRu2Ta,0.741946,1.0699845842885711,263,1.4034793707473985,ok,8.801762511284561,8.125654593627019e-10
HfRu2Ta,0.741946,1.0699845842885711,264,1.1781617188091416,ok,8.786098386520788,5.863975971465152e-12
HfRu2Ta,0.741946,1.0699845842885711,265,1.390207366972563,ok,8.788141533229107,1.0135995376359121e-08
HfRu2Ta,0.741946,1.0699845842885711,266,1.1866622396078237,ok,8.78882258213188,5.465843111451818e-09
HfRu2Ta,0.741946,1.0699845842885711,267,1.1944758847773556,ok,8.789503631034654,7.804017432277988e-10
HfRu2Ta,0.741946,1.0699845842885711,268,1.2652190542882067,ok,8.788141533229107,1.7275292307772358e-10
HfRu2Ta,0.741946,1.0699845842885711,269,1.4254635342071718,ok,8.79154677774297,5.1514348342607263e-14
HfRu2Ta,0.741946,1.0699845842885711,270,1.343134553718497,ok,8.799719364576243,6.561999610354974e-09
HfRu2Ta,0.741946,1.0699845842885711,271,1.3767236353889774,ok,8.786098386520788,3.1086244689504387e-15
HfRu2Ta,0.741946,1.0699845842885711,272,1.1123357058084111,ok,8.800400413479016,2.7345088415842156e-09
HfRu2Ta,0.741946,1.0699845842885711,273,1.4168121091716548,ok,8.789503631034654,5.2402526762307395e-14
HfRu2Ta,0.741946,1.0699845842885711,274,1.502616219596946,ok,8.790865728840199,5.829337013096847e-12
HfRu2Ta,0.741946,1.0699845842885711,275,1.2285917591153783,ok,8.787460484326333,4.444888901389277e-12
HfRu2Ta,0.741946,1.0699845842885711,276,1.2002689769020587,ok,8.788141533229107,1.3015291400186868e-08
HfRu2Ta,0.741946,1.0699845842885711,277,1.302667296554906,ok,8.797676217867926,1.609823385706477e-13
HfRu2Ta,0.741946,1.0699845842885711,278,1.4852332540144135,ok,8.803124609090107,1.695088513997689e-12
HfRu2Ta,0.741946,1.0699845842885711,279,1.3858827829562197,ok,8.792908875548516,1.2243539515566226e-12
HfRu2Ta,0.741946,1.0699845842885711,280,1.204496744127414,ok,8.790865728840199,3.4103855295342104e-09
HfRu2Ta,0.741946,1.0699845842885711,281,1.238996724981717,ok,8.79903831567347,4.969997746684385e-10
HfRu2Ta,0.741946,1.0699845842885711,282,1.2101433517951088,ok,8.786779435423561,1.481259559454884e-12
HfRu2Ta,0.741946,1.0699845842885711,283,1.160886390548463,ok,8.79903831567347,6.128431095930864e-14
HfRu2Ta,0.741946,1.0699845842885711,284,1.0712993897941343,ok,8.787460484326333,2.774447338538266e-13
HfRu2Ta,0.741946,1.0699845842885711,286,1.147957650854384,ok,8.79358992445129,6.217248937900877e-15
HfRu2Ta,0.741946,1.0699845842885711,287,1.3506629482712298,ok,8.78882258213188,3.549667226820929e-10
HfRu2Ta,0.741946,1.0699845842885711,288,1.3733169691241391,ok,8.794952022256835,4.812594767145129e-12
HfRu2Ta,0.741946,1.0699845842885711,289,1.1352000177616108,ok,8.78882258213188,1.3100631690576847e-14
HfRu2Ta,0.741946,1.0699845842885711,291,1.3762486528236826,ok,8.795633071159607,1.2452194830814278e-10
HfRu2Ta,0.741946,1.0699845842885711,292,1.192245182172459,ok,8.790184679937425,2.5081714483121686e-10
HfRu2Ta,0.741946,1.0699845842885711,293,1.1904444218079908,ok,8.786779435423561,5.3403899080706205e-09
HfRu2Ta,0.741946,1.0699845842885711,294,1.149568554521543,ok,8.788141533229107,1.4118384239480974e-10
HfRu2Ta,0.741946,1.0699845842885711,295,1.0830228085601894,ok,8.792227826645744,2.372102514414109e-11
HfRu2Ta,0.741946,1.0699845842885711,296,1.6428727676551007,ok,8.839901249839837,8.493206138382449e-14
HfRu2Ta,0.741946,1.0699845842885711,297,1.3153787662995997,ok,8.790865728840199,1.0705691888546196e-09
HfRu2Ta,0.741946,1.0699845842885711,298,1.546156860171355,ok,8.801081462381788,1.6251844314751906e-10
HfRu2Ta,0.741946,1.0699845842885711,299,1.1303484304213467,ok,8.78882258213188,1.5802914532514478e-12
HfRu2Ta,0.741946,1.0699845842885711,300,1.1358105762881288,ok,8.789503631034654,1.3961976019771782e-10
HfRu2Ta,0.741946,1.0699845842885711,301,1.1203710110134677,ok,8.802443560187333,4.431159439377552e-09
HfRu2Ta,0.741946,1.0699845842885711,302,1.1659907139018306,ok,8.790184679937425,2.09010586615932e-12
HfRu2Ta,0.741946,1.0699845842885711,303,1.2387421296396957,ok,8.785417337618016,4.672078057765816e-09
HfRu2Ta,0.741946,1.0699845842885711,304,1.2173154420689452,ok,8.809254049215061,3.419486915845482e-14
HfRu2Ta,0.741946,1.0699845842885711,305,1.155896555708419,ok,8.790865728840199,1.6332490915260678e-12
HfRu2Ta,0.741946,1.0699845842885711,306,1.825819674466264,ok,8.787460484326333,2.303934820702125e-12
HfRu2Ta,0.741946,1.0699845842885711,307,1.1436358108272733,ok,8.786779435423561,2.1615433887234303e-09
HfRu2Ta,0.741946,1.0699845842885711,308,1.1480605101444028,ok,8.79154677774297,7.172040739078511e-14
HfRu2Ta,0.741946,1.0699845842885711,309,1.1982749686549097,ok,8.790865728840199,1.6822987447540072e-11
HfRu2Ta,0.741946,1.0699845842885711,310,1.6516077338534148,ok,8.784055239812469,1.7858492462607956e-11
HfRu2Ta,0.741946,1.0699845842885711,311,1.3152829920740927,ok,8.78882258213188,5.190861074311215e-10
HfRu2Ta,0.741946,1.0699845842885711,312,1.1979141060348637,ok,8.783374190909695,4.302780354237257e-12
HfRu2Ta,0.741946,1.0699845842885711,313,1.172221976858001,ok,8.788141533229107,1.0469267675006222e-09
HfRu2Ta,0.741946,1.0699845842885711,314,1.0918696604343066,ok,8.788141533229107,9.741521256323438e-09
HfRu2Ta,0.741946,1.0699845842885711,315,1.1608814571758117,ok,8.78882258213188,1.0964829044723956e-10
HfRu2Ta,0.741946,1.0699845842885711,316,1.3487329521883222,ok,8.794952022256835,2.134044052581885e-10
HfRu2Ta,0.741946,1.0699845842885711,317,1.4330893558471474,ok,8.787460484326333,1.5798984343007303e-09
HfRu2Ta,0.741946,1.0699845842885711,318,1.5619313928759844,ok,8.79154677774297,1.0579156772827504e-08
HfRu2Ta,0.741946,1.0699845842885711,319,1.2982022868066938,ok,8.78882258213188,3.3661695653108836e-09
HfRu2Ta,0.741946,1.0699845842885711,320,1.166710430208393,ok,8.787460484326333,5.815132819719793e-10
HfRu2Ta,0.741946,1.0699845842885711,321,1.2160449915327602,ok,8.789503631034654,4.072298054325074e-13
HfRu2Ta,0.741946,1.0699845842885711,322,1.2660816659977676,ok,8.79631412006238,3.8857805861880485e-14
HfRu2Ta,0.741946,1.0699845842885711,323,1.20467944867305,ok,8.787460484326333,1.000088900582341e-12
HfRu2Ta,0.741946,1.0699845842885711,324,1.1284486720638658,ok,8.785417337618016,6.8925976037803585e-12
HfRu2Ta,0.741946,1.0699845842885711,325,1.150700666204492,ok,8.789503631034654,1.1809697664233454e-10
HfRu2Ta,0.741946,1.0699845842885711,326,1.2148807908770896,ok,8.800400413479016,8.770761894538737e-15
HfRu2Ta,0.741946,1.0699845842885711,327,1.1862481748963218,ok,8.787460484326333,1.1574297076322182e-11
HfRu2Ta,0.741946,1.0699845842885711,328,1.4049626379081834,ok,8.78882258213188,5.748956866113986e-10
HfRu2Ta,0.741946,1.0699845842885711,329,1.2341072324353346,ok,8.810616147020609,5.123316215716045e-10
HfRu2Ta,0.741946,1.0699845842885711,330,1.1535173273721693,ok,8.78882258213188,7.48356931978833e-12
HfRu2Ta,0.741946,1.0699845842885711,331,1.1367278057719827,ok,8.789503631034654,4.28879154412698e-13
HfRu2Ta,0.741946,1.0699845842885711,332,1.076155895798754,ok,8.79903831567347,2.6718960377536405e-11
HfRu2Ta,0.741946,1.0699845842885711,333,1.189435567980418,ok,8.788141533229107,1.3181677971374484e-11
HfRu2Ta,0.741946,1.0699845842885711,334,1.1108768669256597,ok,8.788141533229107,1.7237233862488208e-10
HfRu2Ta,0.741946,1.0699845842885711,335,1.3687987337976693,ok,8.784055239812469,1.3115175612199434e-10
HfRu2Ta,0.741946,1.0699845842885711,336,1.2672968510267717,ok,8.795633071159607,5.764277943853813e-13
HfRu2Ta,0.741946,1.0699845842885711,337,1.2260974915502865,ok,8.787460484326333,8.209433133288258e-12
HfRu2Ta,0.741946,1.0699845842885711,338,1.1506847238368163,ok,8.790865728840199,1.2185341624615376e-09
HfRu2Ta,0.741946,1.0699845842885711,339,1.1087154827616823,ok,8.790865728840199,1.4841461393189093e-12
HfRu2Ta,0.741946,1.0699845842885711,340,1.121560164159752,ok,8.78882258213188,5.240252676230739e-13
HfRu2Ta,0.741946,1.0699845842885711,342,1.1794689713014943,ok,8.788141533229107,5.506706202140776e-14
HfRu2Ta,0.741946,1.0699845842885711,343,1.2773082776931366,ok,8.79154677774297,1.5655499119304747e-10
HfRu2Ta,0.741946,1.0699845842885711,344,1.0860828738982202,ok,8.786779435423561,1.2010442751453354e-08
HfRu2Ta,0.741946,1.0699845842885711,345,1.1228328194471269,ok,8.786098386520788,2.426947531830592e-13
HfRu2Ta,0.741946,1.0699845842885711,346,1.1417771517915831,ok,8.786779435423561,5.170741612658958e-11
HfRu2Ta,0.741946,1.0699845842885711,347,1.0699845842885711,ok,8.795633071159607,1.3153511613239743e-10
HfRu2Ta,0.741946,1.0699845842885711,348,1.058250336694259,tilt_failed,,
HfRu2Ta,0.741946,1.0699845842885711,349,1.1911417433598366,ok,8.792227826645744,5.439095840387154e-10
HfRu2Ta,0.741946,1.0699845842885711,350,1.1126864450648384,ok,8.789503631034654,5.348435028196262e-10
HfRu2Ta,0.741946,1.0699845842885711,351,1.2296345688578565,ok,8.790184679937425,6.578008138191649e-10
HfRu2Ta,0.741946,1.0699845842885711,352,1.2833141131667836,ok,8.814021391534473,9.975886783308852e-11
HfRu2Ta,0.741946,1.0699845842885711,353,1.1213262395890362,ok,8.799719364576243,1.2387868508767497e-12
HfRu2Ta,0.741946,1.0699845842885711,354,1.265572794823797,ok,8.794952022256835,6.156961496195379e-09
HfRu2Ta,0.741946,1.0699845842885711,355,1.2629755899473645,ok,8.788141533229107,5.209699338593055e-11
HfRu2Ta,0.741946,1.0699845842885711,356,1.2253059371390322,ok,8.814021391534473,7.294631565457621e-11
HfRu2Ta,0.741946,1.0699845842885711,357,1.62683960160354,ok,8.784055239812469,9.990469562737303e-10
HfRu2Ta,0.741946,1.0699845842885711,358,1.2735506324126102,ok,8.794270973354061,1.252847825483627e-09
HfRu2Ta,0.741946,1.0699845842885711,359,1.161767093485517,ok,8.790865728840199,2.8252955530660984e-12
HfRu2Ta,0.741946,1.0699845842885711,360,1.438515975429102,tilt_failed,,
HfRu2Ta,0.741946,1.0699845842885711,361,1.1260031053249218,ok,8.787460484326333,4.0634162701280736e-14
HfRu2Ta,0.741946,1.0699845842885711,362,1.2041685366719816,ok,8.79154677774297,2.442566149341019e-10
HfRu2Ta,0.741946,1.0699845842885711,363,1.341297163318002,ok,8.803805657992879,2.1359292112776984e-10
HfRu2Ta,0.741946,1.0699845842885711,364,1.1151571200865276,ok,8.79358992445129,1.1997403071006828e-11
HfRu2Ta,0.741946,1.0699845842885711,365,1.282355370779571,ok,8.784055239812469,1.4210854715202004e-14
HfRu2Ta,0.741946,1.0699845842885711,366,1.0990796052451637,ok,8.790184679937425,2.1963542096159468e-12
HfRu2Ta,0.741946,1.0699845842885711,367,1.2983283167696047,ok,8.794270973354061,8.00870481043603e-12
HfRu2Ta,0.741946,1.0699845842885711,368,1.1527496212107444,ok,8.792908875548516,2.699888757007329e-09
HfRu2Ta,0.741946,1.0699845842885711,369,1.1350161946535426,ok,8.786779435423561,2.4516078056535657e-10
HfRu2Ta,0.741946,1.0699845842885711,370,1.6170668568800564,tilt_failed,,
HfRu2Ta,0.741946,1.0699845842885711,371,1.3892441979490942,ok,8.812659293728927,7.937206447650169e-11
HfRu2Ta,0.741946,1.0699845842885711,372,1.1976943296553737,ok,8.790865728840199,6.294964549624639e-14
HfRu2Ta,0.741946,1.0699845842885711,373,1.1401772786987514,ok,8.79154677774297,2.0827783941967937e-12
HfRu2Ta,0.741946,1.0699845842885711,374,1.060784695715523,ok,8.801081462381788,1.3722356584366937e-13
HfRu2Ta,0.741946,1.0699845842885711,375,3.058151840371792,ok,8.8732726460757,8.881784197001252e-16
HfRu2Ta,0.741946,1.0699845842885711,376,1.4309905800329736,ok,8.789503631034654,1.1230816276963651e-10
HfRu2Ta,0.741946,1.0699845842885711,377,1.1250873382301163,ok,8.786098386520788,1.474687039149103e-11
HfRu2Ta,0.741946,1.0699845842885711,378,1.2752228066140243,ok,8.78882258213188,1.0159095786832495e-09
HfRu2Ta,0.741946,1.0699845842885711,379,1.062726014870776,ok,8.796995168965152,1.3669882892308749e-08
HfRu2Ta,0.741946,1.0699845842885711,380,1.6884703933567151,ok,8.789503631034654,2.349727079575814e-09
HfRu2Ta,0.741946,1.0699845842885711,381,2.194805806759194,ok,8.802443560187333,2.2717028258512076e-10
HfRu2Ta,0.741946,1.0699845842885711,382,1.335952112571216,ok,8.792908875548516,6.790190631988935e-11
HfRu2Ta,0.741946,1.0699845842885711,383,1.2506175753824262,ok,8.789503631034654,1.652011860642233e-12
HfRu2Ta,0.741946,1.0699845842885711,384,1.2076858355504752,ok,8.790865728840199,3.930189507173054e-14
HfRu2Ta,0.741946,1.0699845842885711,385,1.2493459645091587,ok,8.79631412006238,3.668683135060745e-10
HfRu2Ta,0.741946,1.0699845842885711,386,1.1589997043852054,ok,8.790865728840199,2.510436303282404e-12
HfRu2Ta,0.741946,1.0699845842885711,387,1.244557352503501,ok,8.800400413479016,1.3351761918301006e-09
HfRu2Ta,0.741946,1.0699845842885711,388,1.443703752679078,ok,8.78882258213188,7.632228182785639e-11
HfRu2Ta,0.741946,1.0699845842885711,389,1.280235817579214,ok,8.79154677774297,5.35878678098456e-08
HfRu2Ta,0.741946,1.0699845842885711,390,1.4346304650873951,ok,8.790184679937425,2.0082091545248204e-10
HfRu2Ta,0.741946,1.0699845842885711,391,1.4507604650236898,ok,8.78882258213188,9.126033262418789e-14
HfRu2Ta,0.741946,1.0699845842885711,392,1.2524885068141338,ok,8.78882258213188,9.295897385186436e-12
HfRu2Ta,0.741946,1.0699845842885711,393,1.2425825175964484,ok,8.78882258213188,4.640732242933154e-14
HfRu2Ta,0.741946,1.0699845842885711,394,1.150149037988038,ok,8.786779435423561,1.1728281013034804e-08
HfRu2Ta,0.741946,1.0699845842885711,395,1.1849833024421326,ok,8.788141533229107,1.5298291522469754e-09
HfRu2Ta,0.741946,1.0699845842885711,396,1.0772152675790791,ok,8.788141533229107,3.4167901841186676e-10
HfRu2Ta,0.741946,1.0699845842885711,397,1.2087061825225405,ok,8.79358992445129,4.510836149052011e-13
HfRu2Ta,0.741946,1.0699845842885711,398,1.1462464293265513,ok,8.794952022256835,2.340039273462935e-11
HfRu2Ta,0.741946,1.0699845842885711,399,1.3382816579563726,ok,8.787460484326333,2.220446049250313e-15
HfRu2Ta,0.741946,1.0699845842885711,400,1.251848147275931,ok,8.794952022256835,6.217248937900877e-15
HfRu2Ta,0.741946,1.0699845842885711,401,1.1570990566039872,ok,8.790865728840199,2.415845301584341e-13
HfRu2Ta,0.741946,1.0699845842885711,402,1.1421309306183856,ok,8.794952022256835,1.2279066652354234e-13
HfRu2Ta,0.741946,1.0699845842885711,403,1.4433773730875004,ok,8.795633071159607,1.5939471964543372e-12
HfRu2Ta,0.741946,1.0699845842885711,404,1.0354218994671105,tilt_failed,,
HfRu2Ta,0.741946,1.0699845842885711,405,1.086118887352632,ok,8.792227826645744,2.159050715988542e-12
HfRu2Ta,0.741946,1.0699845842885711,406,1.3852308132637576,ok,8.786779435423561,3.1086244689504387e-15
HfRu2Ta,0.741946,1.0699845842885711,407,1.2139245009429938,ok,8.790865728840199,9.034759829162908e-09
HfRu2Ta,0.741946,1.0699845842885711,408,1.072243414215993,ok,8.790184679937425,3.919797819662563e-11
HfRu2Ta,0.741946,1.0699845842885711,409,1.225654413129631,ok,8.79154677774297,6.155883514047389e-08
HfRu2Ta,0.741946,1.0699845842885711,410,1.2967234231405809,ok,8.818107684951109,3.593791930711632e-13
HfRu2Ta,0.741946,1.0699845842885711,411,1.629279840195662,ok,8.79154677774297,1.5187850976872141e-13
HfRu2Ta,0.741946,1.0699845842885711,412,1.2810387463453974,ok,8.78882258213188,2.138488053304854e-09
HfRu2Ta,0.741946,1.0699845842885711,413,1.2265862456647345,ok,8.790184679937425,1.1594170068462972e-11
HfRu2Ta,0.741946,1.0699845842885711,414,1.2210204093548858,ok,8.800400413479016,1.6986412276764898e-13
HfRu2Ta,0.741946,1.0699845842885711,415,1.5184719871753591,ok,8.78882258213188,5.777678335761037e-10
HfRu2Ta,0.741946,1.0699845842885711,416,1.2722859334916767,ok,8.786779435423561,2.740794924349643e-09
HfRu2Ta,0.741946,1.0699845842885711,417,1.2274538988264538,ok,8.789503631034654,9.769962616701378e-15
HfRu2Ta,0.741946,1.0699845842885711,418,1.3000115511531272,ok,8.790865728840199,1.2183409836552528e-09
HfRu2Ta,0.741946,1.0699845842885711,419,1.230501234521634,ok,8.800400413479016,1.86106685617915e-11
HfRu2Ta,0.741946,1.0699845842885711,420,1.1476294123051554,ok,8.801762511284561,1.5654144647214707e-14
HfRu2Ta,0.741946,1.0699845842885711,421,1.355494102632078,ok,8.787460484326333,5.295763827461998e-13
HfRu2Ta,0.741946,1.0699845842885711,422,1.1348860006354349,ok,8.788141533229107,3.992070451985797e-08
HfRu2Ta,0.741946,1.0699845842885711,423,1.4870029114220686,ok,8.79154677774297,2.1029452623722023e-09
HfRu2Ta,0.741946,1.0699845842885711,424,1.259555766456639,ok,8.786779435423561,3.497202527569243e-12
HfRu2Ta,0.741946,1.0699845842885711,425,1.1382302712731849,ok,8.789503631034654,4.954148202784836e-12
HfRu2Ta,0.741946,1.0699845842885711,426,1.2079215767347853,ok,8.787460484326333,2.6862956303830288e-12
HfRu2Ta,0.741946,1.0699845842885711,427,1.1228121522925916,ok,8.790184679937425,1.4252971025641161e-09
HfRu2Ta,0.741946,1.0699845842885711,428,1.091789680613647,ok,8.787460484326333,1.2446821351375092e-11
HfRu2Ta,0.741946,1.0699845842885711,429,1.464779374919387,ok,8.788141533229107,1.532092230860371e-10
HfRu2Ta,0.741946,1.0699845842885711,430,1.2473595095250318,ok,8.787460484326333,2.2580433278740489e-07
HfRu2Ta,0.741946,1.0699845842885711,431,1.1313028508273888,ok,8.790184679937425,1.493624557369344e-09
HfRu2Ta,0.741946,1.0699845842885711,432,1.5646356321412305,ok,8.790184679937425,5.438493655418597e-09
HfRu2Ta,0.741946,1.0699845842885711,433,1.364212406378156,ok,8.792227826645744,1.5076828674409628e-13
HfRu2Ta,0.741946,1.0699845842885711,434,1.0792536448618566,ok,8.78882258213188,3.184119634624949e-13
HfRu2Ta,0.741946,1.0699845842885711,435,1.7627691213210248,ok,8.786098386520788,6.512568262451168e-13
HfRu2Ta,0.741946,1.0699845842885711,436,1.282370572736658,ok,8.79154677774297,4.872369174790947e-11
HfRu2Ta,0.741946,1.0699845842885711,437,1.1825567466401468,ok,8.788141533229107,1.0090948077134954e-09
HfRu2Ta,0.741946,1.0699845842885711,438,1.079207962602121,ok,8.792908875548516,2.744471316873387e-13
HfRu2Ta,0.741946,1.0699845842885711,439,1.242639152227701,ok,8.787460484326333,3.0886404545071855e-13
HfRu2Ta,0.741946,1.0699845842885711,440,1.088967398875207,ok,8.787460484326333,1.0705893394025168e-08
HfRu2Ta,0.741946,1.0699845842885711,441,1.141053082360812,ok,8.78882258213188,7.915076372100316e-09
HfRu2Ta,0.741946,1.0699845842885711,442,1.115629503130851,ok,8.794270973354061,6.120620010818811e-09
HfRu2Ta,0.741946,1.0699845842885711,443,1.5270861343720454,ok,8.784736288715242,6.52367049269742e-13
HfRu2Ta,0.741946,1.0699845842885711,444,1.1603186907265326,ok,8.790865728840199,2.166777868239933e-11
HfRu2Ta,0.741946,1.0699845842885711,445,1.0731749302895968,ok,8.79358992445129,5.3401061350655255e-11
HfRu2Ta,0.741946,1.0699845842885711,446,1.19538450607341,ok,8.788141533229107,4.2503334185539636e-11
HfRu2Ta,0.741946,1.0699845842885711,447,1.334275663041531,ok,8.809254049215061,2.6664173091717203e-09
HfRu2Ta,0.741946,1.0699845842885711,448,1.212031451328934,ok,8.784736288715242,1.383527736820156e-10
HfRu2Ta,0.741946,1.0699845842885711,449,1.384121343184289,ok,8.801762511284561,2.1571633368466794e-13
HfRu2Ta,0.741946,1.0699845842885711,450,1.2299074987706504,ok,8.786779435423561,3.6234681921598616e-10
HfRu2Ta,0.741946,1.0699845842885711,451,1.11669371530544,ok,8.790865728840199,6.044276190664277e-12
HfRu2Ta,0.741946,1.0699845842885711,452,1.205638357790363,ok,8.790865728840199,5.0685677877027047e-11
HfRu2Ta,0.741946,1.0699845842885711,453,1.1321974221347502,ok,8.785417337618016,6.2733762629108e-10
HfRu2Ta,0.741946,1.0699845842885711,454,1.359268164606965,ok,8.787460484326333,1.061401766477843e-08
HfRu2Ta,0.741946,1.0699845842885711,455,1.1165295419048638,ok,8.788141533229107,3.0372304671288925e-10
HfRu2Ta,0.741946,1.0699845842885711,456,1.055208231200321,tilt_failed,,
HfRu2Ta,0.741946,1.0699845842885711,457,1.0850011837940292,ok,8.790865728840199,2.342015470446768e-12
HfRu2Ta,0.741946,1.0699845842885711,458,1.1525242334089405,ok,8.786779435423561,2.220446049250313e-15
HfRu2Ta,0.741946,1.0699845842885711,459,1.047098587899859,tilt_failed,,
HfRu2Ta,0.741946,1.0699845842885711,460,1.2308036101152342,ok,8.78882258213188,9.862777261560039e-12
HfRu2Ta,0.741946,1.0699845842885711,461,1.592086023670389,ok,8.79903831567347,3.761435607430031e-13
HfRu2Ta,0.741946,1.0699845842885711,462,1.3854258155490178,ok,8.78882258213188,1.6411316750009064e-12
HfRu2Ta,0.741946,1.0699845842885711,463,1.0849593328569764,ok,8.790865728840199,2.2426505097428162e-13
HfRu2Ta,0.741946,1.0699845842885711,464,1.0700449619782797,ok,8.790865728840199,1.0097700453570724e-11
HfRu2Ta,0.741946,1.0699845842885711,465,1.0275174753837455,tilt_failed,,
HfRu2Ta,0.741946,1.0699845842885711,466,1.1346531946558909,ok,8.788141533229107,1.0257128479906896e-11
HfRu2Ta,0.741946,1.0699845842885711,468,1.1318368862184758,ok,8.794270973354061,1.636533908389026e-09
HfRu2Ta,0.741946,1.0699845842885711,469,1.2095694293509318,ok,8.788141533229107,7.471356866517453e-12
HfRu2Ta,0.741946,1.0699845842885711,470,1.5779870702348844,tilt_failed,,
HfRu2Ta,0.741946,1.0699845842885711,471,1.0261788586800569,tilt_failed,,
HfRu2Ta,0.741946,1.0699845842885711,472,1.1561157514912712,ok,8.790865728840199,1.1864953464169048e-12
HfRu2Ta,0.741946,1.0699845842885711,473,1.6059346508109438,ok,8.804486706895652,1.2119165671009566e-09
HfRu2Ta,0.741946,1.0699845842885711,474,1.466418119016077,ok,8.790184679937425,5.183409379494464e-08
HfRu2Ta,0.741946,1.0699845842885711,475,1.2483124062073767,ok,8.792227826645744,1.332275179066755e-09
HfRu2Ta,0.741946,1.0699845842885711,476,1.1323394191215936,ok,8.785417337618016,1.850741782050136e-13
HfRu2Ta,0.741946,1.0699845842885711,477,1.1157744171183464,ok,8.788141533229107,3.1020430668604604e-10
HfRu2Ta,0.741946,1.0699845842885711,478,1.0963608390268098,ok,8.790184679937425,2.0916601783937952e-13
HfRu2Ta,0.741946,1.0699845842885711,479,1.1736471207353616,ok,8.788141533229107,3.3306690738754696e-16
HfRu2Ta,0.741946,1.0699845842885711,480,1.1117976181579046,ok,8.790184679937425,2.2954838030386784e-10
HfRu2Ta,0.741946,1.0699845842885711,481,1.3531850996477426,ok,8.787460484326333,5.619243625964998e-09
HfRu2Ta,0.741946,1.0699845842885711,482,1.2741120260892569,ok,8.799719364576243,8.131273432354648e-13
HfRu2Ta,0.741946,1.0699845842885711,483,1.038157275269428,tilt_failed,,
HfRu2Ta,0.741946,1.0699845842885711,484,1.3049020289038429,ok,8.787460484326333,2.021725675760422e-09
HfRu2Ta,0.741946,1.0699845842885711,485,1.5024110348762156,ok,8.78882258213188,2.620126338115369e-14
HfRu2Ta,0.741946,1.0699845842885711,486,1.0681606550782332,ok,8.792908875548516,2.3719137764999232e-11
HfRu2Ta,0.741946,1.0699845842885711,487,1.1638296211943198,ok,8.79154677774297,2.646771690706373e-13
HfRu2Ta,0.741946,1.0699845842885711,488,1.2335539301771756,ok,8.787460484326333,1.6608936448392344e-13
HfRu2Ta,0.741946,1.0699845842885711,489,1.0972661620780213,ok,8.795633071159607,8.881784197001252e-15
HfRu2Ta,0.741946,1.0699845842885711,491,1.2202170726462005,ok,8.797676217867926,4.545652743104256e-11
HfRu2Ta,0.741946,1.0699845842885711,492,1.1300116197049772,ok,8.787460484326333,1.559152806862585e-11
HfRu2Ta,0.741946,1.0699845842885711,493,1.0480165379512054,tilt_failed,,
HfRu2Ta,0.741946,1.0699845842885711,494,1.1551438206204423,ok,8.803805657992879,1.3322676295501878e-14
HfRu2Ta,0.741946,1.0699845842885711,495,1.5730292257311251,ok,8.790865728840199,1.219024881038422e-12
HfRu2Ta,0.741946,1.0699845842885711,496,1.074112088120181,ok,8.795633071159607,1.4302781181640968e-11
HfRu2Ta,0.741946,1.0699845842885711,497,1.0608326288277128,tilt_failed,,
HfRu2Ta,0.741946,1.0699845842885711,498,1.0502508991900386,tilt_failed,,
HfRu2Ta,0.741946,1.0699845842885711,499,1.036143690153636,tilt_failed,,
HfRu2Ta,0.741946,1.0699845842885711,500,1.0860823441511978,ok,8.788141533229107,1.0102949477008847e-08
HfRu2Ta,0.741946,1.0699845842885711,501,1.2897122051975274,ok,8.789503631034654,7.530065460059632e-11
HfRu2Ta,0.741946,1.0699845842885711,502,1.3294383485105483,ok,8.787460484326333,1.234525037752121e-08
HfRu2Ta,0.741946,1.0699845842885711,503,1.126419953921828,ok,8.78882258213188,3.773648060700907e-13
HfRu2Ta,0.741946,1.0699845842885711,504,1.084408160751736,ok,8.78882258213188,8.910410187468186e-10
HfRu2Ta,0.741946,1.0699845842885711,505,1.068016751025833,ok,8.795633071159607,2.2730595183872992e-11
HfRu2Ta,0.741946,1.0699845842885711,506,1.0842426831675611,ok,8.789503631034654,5.137623659834389e-11
HfRu2Ta,0.741946,1.0699845842885711,507,1.3625354729752437,ok,8.798357266770697,1.0969003483296549e-13
HfRu2Ta,0.741946,1.0699845842885711,508,1.3992882063128025,ok,8.789503631034654,3.996802888650564e-15
HfRu2Ta,0.741946,1.0699845842885711,509,1.0920591622104805,ok,8.786779435423561,3.841371665203042e-13
HfRu2Ta,0.741946,1.0699845842885711,510,1.281007085547604,ok,8.786779435423561,1.3322676295501878e-15
HfRu2Ta,0.741946,1.0699845842885711,511,1.3940162954417472,ok,8.789503631034654,1.1574063929487012e-10
HfRu2Ta,0.741946,1.0699845842885711,512,1.028004033590029,tilt_failed,,
HfRu2Ta,0.741946,1.0699845842885711,513,1.0754531338532665,ok,8.790184679937425,3.980065166331314e-10
HfRu2Ta,0.741946,1.0699845842885711,514,1.1290047319323775,ok,8.78882258213188,8.777025783945903e-08
HfRu2Ta,0.741946,1.0699845842885711,515,1.154096110368401,ok,8.790184679937425,9.847678228425141e-14
HfRu2Ta,0.741946,1.0699845842885711,516,1.0732988848754477,ok,8.801081462381788,6.439293542825908e-15
HfRu2Ta,0.741946,1.0699845842885711,517,2.5527503734974726,tilt_failed,,
HfRu2Ta,0.741946,1.0699845842885711,518,1.207599905396106,ok,8.790865728840199,1.5543122344752194e-15
HfRu2Ta,0.741946,1.0699845842885711,519,1.213131454392245,ok,8.803805657992879,2.0117241206207842e-13
HfRu2Ta,0.741946,1.0699845842885711,520,1.0395397254286556,tilt_failed,,
HfRu2Ta,0.741946,1.0699845842885711,521,1.207242111858359,ok,8.790865728840199,2.1094259672338467e-10
HfRu2Ta,0.741946,1.0699845842885711,522,1.5948177636208922,ok,8.822875027270516,4.181344159803757e-11
HfRu2Ta,0.741946,1.0699845842885711,523,1.3898149719830528,ok,8.786779435423561,9.672262990534364e-13
HfRu2Ta,0.741946,1.0699845842885711,524,1.1620048108236,ok,8.790865728840199,2.8810942520607336e-10
HfRu2Ta,0.741946,1.0699845842885711,525,1.1119655104691213,ok,8.786779435423561,2.098228035762872e-09
HfRu2Ta,0.741946,1.0699845842885711,526,1.0638306187470297,ok,8.803124609090107,1.2063972043563354e-10
HfRu2Ta,0.741946,1.0699845842885711,527,1.161646340928487,ok,8.792908875548516,6.52446985327515e-11
HfRu2Ta,0.741946,1.0699845842885711,528,1.053579142661157,tilt_failed,,
HfRu2Ta,0.741946,1.0699845842885711,529,1.3579125363916082,ok,8.79903831567347,7.02327085377874e-13
HfRu2Ta,0.741946,1.0699845842885711,530,1.1953578692528664,ok,8.790865728840199,9.346079465899491e-12
HfRu2Ta,0.741946,1.0699845842885711,531,1.2953720770768211,ok,8.795633071159607,4.636291350834654e-13
HfRu2Ta,0.741946,1.0699845842885711,532,1.2254043502917111,ok,8.787460484326333,2.307043445171076e-13
HfRu2Ta,0.741946,1.0699845842885711,533,1.10342514216843,ok,8.787460484326333,2.120081887824199e-12
HfRu2Ta,0.741946,1.0699845842885711,534,1.0419312588201404,tilt_failed,,
HfRu2Ta,0.741946,1.0699845842885711,535,1.1213214887456953,ok,8.790865728840199,1.1446843473095214e-11
HfRu2Ta,0.741946,1.0699845842885711,536,1.3334181003682204,ok,8.797676217867926,6.117772954894463e-11
HfRu2Ta,0.741946,1.0699845842885711,537,1.1916521869498526,ok,8.79358992445129,4.669220565745036e-10
HfRu2Ta,0.741946,1.0699845842885711,538,1.0906362882662763,ok,8.78882258213188,1.1700640456524525e-12
HfRu2Ta,0.741946,1.0699845842885711,539,1.482813276329974,ok,8.803805657992879,5.3290705182007506e-15
HfRu2Ta,0.741946,1.0699845842885711,540,1.07145714671719,ok,8.787460484326333,8.75632899521861e-13
HfRu2Ta,0.741946,1.0699845842885711,541,1.3281704825123353,ok,8.786098386520788,9.886482743581835e-10
HfRu2Ta,0.741946,1.0699845842885711,542,1.1450576885672918,ok,8.801762511284561,5.708688632921621e-09
HfRu2Ta,0.741946,1.0699845842885711,543,1.3428091909843654,ok,8.801081462381788,2.1646195946800615e-10
HfRu2Ta,0.741946,1.0699845842885711,544,1.1190120836294777,ok,8.79154677774297,3.723676922362529e-11
HfRu2Ta,0.741946,1.0699845842885711,545,1.5559622718193424,ok,8.79154677774297,8.05111532997671e-12
HfRu2Ta,0.741946,1.0699845842885711,546,1.2035695009052405,ok,8.792908875548516,3.4149654215553933e-09
HfRu2Ta,0.741946,1.0699845842885711,547,1.1069042659343584,ok,8.78882258213188,3.9110936711495015e-12
HfRu2Ta,0.741946,1.0699845842885711,548,1.1702734019716694,ok,8.790184679937425,8.962741659956919e-11
HfRu2Ta,0.741946,1.0699845842885711,549,1.3640783577535511,ok,8.79154677774297,1.9872992140790302e-14
HfRu2Ta,0.741946,1.0699845842885711,550,1.257963714134149,ok,8.786779435423561,5.4840132435174376e-11
HfRu2Ta,0.741946,1.0699845842885711,551,1.14583965376563,ok,8.785417337618016,4.210043424990317e-10
HfRu2Ta,0.741946,1.0699845842885711,552,1.3127582868646086,ok,8.811978244826154,5.392938429160665e-09
HfRu2Ta,0.741946,1.0699845842885711,553,1.1533645364784628,ok,8.788141533229107,4.827249711070182e-13
HfRu2Ta,0.741946,1.0699845842885711,554,1.084671925685571,ok,8.790184679937425,3.7534864105737136e-11
HfRu2Ta,0.741946,1.0699845842885711,555,1.0643603212308337,ok,8.797676217867926,9.732052830280224e-09
HfRu2Ta,0.741946,1.0699845842885711,556,1.0425286930831037,tilt_failed,,
HfRu2Ta,0.741946,1.0699845842885711,557,1.0620238054284048,tilt_failed,,
HfRu2Ta,0.741946,1.0699845842885711,558,1.190847871261124,ok,8.788141533229107,2.4430357847826656e-08
HfRu2Ta,0.741946,1.0699845842885711,559,1.292645550576489,ok,8.79631412006238,3.5789149421816546e-12
HfRu2Ta,0.741946,1.0699845842885711,560,1.2289021169568826,ok,8.803124609090107,2.369215934550084e-13
HfRu2Ta,0.741946,1.0699845842885711,561,1.0565281907190045,tilt_failed,,
HfRu2Ta,0.741946,1.0699845842885711,562,1.0504659159101686,tilt_failed,,
HfRu2Ta,0.741946,1.0699845842885711,563,1.5592580295757577,ok,8.790865728840199,1.538769112130467e-13
HfRu2Ta,0.741946,1.0699845842885711,564,1.2228748677795211,ok,8.79358992445129,1.4176237961294191e-10
HfRu2Ta,0.741946,1.0699845842885711,565,1.1516596580595817,ok,8.78882258213188,1.4939238734967828e-10
HfRu2Ta,0.741946,1.0699845842885711,566,1.2629731761539318,ok,8.79631412006238,1.181770459268705e-09
HfRu2Ta,0.741946,1.0699845842885711,567,1.1452085085050605,ok,8.787460484326333,1.200620380892303e-09
HfRu2Ta,0.741946,1.0699845842885711,568,1.3628011950194494,ok,8.78882258213188,9.103828801926284e-15
HfRu2Ta,0.741946,1.0699845842885711,569,1.4058367581909883,ok,8.782693142006924,1.0477365419703233e-08
HfRu2Ta,0.741946,1.0699845842885711,570,1.2754255202963285,ok,8.795633071159607,4.283795540516167e-10
HfRu2Ta,0.741946,1.0699845842885711,571,1.2449289984344638,ok,8.78882258213188,1.1102230246251564e-14
HfRu2Ta,0.741946,1.0699845842885711,572,1.1195291822920297,ok,8.790865728840199,6.2575977732848295e-09
HfRu2Ta,0.741946,1.0699845842885711,573,1.089344198932645,ok,8.789503631034654,1.5675233777656672e-08
HfRu2Ta,0.741946,1.0699845842885711,574,1.127657972110392,ok,8.790865728840199,9.660703348401967e-10
HfRu2Ta,0.741946,1.0699845842885711,575,1.2345442914765088,ok,8.787460484326333,6.725731083179198e-13
HfRu2Ta,0.741946,1.0699845842885711,576,1.4340606211930524,ok,8.78882258213188,3.979039320256561e-13
HfRu2Ta,0.741946,1.0699845842885711,577,1.6602213334994511,ok,8.821512929464971,1.5642154238548756e-11
HfRu2Ta,0.741946,1.0699845842885711,578,1.0847023047820183,ok,8.788141533229107,3.641264512133091e-09
HfRu2Ta,0.741946,1.0699845842885711,579,1.111259314048245,ok,8.786779435423561,7.760458942129844e-14
HfRu2Ta,0.741946,1.0699845842885711,580,1.1000405541497054,ok,8.789503631034654,9.166001291305292e-13
HfRu2Ta,0.741946,1.0699845842885711,581,1.201168334522767,ok,8.789503631034654,5.649746226410457e-09
HfRu2Ta,0.741946,1.0699845842885711,582,1.2244756908659498,ok,8.786098386520788,8.402500917270572e-11
HfRu2Ta,0.741946,1.0699845842885711,583,1.0470732876328228,tilt_failed,,
HfRu2Ta,0.741946,1.0699845842885711,584,1.1634785711065403,ok,8.787460484326333,2.323693204520083e-08
HfRu2Ta,0.741946,1.0699845842885711,585,1.5604574008513528,ok,8.825599222881607,2.467692716834336e-12
HfRu2Ta,0.741946,1.0699845842885711,586,1.402492204506722,ok,8.799719364576243,1.1387601972501216e-10
HfRu2Ta,0.741946,1.0699845842885711,587,1.126071575809924,ok,8.78882258213188,4.752536142405005e-10
HfRu2Ta,0.741946,1.0699845842885711,588,1.5116118118963864,ok,8.794952022256835,6.8833827526759706e-15
HfRu2Ta,0.741946,1.0699845842885711,589,1.0921434205919514,ok,8.792227826645744,1.313888997600543e-10
HfRu2Ta,0.741946,1.0699845842885711,590,1.1317148948873987,ok,8.787460484326333,8.109068971862143e-12
HfRu2Ta,0.741946,1.0699845842885711,591,1.215493972786655,ok,8.79631412006238,1.0285772233942224e-11
HfRu2Ta,0.741946,1.0699845842885711,592,1.4333685868964163,ok,8.807210902506744,5.54567503030512e-11
HfRu2Ta,0.741946,1.0699845842885711,593,1.153969392702866,ok,8.78882258213188,6.894484982922222e-13
HfRu2Ta,0.741946,1.0699845842885711,594,1.1201904677318644,ok,8.79631412006238,4.749756143951345e-12
HfRu2Ta,0.741946,1.0699845842885711,595,1.1108004815198855,ok,8.786779435423561,3.751443600208404e-13
HfRu2Ta,0.741946,1.0699845842885711,596,1.598968454006404,ok,8.805167755798424,4.9071857688431925e-14
HfRu2Ta,0.741946,1.0699845842885711,597,1.1653368917721894,ok,8.786779435423561,1.982157327162781e-09
HfRu2Ta,0.741946,1.0699845842885711,598,1.0668108099770908,ok,8.796995168965152,1.871615196158416e-09
HfRu2Ta,0.741946,1.0699845842885711,599,1.2880755585137602,ok,8.78201209310415,1.226574397605873e-11
HfRu2Ta,0.741946,1.0699845842885711,600,1.0518435470435687,tilt_failed,,
HfRu2Ta,0.741946,1.0699845842885711,601,1.1634299095579057,ok,8.787460484326333,3.318456620604593e-12
HfRu2Ta,0.741946,1.0699845842885711,602,1.0708559786703795,ok,8.790865728840199,2.040437596662059e-09
HfRu2Ta,0.741946,1.0699845842885711,603,1.267706736756795,ok,8.790865728840199,6.567413279867651e-12
HfRu2Ta,0.741946,1.0699845842885711,604,1.075003899929044,ok,8.794952022256835,6.180029821223343e-10
HfRu2Ta,0.741946,1.0699845842885711,605,1.1267107802498304,ok,8.789503631034654,1.23703802756836e-09
HfRu2Ta,0.741946,1.0699845842885711,606,1.080174280003938,ok,8.78882258213188,2.2041779512704807e-10
HfRu2Ta,0.741946,1.0699845842885711,607,1.1174987870622637,ok,8.789503631034654,1.5160837252281567e-08
HfRu2Ta,0.741946,1.0699845842885711,608,1.032452433001274,tilt_failed,,
HfRu2Ta,0.741946,1.0699845842885711,609,1.0969438634781394,ok,8.79154677774297,7.036805138582736e-09
HfRu2Ta,0.741946,1.0699845842885711,610,1.038968298693158,tilt_failed,,
HfRu2Ta,0.741946,1.0699845842885711,611,1.1816142439104695,ok,8.796995168965152,7.840257332247801e-10
HfRu2Ta,0.741946,1.0699845842885711,612,1.2446131482306677,ok,8.79903831567347,1.948120331718428e-09
HfRu2Ta,0.741946,1.0699845842885711,613,1.2674343291754524,ok,8.79358992445129,5.800814051326597e-09
HfRu2Ta,0.741946,1.0699845842885711,614,1.308657603913992,ok,8.786779435423561,5.758898913299504e-09
HfRu2Ta,0.741946,1.0699845842885711,615,1.2067154655634993,ok,8.799719364576243,1.8530412759787398e-09
HfRu2Ta,0.741946,1.0699845842885711,616,1.3209555141205536,ok,8.786779435423561,2.4775737017534997e-12
HfRu2Ta,0.741946,1.0699845842885711,617,1.1613872662236318,ok,8.786779435423561,2.3502020329857487e-09
HfRu2Ta,0.741946,1.0699845842885711,618,1.3333217814419691,ok,8.794270973354061,2.68962518923388e-10
HfRu2Ta,0.741946,1.0699845842885711,619,1.2123112821016595,ok,8.784736288715242,1.0369483049998963e-13
HfRu2Ta,0.741946,1.0699845842885711,620,1.1571634233029482,ok,8.787460484326333,2.073051397211145e-09
HfRu2Ta,0.741946,1.0699845842885711,621,1.1107861740245868,ok,8.787460484326333,1.1317169423818996e-11
HfRu2Ta,0.741946,1.0699845842885711,622,1.189229986348954,ok,8.787460484326333,1.4171996909340123e-11
HfRu2Ta,0.741946,1.0699845842885711,623,1.1065458071595184,ok,8.78882258213188,6.315437062198724e-11
HfRu2Ta,0.741946,1.0699845842885711,624,1.5427943384390168,ok,8.805167755798424,1.3193868220184868e-10
HfRu2Ta,0.741946,1.0699845842885711,625,1.194888263492166,ok,8.814702440437244,7.704947790898586e-14
HfRu2Ta,0.741946,1.0699845842885711,626,1.1304261135410982,ok,8.788141533229107,1.6636114708035166e-10
HfRu2Ta,0.741946,1.0699845842885711,627,1.1285293684186026,ok,8.787460484326333,7.690514891578459e-13
HfRu2Ta,0.741946,1.0699845842885711,628,1.064765498937828,ok,8.794952022256835,4.850786439192234e-12
HfRu2Ta,0.741946,1.0699845842885711,629,1.0942427915594055,ok,8.792908875548516,1.9371804826917586e-08
HfRu2Ta,0.741946,1.0699845842885711,630,1.3228530138509245,ok,8.790865728840199,2.0752954910108198e-11
HfRu2Ta,0.741946,1.0699845842885711,631,1.5058878697718867,ok,8.78882258213188,1.627167056650336e-08
HfRu2Ta,0.741946,1.0699845842885711,632,1.204551130844791,ok,8.798357266770697,6.840669253271869e-09
HfRu2Ta,0.741946,1.0699845842885711,633,1.3835459500754543,ok,8.784055239812469,1.3114952901460697e-08
HfRu2Ta,0.741946,1.0699845842885711,634,1.3900164560891362,ok,8.800400413479016,7.427558568195991e-11
HfRu2Ta,0.741946,1.0699845842885711,635,1.3392843280548152,ok,8.79903831567347,1.2051026843096224e-11
HfRu2Ta,0.741946,1.0699845842885711,636,1.2430809820097486,ok,8.78882258213188,1.2725820397463394e-11
HfRu2Ta,0.741946,1.0699845842885711,637,1.1384893634974496,ok,8.786779435423561,2.336442150863149e-11
HfRu2Ta,0.741946,1.0699845842885711,638,1.0746514591658638,ok,8.792908875548516,2.8106739158317847e-11
HfRu2Ta,0.741946,1.0699845842885711,639,1.550770872657142,ok,8.792908875548516,4.8405723873656825e-14
HfRu2Ta,0.741946,1.0699845842885711,640,1.103953376030722,ok,8.788141533229107,1.2127854276400283e-11
HfRu2Ta,0.741946,1.0699845842885711,641,1.716808061046379,tilt_failed,,
HfRu2Ta,0.741946,1.0699845842885711,642,1.15556227935999,ok,8.784736288715242,5.150324611236101e-13
HfRu2Ta,0.741946,1.0699845842885711,643,1.1257512319527256,ok,8.790184679937425,1.8651746813702633e-14
HfRu2Ta,0.741946,1.0699845842885711,644,1.4381726871913751,ok,8.795633071159607,3.312905505481467e-13
HfRu2Ta,0.741946,1.0699845842885711,645,1.1012523903786384,ok,8.78882258213188,7.98515698008373e-11
HfRu2Ta,0.741946,1.0699845842885711,646,1.2754611503402158,ok,8.8133403426317,1.9489743152689695e-11
HfRu2Ta,0.741946,1.0699845842885711,647,1.1300563841728593,ok,8.79358992445129,1.5446754986214728e-11
HfRu2Ta,0.741946,1.0699845842885711,648,1.1963245022016702,ok,8.792227826645744,8.615632651753912e-10
HfRu2Ta,0.741946,1.0699845842885711,649,1.0656406908046188,ok,8.795633071159607,8.950962193665646e-11
HfRu2Ta,0.741946,1.0699845842885711,650,2.171150857033295,ok,8.86101376582579,8.881784197001252e-16
HfRu2Ta,0.741946,1.0699845842885711,651,1.185311113838804,ok,8.790184679937425,2.970941270774574e-09
HfRu2Ta,0.741946,1.0699845842885711,652,1.124733224716892,ok,8.79358992445129,8.462119893692943e-13
HfRu2Ta,0.741946,1.0699845842885711,653,1.0708683112253563,ok,8.79358992445129,1.5081583759624095e-09
HfRu2Ta,0.741946,1.0699845842885711,654,1.0815223431623415,ok,8.794952022256835,4.644649109764032e-09
HfRu2Ta,0.741946,1.0699845842885711,655,1.2860278815882444,ok,8.789503631034654,4.547029419654791e-12
HfRu2Ta,0.741946,1.0699845842885711,657,1.119462564835952,ok,8.786098386520788,2.7712265815438286e-10
HfRu2Ta,0.741946,1.0699845842885711,658,1.101059288170661,ok,8.787460484326333,1.64879221387082e-12
HfRu2Ta,0.741946,1.0699845842885711,659,1.3572512400163907,ok,8.810616147020609,1.41886502547095e-13
HfRu2Ta,0.741946,1.0699845842885711,660,1.1724010134359886,ok,8.792908875548516,6.682432385218817e-13
HfRu2Ta,0.741946,1.0699845842885711,661,1.1827772243151622,ok,8.785417337618016,5.6726845443222365e-12
HfRu2Ta,0.741946,1.0699845842885711,662,1.0910184168514014,ok,8.795633071159607,4.691802502065913e-13
HfRu2Ta,0.741946,1.0699845842885711,663,1.0656478952176092,ok,8.799719364576243,1.1089887896886808e-09
HfRu2Ta,0.741946,1.0699845842885711,664,1.144183317283355,ok,8.79154677774297,2.2220561057828547e-08
HfRu2Ta,0.741946,1.0699845842885711,665,1.7602510401913272,tilt_failed,,
HfRu2Ta,0.741946,1.0699845842885711,666,1.1401459351239511,ok,8.786779435423561,7.090655840258363e-10
HfRu2Ta,0.741946,1.0699845842885711,667,1.2263612534549424,ok,8.809935098117835,2.55351295663786e-14
HfRu2Ta,0.741946,1.0699845842885711,668,1.2798428607989982,ok,8.801762511284561,5.156016502638749e-09
HfRu2Ta,0.741946,1.0699845842885711,669,1.085232482929601,ok,8.786779435423561,1.3106453033984168e-08
HfRu2Ta,0.741946,1.0699845842885711,670,1.055445266174546,tilt_failed,,
HfRu2Ta,0.741946,1.0699845842885711,671,1.652046949029803,ok,8.865100059242428,1.5764500815862448e-11
HfRu2Ta,0.741946,1.0699845842885711,672,1.2416838277420752,ok,8.787460484326333,3.370637102761976e-13
HfRu2Ta,0.741946,1.0699845842885711,673,1.2781876051672627,ok,8.790865728840199,1.5896395311187916e-11
HfRu2Ta,0.741946,1.0699845842885711,674,1.207933389330646,ok,8.788141533229107,2.751588068505839e-09
HfRu2Ta,0.741946,1.0699845842885711,675,1.162111940051532,ok,8.794270973354061,2.459138448429598e-10
HfRu2Ta,0.741946,1.0699845842885711,676,1.5211645510157898,tilt_failed,,
HfRu2Ta,0.741946,1.0699845842885711,677,1.2450379848219353,ok,8.792227826645744,1.8465839746184546e-08
HfRu2Ta,0.741946,1.0699845842885711,678,1.095180663218599,ok,8.788141533229107,9.78328529299688e-13
HfRu2Ta,0.741946,1.0699845842885711,679,1.2782766486362338,ok,8.79358992445129,2.5313084961453572e-14
HfRu2Ta,0.741946,1.0699845842885711,680,1.1024461824685508,ok,8.787460484326333,1.463607013363344e-12
HfRu2Ta,0.741946,1.0699845842885711,681,1.4598782889936577,ok,8.792908875548516,5.677078807053704e-10
HfRu2Ta,0.741946,1.0699845842885711,682,1.1590535694655726,ok,8.794952022256835,1.3855583347321954e-12
HfRu2Ta,0.741946,1.0699845842885711,683,1.1638297000632745,ok,8.790865728840199,3.3386515774225245e-10
HfRu2Ta,0.741946,1.0699845842885711,684,1.3043870332739247,ok,8.78882258213188,1.1642575792336627e-11
HfRu2Ta,0.741946,1.0699845842885711,685,1.051066528212449,tilt_failed,,
HfRu2Ta,0.741946,1.0699845842885711,686,1.2459973478485469,ok,8.792908875548516,4.920508445138694e-12
HfRu2Ta,0.741946,1.0699845842885711,687,1.0918641441484935,ok,8.78882258213188,3.3061331450312537e-12
HfRu2Ta,0.741946,1.0699845842885711,688,1.1282098749277671,ok,8.786098386520788,3.007327720183639e-11
HfRu2Ta,0.741946,1.0699845842885711,689,1.0883580536584898,ok,8.78882258213188,7.227551890309769e-14
HfRu2Ta,0.741946,1.0699845842885711,690,1.098963676579011,ok,8.79154677774297,3.536223758260348e-09
HfRu2Ta,0.741946,1.0699845842885711,691,1.4079563797735437,ok,8.794952022256835,1.8609556118320823e-09
HfRu2Ta,0.741946,1.0699845842885711,692,1.3161881356911644,ok,8.800400413479016,2.945632626705219e-11
HfRu2Ta,0.741946,1.0699845842885711,693,1.290646694739161,ok,8.786779435423561,4.440892098500626e-15
HfRu2Ta,0.741946,1.0699845842885711,694,1.0806030528811434,ok,8.795633071159607,1.5798851116244348e-10
HfRu2Ta,0.741946,1.0699845842885711,695,1.1980522977140051,ok,8.803805657992879,2.8165612064867673e-09
HfRu2Ta,0.741946,1.0699845842885711,696,1.1309207686708938,ok,8.794952022256835,2.4901969375434874e-10
HfRu2Ta,0.741946,1.0699845842885711,697,1.1128800884383645,ok,8.79631412006238,5.220147647477802e-10
HfRu2Ta,0.741946,1.0699845842885711,698,1.367542812801651,ok,8.79631412006238,1.3170797785733155e-11
HfRu2Ta,0.741946,1.0699845842885711,699,1.3414247287486172,ok,8.792227826645744,1.2773915258890156e-10
HfRu2Ta,0.741946,1.0699845842885711,700,1.0568522134567138,tilt_failed,,
HfRu2Ta,0.741946,1.0699845842885711,702,1.2833093941388976,ok,8.79154677774297,9.502478803824488e-10
HfRu2Ta,0.741946,1.0699845842885711,703,1.372220349642347,ok,8.839901249839837,5.6767923695133504e-12
HfRu2Ta,0.741946,1.0699845842885711,704,1.4778370921820263,ok,8.786098386520788,5.0042359145408e-10
HfRu2Ta,0.741946,1.0699845842885711,705,1.5750342033437736,ok,8.788141533229107,8.375522497772181e-13
HfRu2Ta,0.741946,1.0699845842885711,706,1.582210124063084,tilt_failed,,
HfRu2Ta,0.741946,1.0699845842885711,707,1.197854660861849,ok,8.800400413479016,1.7763568394002505e-15
HfRu2Ta,0.741946,1.0699845842885711,708,1.2301303063577644,ok,8.801762511284561,1.630917623174355e-12
HfRu2Ta,0.741946,1.0699845842885711,709,1.051692746799368,tilt_failed,,
HfRu2Ta,0.741946,1.0699845842885711,710,1.1335726263737174,ok,8.792227826645744,1.679602434911942e-08
HfRu2Ta,0.741946,1.0699845842885711,711,1.1137075895269453,ok,8.786098386520788,4.432898492723325e-12
HfRu2Ta,0.741946,1.0699845842885711,712,1.356362350517843,ok,8.803124609090107,3.207289989148876e-11
HfRu2Ta,0.741946,1.0699845842885711,713,1.071347758063508,ok,8.790184679937425,6.16173778666962e-14
HfRu2Ta,0.741946,1.0699845842885711,714,1.2818253336298615,ok,8.79358992445129,2.220446049250313e-15
HfRu2Ta,0.741946,1.0699845842885711,715,1.1231288354600832,ok,8.789503631034654,2.0989765481260747e-11
HfRu2Ta,0.741946,1.0699845842885711,717,1.503968082938417,ok,8.786779435423561,9.460837446795269e-09
HfRu2Ta,0.741946,1.0699845842885711,718,1.0690242340430005,ok,8.800400413479016,1.7401531549054994e-08
HfRu2Ta,0.741946,1.0699845842885711,719,1.2074290938735242,ok,8.801762511284561,1.3492096329059675e-10
HfRu2Ta,0.741946,1.0699845842885711,720,1.0735568160580529,ok,8.792227826645744,7.496436804643736e-11
HfRu2Ta,0.741946,1.0699845842885711,721,1.0804971275286763,ok,8.794952022256835,6.993617907014026e-10
HfRu2Ta,0.741946,1.0699845842885711,722,1.1738975698696268,ok,8.794270973354061,1.5876189252139742e-14
HfRu2Ta,0.741946,1.0699845842885711,723,1.140768110589428,ok,8.788141533229107,4.969445965841146e-10
HfRu2Ta,0.741946,1.0699845842885711,724,1.125269066943261,ok,8.790184679937425,9.401052269986112e-09
HfRu2Ta,0.741946,1.0699845842885711,725,1.4202826699381992,ok,8.797676217867926,8.026151965268014e-09
HfRu2Ta,0.741946,1.0699845842885711,726,1.202590911972875,ok,8.787460484326333,5.964118088286341e-13
HfRu2Ta,0.741946,1.0699845842885711,727,1.2024726550085851,ok,8.789503631034654,7.122746836785153e-10
HfRu2Ta,0.741946,1.0699845842885711,728,1.185661417883195,ok,8.786098386520788,1.4755463517701628e-10
HfRu2Ta,0.741946,1.0699845842885711,729,1.2561364407084632,ok,8.792227826645744,1.2878587085651816e-14
HfRu2Ta,0.741946,1.0699845842885711,730,1.066060007130727,tilt_failed,,
HfRu2Ta,0.741946,1.0699845842885711,731,1.0424240006230945,tilt_failed,,
HfRu2Ta,0.741946,1.0699845842885711,732,1.409820015515751,ok,8.8208318805622,3.3744118610457008e-12
HfRu2Ta,0.741946,1.0699845842885711,733,1.0726942335467955,ok,8.790865728840199,2.90878432451791e-14
HfRu2Ta,0.741946,1.0699845842885711,734,1.061400145447566,tilt_failed,,
HfRu2Ta,0.741946,1.0699845842885711,735,1.1868461361923732,ok,8.79358992445129,5.1462611949659725e-11
HfRu2Ta,0.741946,1.0699845842885711,736,1.0618319886389664,tilt_failed,,
HfRu2Ta,0.741946,1.0699845842885711,737,2.17654635165504,tilt_failed,,
HfRu2Ta,0.741946,1.0699845842885711,738,1.2833815855501252,ok,8.804486706895652,3.8949665714937964e-10
HfRu2Ta,0.741946,1.0699845842885711,740,1.4677068654234613,tilt_failed,,
HfRu2Ta,0.741946,1.0699845842885711,741,1.1044192728748767,ok,8.786098386520788,5.2967181751739645e-09
HfRu2Ta,0.741946,1.0699845842885711,742,1.1658408473845685,ok,8.79903831567347,4.772895412230582e-09
HfRu2Ta,0.741946,1.0699845842885711,743,1.4645744456970498,ok,8.801081462381788,3.1086244689504387e-15
HfRu2Ta,0.741946,1.0699845842885711,744,1.3952164471847102,ok,8.784055239812469,8.98122021197878e-10
HfRu2Ta,0.741946,1.0699845842885711,745,1.1263477321343236,ok,8.78882258213188,6.230837179543869e-09
HfRu2Ta,0.741946,1.0699845842885711,746,1.317350963511957,ok,8.795633071159607,1.8617729580228115e-10
HfRu2Ta,0.741946,1.0699845842885711,747,1.1167482788359062,ok,8.792227826645744,6.94999613415348e-13
HfRu2Ta,0.741946,1.0699845842885711,748,1.694493506989641,ok,8.847392787770335,9.969802761133907e-14
HfRu2Ta,0.741946,1.0699845842885711,749,1.302262799573773,ok,8.787460484326333,3.0115465676772146e-11
HfRu2Ta,0.741946,1.0699845842885711,751,1.4302325000328937,tilt_failed,,
HfRu2Ta,0.741946,1.0699845842885711,752,1.1843795937360242,ok,8.78882258213188,3.7636560534792807e-14
HfRu2Ta,0.741946,1.0699845842885711,753,1.2467991454991594,ok,8.786779435423561,4.6851411639181606e-14
HfRu2Ta,0.741946,1.0699845842885711,754,1.3084037010738316,tilt_failed,,
HfRu2Ta,0.741946,1.0699845842885711,755,1.127904637347318,ok,8.789503631034654,3.740563414567077e-12
HfRu2Ta,0.741946,1.0699845842885711,756,1.1362818426184422,ok,8.78882258213188,3.145846916297046e-10
HfRu2Ta,0.741946,1.0699845842885711,757,1.100802380846258,ok,8.78882258213188,3.846645224570011e-11
HfRu2Ta,0.741946,1.0699845842885711,758,1.3949927741481365,ok,8.792908875548516,1.2123579917755478e-10
HfRu2Ta,0.741946,1.0699845842885711,759,1.4183842994842466,ok,8.790865728840199,2.099941442956776e-09
HfRu2Ta,0.741946,1.0699845842885711,760,1.2102611209640577,ok,8.790184679937425,1.064259791405675e-12
HfRu2Ta,0.741946,1.0699845842885711,761,1.2663314026180976,ok,8.812659293728927,5.895128274424621e-09
HfRu2Ta,0.741946,1.0699845842885711,762,1.3777321774334297,ok,8.799719364576243,3.4885240252080503e-09
HfRu2Ta,0.741946,1.0699845842885711,763,1.305145963756346,ok,8.79631412006238,8.556599873088544e-12
HfRu2Ta,0.741946,1.0699845842885711,764,1.1478558696214831,ok,8.784736288715242,9.714673510075043e-12
HfRu2Ta,0.741946,1.0699845842885711,765,1.1502605178984286,ok,8.789503631034654,6.858957846134217e-13
HfRu2Ta,0.741946,1.0699845842885711,766,1.0838412212065316,ok,8.800400413479016,2.806322729753674e-09
HfRu2Ta,0.741946,1.0699845842885711,767,1.1332403717730348,ok,8.792227826645744,2.220446049250313e-15
HfRu2Ta,0.741946,1.0699845842885711,768,1.2320401148776583,ok,8.801762511284561,6.339229141616443e-11
HfRu2Ta,0.741946,1.0699845842885711,769,1.2486667610503928,ok,8.797676217867926,5.989208018419845e-10
HfRu2Ta,0.741946,1.0699845842885711,770,1.250848039528919,tilt_failed,,
HfRu2Ta,0.741946,1.0699845842885711,771,1.3936369998261762,tilt_failed,,
HfRu2Ta,0.741946,1.0699845842885711,772,1.1205212158736564,ok,8.788141533229107,1.1252405673900512e-09
HfRu2Ta,0.741946,1.0699845842885711,773,1.3981100032596707,ok,8.78882258213188,3.744204946087848e-11
HfRu2Ta,0.741946,1.0699845842885711,774,1.2331029301613488,ok,8.790184679937425,1.2967404927621828e-13
HfRu2Ta,0.741946,1.0699845842885711,775,1.1555018982998198,ok,8.788141533229107,2.8721802713960187e-11
HfRu2Ta,0.741946,1.0699845842885711,776,1.2044493992086105,ok,8.794270973354061,2.1768975511093916e-10
HfRu2Ta,0.741946,1.0699845842885711,777,1.234105473032425,ok,8.796995168965152,1.132541205262072e-08
HfRu2Ta,0.741946,1.0699845842885711,778,1.1570272559376111,ok,8.788141533229107,9.282514756847603e-10
HfRu2Ta,0.741946,1.0699845842885711,779,1.1787220633212,ok,8.78882258213188,1.2986449693386246e-09
HfRu2Ta,0.741946,1.0699845842885711,780,1.1993280645351014,ok,8.801081462381788,5.800595559435351e-10
HfRu2Ta,0.741946,1.0699845842885711,781,1.4811431690612211,tilt_failed,,
HfRu2Ta,0.741946,1.0699845842885711,782,1.1483026716648268,ok,8.788141533229107,7.363565313056597e-11
HfRu2Ta,0.741946,1.0699845842885711,783,1.277439204456397,ok,8.78201209310415,1.2176926134088717e-12
HfRu2Ta,0.741946,1.0699845842885711,784,1.8278752279782176,ok,8.786779435423561,2.2311039682421092e-09
HfRu2Ta,0.741946,1.0699845842885711,785,1.1108773276310775,ok,8.789503631034654,1.5162904043464213e-08
HfRu2Ta,0.741946,1.0699845842885711,787,1.1244237018254992,ok,8.790184679937425,1.0588755428031502e-09
HfRu2Ta,0.741946,1.0699845842885711,788,1.3448207846155091,ok,8.800400413479016,8.975375997977153e-12
HfRu2Ta,0.741946,1.0699845842885711,789,1.236080660105768,ok,8.794270973354061,4.892061866712538e-09
HfRu2Ta,0.741946,1.0699845842885711,790,1.463730019930028,ok,8.794952022256835,1.0670384575917071e-09
HfRu2Ta,0.741946,1.0699845842885711,791,1.3486661710751071,ok,8.788141533229107,1.5684442633556726e-09
HfRu2Ta,0.741946,1.0699845842885711,792,1.4998417781302211,ok,8.795633071159607,8.980783228196287e-09
HfRu2Ta,0.741946,1.0699845842885711,793,1.262363712317896,ok,8.782693142006924,3.255173908200959e-13
HfRu2Ta,0.741946,1.0699845842885711,794,1.648859186350943,ok,8.784736288715242,7.371181443005526e-10
HfRu2Ta,0.741946,1.0699845842885711,795,1.457897167543866,ok,8.786098386520788,1.6543466596630196e-10
HfRu2Ta,0.741946,1.0699845842885711,796,1.0771268421274127,ok,8.789503631034654,2.2648549702353197e-14
HfRu2Ta,0.741946,1.0699845842885711,797,1.3019344124387546,ok,8.785417337618016,6.611156067037882e-12
HfRu2Ta,0.741946,1.0699845842885711,798,1.5813757586167136,ok,8.79631412006238,6.115316031340966e-10
HfRu2Ta,0.741946,1.0699845842885711,799,1.7880193935350666,tilt_failed,,
HfRu2Ta,0.741946,1.0699845842885711,800,1.195687095530662,ok,8.790865728840199,1.0720491161464452e-10
HfRu2Ta,0.741946,1.0699845842885711,801,1.2236251517407148,ok,8.78882258213188,1.0957901253050296e-13
HfRu2Ta,0.741946,1.0699845842885711,802,1.0611425939610082,tilt_failed,,
HfRu2Ta,0.741946,1.0699845842885711,803,1.342126825185788,tilt_failed,,
HfRu2Ta,0.741946,1.0699845842885711,804,1.2612192930393813,ok,8.786098386520788,4.4217962624770735e-12
HfRu2Ta,0.741946,1.0699845842885711,806,1.1579681711987988,ok,8.796995168965152,3.159249306605716e-09
HfRu2Ta,0.741946,1.0699845842885711,807,1.2870565508573726,ok,8.794270973354061,8.312860066972405e-09
HfRu2Ta,0.741946,1.0699845842885711,808,1.1858657415896154,ok,8.786779435423561,4.3240999669791336e-10
HfRu2Ta,0.741946,1.0699845842885711,809,1.318700227235636,ok,8.788141533229107,4.998224056862455e-13
HfRu2Ta,0.741946,1.0699845842885711,810,1.3291901552686738,ok,8.792908875548516,2.425604161970796e-11
HfRu2Ta,0.741946,1.0699845842885711,811,1.4888995687284132,tilt_failed,,
HfRu2Ta,0.741946,1.0699845842885711,812,1.193489593933878,ok,8.787460484326333,7.105621757652614e-09
HfRu2Ta,0.741946,1.0699845842885711,813,1.3317096472829055,ok,8.784055239812469,1.4985990226534796e-10
HfRu2Ta,0.741946,1.0699845842885711,814,1.1474775913885171,ok,8.790184679937425,1.1457501614131618e-13
HfRu2Ta,0.741946,1.0699845842885711,815,1.2225593489689772,ok,8.794270973354061,5.497158284129e-12
HfRu2Ta,0.741946,1.0699845842885711,816,1.197729369049827,ok,8.784055239812469,2.3459523212920885e-10
HfRu2Ta,0.741946,1.0699845842885711,817,1.1334106835406128,ok,8.785417337618016,8.35597369075458e-10
HfRu2Ta,0.741946,1.0699845842885711,818,1.165560238853013,ok,8.786098386520788,3.3084646133829665e-14
HfRu2Ta,0.741946,1.0699845842885711,819,1.198483176689656,ok,8.799719364576243,7.807088309164102e-13
HfRu2Ta,0.741946,1.0699845842885711,820,1.0501245364790412,tilt_failed,,
HfRu2Ta,0.741946,1.0699845842885711,821,1.0636832133118437,ok,8.800400413479016,2.085828287867741e-08
HfRu2Ta,0.741946,1.0699845842885711,822,1.0747872770621276,ok,8.79358992445129,2.7647248934670184e-09
HfRu2Ta,0.741946,1.0699845842885711,823,1.151419329299825,ok,8.79358992445129,8.149230179554933e-10
Se2V,1.249593,1.5614412208311628,0,1.2495659770880998,tilt_failed,,
Se2V,1.249593,1.5614412208311628,1,2.2706842351618963,ok,11.218347837386894,9.992007221626409e-16
Se2V,1.249593,1.5614412208311628,2,1.7162466041892894,ok,11.187052192130398,2.1094237467877974e-15
Se2V,1.249593,1.5614412208311628,3,1.2264104119995611,tilt_failed,,
Se2V,1.249593,1.5614412208311628,4,2.788503163011089,ok,11.13424079076006,2.7400304247748863e-12
Se2V,1.249593,1.5614412208311628,7,1.91973294543728,ok,10.93375306333564,2.1643797865067427e-11
Se2V,1.249593,1.5614412208311628,8,1.2087205694286438,tilt_failed,,
Se2V,1.249593,1.5614412208311628,9,1.54220592830463,ok,11.45013121006781,4.440892098500626e-15
Se2V,1.249593,1.5614412208311628,10,1.2488199371162336,ok,10.993410387105833,2.2759572004815712e-14
Se2V,1.249593,1.5614412208311628,11,1.6041167302560164,ok,11.104901123332098,4.440892098500626e-16
Se2V,1.249593,1.5614412208311628,12,1.7261148456153768,ok,11.269203260928698,4.440892098500626e-16
Se2V,1.249593,1.5614412208311628,13,1.790288721762513,ok,11.12837285727447,6.449618616954922e-11
Se2V,1.249593,1.5614412208311628,14,1.9239252842736112,ok,11.049155755218964,6.106226635438361e-15
Se2V,1.249593,1.5614412208311628,15,1.1274910127681486,tilt_failed,,
Se2V,1.249593,1.5614412208311628,16,1.3560845507149728,tilt_failed,,
Se2V,1.249593,1.5614412208311628,17,1.960211845904679,ok,11.044265810647635,3.1086244689504387e-15
Se2V,1.249593,1.5614412208311628,18,1.2270725297391634,tilt_failed,,
Se2V,1.249593,1.5614412208311628,19,1.231716841418951,ok,11.34450840732714,2.3314683517128287e-15
Se2V,1.249593,1.5614412208311628,20,1.617458444836998,ok,11.186074203216132,1.1102230246251563e-15
Se2V,1.249593,1.5614412208311628,21,1.1014773083297704,tilt_failed,,
Se2V,1.249593,1.5614412208311628,22,1.2230707005175832,tilt_failed,,
Se2V,1.249593,1.5614412208311628,23,1.5082805379061974,ok,11.21052392607277,6.835605415034252e-10
Se2V,1.249593,1.5614412208311628,24,1.1107421871665006,tilt_failed,,
Se2V,1.249593,1.5614412208311628,25,1.6580338897417757,ok,11.154778557959638,2.220446049250313e-16
Se2V,1.249593,1.5614412208311628,26,1.4011250231692336,ok,11.16455844710229,5.258899982152343e-10
Se2V,1.249593,1.5614412208311628,27,1.1878485234326608,tilt_failed,,
Se2V,1.249593,1.5614412208311628,28,1.2809142917378686,tilt_failed,,
Se2V,1.249593,1.5614412208311628,29,1.14417114939594,tilt_failed,,
Se2V,1.249593,1.5614412208311628,30,1.279423498252087,tilt_failed,,
Se2V,1.249593,1.5614412208311628,31,1.127390982145868,tilt_failed,,
Se2V,1.249593,1.5614412208311628,32,1.7694527128929365,ok,11.21052392607277,4.440892098500626e-16
Se2V,1.249593,1.5614412208311628,33,1.9449744748383688,ok,11.140108724245652,5.381295409279119e-11
Se2V,1.249593,1.5614412208311628,34,1.305458862284803,tilt_failed,,
Se2V,1.249593,1.5614412208311628,35,1.14630375947696,tilt_failed,,
Se2V,1.249593,1.5614412208311628,37,1.310178753577754,ok,11.209545937158506,5.413447468072263e-13
Se2V,1.249593,1.5614412208311628,38,1.7442216691830636,ok,11.161624480359496,8.881784197001252e-16
Se2V,1.249593,1.5614412208311628,39,1.1638444276297335,tilt_failed,,
Se2V,1.249593,1.5614412208311628,40,1.4494239809659757,ok,11.517612445152128,8.173253185361772e-10
Se2V,1.249593,1.5614412208311628,41,1.8840287893421608,ok,10.95331284162095,5.1794124544812795e-12
Se2V,1.249593,1.5614412208311628,42,1.351040894815895,tilt_failed,,
Se2V,1.249593,1.5614412208311628,43,1.4702120347057033,ok,11.16455844710229,3.774758283725532e-15
Se2V,1.249593,1.5614412208311628,44,1.8297438469304956,ok,11.122504923788878,9.90163506742192e-12
Se2V,1.249593,1.5614412208311628,45,1.1493169231325773,tilt_failed,,
Se2V,1.249593,1.5614412208311628,46,1.28602635845907,tilt_failed,,
Se2V,1.249593,1.5614412208311628,47,1.2238275409651755,tilt_failed,,
Se2V,1.249593,1.5614412208311628,48,1.2894190733474804,tilt_failed,,
Se2V,1.249593,1.5614412208311628,49,1.177109438002338,tilt_failed,,
Se2V,1.249593,1.5614412208311628,50,1.2680247255034056,tilt_failed,,
Se2V,1.249593,1.5614412208311628,51,1.1791416494237867,tilt_failed,,
Se2V,1.249593,1.5614412208311628,52,1.3362714590165126,tilt_failed,,
Se2V,1.249593,1.5614412208311628,53,1.9706092067997636,ok,11.434483387439563,3.352782496079953e-10
Se2V,1.249593,1.5614412208311628,54,1.5184273841127949,ok,11.190964147787462,5.9952043329758445e-15
Se2V,1.249593,1.5614412208311628,55,1.280423850703025,ok,11.28191711681415,6.283862319378386e-14
Se2V,1.249593,1.5614412208311628,56,1.502562458544429,ok,10.98069653122038,3.087530231482561e-13
Se2V,1.249593,1.5614412208311628,57,1.2200550756937456,tilt_failed,,
Se2V,1.249593,1.5614412208311628,58,1.2345136582655487,tilt_failed,,
Se2V,1.249593,1.5614412208311628,59,1.0660111121143323,tilt_failed,,
Se2V,1.249593,1.5614412208311628,60,1.3418071048269182,ok,11.107835090074891,1.2907852564580935e-10
Se2V,1.249593,1.5614412208311628,61,1.1896608565745292,tilt_failed,,
Se2V,1.249593,1.5614412208311628,62,1.4185845019768744,ok,11.046221788476169,3.087530231482561e-13
Se2V,1.249593,1.5614412208311628,63,1.2985196416877565,tilt_failed,,
Se2V,1.249593,1.5614412208311628,64,1.115432932623103,tilt_failed,,
Se2V,1.249593,1.5614412208311628,65,1.3555050736729355,tilt_failed,,
Se2V,1.249593,1.5614412208311628,66,1.1061142576035432,tilt_failed,,
Se2V,1.249593,1.5614412208311628,67,1.2536100867170448,tilt_failed,,
Se2V,1.249593,1.5614412208311628,68,1.3984362609311425,ok,11.140108724245652,9.992007221626409e-16
Se2V,1.249593,1.5614412208311628,69,1.187244556731469,tilt_failed,,
Se2V,1.249593,1.5614412208311628,70,1.1889132929168749,tilt_failed,,
Se2V,1.249593,1.5614412208311628,71,1.090596341240824,tilt_failed,,
Se2V,1.249593,1.5614412208311628,72,1.4536873675875346,ok,11.209545937158506,3.289690742036555e-11
Se2V,1.249593,1.5614412208311628,73,1.1491232568634893,tilt_failed,,
Se2V,1.249593,1.5614412208311628,74,1.5519461116386573,ok,10.994388376020098,3.552713678800501e-15
Se2V,1.249593,1.5614412208311628,75,1.213740225956765,tilt_failed,,
Se2V,1.249593,1.5614412208311628,76,1.483452949667594,ok,11.200744036930114,6.834532939592465e-13
Se2V,1.249593,1.5614412208311628,77,2.029600064598912,ok,10.912237307221798,1.2485668055006727e-10
Se2V,1.249593,1.5614412208311628,78,1.1109698597582736,tilt_failed,,
Se2V,1.249593,1.5614412208311628,79,1.1378123861639873,tilt_failed,,
Se2V,1.249593,1.5614412208311628,80,1.089164398668054,tilt_failed,,
Se2V,1.249593,1.5614412208311628,81,1.310076556917332,tilt_failed,,
Se2V,1.249593,1.5614412208311628,82,1.1809358978696127,tilt_failed,,
Se2V,1.249593,1.5614412208311628,83,1.272923944182704,tilt_failed,,
Se2V,1.249593,1.5614412208311628,84,1.692929560488284,ok,11.072627489161338,8.43103364900344e-13
Se2V,1.249593,1.5614412208311628,86,1.6552762156375826,ok,10.92690714093578,1.9428902930940243e-14
Se2V,1.249593,1.5614412208311628,87,1.5277331202443705,ok,11.0481777663047,1.9984014443252818e-15
Se2V,1.249593,1.5614412208311628,88,1.180031941817787,tilt_failed,,
Se2V,1.249593,1.5614412208311628,89,1.4650364878146038,ok,11.390473886297611,1.092459456231154e-12
Se2V,1.249593,1.5614412208311628,90,1.8204379516510836,ok,10.994388376020098,4.440892098500626e-16
Se2V,1.249593,1.5614412208311628,91,1.1367427913444363,tilt_failed,,
Se2V,1.249593,1.5614412208311628,92,1.4580521646341924,ok,11.293652983785336,4.494182803682634e-13
Se2V,1.249593,1.5614412208311628,93,1.4025405990429631,tilt_failed,,
Se2V,1.249593,1.5614412208311628,94,1.1734459764579346,tilt_failed,,
Se2V,1.249593,1.5614412208311628,95,1.188588702972832,tilt_failed,,
Se2V,1.249593,1.5614412208311628,96,1.183748064018879,tilt_failed,,
Se2V,1.249593,1.5614412208311628,97,1.6691354279943689,ok,11.46088908812473,5.302869254819598e-12
Se2V,1.249593,1.5614412208311628,98,1.527407357159413,ok,11.203678003672913,1.4991119456908564e-11
Se2V,1.249593,1.5614412208311628,99,1.349041702506478,ok,11.058935644361622,2.220446049250313e-15
Se2V,1.249593,1.5614412208311628,100,1.2686733725284691,tilt_failed,,
Se2V,1.249593,1.5614412208311628,101,1.1952692111054526,tilt_failed,,
Se2V,1.249593,1.5614412208311628,102,1.6428132221391716,ok,11.16260246927376,2.220446049250313e-16
Se2V,1.249593,1.5614412208311628,103,1.4789924766230378,ok,11.083385367218256,1.1102230246251564e-14
Se2V,1.249593,1.5614412208311628,104,1.604887959148538,ok,11.171404369502149,6.572520305780928e-14
Se2V,1.249593,1.5614412208311628,105,1.257899489985736,tilt_failed,,
Se2V,1.249593,1.5614412208311628,106,1.5614412208311628,ok,11.368958130183774,2.23221441331134e-12
Se2V,1.249593,1.5614412208311628,107,1.081495084123776,tilt_failed,,
Se2V,1.249593,1.5614412208311628,108,1.343766994610735,tilt_failed,,
Se2V,1.249593,1.5614412208311628,109,1.358340283522718,tilt_failed,,
Se2V,1.249593,1.5614412208311628,110,1.575061788917229,ok,11.206611970415707,2.630962114835711e-11
Se2V,1.249593,1.5614412208311628,111,1.436442909832728,ok,11.468712999438852,3.7303493627405266e-14
Se2V,1.249593,1.5614412208311628,112,1.1518957122218951,tilt_failed,,
Se2V,1.249593,1.5614412208311628,113,1.5055184596021824,ok,11.40905567566866,6.644462757776637e-11
Se2V,1.249593,1.5614412208311628,114,1.0987198766030724,tilt_failed,,
Se2V,1.249593,1.5614412208311628,115,1.5235038680298332,ok,11.308322817499317,1.1111112030448569e-12
Se2V,1.249593,1.5614412208311628,116,1.333078688177768,tilt_failed,,
Se2V,1.249593,1.5614412208311628,117,1.2540089392677942,tilt_failed,,
Se2V,1.249593,1.5614412208311628,118,1.143882983505564,tilt_failed,,
Se2V,1.249593,1.5614412208311628,119,1.3704393263599983,tilt_failed,,
Se2V,1.249593,1.5614412208311628,120,1.144395344691357,tilt_failed,,
Se2V,1.249593,1.5614412208311628,121,1.1807788573901603,tilt_failed,,
Se2V,1.249593,1.5614412208311628,122,1.2887006971178392,tilt_failed,,
Se2V,1.249593,1.5614412208311628,123,1.189762463715359,tilt_failed,,
Se2V,1.249593,1.5614412208311628,124,1.610495299143263,ok,11.051111733047495,4.440892098500626e-16
Se2V,1.249593,1.5614412208311628,125,1.411138629723674,tilt_failed,,
Se2V,1.249593,1.5614412208311628,126,1.3527309829010998,tilt_failed,,
Se2V,1.249593,1.5614412208311628,127,1.4372470134748845,ok,11.332772540355954,1.9415802299249663e-11
Se2V,1.249593,1.5614412208311628,128,1.2414276531930049,tilt_failed,,
Se2V,1.249593,1.5614412208311628,129,1.224222092828324,tilt_failed,,
Se2V,1.249593,1.5614412208311628,130,1.3959931932380203,ok,11.423725509382642,1.47898981950334e-09
Se2V,1.249593,1.5614412208311628,131,1.1674348404826378,tilt_failed,,
Se2V,1.249593,1.5614412208311628,132,1.230716631784396,tilt_failed,,
Se2V,1.249593,1.5614412208311628,133,1.915369861410412,ok,11.53032630103758,1.6653345369377348e-15
Se2V,1.249593,1.5614412208311628,134,1.2107274137413238,tilt_failed,,
Se2V,1.249593,1.5614412208311628,135,1.266400074302206,tilt_failed,,
Se2V,1.249593,1.5614412208311628,136,2.0072148055446664,ok,11.145976657731246,4.440892098500626e-16
Se2V,1.249593,1.5614412208311628,137,1.2307455302633798,tilt_failed,,
Se2V,1.249593,1.5614412208311628,138,1.4948158524550723,ok,11.192920125615991,3.3306690738754696e-15
Se2V,1.249593,1.5614412208311628,139,1.4394343085446633,ok,11.205633981501444,2.9887203822909214e-13
Se2V,1.249593,1.5614412208311628,140,1.208104391913723,tilt_failed,,
Se2V,1.249593,1.5614412208311628,141,1.2125461951624,tilt_failed,,
Se2V,1.249593,1.5614412208311628,142,1.3621005063639018,tilt_failed,,
Se2V,1.249593,1.5614412208311628,143,1.304415160359255,tilt_failed,,
Se2V,1.249593,1.5614412208311628,144,1.139162767366352,tilt_failed,,
Se2V,1.249593,1.5614412208311628,145,1.1809791869368715,tilt_failed,,
Se2V,1.249593,1.5614412208311628,146,1.1077392885831656,tilt_failed,,
Se2V,1.249593,1.5614412208311628,147,1.5212991981750854,ok,11.34450840732714,2.3656587799791845e-10
Se2V,1.249593,1.5614412208311628,148,1.4085606637291097,ok,11.691694471891385,1.178748876284885e-09
Se2V,1.249593,1.5614412208311628,149,1.1147076984090545,tilt_failed,,
Se2V,1.249593,1.5614412208311628,150,1.465561536960908,ok,11.144020679902717,5.551115123125784e-16
Se2V,1.249593,1.5614412208311628,151,1.778288711625336,ok,11.16260246927376,2.510929242305337e-10
Se2V,1.249593,1.5614412208311628,152,1.2889213397543615,tilt_failed,,
Se2V,1.249593,1.5614412208311628,153,1.43422242156877,ok,11.226171748701017,9.992007221626409e-16
Se2V,1.249593,1.5614412208311628,154,1.2790711157260268,tilt_failed,,
Se2V,1.249593,1.5614412208311628,155,1.1949958360842703,tilt_failed,,
Se2V,1.249593,1.5614412208311628,156,1.392559330649519,ok,11.222259793043955,2.9222047004395785e-10
Se2V,1.249593,1.5614412208311628,157,2.0146862980231384,ok,11.287785050299744,1.220357148667972e-12
Se2V,1.249593,1.5614412208311628,158,1.2291977529804377,ok,11.237907615672205,3.996802888650564e-14
Se2V,1.249593,1.5614412208311628,159,1.4098975511180123,ok,11.060891622190152,4.440892098500626e-16
Se2V,1.249593,1.5614412208311628,160,1.3466578054063896,ok,11.488272777724164,1.4432899320127037e-15
Se2V,1.249593,1.5614412208311628,161,1.4437610677371713,ok,11.102945145503565,8.208989044078407e-13
Se2V,1.249593,1.5614412208311628,162,1.3847319099428506,ok,11.38460595281202,2.5274338177894146e-10
Se2V,1.249593,1.5614412208311628,163,1.3262402355053773,tilt_failed,,
Se2V,1.249593,1.5614412208311628,164,1.1306879890665755,tilt_failed,,
Se2V,1.249593,1.5614412208311628,165,1.5011901098702691,ok,11.221281804129692,1.4432899320127037e-15
Se2V,1.249593,1.5614412208311628,166,1.163640736073686,tilt_failed,,
Se2V,1.249593,1.5614412208311628,167,1.437761502755005,ok,11.021772065619531,1.0027534358414414e-12
Se2V,1.249593,1.5614412208311628,168,1.1696486834562227,tilt_failed,,
Se2V,1.249593,1.5614412208311628,169,1.0749564463438346,tilt_failed,,
Se2V,1.249593,1.5614412208311628,170,1.361803227221554,ok,11.027639999105126,4.594276070690739e-10
Se2V,1.249593,1.5614412208311628,171,1.1735767108156834,tilt_failed,,
Se2V,1.249593,1.5614412208311628,172,1.2153105527004917,tilt_failed,,
Se2V,1.249593,1.5614412208311628,173,1.1474876084722654,tilt_failed,,
Se2V,1.249593,1.5614412208311628,174,1.4111318283749357,ok,11.146954646645517,2.5979218776228663e-14
Se2V,1.249593,1.5614412208311628,175,1.0688908404978614,tilt_failed,,
Se2V,1.249593,1.5614412208311628,176,1.3773264423154874,tilt_failed,,
Se2V,1.249593,1.5614412208311628,177,1.08263932881456,tilt_failed,,
Se2V,1.249593,1.5614412208311628,178,1.1739198743217023,tilt_failed,,
Se2V,1.249593,1.5614412208311628,179,1.0942454571100102,tilt_failed,,
Se2V,1.249593,1.5614412208311628,180,1.1890158521657803,tilt_failed,,
Se2V,1.249593,1.5614412208311628,181,1.3029027784610538,ok,11.33179455144169,2.604583215770617e-13
Se2V,1.249593,1.5614412208311628,182,1.2152116774250383,tilt_failed,,
Se2V,1.249593,1.5614412208311628,183,1.1362457556679368,tilt_failed,,
Se2V,1.249593,1.5614412208311628,184,1.130157039069779,tilt_failed,,
Se2V,1.249593,1.5614412208311628,185,1.3619305641256605,tilt_failed,,
Se2V,1.249593,1.5614412208311628,186,1.7866098777593449,ok,11.363090196698185,3.406941395667218e-11
Se2V,1.249593,1.5614412208311628,187,1.2106070966716411,tilt_failed,,
Se2V,1.249593,1.5614412208311628,188,1.1702211910012936,tilt_failed,,
Se2V,1.249593,1.5614412208311628,189,1.3859855782588169,tilt_failed,,
Se2V,1.249593,1.5614412208311628,190,1.3071560126575426,tilt_failed,,
Se2V,1.249593,1.5614412208311628,191,1.2391387765366944,tilt_failed,,
Se2V,1.249593,1.5614412208311628,192,1.1338062824699524,tilt_failed,,
Se2V,1.249593,1.5614412208311628,193,1.3229109531003695,tilt_failed,,
Se2V,1.249593,1.5614412208311628,194,1.2566149825846944,ok,11.457955121381932,4.027889133340068e-13
Se2V,1.249593,1.5614412208311628,195,1.1592174401246005,tilt_failed,,
Se2V,1.249593,1.5614412208311628,196,1.22891909207467,tilt_failed,,
Se2V,1.249593,1.5614412208311628,197,1.1520028579943609,tilt_failed,,
Se2V,1.249593,1.5614412208311628,198,1.1968238241844789,tilt_failed,,
Se2V,1.249593,1.5614412208311628,199,1.1699724372925584,tilt_failed,,
Se2V,1.249593,1.5614412208311628,200,1.1758533730359604,tilt_failed,,
Se2V,1.249593,1.5614412208311628,201,1.342907166956666,tilt_failed,,
Se2V,1.249593,1.5614412208311628,202,1.3737057563015538,tilt_failed,,
Se2V,1.249593,1.5614412208311628,203,1.1711131798216483,tilt_failed,,
Se2V,1.249593,1.5614412208311628,205,1.1570428018565817,tilt_failed,,
Se2V,1.249593,1.5614412208311628,206,1.213185281735262,tilt_failed,,
Se2V,1.249593,1.5614412208311628,207,1.454830958553857,ok,11.320058684470505,5.240252676230739e-13
Se2V,1.249593,1.5614412208311628,208,1.1445793727955855,tilt_failed,,
Se2V,1.249593,1.5614412208311628,209,1.3594724772282143,ok,11.155756546873905,3.1086244689504387e-15
Se2V,1.249593,1.5614412208311628,210,1.3993969673684326,tilt_failed,,
Se2V,1.249593,1.5614412208311628,211,1.3193362365046746,tilt_failed,,
Se2V,1.249593,1.5614412208311628,212,1.0923587376044432,tilt_failed,,
Se2V,1.249593,1.5614412208311628,213,1.5349021026957292,ok,11.894138177144338,2.9476421303797906e-13
Se2V,1.249593,1.5614412208311628,214,1.6340348762511054,ok,11.156734535788168,2.220446049250313e-16
Se2V,1.249593,1.5614412208311628,215,1.331084395822535,tilt_failed,,
Se2V,1.249593,1.5614412208311628,216,1.3707452381475895,ok,11.306366839670789,2.7715607586742408e-12
Se2V,1.249593,1.5614412208311628,217,1.166656266846943,tilt_failed,,
Se2V,1.249593,1.5614412208311628,219,1.1421813151806643,tilt_failed,,
Se2V,1.249593,1.5614412208311628,220,1.2892005959333244,tilt_failed,,
Se2V,1.249593,1.5614412208311628,221,1.1354651202569948,tilt_failed,,
Se2V,1.249593,1.5614412208311628,222,1.6637425118184814,ok,11.357222263212591,7.771561172376097e-16
Se2V,1.249593,1.5614412208311628,223,1.0834378978178485,tilt_failed,,
Se2V,1.249593,1.5614412208311628,224,1.639569113494013,ok,11.308322817499317,8.881784197001252e-16
Se2V,1.249593,1.5614412208311628,225,1.192358197028064,tilt_failed,,
Se2V,1.249593,1.5614412208311628,226,1.2700329486781816,tilt_failed,,
Se2V,1.249593,1.5614412208311628,227,1.2446412551586832,tilt_failed,,
Se2V,1.249593,1.5614412208311628,228,1.223494580669506,tilt_failed,,
Se2V,1.249593,1.5614412208311628,229,1.3120751034636031,tilt_failed,,
Se2V,1.249593,1.5614412208311628,230,1.297968233710469,tilt_failed,,
Se2V,1.249593,1.5614412208311628,231,1.4521294238640576,ok,11.206611970415707,8.548717289613705e-14
Se2V,1.249593,1.5614412208311628,232,1.3388972283626686,tilt_failed,,
Se2V,1.249593,1.5614412208311628,233,1.2294966337985014,tilt_failed,,
Se2V,1.249593,1.5614412208311628,234,1.3367577334805305,tilt_failed,,
Se2V,1.249593,1.5614412208311628,235,1.3456178525399525,tilt_failed,,
Se2V,1.249593,1.5614412208311628,236,1.5347393946965364,ok,11.189986158873197,8.93551899139311e-12
Se2V,1.249593,1.5614412208311628,237,1.372552847769868,ok,11.073605478075605,5.10702591327572e-15
Se2V,1.249593,1.5614412208311628,238,1.2078153338483466,tilt_failed,,
Se2V,1.249593,1.5614412208311628,239,1.136799695865502,tilt_failed,,
Se2V,1.249593,1.5614412208311628,240,1.2336936226850277,tilt_failed,,
Se2V,1.249593,1.5614412208311628,241,1.3908392611094291,tilt_failed,,
Se2V,1.249593,1.5614412208311628,242,1.1380664305711543,tilt_failed,,
Se2V,1.249593,1.5614412208311628,243,1.4565967152004815,ok,11.458933110296195,2.165846169077668e-09
Se2V,1.249593,1.5614412208311628,244,1.548177238737785,ok,11.154778557959638,9.769962616701378e-15
Se2V,1.249593,1.5614412208311628,245,1.080626628016535,tilt_failed,,
Se2V,1.249593,1.5614412208311628,246,1.680666722983827,ok,11.252577449386187,8.881784197001252e-16
Se2V,1.249593,1.5614412208311628,247,1.6023410315738544,ok,11.343530418412872,0.0
Se2V,1.249593,1.5614412208311628,248,1.280188717801789,tilt_failed,,
Se2V,1.249593,1.5614412208311628,249,1.1619572733578234,tilt_failed,,
Se2V,1.249593,1.5614412208311628,250,1.6241687379889749,ok,11.135218779674329,5.476286091266047e-12
Se2V,1.249593,1.5614412208311628,251,1.407138046146224,ok,11.231061693272345,5.909628342237738e-11
Se2V,1.249593,1.5614412208311628,252,1.1634444275069369,tilt_failed,,
Se2V,1.249593,1.5614412208311628,253,1.145372048940466,tilt_failed,,
Se2V,1.249593,1.5614412208311628,254,1.2480675339326317,tilt_failed,,
Se2V,1.249593,1.5614412208311628,255,1.3171597627074,tilt_failed,,
Se2V,1.249593,1.5614412208311628,256,1.3561775969891958,tilt_failed,,
Se2V,1.249593,1.5614412208311628,257,1.2394352500850188,tilt_failed,,
Se2V,1.249593,1.5614412208311628,258,1.637894953676489,ok,11.27800516115709,1.1102230246251563e-15
Se2V,1.249593,1.5614412208311628,259,1.5415246566853025,ok,11.090231289618115,2.664535259100376e-15
Se2V,1.249593,1.5614412208311628,260,1.1629476523510325,tilt_failed,,
Se2V,1.249593,1.5614412208311628,261,1.0955162848962736,tilt_failed,,
Se2V,1.249593,1.5614412208311628,262,1.0975952055705966,tilt_failed,,
Se2V,1.249593,1.5614412208311628,263,1.4034793707473985,tilt_failed,,
Se2V,1.249593,1.5614412208311628,264,1.1781617188091416,tilt_failed,,
Se2V,1.249593,1.5614412208311628,265,1.390207366972563,ok,11.411989642411456,8.795963957197728e-11
Se2V,1.249593,1.5614412208311628,266,1.1866622396078237,tilt_failed,,
Se2V,1.249593,1.5614412208311628,267,1.1944758847773556,tilt_failed,,
Se2V,1.249593,1.5614412208311628,268,1.2652190542882067,tilt_failed,,
Se2V,1.249593,1.5614412208311628,269,1.4254635342071718,ok,11.256489405043247,2.921218822393712e-12
Se2V,1.249593,1.5614412208311628,270,1.343134553718497,ok,11.960641423314392,1.5099033134902132e-14
Se2V,1.249593,1.5614412208311628,271,1.3767236353889774,tilt_failed,,
Se2V,1.249593,1.5614412208311628,272,1.1123357058084111,tilt_failed,,
Se2V,1.249593,1.5614412208311628,273,1.4168121091716548,ok,11.236929626757938,3.908207091285476e-12
Se2V,1.249593,1.5614412208311628,274,1.502616219596946,ok,11.423725509382642,1.9984014443252818e-15
Se2V,1.249593,1.5614412208311628,275,1.2285917591153783,tilt_failed,,
Se2V,1.249593,1.5614412208311628,276,1.2002689769020587,tilt_failed,,
Se2V,1.249593,1.5614412208311628,277,1.302667296554906,tilt_failed,,
Se2V,1.249593,1.5614412208311628,278,1.4852332540144135,ok,11.293652983785336,6.332870783332112e-09
Se2V,1.249593,1.5614412208311628,279,1.3858827829562197,ok,11.324948629041833,3.780087354243733e-12
Se2V,1.249593,1.5614412208311628,280,1.204496744127414,tilt_failed,,
Se2V,1.249593,1.5614412208311628,281,1.238996724981717,tilt_failed,,
Se2V,1.249593,1.5614412208311628,282,1.2101433517951088,tilt_failed,,
Se2V,1.249593,1.5614412208311628,283,1.160886390548463,tilt_failed,,
Se2V,1.249593,1.5614412208311628,284,1.0712993897941343,tilt_failed,,
Se2V,1.249593,1.5614412208311628,286,1.147957650854384,tilt_failed,,
Se2V,1.249593,1.5614412208311628,287,1.3506629482712298,ok,11.189986158873197,1.4899192990469599e-12
Se2V,1.249593,1.5614412208311628,288,1.3733169691241391,tilt_failed,,
Se2V,1.249593,1.5614412208311628,289,1.1352000177616108,tilt_failed,,
Se2V,1.249593,1.5614412208311628,291,1.3762486528236826,tilt_failed,,
Se2V,1.249593,1.5614412208311628,292,1.192245182172459,tilt_failed,,
Se2V,1.249593,1.5614412208311628,293,1.1904444218079908,tilt_failed,,
Se2V,1.249593,1.5614412208311628,294,1.149568554521543,tilt_failed,,
Se2V,1.249593,1.5614412208311628,295,1.0830228085601894,tilt_failed,,
Se2V,1.249593,1.5614412208311628,296,1.6428727676551007,ok,10.956246808363744,3.0198066269804264e-14
Se2V,1.249593,1.5614412208311628,297,1.3153787662995997,tilt_failed,,
Se2V,1.249593,1.5614412208311628,298,1.546156860171355,ok,11.329838573613156,9.103828801926284e-15
Se2V,1.249593,1.5614412208311628,299,1.1303484304213467,tilt_failed,,
Se2V,1.249593,1.5614412208311628,300,1.1358105762881288,tilt_failed,,
Se2V,1.249593,1.5614412208311628,301,1.1203710110134677,tilt_failed,,
Se2V,1.249593,1.5614412208311628,302,1.1659907139018306,tilt_failed,,
Se2V,1.249593,1.5614412208311628,303,1.2387421296396957,tilt_failed,,
Se2V,1.249593,1.5614412208311628,304,1.2173154420689452,tilt_failed,,
Se2V,1.249593,1.5614412208311628,305,1.155896555708419,tilt_failed,,
Se2V,1.249593,1.5614412208311628,306,1.825819674466264,ok,11.293652983785336,2.399789256202212e-10
Se2V,1.249593,1.5614412208311628,307,1.1436358108272733,tilt_failed,,
Se2V,1.249593,1.5614412208311628,308,1.1480605101444028,tilt_failed,,
Se2V,1.249593,1.5614412208311628,309,1.1982749686549097,ok,11.256489405043247,3.3260616483232746e-11
Se2V,1.249593,1.5614412208311628,310,1.6516077338534148,ok,11.221281804129692,4.440892098500626e-16
Se2V,1.249593,1.5614412208311628,311,1.3152829920740927,tilt_failed,,
Se2V,1.249593,1.5614412208311628,312,1.1979141060348637,tilt_failed,,
Se2V,1.249593,1.5614412208311628,313,1.172221976858001,tilt_failed,,
Se2V,1.249593,1.5614412208311628,314,1.0918696604343066,tilt_failed,,
Se2V,1.249593,1.5614412208311628,315,1.1608814571758117,tilt_failed,,
Se2V,1.249593,1.5614412208311628,316,1.3487329521883222,tilt_failed,,
Se2V,1.249593,1.5614412208311628,317,1.4330893558471474,ok,11.185096214301868,1.4432899320127037e-15
Se2V,1.249593,1.5614412208311628,318,1.5619313928759844,ok,11.20172202584438,1.7118347850342275e-09
Se2V,1.249593,1.5614412208311628,319,1.2982022868066938,tilt_failed,,
Se2V,1.249593,1.5614412208311628,320,1.166710430208393,tilt_failed,,
Se2V,1.249593,1.5614412208311628,321,1.2160449915327602,tilt_failed,,
Se2V,1.249593,1.5614412208311628,322,1.2660816659977676,tilt_failed,,
Se2V,1.249593,1.5614412208311628,323,1.20467944867305,tilt_failed,,
Se2V,1.249593,1.5614412208311628,324,1.1284486720638658,tilt_failed,,
Se2V,1.249593,1.5614412208311628,325,1.150700666204492,tilt_failed,,
Se2V,1.249593,1.5614412208311628,326,1.2148807908770896,tilt_failed,,
Se2V,1.249593,1.5614412208311628,327,1.1862481748963218,tilt_failed,,
Se2V,1.249593,1.5614412208311628,328,1.4049626379081834,ok,12.256972064336829,9.182554716602452e-11
Se2V,1.249593,1.5614412208311628,329,1.2341072324353346,tilt_failed,,
Se2V,1.249593,1.5614412208311628,330,1.1535173273721693,tilt_failed,,
Se2V,1.249593,1.5614412208311628,331,1.1367278057719827,tilt_failed,,
Se2V,1.249593,1.5614412208311628,332,1.076155895798754,tilt_failed,,
Se2V,1.249593,1.5614412208311628,333,1.189435567980418,tilt_failed,,
Se2V,1.249593,1.5614412208311628,334,1.1108768669256597,tilt_failed,,
Se2V,1.249593,1.5614412208311628,335,1.3687987337976693,tilt_failed,,
Se2V,1.249593,1.5614412208311628,336,1.2672968510267717,tilt_failed,,
Se2V,1.249593,1.5614412208311628,337,1.2260974915502865,tilt_failed,,
Se2V,1.249593,1.5614412208311628,338,1.1506847238368163,tilt_failed,,
Se2V,1.249593,1.5614412208311628,339,1.1087154827616823,tilt_failed,,
Se2V,1.249593,1.5614412208311628,340,1.121560164159752,tilt_failed,,
Se2V,1.249593,1.5614412208311628,342,1.1794689713014943,tilt_failed,,
Se2V,1.249593,1.5614412208311628,343,1.2773082776931366,ok,11.099033189846503,3.7303493627405266e-14
Se2V,1.249593,1.5614412208311628,344,1.0860828738982202,tilt_failed,,
Se2V,1.249593,1.5614412208311628,345,1.1228328194471269,tilt_failed,,
Se2V,1.249593,1.5614412208311628,346,1.1417771517915831,tilt_failed,,
Se2V,1.249593,1.5614412208311628,347,1.0699845842885711,tilt_failed,,
Se2V,1.249593,1.5614412208311628,348,1.058250336694259,tilt_failed,,
Se2V,1.249593,1.5614412208311628,349,1.1911417433598366,ok,11.36798014126951,3.9745984281580604e-14
Se2V,1.249593,1.5614412208311628,350,1.1126864450648384,tilt_failed,,
Se2V,1.249593,1.5614412208311628,351,1.2296345688578565,tilt_failed,,
Se2V,1.249593,1.5614412208311628,352,1.2833141131667836,tilt_failed,,
Se2V,1.249593,1.5614412208311628,353,1.1213262395890362,tilt_failed,,
Se2V,1.249593,1.5614412208311628,354,1.265572794823797,tilt_failed,,
Se2V,1.249593,1.5614412208311628,355,1.2629755899473645,tilt_failed,,
Se2V,1.249593,1.5614412208311628,356,1.2253059371390322,tilt_failed,,
Se2V,1.249593,1.5614412208311628,357,1.62683960160354,ok,11.220303815215424,1.9216850333236835e-11
Se2V,1.249593,1.5614412208311628,358,1.2735506324126102,ok,11.453065176810604,4.109423912268539e-10
Se2V,1.249593,1.5614412208311628,359,1.161767093485517,tilt_failed,,
Se2V,1.249593,1.5614412208311628,360,1.438515975429102,ok,11.31419075098491,2.4513724383723456e-13
Se2V,1.249593,1.5614412208311628,361,1.1260031053249218,tilt_failed,,
Se2V,1.249593,1.5614412208311628,362,1.2041685366719816,tilt_failed,,
Se2V,1.249593,1.5614412208311628,363,1.341297163318002,tilt_failed,,
Se2V,1.249593,1.5614412208311628,364,1.1151571200865276,tilt_failed,,
Se2V,1.249593,1.5614412208311628,365,1.282355370779571,ok,11.338640473841547,4.2743586448068527e-14
Se2V,1.249593,1.5614412208311628,366,1.0990796052451637,tilt_failed,,
Se2V,1.249593,1.5614412208311628,367,1.2983283167696047,tilt_failed,,
Se2V,1.249593,1.5614412208311628,368,1.1527496212107444,tilt_failed,,
Se2V,1.249593,1.5614412208311628,369,1.1350161946535426,tilt_failed,,
Se2V,1.249593,1.5614412208311628,370,1.6170668568800564,ok,11.290719017042536,5.5910831520122875e-12
Se2V,1.249593,1.5614412208311628,371,1.3892441979490942,tilt_failed,,
Se2V,1.249593,1.5614412208311628,372,1.1976943296553737,tilt_failed,,
Se2V,1.249593,1.5614412208311628,373,1.1401772786987514,tilt_failed,,
Se2V,1.249593,1.5614412208311628,374,1.060784695715523,tilt_failed,,
Se2V,1.249593,1.5614412208311628,375,3.058151840371792,ok,11.131306824017264,4.732880753977042e-13
Se2V,1.249593,1.5614412208311628,376,1.4309905800329736,ok,11.32886058469889,6.72795152922845e-14
Se2V,1.249593,1.5614412208311628,377,1.1250873382301163,tilt_failed,,
Se2V,1.249593,1.5614412208311628,378,1.2752228066140243,tilt_failed,,
Se2V,1.249593,1.5614412208311628,379,1.062726014870776,tilt_failed,,
Se2V,1.249593,1.5614412208311628,380,1.6884703933567151,ok,11.189986158873197,2.220446049250313e-16
Se2V,1.249593,1.5614412208311628,381,2.194805806759194,ok,11.21932582630116,3.141931159689193e-14
Se2V,1.249593,1.5614412208311628,382,1.335952112571216,ok,11.558687979551276,3.3215612482706547e-09
Se2V,1.249593,1.5614412208311628,383,1.2506175753824262,ok,11.316146728813443,4.329869796038111e-15
Se2V,1.249593,1.5614412208311628,384,1.2076858355504752,tilt_failed,,
Se2V,1.249593,1.5614412208311628,385,1.2493459645091587,tilt_failed,,
Se2V,1.249593,1.5614412208311628,386,1.1589997043852054,tilt_failed,,
Se2V,1.249593,1.5614412208311628,387,1.244557352503501,ok,11.449153221153544,3.4416913763379853e-15
Se2V,1.249593,1.5614412208311628,388,1.443703752679078,ok,11.261379349614575,3.219646771412954e-15
Se2V,1.249593,1.5614412208311628,389,1.280235817579214,tilt_failed,,
Se2V,1.249593,1.5614412208311628,390,1.4346304650873951,ok,11.085341345046787,8.535394613318203e-13
Se2V,1.249593,1.5614412208311628,391,1.4507604650236898,ok,11.092187267446649,4.440892098500626e-16
Se2V,1.249593,1.5614412208311628,392,1.2524885068141338,tilt_failed,,
Se2V,1.249593,1.5614412208311628,393,1.2425825175964484,tilt_failed,,
Se2V,1.249593,1.5614412208311628,394,1.150149037988038,tilt_failed,,
Se2V,1.249593,1.5614412208311628,395,1.1849833024421326,tilt_failed,,
Se2V,1.249593,1.5614412208311628,396,1.0772152675790791,tilt_failed,,
Se2V,1.249593,1.5614412208311628,397,1.2087061825225405,tilt_failed,,
Se2V,1.249593,1.5614412208311628,398,1.1462464293265513,tilt_failed,,
Se2V,1.249593,1.5614412208311628,399,1.3382816579563726,ok,11.295608961613866,1.7319479184152442e-14
Se2V,1.249593,1.5614412208311628,400,1.251848147275931,tilt_failed,,
Se2V,1.249593,1.5614412208311628,401,1.1570990566039872,tilt_failed,,
Se2V,1.249593,1.5614412208311628,402,1.1421309306183856,tilt_failed,,
Se2V,1.249593,1.5614412208311628,403,1.4433773730875004,tilt_failed,,
Se2V,1.249593,1.5614412208311628,404,1.0354218994671105,tilt_failed,,
Se2V,1.249593,1.5614412208311628,405,1.086118887352632,tilt_failed,,
Se2V,1.249593,1.5614412208311628,406,1.3852308132637576,ok,11.993893046399418,3.6637359812630166e-15
Se2V,1.249593,1.5614412208311628,407,1.2139245009429938,tilt_failed,,
Se2V,1.249593,1.5614412208311628,408,1.072243414215993,tilt_failed,,
Se2V,1.249593,1.5614412208311628,409,1.225654413129631,tilt_failed,,
Se2V,1.249593,1.5614412208311628,410,1.2967234231405809,tilt_failed,,
Se2V,1.249593,1.5614412208311628,411,1.629279840195662,ok,11.123482912703142,6.8833827526759706e-15
Se2V,1.249593,1.5614412208311628,412,1.2810387463453974,tilt_failed,,
Se2V,1.249593,1.5614412208311628,413,1.2265862456647345,tilt_failed,,
Se2V,1.249593,1.5614412208311628,414,1.2210204093548858,ok,11.267247283100168,6.259992524348945e-12
Se2V,1.249593,1.5614412208311628,415,1.5184719871753591,ok,11.234973648929408,3.3306690738754696e-14
Se2V,1.249593,1.5614412208311628,416,1.2722859334916767,tilt_failed,,
Se2V,1.249593,1.5614412208311628,417,1.2274538988264538,tilt_failed,,
Se2V,1.249593,1.5614412208311628,418,1.3000115511531272,ok,11.607587425264551,4.440892098500626e-15
Se2V,1.249593,1.5614412208311628,419,1.230501234521634,tilt_failed,,
Se2V,1.249593,1.5614412208311628,420,1.1476294123051554,tilt_failed,,
Se2V,1.249593,1.5614412208311628,421,1.355494102632078,ok,11.518590434066391,5.082658738331246e-10
Se2V,1.249593,1.5614412208311628,422,1.1348860006354349,tilt_failed,,
Se2V,1.249593,1.5614412208311628,423,1.4870029114220686,ok,11.280939127899885,1.4099832412739488e-13
Se2V,1.249593,1.5614412208311628,424,1.259555766456639,tilt_failed,,
Se2V,1.249593,1.5614412208311628,425,1.1382302712731849,tilt_failed,,
Se2V,1.249593,1.5614412208311628,426,1.2079215767347853,tilt_failed,,
Se2V,1.249593,1.5614412208311628,427,1.1228121522925916,tilt_failed,,
Se2V,1.249593,1.5614412208311628,428,1.091789680613647,tilt_failed,,
Se2V,1.249593,1.5614412208311628,429,1.464779374919387,ok,11.19976604801585,1.7763568394002505e-15
Se2V,1.249593,1.5614412208311628,430,1.2473595095250318,tilt_failed,,
Se2V,1.249593,1.5614412208311628,431,1.1313028508273888,tilt_failed,,
Se2V,1.249593,1.5614412208311628,432,1.5646356321412305,ok,11.111747045731956,8.881784197001252e-16
Se2V,1.249593,1.5614412208311628,433,1.364212406378156,tilt_failed,,
Se2V,1.249593,1.5614412208311628,434,1.0792536448618566,tilt_failed,,
Se2V,1.249593,1.5614412208311628,435,1.7627691213210248,ok,11.018838098876737,6.244831318724663e-10
Se2V,1.249593,1.5614412208311628,436,1.282370572736658,tilt_failed,,
Se2V,1.249593,1.5614412208311628,437,1.1825567466401468,tilt_failed,,
Se2V,1.249593,1.5614412208311628,438,1.079207962602121,tilt_failed,,
Se2V,1.249593,1.5614412208311628,439,1.242639152227701,tilt_failed,,
Se2V,1.249593,1.5614412208311628,440,1.088967398875207,tilt_failed,,
Se2V,1.249593,1.5614412208311628,441,1.141053082360812,tilt_failed,,
Se2V,1.249593,1.5614412208311628,442,1.115629503130851,tilt_failed,,
Se2V,1.249593,1.5614412208311628,443,1.5270861343720454,ok,11.56064395737981,5.0858650624263646e-11
Se2V,1.249593,1.5614412208311628,444,1.1603186907265326,tilt_failed,,
Se2V,1.249593,1.5614412208311628,445,1.0731749302895968,tilt_failed,,
Se2V,1.249593,1.5614412208311628,446,1.19538450607341,tilt_failed,,
Se2V,1.249593,1.5614412208311628,447,1.334275663041531,tilt_failed,,
Se2V,1.249593,1.5614412208311628,448,1.212031451328934,tilt_failed,,
Se2V,1.249593,1.5614412208311628,449,1.384121343184289,ok,11.39829779761174,1.8558476977403868e-10
Se2V,1.249593,1.5614412208311628,450,1.2299074987706504,tilt_failed,,
Se2V,1.249593,1.5614412208311628,451,1.11669371530544,tilt_failed,,
Se2V,1.249593,1.5614412208311628,452,1.205638357790363,tilt_failed,,
Se2V,1.249593,1.5614412208311628,453,1.1321974221347502,tilt_failed,,
Se2V,1.249593,1.5614412208311628,454,1.359268164606965,ok,11.561621946294077,4.485301019485632e-14
Se2V,1.249593,1.5614412208311628,455,1.1165295419048638,tilt_failed,,
Se2V,1.249593,1.5614412208311628,456,1.055208231200321,tilt_failed,,
Se2V,1.249593,1.5614412208311628,457,1.0850011837940292,tilt_failed,,
Se2V,1.249593,1.5614412208311628,458,1.1525242334089405,tilt_failed,,
Se2V,1.249593,1.5614412208311628,459,1.047098587899859,tilt_failed,,
Se2V,1.249593,1.5614412208311628,460,1.2308036101152342,tilt_failed,,
Se2V,1.249593,1.5614412208311628,461,1.592086023670389,ok,11.200744036930114,1.2667644710973036e-13
Se2V,1.249593,1.5614412208311628,462,1.3854258155490178,ok,11.047199777390436,1.0109046932882392e-10
Se2V,1.249593,1.5614412208311628,463,1.0849593328569764,tilt_failed,,
Se2V,1.249593,1.5614412208311628,464,1.0700449619782797,tilt_failed,,
Se2V,1.249593,1.5614412208311628,465,1.0275174753837455,tilt_failed,,
Se2V,1.249593,1.5614412208311628,466,1.1346531946558909,tilt_failed,,
Se2V,1.249593,1.5614412208311628,468,1.1318368862184758,tilt_failed,,
Se2V,1.249593,1.5614412208311628,469,1.2095694293509318,tilt_failed,,
Se2V,1.249593,1.5614412208311628,470,1.5779870702348844,ok,11.42861545395397,1.5543122344752194e-15
Se2V,1.249593,1.5614412208311628,471,1.0261788586800569,tilt_failed,,
Se2V,1.249593,1.5614412208311628,472,1.1561157514912712,tilt_failed,,
Se2V,1.249593,1.5614412208311628,473,1.6059346508109438,ok,11.142064702074189,1.070876720632441e-11
Se2V,1.249593,1.5614412208311628,474,1.466418119016077,ok,11.38264997498349,1.1598189075812115e-10
Se2V,1.249593,1.5614412208311628,475,1.2483124062073767,tilt_failed,,
Se2V,1.249593,1.5614412208311628,476,1.1323394191215936,tilt_failed,,
Se2V,1.249593,1.5614412208311628,477,1.1157744171183464,tilt_failed,,
Se2V,1.249593,1.5614412208311628,478,1.0963608390268098,tilt_failed,,
Se2V,1.249593,1.5614412208311628,479,1.1736471207353616,tilt_failed,,
Se2V,1.249593,1.5614412208311628,480,1.1117976181579046,tilt_failed,,
Se2V,1.249593,1.5614412208311628,481,1.3531850996477426,tilt_failed,,
Se2V,1.249593,1.5614412208311628,482,1.2741120260892569,tilt_failed,,
Se2V,1.249593,1.5614412208311628,483,1.038157275269428,tilt_failed,,
Se2V,1.249593,1.5614412208311628,484,1.3049020289038429,tilt_failed,,
Se2V,1.249593,1.5614412208311628,485,1.5024110348762156,ok,11.053067710876029,4.440892098500626e-16
Se2V,1.249593,1.5614412208311628,486,1.0681606550782332,tilt_failed,,
Se2V,1.249593,1.5614412208311628,487,1.1638296211943198,tilt_failed,,
Se2V,1.249593,1.5614412208311628,488,1.2335539301771756,tilt_failed,,
Se2V,1.249593,1.5614412208311628,489,1.0972661620780213,tilt_failed,,
Se2V,1.249593,1.5614412208311628,491,1.2202170726462005,tilt_failed,,
Se2V,1.249593,1.5614412208311628,492,1.1300116197049772,tilt_failed,,
Se2V,1.249593,1.5614412208311628,493,1.0480165379512054,tilt_failed,,
Se2V,1.249593,1.5614412208311628,494,1.1551438206204423,tilt_failed,,
Se2V,1.249593,1.5614412208311628,495,1.5730292257311251,ok,11.043287821733372,2.0872192862952943e-14
Se2V,1.249593,1.5614412208311628,496,1.074112088120181,tilt_failed,,
Se2V,1.249593,1.5614412208311628,497,1.0608326288277128,tilt_failed,,
Se2V,1.249593,1.5614412208311628,498,1.0502508991900386,tilt_failed,,
Se2V,1.249593,1.5614412208311628,499,1.036143690153636,tilt_failed,,
Se2V,1.249593,1.5614412208311628,500,1.0860823441511978,tilt_failed,,
Se2V,1.249593,1.5614412208311628,501,1.2897122051975274,tilt_failed,,
Se2V,1.249593,1.5614412208311628,502,1.3294383485105483,tilt_failed,,
Se2V,1.249593,1.5614412208311628,503,1.126419953921828,tilt_failed,,
Se2V,1.249593,1.5614412208311628,504,1.084408160751736,tilt_failed,,
Se2V,1.249593,1.5614412208311628,505,1.068016751025833,tilt_failed,,
Se2V,1.249593,1.5614412208311628,506,1.0842426831675611,tilt_failed,,
Se2V,1.249593,1.5614412208311628,507,1.3625354729752437,tilt_failed,,
Se2V,1.249593,1.5614412208311628,508,1.3992882063128025,ok,11.539128201265967,8.659739592076222e-14
Se2V,1.249593,1.5614412208311628,509,1.0920591622104805,tilt_failed,,
Se2V,1.249593,1.5614412208311628,510,1.281007085547604,ok,11.459911099210466,1.475708444331758e-11
Se2V,1.249593,1.5614412208311628,511,1.3940162954417472,ok,11.33179455144169,4.531131025942159e-11
Se2V,1.249593,1.5614412208311628,512,1.028004033590029,tilt_failed,,
Se2V,1.249593,1.5614412208311628,513,1.0754531338532665,tilt_failed,,
Se2V,1.249593,1.5614412208311628,514,1.1290047319323775,tilt_failed,,
Se2V,1.249593,1.5614412208311628,515,1.154096110368401,tilt_failed,,
Se2V,1.249593,1.5614412208311628,516,1.0732988848754477,tilt_failed,,
Se2V,1.249593,1.5614412208311628,517,2.5527503734974726,ok,10.946466919221088,1.0380585280245215e-13
Se2V,1.249593,1.5614412208311628,518,1.207599905396106,tilt_failed,,
Se2V,1.249593,1.5614412208311628,519,1.213131454392245,ok,11.145976657731246,1.0056400157054668e-12
Se2V,1.249593,1.5614412208311628,520,1.0395397254286556,tilt_failed,,
Se2V,1.249593,1.5614412208311628,521,1.207242111858359,tilt_failed,,
Se2V,1.249593,1.5614412208311628,522,1.5948177636208922,ok,10.94842289704962,1.0258460747536446e-12
Se2V,1.249593,1.5614412208311628,523,1.3898149719830528,ok,11.272137227671497,5.346834086594754e-13
Se2V,1.249593,1.5614412208311628,524,1.1620048108236,tilt_failed,,
Se2V,1.249593,1.5614412208311628,525,1.1119655104691213,tilt_failed,,
Se2V,1.249593,1.5614412208311628,526,1.0638306187470297,tilt_failed,,
Se2V,1.249593,1.5614412208311628,527,1.161646340928487,tilt_failed,,
Se2V,1.249593,1.5614412208311628,528,1.053579142661157,tilt_failed,,
Se2V,1.249593,1.5614412208311628,529,1.3579125363916082,tilt_failed,,
Se2V,1.249593,1.5614412208311628,530,1.1953578692528664,tilt_failed,,
Se2V,1.249593,1.5614412208311628,531,1.2953720770768211,ok,11.324948629041833,1.3544720900426911e-14
Se2V,1.249593,1.5614412208311628,532,1.2254043502917111,ok,11.596829547207632,1.5287771049088408e-13
Se2V,1.249593,1.5614412208311628,533,1.10342514216843,tilt_failed,,
Se2V,1.249593,1.5614412208311628,534,1.0419312588201404,tilt_failed,,
Se2V,1.249593,1.5614412208311628,535,1.1213214887456953,tilt_failed,,
Se2V,1.249593,1.5614412208311628,536,1.3334181003682204,tilt_failed,,
Se2V,1.249593,1.5614412208311628,537,1.1916521869498526,tilt_failed,,
Se2V,1.249593,1.5614412208311628,538,1.0906362882662763,tilt_failed,,
Se2V,1.249593,1.5614412208311628,539,1.482813276329974,ok,11.379716008240695,3.064215547965432e-14
Se2V,1.249593,1.5614412208311628,540,1.07145714671719,tilt_failed,,
Se2V,1.249593,1.5614412208311628,541,1.3281704825123353,tilt_failed,,
Se2V,1.249593,1.5614412208311628,542,1.1450576885672918,tilt_failed,,
Se2V,1.249593,1.5614412208311628,543,1.3428091909843654,tilt_failed,,
Se2V,1.249593,1.5614412208311628,544,1.1190120836294777,tilt_failed,,
Se2V,1.249593,1.5614412208311628,545,1.5559622718193424,ok,11.24475353807206,1.447566622125862e-09
Se2V,1.249593,1.5614412208311628,546,1.2035695009052405,tilt_failed,,
Se2V,1.249593,1.5614412208311628,547,1.1069042659343584,tilt_failed,,
Se2V,1.249593,1.5614412208311628,548,1.1702734019716694,tilt_failed,,
Se2V,1.249593,1.5614412208311628,549,1.3640783577535511,tilt_failed,,
Se2V,1.249593,1.5614412208311628,550,1.257963714134149,tilt_failed,,
Se2V,1.249593,1.5614412208311628,551,1.14583965376563,tilt_failed,,
Se2V,1.249593,1.5614412208311628,552,1.3127582868646086,tilt_failed,,
Se2V,1.249593,1.5614412208311628,553,1.1533645364784628,tilt_failed,,
Se2V,1.249593,1.5614412208311628,554,1.084671925685571,tilt_failed,,
Se2V,1.249593,1.5614412208311628,555,1.0643603212308337,tilt_failed,,
Se2V,1.249593,1.5614412208311628,556,1.0425286930831037,tilt_failed,,
Se2V,1.249593,1.5614412208311628,557,1.0620238054284048,tilt_failed,,
Se2V,1.249593,1.5614412208311628,558,1.190847871261124,tilt_failed,,
Se2V,1.249593,1.5614412208311628,559,1.292645550576489,tilt_failed,,
Se2V,1.249593,1.5614412208311628,560,1.2289021169568826,tilt_failed,,
Se2V,1.249593,1.5614412208311628,561,1.0565281907190045,tilt_failed,,
Se2V,1.249593,1.5614412208311628,562,1.0504659159101686,tilt_failed,,
Se2V,1.249593,1.5614412208311628,563,1.5592580295757577,ok,11.583137702407914,7.771561172376096e-15
Se2V,1.249593,1.5614412208311628,564,1.2228748677795211,tilt_failed,,
Se2V,1.249593,1.5614412208311628,565,1.1516596580595817,tilt_failed,,
Se2V,1.249593,1.5614412208311628,566,1.2629731761539318,tilt_failed,,
Se2V,1.249593,1.5614412208311628,567,1.1452085085050605,tilt_failed,,
Se2V,1.249593,1.5614412208311628,568,1.3628011950194494,ok,11.45013121006781,3.552713678800501e-15
Se2V,1.249593,1.5614412208311628,569,1.4058367581909883,ok,11.515656467323597,1.8751666885918894e-13
Se2V,1.249593,1.5614412208311628,570,1.2754255202963285,tilt_failed,,
Se2V,1.249593,1.5614412208311628,571,1.2449289984344638,tilt_failed,,
Se2V,1.249593,1.5614412208311628,572,1.1195291822920297,tilt_failed,,
Se2V,1.249593,1.5614412208311628,573,1.089344198932645,tilt_failed,,
Se2V,1.249593,1.5614412208311628,574,1.127657972110392,tilt_failed,,
Se2V,1.249593,1.5614412208311628,575,1.2345442914765088,tilt_failed,,
Se2V,1.249593,1.5614412208311628,576,1.4340606211930524,ok,11.340596451670075,1.2418510664247153e-11
Se2V,1.249593,1.5614412208311628,577,1.6602213334994511,ok,10.993410387105833,3.6637359812630166e-15
Se2V,1.249593,1.5614412208311628,578,1.0847023047820183,tilt_failed,,
Se2V,1.249593,1.5614412208311628,579,1.111259314048245,tilt_failed,,
Se2V,1.249593,1.5614412208311628,580,1.1000405541497054,tilt_failed,,
Se2V,1.249593,1.5614412208311628,581,1.201168334522767,tilt_failed,,
Se2V,1.249593,1.5614412208311628,582,1.2244756908659498,tilt_failed,,
Se2V,1.249593,1.5614412208311628,583,1.0470732876328228,tilt_failed,,
Se2V,1.249593,1.5614412208311628,584,1.1634785711065403,tilt_failed,,
Se2V,1.249593,1.5614412208311628,585,1.5604574008513528,ok,10.992432398191568,3.219646771412954e-14
Se2V,1.249593,1.5614412208311628,586,1.402492204506722,tilt_failed,,
Se2V,1.249593,1.5614412208311628,587,1.126071575809924,tilt_failed,,
Se2V,1.249593,1.5614412208311628,588,1.5116118118963864,ok,11.225193759786752,1.791899961745003e-13
Se2V,1.249593,1.5614412208311628,589,1.0921434205919514,tilt_failed,,
Se2V,1.249593,1.5614412208311628,590,1.1317148948873987,tilt_failed,,
Se2V,1.249593,1.5614412208311628,591,1.215493972786655,tilt_failed,,
Se2V,1.249593,1.5614412208311628,592,1.4333685868964163,ok,11.181184258644803,1.1368683772161605e-13
Se2V,1.249593,1.5614412208311628,593,1.153969392702866,tilt_failed,,
Se2V,1.249593,1.5614412208311628,594,1.1201904677318644,tilt_failed,,
Se2V,1.249593,1.5614412208311628,595,1.1108004815198855,tilt_failed,,
Se2V,1.249593,1.5614412208311628,596,1.598968454006404,ok,11.08729732287532,4.959899158052394e-11
Se2V,1.249593,1.5614412208311628,597,1.1653368917721894,tilt_failed,,
Se2V,1.249593,1.5614412208311628,598,1.0668108099770908,tilt_failed,,
Se2V,1.249593,1.5614412208311628,599,1.2880755585137602,tilt_failed,,
Se2V,1.249593,1.5614412208311628,600,1.0518435470435687,tilt_failed,,
Se2V,1.249593,1.5614412208311628,601,1.1634299095579057,tilt_failed,,
Se2V,1.249593,1.5614412208311628,602,1.0708559786703795,tilt_failed,,
Se2V,1.249593,1.5614412208311628,603,1.267706736756795,tilt_failed,,
Se2V,1.249593,1.5614412208311628,604,1.075003899929044,tilt_failed,,
Se2V,1.249593,1.5614412208311628,605,1.1267107802498304,tilt_failed,,
Se2V,1.249593,1.5614412208311628,606,1.080174280003938,tilt_failed,,
Se2V,1.249593,1.5614412208311628,607,1.1174987870622637,tilt_failed,,
Se2V,1.249593,1.5614412208311628,608,1.032452433001274,tilt_failed,,
Se2V,1.249593,1.5614412208311628,609,1.0969438634781394,tilt_failed,,
Se2V,1.249593,1.5614412208311628,610,1.038968298693158,tilt_failed,,
Se2V,1.249593,1.5614412208311628,611,1.1816142439104695,tilt_failed,,
Se2V,1.249593,1.5614412208311628,612,1.2446131482306677,tilt_failed,,
Se2V,1.249593,1.5614412208311628,613,1.2674343291754524,tilt_failed,,
Se2V,1.249593,1.5614412208311628,614,1.308657603913992,tilt_failed,,
Se2V,1.249593,1.5614412208311628,615,1.2067154655634993,tilt_failed,,
Se2V,1.249593,1.5614412208311628,616,1.3209555141205536,ok,11.26431331635737,2.1094237467877974e-15
Se2V,1.249593,1.5614412208311628,617,1.1613872662236318,tilt_failed,,
Se2V,1.249593,1.5614412208311628,618,1.3333217814419691,tilt_failed,,
Se2V,1.249593,1.5614412208311628,619,1.2123112821016595,tilt_failed,,
Se2V,1.249593,1.5614412208311628,620,1.1571634233029482,tilt_failed,,
Se2V,1.249593,1.5614412208311628,621,1.1107861740245868,tilt_failed,,
Se2V,1.249593,1.5614412208311628,622,1.189229986348954,tilt_failed,,
Se2V,1.249593,1.5614412208311628,623,1.1065458071595184,tilt_failed,,
Se2V,1.249593,1.5614412208311628,624,1.5427943384390168,ok,11.233017671100876,1.5831780331154732e-13
Se2V,1.249593,1.5614412208311628,625,1.194888263492166,ok,11.309300806413583,1.6954548875958153e-11
Se2V,1.249593,1.5614412208311628,626,1.1304261135410982,tilt_failed,,
Se2V,1.249593,1.5614412208311628,627,1.1285293684186026,tilt_failed,,
Se2V,1.249593,1.5614412208311628,628,1.064765498937828,tilt_failed,,
Se2V,1.249593,1.5614412208311628,629,1.0942427915594055,tilt_failed,,
Se2V,1.249593,1.5614412208311628,630,1.3228530138509245,tilt_failed,,
Se2V,1.249593,1.5614412208311628,631,1.5058878697718867,ok,11.302454884013724,2.980660163132143e-11
Se2V,1.249593,1.5614412208311628,632,1.204551130844791,tilt_failed,,
Se2V,1.249593,1.5614412208311628,633,1.3835459500754543,tilt_failed,,
Se2V,1.249593,1.5614412208311628,634,1.3900164560891362,tilt_failed,,
Se2V,1.249593,1.5614412208311628,635,1.3392843280548152,ok,11.173360347330682,2.4424906541753444e-15
Se2V,1.249593,1.5614412208311628,636,1.2430809820097486,tilt_failed,,
Se2V,1.249593,1.5614412208311628,637,1.1384893634974496,tilt_failed,,
Se2V,1.249593,1.5614412208311628,638,1.0746514591658638,tilt_failed,,
Se2V,1.249593,1.5614412208311628,639,1.550770872657142,ok,11.814921075088831,1.0645040404710926e-10
Se2V,1.249593,1.5614412208311628,640,1.103953376030722,tilt_failed,,
Se2V,1.249593,1.5614412208311628,641,1.716808061046379,ok,10.901479429164876,2.964295475749168e-14
Se2V,1.249593,1.5614412208311628,642,1.15556227935999,tilt_failed,,
Se2V,1.249593,1.5614412208311628,643,1.1257512319527256,tilt_failed,,
Se2V,1.249593,1.5614412208311628,644,1.4381726871913751,ok,11.36211220778392,1.965094753586527e-14
Se2V,1.249593,1.5614412208311628,645,1.1012523903786384,tilt_failed,,
Se2V,1.249593,1.5614412208311628,646,1.2754611503402158,tilt_failed,,
Se2V,1.249593,1.5614412208311628,647,1.1300563841728593,tilt_failed,,
Se2V,1.249593,1.5614412208311628,648,1.1963245022016702,tilt_failed,,
Se2V,1.249593,1.5614412208311628,649,1.0656406908046188,tilt_failed,,
Se2V,1.249593,1.5614412208311628,650,2.171150857033295,ok,11.03546391041925,4.417799459588423e-12
Se2V,1.249593,1.5614412208311628,651,1.185311113838804,tilt_failed,,
Se2V,1.249593,1.5614412208311628,652,1.124733224716892,tilt_failed,,
Se2V,1.249593,1.5614412208311628,653,1.0708683112253563,tilt_failed,,
Se2V,1.249593,1.5614412208311628,654,1.0815223431623415,tilt_failed,,
Se2V,1.249593,1.5614412208311628,655,1.2860278815882444,tilt_failed,,
Se2V,1.249593,1.5614412208311628,657,1.119462564835952,tilt_failed,,
Se2V,1.249593,1.5614412208311628,658,1.101059288170661,tilt_failed,,
Se2V,1.249593,1.5614412208311628,659,1.3572512400163907,tilt_failed,,
Se2V,1.249593,1.5614412208311628,660,1.1724010134359886,tilt_failed,,
Se2V,1.249593,1.5614412208311628,661,1.1827772243151622,tilt_failed,,
Se2V,1.249593,1.5614412208311628,662,1.0910184168514014,tilt_failed,,
Se2V,1.249593,1.5614412208311628,663,1.0656478952176092,tilt_failed,,
Se2V,1.249593,1.5614412208311628,664,1.144183317283355,tilt_failed,,
Se2V,1.249593,1.5614412208311628,665,1.7602510401913272,ok,11.045243799561902,5.1734305728246e-10
Se2V,1.249593,1.5614412208311628,666,1.1401459351239511,tilt_failed,,
Se2V,1.249593,1.5614412208311628,667,1.2263612534549424,tilt_failed,,
Se2V,1.249593,1.5614412208311628,668,1.2798428607989982,tilt_failed,,
Se2V,1.249593,1.5614412208311628,669,1.085232482929601,tilt_failed,,
Se2V,1.249593,1.5614412208311628,670,1.055445266174546,tilt_failed,,
Se2V,1.249593,1.5614412208311628,671,1.652046949029803,ok,11.032529943676453,1.5987211554602254e-14
Se2V,1.249593,1.5614412208311628,672,1.2416838277420752,tilt_failed,,
Se2V,1.249593,1.5614412208311628,673,1.2781876051672627,tilt_failed,,
Se2V,1.249593,1.5614412208311628,674,1.207933389330646,tilt_failed,,
Se2V,1.249593,1.5614412208311628,675,1.162111940051532,tilt_failed,,
Se2V,1.249593,1.5614412208311628,676,1.5211645510157898,ok,11.21932582630116,5.022759985706671e-12
Se2V,1.249593,1.5614412208311628,677,1.2450379848219353,tilt_failed,,
Se2V,1.249593,1.5614412208311628,678,1.095180663218599,tilt_failed,,
Se2V,1.249593,1.5614412208311628,679,1.2782766486362338,tilt_failed,,
Se2V,1.249593,1.5614412208311628,680,1.1024461824685508,tilt_failed,,
Se2V,1.249593,1.5614412208311628,681,1.4598782889936577,ok,11.258445382871775,5.124456414762335e-12
Se2V,1.249593,1.5614412208311628,682,1.1590535694655726,tilt_failed,,
Se2V,1.249593,1.5614412208311628,683,1.1638297000632745,tilt_failed,,
Se2V,1.249593,1.5614412208311628,684,1.3043870332739247,ok,11.608565414178816,1.105782132526656e-13
Se2V,1.249593,1.5614412208311628,685,1.051066528212449,tilt_failed,,
Se2V,1.249593,1.5614412208311628,686,1.2459973478485469,tilt_failed,,
Se2V,1.249593,1.5614412208311628,687,1.0918641441484935,tilt_failed,,
Se2V,1.249593,1.5614412208311628,688,1.1282098749277671,tilt_failed,,
Se2V,1.249593,1.5614412208311628,689,1.0883580536584898,tilt_failed,,
Se2V,1.249593,1.5614412208311628,690,1.098963676579011,tilt_failed,,
Se2V,1.249593,1.5614412208311628,691,1.4079563797735437,tilt_failed,,
Se2V,1.249593,1.5614412208311628,692,1.3161881356911644,tilt_failed,,
Se2V,1.249593,1.5614412208311628,693,1.290646694739161,tilt_failed,,
Se2V,1.249593,1.5614412208311628,694,1.0806030528811434,tilt_failed,,
Se2V,1.249593,1.5614412208311628,695,1.1980522977140051,tilt_failed,,
Se2V,1.249593,1.5614412208311628,696,1.1309207686708938,tilt_failed,,
Se2V,1.249593,1.5614412208311628,697,1.1128800884383645,tilt_failed,,
Se2V,1.249593,1.5614412208311628,698,1.367542812801651,tilt_failed,,
Se2V,1.249593,1.5614412208311628,699,1.3414247287486172,tilt_failed,,
Se2V,1.249593,1.5614412208311628,700,1.0568522134567138,tilt_failed,,
Se2V,1.249593,1.5614412208311628,702,1.2833093941388976,tilt_failed,,
Se2V,1.249593,1.5614412208311628,703,1.372220349642347,ok,11.034485921504984,2.9152880109961643e-10
Se2V,1.249593,1.5614412208311628,704,1.4778370921820263,ok,11.397319808697477,7.439160398803324e-12
Se2V,1.249593,1.5614412208311628,705,1.5750342033437736,ok,11.253555438300452,9.137135492665038e-14
Se2V,1.249593,1.5614412208311628,706,1.582210124063084,ok,11.288763039214007,1.673994276529811e-12
Se2V,1.249593,1.5614412208311628,707,1.197854660861849,tilt_failed,,
Se2V,1.249593,1.5614412208311628,708,1.2301303063577644,tilt_failed,,
Se2V,1.249593,1.5614412208311628,709,1.051692746799368,tilt_failed,,
Se2V,1.249593,1.5614412208311628,710,1.1335726263737174,tilt_failed,,
Se2V,1.249593,1.5614412208311628,711,1.1137075895269453,tilt_failed,,
Se2V,1.249593,1.5614412208311628,712,1.356362350517843,tilt_failed,,
Se2V,1.249593,1.5614412208311628,713,1.071347758063508,tilt_failed,,
Se2V,1.249593,1.5614412208311628,714,1.2818253336298615,tilt_failed,,
Se2V,1.249593,1.5614412208311628,715,1.1231288354600832,tilt_failed,,
Se2V,1.249593,1.5614412208311628,717,1.503968082938417,ok,11.57726976892232,1.2716716568661468e-11
Se2V,1.249593,1.5614412208311628,718,1.0690242340430005,tilt_failed,,
Se2V,1.249593,1.5614412208311628,719,1.2074290938735242,tilt_failed,,
Se2V,1.249593,1.5614412208311628,720,1.0735568160580529,tilt_failed,,
Se2V,1.249593,1.5614412208311628,721,1.0804971275286763,tilt_failed,,
Se2V,1.249593,1.5614412208311628,722,1.1738975698696268,tilt_failed,,
Se2V,1.249593,1.5614412208311628,723,1.140768110589428,tilt_failed,,
Se2V,1.249593,1.5614412208311628,724,1.125269066943261,tilt_failed,,
Se2V,1.249593,1.5614412208311628,725,1.4202826699381992,ok,11.396341819783206,1.5543122344752194e-13
Se2V,1.249593,1.5614412208311628,726,1.202590911972875,tilt_failed,,
Se2V,1.249593,1.5614412208311628,727,1.2024726550085851,tilt_failed,,
Se2V,1.249593,1.5614412208311628,728,1.185661417883195,tilt_failed,,
Se2V,1.249593,1.5614412208311628,729,1.2561364407084632,tilt_failed,,
Se2V,1.249593,1.5614412208311628,730,1.066060007130727,tilt_failed,,
Se2V,1.249593,1.5614412208311628,731,1.0424240006230945,tilt_failed,,
Se2V,1.249593,1.5614412208311628,732,1.409820015515751,tilt_failed,,
Se2V,1.249593,1.5614412208311628,733,1.0726942335467955,tilt_failed,,
Se2V,1.249593,1.5614412208311628,734,1.061400145447566,tilt_failed,,
Se2V,1.249593,1.5614412208311628,735,1.1868461361923732,tilt_failed,,
Se2V,1.249593,1.5614412208311628,736,1.0618319886389664,tilt_failed,,
Se2V,1.249593,1.5614412208311628,737,2.17654635165504,ok,10.880941661965302,6.739053759474699e-13
Se2V,1.249593,1.5614412208311628,738,1.2833815855501252,tilt_failed,,
Se2V,1.249593,1.5614412208311628,740,1.4677068654234613,tilt_failed,,
Se2V,1.249593,1.5614412208311628,741,1.1044192728748767,tilt_failed,,
Se2V,1.249593,1.5614412208311628,742,1.1658408473845685,tilt_failed,,
Se2V,1.249593,1.5614412208311628,743,1.4645744456970498,ok,11.217369848472629,2.4310553570217053e-12
Se2V,1.249593,1.5614412208311628,744,1.3952164471847102,ok,11.570423846522464,2.664535259100376e-15
Se2V,1.249593,1.5614412208311628,745,1.1263477321343236,tilt_failed,,
Se2V,1.249593,1.5614412208311628,746,1.317350963511957,ok,11.620301281150002,2.0852719551101015e-10
Se2V,1.249593,1.5614412208311628,747,1.1167482788359062,tilt_failed,,
Se2V,1.249593,1.5614412208311628,748,1.694493506989641,ok,11.03350793259072,4.329869796038111e-15
Se2V,1.249593,1.5614412208311628,749,1.302262799573773,tilt_failed,,
Se2V,1.249593,1.5614412208311628,751,1.4302325000328937,tilt_failed,,
Se2V,1.249593,1.5614412208311628,752,1.1843795937360242,tilt_failed,,
Se2V,1.249593,1.5614412208311628,753,1.2467991454991594,tilt_failed,,
Se2V,1.249593,1.5614412208311628,754,1.3084037010738316,tilt_failed,,
Se2V,1.249593,1.5614412208311628,755,1.127904637347318,tilt_failed,,
Se2V,1.249593,1.5614412208311628,756,1.1362818426184422,tilt_failed,,
Se2V,1.249593,1.5614412208311628,757,1.100802380846258,tilt_failed,,
Se2V,1.249593,1.5614412208311628,758,1.3949927741481365,ok,12.135701438967908,2.8754776337791554e-14
Se2V,1.249593,1.5614412208311628,759,1.4183842994842466,ok,11.970421312457043,6.405720398561243e-11
Se2V,1.249593,1.5614412208311628,760,1.2102611209640577,tilt_failed,,
Se2V,1.249593,1.5614412208311628,761,1.2663314026180976,tilt_failed,,
Se2V,1.249593,1.5614412208311628,762,1.3777321774334297,ok,11.455021154639136,7.34575733574161e-11
Se2V,1.249593,1.5614412208311628,763,1.305145963756346,tilt_failed,,
Se2V,1.249593,1.5614412208311628,764,1.1478558696214831,tilt_failed,,
Se2V,1.249593,1.5614412208311628,765,1.1502605178984286,tilt_failed,,
Se2V,1.249593,1.5614412208311628,766,1.0838412212065316,tilt_failed,,
Se2V,1.249593,1.5614412208311628,767,1.1332403717730348,tilt_failed,,
Se2V,1.249593,1.5614412208311628,768,1.2320401148776583,tilt_failed,,
Se2V,1.249593,1.5614412208311628,769,1.2486667610503928,tilt_failed,,
Se2V,1.249593,1.5614412208311628,770,1.250848039528919,tilt_failed,,
Se2V,1.249593,1.5614412208311628,771,1.3936369998261762,tilt_failed,,
Se2V,1.249593,1.5614412208311628,772,1.1205212158736564,tilt_failed,,
Se2V,1.249593,1.5614412208311628,773,1.3981100032596707,ok,11.209545937158506,7.478462293875054e-13
Se2V,1.249593,1.5614412208311628,774,1.2331029301613488,tilt_failed,,
Se2V,1.249593,1.5614412208311628,775,1.1555018982998198,tilt_failed,,
Se2V,1.249593,1.5614412208311628,776,1.2044493992086105,tilt_failed,,
Se2V,1.249593,1.5614412208311628,777,1.234105473032425,tilt_failed,,
Se2V,1.249593,1.5614412208311628,778,1.1570272559376111,tilt_failed,,
Se2V,1.249593,1.5614412208311628,779,1.1787220633212,tilt_failed,,
Se2V,1.249593,1.5614412208311628,780,1.1993280645351014,tilt_failed,,
Se2V,1.249593,1.5614412208311628,781,1.4811431690612211,ok,11.373848074755102,2.9378011134895127e-10
Se2V,1.249593,1.5614412208311628,782,1.1483026716648268,tilt_failed,,
Se2V,1.249593,1.5614412208311628,783,1.277439204456397,tilt_failed,,
Se2V,1.249593,1.5614412208311628,784,1.8278752279782176,ok,11.518590434066391,5.477840403500522e-13
Se2V,1.249593,1.5614412208311628,785,1.1108773276310775,tilt_failed,,
Se2V,1.249593,1.5614412208311628,787,1.1244237018254992,tilt_failed,,
Se2V,1.249593,1.5614412208311628,788,1.3448207846155091,tilt_failed,,
Se2V,1.249593,1.5614412208311628,789,1.236080660105768,tilt_failed,,
Se2V,1.249593,1.5614412208311628,790,1.463730019930028,ok,11.52348037863772,8.588685318500211e-13
Se2V,1.249593,1.5614412208311628,791,1.3486661710751071,tilt_failed,,
Se2V,1.249593,1.5614412208311628,792,1.4998417781302211,ok,11.457955121381932,4.440892098500626e-16
Se2V,1.249593,1.5614412208311628,793,1.262363712317896,tilt_failed,,
Se2V,1.249593,1.5614412208311628,794,1.648859186350943,ok,11.193898114530256,3.113065361048939e-13
Se2V,1.249593,1.5614412208311628,795,1.457897167543866,ok,11.470668977267383,4.744915571563979e-11
Se2V,1.249593,1.5614412208311628,796,1.0771268421274127,tilt_failed,,
Se2V,1.249593,1.5614412208311628,797,1.3019344124387546,tilt_failed,,
Se2V,1.249593,1.5614412208311628,798,1.5813757586167136,ok,12.143525350282031,8.881784197001252e-16
Se2V,1.249593,1.5614412208311628,799,1.7880193935350666,ok,10.888765573279423,1.849631559025511e-13
Se2V,1.249593,1.5614412208311628,800,1.195687095530662,tilt_failed,,
Se2V,1.249593,1.5614412208311628,801,1.2236251517407148,tilt_failed,,
Se2V,1.249593,1.5614412208311628,802,1.0611425939610082,tilt_failed,,
Se2V,1.249593,1.5614412208311628,803,1.342126825185788,tilt_failed,,
Se2V,1.249593,1.5614412208311628,804,1.2612192930393813,tilt_failed,,
Se2V,1.249593,1.5614412208311628,806,1.1579681711987988,tilt_failed,,
Se2V,1.249593,1.5614412208311628,807,1.2870565508573726,tilt_failed,,
Se2V,1.249593,1.5614412208311628,808,1.1858657415896154,tilt_failed,,
Se2V,1.249593,1.5614412208311628,809,1.318700227235636,tilt_failed,,
Se2V,1.249593,1.5614412208311628,810,1.3291901552686738,tilt_failed,,
Se2V,1.249593,1.5614412208311628,811,1.4888995687284132,tilt_failed,,
Se2V,1.249593,1.5614412208311628,812,1.193489593933878,tilt_failed,,
Se2V,1.249593,1.5614412208311628,813,1.3317096472829055,tilt_failed,,
Se2V,1.249593,1.5614412208311628,814,1.1474775913885171,tilt_failed,,
Se2V,1.249593,1.5614412208311628,815,1.2225593489689772,tilt_failed,,
Se2V,1.249593,1.5614412208311628,816,1.197729369049827,tilt_failed,,
Se2V,1.249593,1.5614412208311628,817,1.1334106835406128,tilt_failed,,
Se2V,1.249593,1.5614412208311628,818,1.165560238853013,tilt_failed,,
Se2V,1.249593,1.5614412208311628,819,1.198483176689656,tilt_failed,,
Se2V,1.249593,1.5614412208311628,820,1.0501245364790412,tilt_failed,,
Se2V,1.249593,1.5614412208311628,821,1.0636832133118437,tilt_failed,,
Se2V,1.249593,1.5614412208311628,822,1.0747872770621276,tilt_failed,,
Se2V,1.249593,1.5614412208311628,823,1.151419329299825,tilt_failed,,
